-- ============================================================
-- TIRUMALA FURNITURE - SEED SCRIPT FOR DEVELOPMENT & TESTING
-- Deterministic seed matching all POS and inventory metrics
-- ============================================================

-- 1. CLEANUP EXISTING DATA
TRUNCATE TABLE payments, invoice_items, invoices, products, categories, profiles CASCADE;

-- 2. SEED STORES
INSERT INTO stores (id, name, address, phone, invoice_prefix, footer, currency, created_at, updated_at)
VALUES (
  '29f4e073-bc1d-4071-ae3a-c8718a90f998',
  'Tirumala Furniture',
  'Plot 45, Beside Metro Station, KPHB Phase 3, Kukatpally, Hyderabad, Telangana, 500072',
  '+91 90000 12345',
  'TF-',
  'Thank you for shopping at Tirumala Furniture! Warranty claims require copy of this invoice.',
  'INR',
  NOW() - INTERVAL '100 days',
  NOW() - INTERVAL '100 days'
);

-- 3. SEED USERS & PROFILES
-- Nexvelt Admin Profile
INSERT INTO profiles (id, store_id, full_name, role, is_active, created_at, updated_at)
VALUES (
  'd3b07384-d113-4071-8888-29f4e073bc1d',
  '29f4e073-bc1d-4071-ae3a-c8718a90f998',
  'Nexvelt Admin',
  'admin',
  true,
  NOW() - INTERVAL '100 days',
  NOW() - INTERVAL '100 days'
);

INSERT INTO profiles (id, store_id, full_name, role, is_active, created_at, updated_at)
VALUES ('11111111-1111-4111-a111-111111111111', '29f4e073-bc1d-4071-ae3a-c8718a90f998', 'Rajesh Goud', 'cashier', true, NOW() - INTERVAL '95 days', NOW() - INTERVAL '95 days');
INSERT INTO profiles (id, store_id, full_name, role, is_active, created_at, updated_at)
VALUES ('22222222-2222-4222-a222-222222222222', '29f4e073-bc1d-4071-ae3a-c8718a90f998', 'Priya Sharma', 'cashier', true, NOW() - INTERVAL '95 days', NOW() - INTERVAL '95 days');
INSERT INTO profiles (id, store_id, full_name, role, is_active, created_at, updated_at)
VALUES ('33333333-3333-4333-a333-333333333333', '29f4e073-bc1d-4071-ae3a-c8718a90f998', 'Amit Verma', 'cashier', true, NOW() - INTERVAL '95 days', NOW() - INTERVAL '95 days');

-- 4. SEED CATEGORIES
INSERT INTO categories (id, store_id, name, description, created_at, updated_at) VALUES ('5e743dfa-8724-4093-86a1-f35ea8725146', '29f4e073-bc1d-4071-ae3a-c8718a90f998', 'Sofas', 'Premium Sofas collection for home & office.', NOW() - INTERVAL '90 days', NOW() - INTERVAL '90 days');
INSERT INTO categories (id, store_id, name, description, created_at, updated_at) VALUES ('c4ff86eb-bdbc-4224-912d-411f1d41db66', '29f4e073-bc1d-4071-ae3a-c8718a90f998', 'Beds', 'Premium Beds collection for home & office.', NOW() - INTERVAL '90 days', NOW() - INTERVAL '90 days');
INSERT INTO categories (id, store_id, name, description, created_at, updated_at) VALUES ('e1689e61-666b-48b2-ae33-a25049d240ef', '29f4e073-bc1d-4071-ae3a-c8718a90f998', 'Dining Tables', 'Premium Dining Tables collection for home & office.', NOW() - INTERVAL '90 days', NOW() - INTERVAL '90 days');
INSERT INTO categories (id, store_id, name, description, created_at, updated_at) VALUES ('046da3bd-b54e-453d-844d-88039863b3fc', '29f4e073-bc1d-4071-ae3a-c8718a90f998', 'Dining Chairs', 'Premium Dining Chairs collection for home & office.', NOW() - INTERVAL '90 days', NOW() - INTERVAL '90 days');
INSERT INTO categories (id, store_id, name, description, created_at, updated_at) VALUES ('25f0d8c7-c3ef-4b17-9436-fedeb55b0942', '29f4e073-bc1d-4071-ae3a-c8718a90f998', 'Office Chairs', 'Premium Office Chairs collection for home & office.', NOW() - INTERVAL '90 days', NOW() - INTERVAL '90 days');
INSERT INTO categories (id, store_id, name, description, created_at, updated_at) VALUES ('7e9c97ad-80b5-46b8-bf83-cda7c3faa909', '29f4e073-bc1d-4071-ae3a-c8718a90f998', 'TV Units', 'Premium TV Units collection for home & office.', NOW() - INTERVAL '90 days', NOW() - INTERVAL '90 days');
INSERT INTO categories (id, store_id, name, description, created_at, updated_at) VALUES ('4712c2d9-84ae-4654-b7dc-7c70c28a228e', '29f4e073-bc1d-4071-ae3a-c8718a90f998', 'Coffee Tables', 'Premium Coffee Tables collection for home & office.', NOW() - INTERVAL '90 days', NOW() - INTERVAL '90 days');
INSERT INTO categories (id, store_id, name, description, created_at, updated_at) VALUES ('b66c2610-0b78-4cb6-a441-24626ad79160', '29f4e073-bc1d-4071-ae3a-c8718a90f998', 'Wardrobes', 'Premium Wardrobes collection for home & office.', NOW() - INTERVAL '90 days', NOW() - INTERVAL '90 days');
INSERT INTO categories (id, store_id, name, description, created_at, updated_at) VALUES ('340d0b1a-aeb4-4428-be4f-3e2636ccdbc3', '29f4e073-bc1d-4071-ae3a-c8718a90f998', 'Study Tables', 'Premium Study Tables collection for home & office.', NOW() - INTERVAL '90 days', NOW() - INTERVAL '90 days');
INSERT INTO categories (id, store_id, name, description, created_at, updated_at) VALUES ('9ce3e5a4-1a96-45b5-afa9-eeb1f924f32f', '29f4e073-bc1d-4071-ae3a-c8718a90f998', 'Mattresses', 'Premium Mattresses collection for home & office.', NOW() - INTERVAL '90 days', NOW() - INTERVAL '90 days');
INSERT INTO categories (id, store_id, name, description, created_at, updated_at) VALUES ('19fc7a0e-ae56-4e98-b104-f680d6b68647', '29f4e073-bc1d-4071-ae3a-c8718a90f998', 'Dressers', 'Premium Dressers collection for home & office.', NOW() - INTERVAL '90 days', NOW() - INTERVAL '90 days');
INSERT INTO categories (id, store_id, name, description, created_at, updated_at) VALUES ('23a9c63e-b715-4163-896a-b2ddb446c459', '29f4e073-bc1d-4071-ae3a-c8718a90f998', 'Recliners', 'Premium Recliners collection for home & office.', NOW() - INTERVAL '90 days', NOW() - INTERVAL '90 days');
INSERT INTO categories (id, store_id, name, description, created_at, updated_at) VALUES ('efebe22a-2d6a-4504-ac3c-809172d6b7f5', '29f4e073-bc1d-4071-ae3a-c8718a90f998', 'Outdoor Furniture', 'Premium Outdoor Furniture collection for home & office.', NOW() - INTERVAL '90 days', NOW() - INTERVAL '90 days');
INSERT INTO categories (id, store_id, name, description, created_at, updated_at) VALUES ('c8b636f3-d1d7-45ab-81b2-b32409820f0c', '29f4e073-bc1d-4071-ae3a-c8718a90f998', 'Storage Cabinets', 'Premium Storage Cabinets collection for home & office.', NOW() - INTERVAL '90 days', NOW() - INTERVAL '90 days');
INSERT INTO categories (id, store_id, name, description, created_at, updated_at) VALUES ('33138806-48c6-4233-b1ae-838f0a5dc98b', '29f4e073-bc1d-4071-ae3a-c8718a90f998', 'Bookshelves', 'Premium Bookshelves collection for home & office.', NOW() - INTERVAL '90 days', NOW() - INTERVAL '90 days');


-- 5. SEED PRODUCTS (300 Items)
INSERT INTO products (id, store_id, category_id, name, sku, barcode, purchase_price, selling_price, stock_qty, status, created_at, updated_at) VALUES ('fc52567c-cacd-4bb1-a8e9-ef018872a34f', '29f4e073-bc1d-4071-ae3a-c8718a90f998', '5e743dfa-8724-4093-86a1-f35ea8725146', 'Luxurious 3-Seater Sofa (Mahogany, Walnut Brown)', 'SOF-MAH-0001', 'TF000001', 68000, 102000, 5, 'active', NOW() - INTERVAL '85 days', NOW() - INTERVAL '85 days');
INSERT INTO products (id, store_id, category_id, name, sku, barcode, purchase_price, selling_price, stock_qty, status, created_at, updated_at) VALUES ('85683a01-ffa1-4360-a1a0-d1d78e0087cc', '29f4e073-bc1d-4071-ae3a-c8718a90f998', '5e743dfa-8724-4093-86a1-f35ea8725146', 'Comfort L-Shape Sofa Sectional (Mahogany, Ocean Blue)', 'SOF-MAH-0002', 'TF000002', 77500, 117000, 6, 'active', NOW() - INTERVAL '85 days', NOW() - INTERVAL '85 days');
INSERT INTO products (id, store_id, category_id, name, sku, barcode, purchase_price, selling_price, stock_qty, status, created_at, updated_at) VALUES ('96113491-acab-4db5-90a3-8fc4e240b7f6', '29f4e073-bc1d-4071-ae3a-c8718a90f998', '5e743dfa-8724-4093-86a1-f35ea8725146', 'Royal Recliner Sofa (Oak Wood, Ocean Blue)', 'SOF-OAK-0003', 'TF000003', 51500, 79000, 21, 'active', NOW() - INTERVAL '85 days', NOW() - INTERVAL '85 days');
INSERT INTO products (id, store_id, category_id, name, sku, barcode, purchase_price, selling_price, stock_qty, status, created_at, updated_at) VALUES ('ca81f1db-6b79-4b6a-9bcd-d9ce601ddb8b', '29f4e073-bc1d-4071-ae3a-c8718a90f998', '5e743dfa-8724-4093-86a1-f35ea8725146', 'Imperial Chesterfield Sofa (Engineered Wood, Ocean Blue)', 'SOF-ENG-0004', 'TF000004', 55500, 89500, 6, 'active', NOW() - INTERVAL '85 days', NOW() - INTERVAL '85 days');
INSERT INTO products (id, store_id, category_id, name, sku, barcode, purchase_price, selling_price, stock_qty, status, created_at, updated_at) VALUES ('a020b182-141b-464e-a7d1-8d966e6512a1', '29f4e073-bc1d-4071-ae3a-c8718a90f998', '5e743dfa-8724-4093-86a1-f35ea8725146', 'Luxurious Sofa Cum Bed (Sheesham Wood, Ocean Blue)', 'SOF-SHE-0005', 'TF000005', 63500, 96500, 25, 'active', NOW() - INTERVAL '85 days', NOW() - INTERVAL '85 days');
INSERT INTO products (id, store_id, category_id, name, sku, barcode, purchase_price, selling_price, stock_qty, status, created_at, updated_at) VALUES ('f217098c-fa6f-48b1-83cf-ace92a7afcb2', '29f4e073-bc1d-4071-ae3a-c8718a90f998', '5e743dfa-8724-4093-86a1-f35ea8725146', 'Royal 3-Seater Sofa (Rose Wood, Crimson Red)', 'SOF-ROS-0006', 'TF000006', 64000, 94500, 9, 'active', NOW() - INTERVAL '85 days', NOW() - INTERVAL '85 days');
INSERT INTO products (id, store_id, category_id, name, sku, barcode, purchase_price, selling_price, stock_qty, status, created_at, updated_at) VALUES ('aaf9e9a7-2afd-4d6b-873e-3403eeb7bbf4', '29f4e073-bc1d-4071-ae3a-c8718a90f998', '5e743dfa-8724-4093-86a1-f35ea8725146', 'Comfort L-Shape Sofa Sectional (Rose Wood, Ocean Blue)', 'SOF-ROS-0007', 'TF000007', 62000, 101000, 24, 'active', NOW() - INTERVAL '85 days', NOW() - INTERVAL '85 days');
INSERT INTO products (id, store_id, category_id, name, sku, barcode, purchase_price, selling_price, stock_qty, status, created_at, updated_at) VALUES ('65fcdb5b-7aad-4606-b16a-b28e2286c58f', '29f4e073-bc1d-4071-ae3a-c8718a90f998', '5e743dfa-8724-4093-86a1-f35ea8725146', 'Classic Recliner Sofa (Engineered Wood, Ebony Black)', 'SOF-ENG-0008', 'TF000008', 24500, 37000, 13, 'active', NOW() - INTERVAL '85 days', NOW() - INTERVAL '85 days');
INSERT INTO products (id, store_id, category_id, name, sku, barcode, purchase_price, selling_price, stock_qty, status, created_at, updated_at) VALUES ('22c06e1b-64db-486f-a1b4-724b8e94b149', '29f4e073-bc1d-4071-ae3a-c8718a90f998', '5e743dfa-8724-4093-86a1-f35ea8725146', 'Comfort Chesterfield Sofa (Sheesham Wood, Crimson Red)', 'SOF-SHE-0009', 'TF000009', 73500, 107000, 19, 'active', NOW() - INTERVAL '85 days', NOW() - INTERVAL '85 days');
INSERT INTO products (id, store_id, category_id, name, sku, barcode, purchase_price, selling_price, stock_qty, status, created_at, updated_at) VALUES ('ca58ecf2-a452-4fc6-8224-a40a5f4cc238', '29f4e073-bc1d-4071-ae3a-c8718a90f998', '5e743dfa-8724-4093-86a1-f35ea8725146', 'Premium Sofa Cum Bed (Oak Wood, Charcoal Grey)', 'SOF-OAK-0010', 'TF000010', 20500, 29500, 17, 'active', NOW() - INTERVAL '85 days', NOW() - INTERVAL '85 days');
INSERT INTO products (id, store_id, category_id, name, sku, barcode, purchase_price, selling_price, stock_qty, status, created_at, updated_at) VALUES ('b3737457-0c49-4d3d-89d9-f788446eda0d', '29f4e073-bc1d-4071-ae3a-c8718a90f998', '5e743dfa-8724-4093-86a1-f35ea8725146', 'Comfort 3-Seater Sofa (Rose Wood, Walnut Brown)', 'SOF-ROS-0011', 'TF000011', 32500, 48500, 16, 'active', NOW() - INTERVAL '85 days', NOW() - INTERVAL '85 days');
INSERT INTO products (id, store_id, category_id, name, sku, barcode, purchase_price, selling_price, stock_qty, status, created_at, updated_at) VALUES ('37a6c3c3-101c-48cc-a350-7d294835d4a1', '29f4e073-bc1d-4071-ae3a-c8718a90f998', '5e743dfa-8724-4093-86a1-f35ea8725146', 'Royal L-Shape Sofa Sectional (Oak Wood, Ebony Black)', 'SOF-OAK-0012', 'TF000012', 36500, 53500, 24, 'active', NOW() - INTERVAL '85 days', NOW() - INTERVAL '85 days');
INSERT INTO products (id, store_id, category_id, name, sku, barcode, purchase_price, selling_price, stock_qty, status, created_at, updated_at) VALUES ('b8b2bedb-190a-46cc-ad7a-a5c7f215f29d', '29f4e073-bc1d-4071-ae3a-c8718a90f998', '5e743dfa-8724-4093-86a1-f35ea8725146', 'Luxurious Recliner Sofa (Rose Wood, Crimson Red)', 'SOF-ROS-0013', 'TF000013', 51500, 81000, 6, 'active', NOW() - INTERVAL '85 days', NOW() - INTERVAL '85 days');
INSERT INTO products (id, store_id, category_id, name, sku, barcode, purchase_price, selling_price, stock_qty, status, created_at, updated_at) VALUES ('ac5c8cd9-38a3-41d2-9369-a360a1ba0914', '29f4e073-bc1d-4071-ae3a-c8718a90f998', '5e743dfa-8724-4093-86a1-f35ea8725146', 'Modern Chesterfield Sofa (Oak Wood, Ocean Blue)', 'SOF-OAK-0014', 'TF000014', 18500, 27000, 17, 'active', NOW() - INTERVAL '85 days', NOW() - INTERVAL '85 days');
INSERT INTO products (id, store_id, category_id, name, sku, barcode, purchase_price, selling_price, stock_qty, status, created_at, updated_at) VALUES ('d449acce-7b49-4170-bfe0-d366cbbef163', '29f4e073-bc1d-4071-ae3a-c8718a90f998', '5e743dfa-8724-4093-86a1-f35ea8725146', 'Eco-sustain Sofa Cum Bed (Sheesham Wood, Warm Beige)', 'SOF-SHE-0015', 'TF000015', 63500, 90500, 0, 'active', NOW() - INTERVAL '85 days', NOW() - INTERVAL '85 days');
INSERT INTO products (id, store_id, category_id, name, sku, barcode, purchase_price, selling_price, stock_qty, status, created_at, updated_at) VALUES ('0fd1f89f-28d1-4530-a20f-30e848b85844', '29f4e073-bc1d-4071-ae3a-c8718a90f998', '5e743dfa-8724-4093-86a1-f35ea8725146', 'Modern 3-Seater Sofa (Sheesham Wood, Teak Finish)', 'SOF-SHE-0016', 'TF000016', 44000, 66000, 5, 'active', NOW() - INTERVAL '85 days', NOW() - INTERVAL '85 days');
INSERT INTO products (id, store_id, category_id, name, sku, barcode, purchase_price, selling_price, stock_qty, status, created_at, updated_at) VALUES ('2e57a82c-d824-4ec3-8af9-c460f570fc38', '29f4e073-bc1d-4071-ae3a-c8718a90f998', '5e743dfa-8724-4093-86a1-f35ea8725146', 'Classic L-Shape Sofa Sectional (Teak Wood, Ivory White)', 'SOF-TEA-0017', 'TF000017', 18000, 30000, 20, 'active', NOW() - INTERVAL '85 days', NOW() - INTERVAL '85 days');
INSERT INTO products (id, store_id, category_id, name, sku, barcode, purchase_price, selling_price, stock_qty, status, created_at, updated_at) VALUES ('dece08e4-fdc8-4e4a-8014-9259722efd67', '29f4e073-bc1d-4071-ae3a-c8718a90f998', '5e743dfa-8724-4093-86a1-f35ea8725146', 'Luxurious Recliner Sofa (Mahogany, Teak Finish)', 'SOF-MAH-0018', 'TF000018', 21500, 33500, 22, 'active', NOW() - INTERVAL '85 days', NOW() - INTERVAL '85 days');
INSERT INTO products (id, store_id, category_id, name, sku, barcode, purchase_price, selling_price, stock_qty, status, created_at, updated_at) VALUES ('869a74f7-e587-447c-b8c9-e073f3d7ba83', '29f4e073-bc1d-4071-ae3a-c8718a90f998', '5e743dfa-8724-4093-86a1-f35ea8725146', 'Classic Chesterfield Sofa (Teak Wood, Charcoal Grey)', 'SOF-TEA-0019', 'TF000019', 21500, 34500, 2, 'active', NOW() - INTERVAL '85 days', NOW() - INTERVAL '85 days');
INSERT INTO products (id, store_id, category_id, name, sku, barcode, purchase_price, selling_price, stock_qty, status, created_at, updated_at) VALUES ('5a47b543-0e83-4610-9794-e48996ce966c', '29f4e073-bc1d-4071-ae3a-c8718a90f998', '5e743dfa-8724-4093-86a1-f35ea8725146', 'Minimalist Sofa Cum Bed (Mahogany, Warm Beige)', 'SOF-MAH-0020', 'TF000020', 74500, 117500, 20, 'active', NOW() - INTERVAL '85 days', NOW() - INTERVAL '85 days');
INSERT INTO products (id, store_id, category_id, name, sku, barcode, purchase_price, selling_price, stock_qty, status, created_at, updated_at) VALUES ('ad43dc01-66f1-487c-9f06-f2bc3648b2f0', '29f4e073-bc1d-4071-ae3a-c8718a90f998', 'c4ff86eb-bdbc-4224-912d-411f1d41db66', 'Luxurious King Size Bed with Storage (Mahogany, Warm Beige)', 'BED-MAH-0021', 'TF000021', 11500, 17500, 16, 'active', NOW() - INTERVAL '85 days', NOW() - INTERVAL '85 days');
INSERT INTO products (id, store_id, category_id, name, sku, barcode, purchase_price, selling_price, stock_qty, status, created_at, updated_at) VALUES ('6e43538a-a745-4e9a-a6ef-7dcd57f182fd', '29f4e073-bc1d-4071-ae3a-c8718a90f998', 'c4ff86eb-bdbc-4224-912d-411f1d41db66', 'Luxurious Queen Size Wooden Bed (Mahogany, Ocean Blue)', 'BED-MAH-0022', 'TF000022', 29500, 46500, 10, 'active', NOW() - INTERVAL '85 days', NOW() - INTERVAL '85 days');
INSERT INTO products (id, store_id, category_id, name, sku, barcode, purchase_price, selling_price, stock_qty, status, created_at, updated_at) VALUES ('9207f17d-d6b1-4d88-bf9c-e69d0dc30b30', '29f4e073-bc1d-4071-ae3a-c8718a90f998', 'c4ff86eb-bdbc-4224-912d-411f1d41db66', 'Premium Single Bed (Mahogany, Walnut Brown)', 'BED-MAH-0023', 'TF000023', 56000, 92500, 9, 'active', NOW() - INTERVAL '85 days', NOW() - INTERVAL '85 days');
INSERT INTO products (id, store_id, category_id, name, sku, barcode, purchase_price, selling_price, stock_qty, status, created_at, updated_at) VALUES ('c3bdab85-df81-4821-bebc-d23000ed008b', '29f4e073-bc1d-4071-ae3a-c8718a90f998', 'c4ff86eb-bdbc-4224-912d-411f1d41db66', 'Eco-sustain Poster Bed (Oak Wood, Ocean Blue)', 'BED-OAK-0024', 'TF000024', 22500, 36500, 9, 'active', NOW() - INTERVAL '85 days', NOW() - INTERVAL '85 days');
INSERT INTO products (id, store_id, category_id, name, sku, barcode, purchase_price, selling_price, stock_qty, status, created_at, updated_at) VALUES ('f7143768-39ca-4c15-9255-7f63f3b889f9', '29f4e073-bc1d-4071-ae3a-c8718a90f998', 'c4ff86eb-bdbc-4224-912d-411f1d41db66', 'Classic Upholstered Bed Platform (Mahogany, Warm Beige)', 'BED-MAH-0025', 'TF000025', 58000, 84500, 19, 'active', NOW() - INTERVAL '85 days', NOW() - INTERVAL '85 days');
INSERT INTO products (id, store_id, category_id, name, sku, barcode, purchase_price, selling_price, stock_qty, status, created_at, updated_at) VALUES ('14858145-d9df-494d-a77d-ebcd2119d317', '29f4e073-bc1d-4071-ae3a-c8718a90f998', 'c4ff86eb-bdbc-4224-912d-411f1d41db66', 'Premium King Size Bed with Storage (Engineered Wood, Teak Finish)', 'BED-ENG-0026', 'TF000026', 43500, 68500, 10, 'active', NOW() - INTERVAL '85 days', NOW() - INTERVAL '85 days');
INSERT INTO products (id, store_id, category_id, name, sku, barcode, purchase_price, selling_price, stock_qty, status, created_at, updated_at) VALUES ('3c384448-945c-464e-aeba-5d8bb6b1f3b8', '29f4e073-bc1d-4071-ae3a-c8718a90f998', 'c4ff86eb-bdbc-4224-912d-411f1d41db66', 'Classic Queen Size Wooden Bed (Rose Wood, Walnut Brown)', 'BED-ROS-0027', 'TF000027', 10500, 16500, 5, 'active', NOW() - INTERVAL '85 days', NOW() - INTERVAL '85 days');
INSERT INTO products (id, store_id, category_id, name, sku, barcode, purchase_price, selling_price, stock_qty, status, created_at, updated_at) VALUES ('dd675736-ed52-4b59-a191-b810835af4ea', '29f4e073-bc1d-4071-ae3a-c8718a90f998', 'c4ff86eb-bdbc-4224-912d-411f1d41db66', 'Classic Single Bed (Mahogany, Teak Finish)', 'BED-MAH-0028', 'TF000028', 26500, 42500, 8, 'active', NOW() - INTERVAL '85 days', NOW() - INTERVAL '85 days');
INSERT INTO products (id, store_id, category_id, name, sku, barcode, purchase_price, selling_price, stock_qty, status, created_at, updated_at) VALUES ('83135fbd-1d23-4d54-837b-de9f9f1edc08', '29f4e073-bc1d-4071-ae3a-c8718a90f998', 'c4ff86eb-bdbc-4224-912d-411f1d41db66', 'Eco-sustain Poster Bed (Rose Wood, Teak Finish)', 'BED-ROS-0029', 'TF000029', 29000, 45500, 6, 'active', NOW() - INTERVAL '85 days', NOW() - INTERVAL '85 days');
INSERT INTO products (id, store_id, category_id, name, sku, barcode, purchase_price, selling_price, stock_qty, status, created_at, updated_at) VALUES ('a9d7b538-c36d-4259-911e-dba282a186ba', '29f4e073-bc1d-4071-ae3a-c8718a90f998', 'c4ff86eb-bdbc-4224-912d-411f1d41db66', 'Classic Upholstered Bed Platform (Mahogany, Ocean Blue)', 'BED-MAH-0030', 'TF000030', 52500, 76500, 0, 'active', NOW() - INTERVAL '85 days', NOW() - INTERVAL '85 days');
INSERT INTO products (id, store_id, category_id, name, sku, barcode, purchase_price, selling_price, stock_qty, status, created_at, updated_at) VALUES ('51b04775-aa17-42b6-b6ad-7d25120f20e3', '29f4e073-bc1d-4071-ae3a-c8718a90f998', 'c4ff86eb-bdbc-4224-912d-411f1d41db66', 'Premium King Size Bed with Storage (Engineered Wood, Ivory White)', 'BED-ENG-0031', 'TF000031', 27000, 38500, 6, 'active', NOW() - INTERVAL '85 days', NOW() - INTERVAL '85 days');
INSERT INTO products (id, store_id, category_id, name, sku, barcode, purchase_price, selling_price, stock_qty, status, created_at, updated_at) VALUES ('3abd833a-7296-402a-a7f2-ae66f2432e12', '29f4e073-bc1d-4071-ae3a-c8718a90f998', 'c4ff86eb-bdbc-4224-912d-411f1d41db66', 'Comfort Queen Size Wooden Bed (Mahogany, Warm Beige)', 'BED-MAH-0032', 'TF000032', 34500, 55500, 28, 'active', NOW() - INTERVAL '85 days', NOW() - INTERVAL '85 days');
INSERT INTO products (id, store_id, category_id, name, sku, barcode, purchase_price, selling_price, stock_qty, status, created_at, updated_at) VALUES ('6e164385-59ea-48a3-a6e2-78525d973ccb', '29f4e073-bc1d-4071-ae3a-c8718a90f998', 'c4ff86eb-bdbc-4224-912d-411f1d41db66', 'Classic Single Bed (Teak Wood, Crimson Red)', 'BED-TEA-0033', 'TF000033', 39500, 61000, 14, 'active', NOW() - INTERVAL '85 days', NOW() - INTERVAL '85 days');
INSERT INTO products (id, store_id, category_id, name, sku, barcode, purchase_price, selling_price, stock_qty, status, created_at, updated_at) VALUES ('24e59f2a-fc44-477a-b47c-a4c9026d1810', '29f4e073-bc1d-4071-ae3a-c8718a90f998', 'c4ff86eb-bdbc-4224-912d-411f1d41db66', 'Classic Poster Bed (Oak Wood, Walnut Brown)', 'BED-OAK-0034', 'TF000034', 11500, 17000, 19, 'active', NOW() - INTERVAL '85 days', NOW() - INTERVAL '85 days');
INSERT INTO products (id, store_id, category_id, name, sku, barcode, purchase_price, selling_price, stock_qty, status, created_at, updated_at) VALUES ('47105cfc-d71b-430f-87b2-d643130dcd41', '29f4e073-bc1d-4071-ae3a-c8718a90f998', 'c4ff86eb-bdbc-4224-912d-411f1d41db66', 'Luxurious Upholstered Bed Platform (Oak Wood, Warm Beige)', 'BED-OAK-0035', 'TF000035', 53000, 80000, 28, 'inactive', NOW() - INTERVAL '85 days', NOW() - INTERVAL '85 days');
INSERT INTO products (id, store_id, category_id, name, sku, barcode, purchase_price, selling_price, stock_qty, status, created_at, updated_at) VALUES ('18bb3c0b-e13e-4df5-800f-24c29a3bbed9', '29f4e073-bc1d-4071-ae3a-c8718a90f998', 'c4ff86eb-bdbc-4224-912d-411f1d41db66', 'Eco-sustain King Size Bed with Storage (Engineered Wood, Warm Beige)', 'BED-ENG-0036', 'TF000036', 12000, 18000, 26, 'active', NOW() - INTERVAL '85 days', NOW() - INTERVAL '85 days');
INSERT INTO products (id, store_id, category_id, name, sku, barcode, purchase_price, selling_price, stock_qty, status, created_at, updated_at) VALUES ('e981ecd4-f45c-412e-b741-cdae67530aaf', '29f4e073-bc1d-4071-ae3a-c8718a90f998', 'c4ff86eb-bdbc-4224-912d-411f1d41db66', 'Premium Queen Size Wooden Bed (Oak Wood, Charcoal Grey)', 'BED-OAK-0037', 'TF000037', 29000, 46500, 10, 'active', NOW() - INTERVAL '85 days', NOW() - INTERVAL '85 days');
INSERT INTO products (id, store_id, category_id, name, sku, barcode, purchase_price, selling_price, stock_qty, status, created_at, updated_at) VALUES ('9cc31cf2-7542-4cf9-b2b4-a6c5f7781c35', '29f4e073-bc1d-4071-ae3a-c8718a90f998', 'c4ff86eb-bdbc-4224-912d-411f1d41db66', 'Heritage Single Bed (Mahogany, Ebony Black)', 'BED-MAH-0038', 'TF000038', 34000, 53500, 2, 'active', NOW() - INTERVAL '85 days', NOW() - INTERVAL '85 days');
INSERT INTO products (id, store_id, category_id, name, sku, barcode, purchase_price, selling_price, stock_qty, status, created_at, updated_at) VALUES ('66714533-af7b-4dc1-a3da-3f62a5b8e4cf', '29f4e073-bc1d-4071-ae3a-c8718a90f998', 'c4ff86eb-bdbc-4224-912d-411f1d41db66', 'Classic Poster Bed (Rose Wood, Teak Finish)', 'BED-ROS-0039', 'TF000039', 44500, 68000, 7, 'active', NOW() - INTERVAL '85 days', NOW() - INTERVAL '85 days');
INSERT INTO products (id, store_id, category_id, name, sku, barcode, purchase_price, selling_price, stock_qty, status, created_at, updated_at) VALUES ('09041bef-8468-41ea-a03e-691ef424e3c8', '29f4e073-bc1d-4071-ae3a-c8718a90f998', 'c4ff86eb-bdbc-4224-912d-411f1d41db66', 'Luxurious Upholstered Bed Platform (Engineered Wood, Ivory White)', 'BED-ENG-0040', 'TF000040', 30500, 43500, 5, 'active', NOW() - INTERVAL '85 days', NOW() - INTERVAL '85 days');
INSERT INTO products (id, store_id, category_id, name, sku, barcode, purchase_price, selling_price, stock_qty, status, created_at, updated_at) VALUES ('58703e79-1d72-4dc6-914c-0846583de93c', '29f4e073-bc1d-4071-ae3a-c8718a90f998', 'e1689e61-666b-48b2-ae33-a25049d240ef', 'Eco-sustain 6-Seater Wooden Dining Table (Teak Wood, Ivory White)', 'DIN-TEA-0041', 'TF000041', 53500, 88000, 15, 'active', NOW() - INTERVAL '85 days', NOW() - INTERVAL '85 days');
INSERT INTO products (id, store_id, category_id, name, sku, barcode, purchase_price, selling_price, stock_qty, status, created_at, updated_at) VALUES ('a368cbb3-53c0-4fae-b6ec-f32a581d4f7a', '29f4e073-bc1d-4071-ae3a-c8718a90f998', 'e1689e61-666b-48b2-ae33-a25049d240ef', 'Modern 4-Seater Glass Top Dining Table (Sheesham Wood, Ivory White)', 'DIN-SHE-0042', 'TF000042', 16000, 24000, 19, 'active', NOW() - INTERVAL '85 days', NOW() - INTERVAL '85 days');
INSERT INTO products (id, store_id, category_id, name, sku, barcode, purchase_price, selling_price, stock_qty, status, created_at, updated_at) VALUES ('ef85eb68-37c4-473c-a529-f2c5a38bfe9c', '29f4e073-bc1d-4071-ae3a-c8718a90f998', 'e1689e61-666b-48b2-ae33-a25049d240ef', 'Comfort Marble Top Dining Table (Teak Wood, Walnut Brown)', 'DIN-TEA-0043', 'TF000043', 27000, 43000, 29, 'active', NOW() - INTERVAL '85 days', NOW() - INTERVAL '85 days');
INSERT INTO products (id, store_id, category_id, name, sku, barcode, purchase_price, selling_price, stock_qty, status, created_at, updated_at) VALUES ('b6a6fd11-7b41-4135-a9dc-47447b75c11e', '29f4e073-bc1d-4071-ae3a-c8718a90f998', 'e1689e61-666b-48b2-ae33-a25049d240ef', 'Premium Extendable Dining Table (Sheesham Wood, Teak Finish)', 'DIN-SHE-0044', 'TF000044', 39500, 60500, 17, 'active', NOW() - INTERVAL '85 days', NOW() - INTERVAL '85 days');
INSERT INTO products (id, store_id, category_id, name, sku, barcode, purchase_price, selling_price, stock_qty, status, created_at, updated_at) VALUES ('4585c91f-6d5e-4e31-8fae-a27af5b2c83e', '29f4e073-bc1d-4071-ae3a-c8718a90f998', 'e1689e61-666b-48b2-ae33-a25049d240ef', 'Heritage 6-Seater Wooden Dining Table (Engineered Wood, Warm Beige)', 'DIN-ENG-0045', 'TF000045', 50000, 72000, 0, 'active', NOW() - INTERVAL '85 days', NOW() - INTERVAL '85 days');
INSERT INTO products (id, store_id, category_id, name, sku, barcode, purchase_price, selling_price, stock_qty, status, created_at, updated_at) VALUES ('683ad21e-1aa2-472d-b66a-1720d1f62971', '29f4e073-bc1d-4071-ae3a-c8718a90f998', 'e1689e61-666b-48b2-ae33-a25049d240ef', 'Premium 4-Seater Glass Top Dining Table (Rose Wood, Ivory White)', 'DIN-ROS-0046', 'TF000046', 52500, 83000, 13, 'active', NOW() - INTERVAL '85 days', NOW() - INTERVAL '85 days');
INSERT INTO products (id, store_id, category_id, name, sku, barcode, purchase_price, selling_price, stock_qty, status, created_at, updated_at) VALUES ('1280de43-e6cc-42f2-98a3-76c7934f4b5c', '29f4e073-bc1d-4071-ae3a-c8718a90f998', 'e1689e61-666b-48b2-ae33-a25049d240ef', 'Comfort Marble Top Dining Table (Rose Wood, Ebony Black)', 'DIN-ROS-0047', 'TF000047', 67000, 103500, 10, 'active', NOW() - INTERVAL '85 days', NOW() - INTERVAL '85 days');
INSERT INTO products (id, store_id, category_id, name, sku, barcode, purchase_price, selling_price, stock_qty, status, created_at, updated_at) VALUES ('08e84681-f48f-465c-b99d-9d483907701f', '29f4e073-bc1d-4071-ae3a-c8718a90f998', 'e1689e61-666b-48b2-ae33-a25049d240ef', 'Classic Extendable Dining Table (Oak Wood, Charcoal Grey)', 'DIN-OAK-0048', 'TF000048', 66000, 98000, 5, 'active', NOW() - INTERVAL '85 days', NOW() - INTERVAL '85 days');
INSERT INTO products (id, store_id, category_id, name, sku, barcode, purchase_price, selling_price, stock_qty, status, created_at, updated_at) VALUES ('b822937d-8c5a-4709-8617-a158829a5e65', '29f4e073-bc1d-4071-ae3a-c8718a90f998', 'e1689e61-666b-48b2-ae33-a25049d240ef', 'Classic 6-Seater Wooden Dining Table (Sheesham Wood, Teak Finish)', 'DIN-SHE-0049', 'TF000049', 36000, 52000, 19, 'active', NOW() - INTERVAL '85 days', NOW() - INTERVAL '85 days');
INSERT INTO products (id, store_id, category_id, name, sku, barcode, purchase_price, selling_price, stock_qty, status, created_at, updated_at) VALUES ('2f7a06df-e494-4adc-8eab-879b683291d5', '29f4e073-bc1d-4071-ae3a-c8718a90f998', 'e1689e61-666b-48b2-ae33-a25049d240ef', 'Heritage 4-Seater Glass Top Dining Table (Mahogany, Ebony Black)', 'DIN-MAH-0050', 'TF000050', 64500, 96000, 21, 'active', NOW() - INTERVAL '85 days', NOW() - INTERVAL '85 days');
INSERT INTO products (id, store_id, category_id, name, sku, barcode, purchase_price, selling_price, stock_qty, status, created_at, updated_at) VALUES ('6049902d-6b43-4578-8eb4-cfb603455a07', '29f4e073-bc1d-4071-ae3a-c8718a90f998', 'e1689e61-666b-48b2-ae33-a25049d240ef', 'Comfort Marble Top Dining Table (Oak Wood, Charcoal Grey)', 'DIN-OAK-0051', 'TF000051', 25000, 39000, 23, 'active', NOW() - INTERVAL '85 days', NOW() - INTERVAL '85 days');
INSERT INTO products (id, store_id, category_id, name, sku, barcode, purchase_price, selling_price, stock_qty, status, created_at, updated_at) VALUES ('cdfea8d1-e377-4e2a-86a8-301988e8ba9f', '29f4e073-bc1d-4071-ae3a-c8718a90f998', 'e1689e61-666b-48b2-ae33-a25049d240ef', 'Minimalist Extendable Dining Table (Sheesham Wood, Crimson Red)', 'DIN-SHE-0052', 'TF000052', 42000, 62000, 19, 'active', NOW() - INTERVAL '85 days', NOW() - INTERVAL '85 days');
INSERT INTO products (id, store_id, category_id, name, sku, barcode, purchase_price, selling_price, stock_qty, status, created_at, updated_at) VALUES ('d7b96116-6403-43a6-b7f3-f6392d813c27', '29f4e073-bc1d-4071-ae3a-c8718a90f998', 'e1689e61-666b-48b2-ae33-a25049d240ef', 'Royal 6-Seater Wooden Dining Table (Sheesham Wood, Teak Finish)', 'DIN-SHE-0053', 'TF000053', 32000, 48500, 7, 'active', NOW() - INTERVAL '85 days', NOW() - INTERVAL '85 days');
INSERT INTO products (id, store_id, category_id, name, sku, barcode, purchase_price, selling_price, stock_qty, status, created_at, updated_at) VALUES ('4b1e45c0-e517-4f15-ae56-751d67906568', '29f4e073-bc1d-4071-ae3a-c8718a90f998', 'e1689e61-666b-48b2-ae33-a25049d240ef', 'Heritage 4-Seater Glass Top Dining Table (Sheesham Wood, Crimson Red)', 'DIN-SHE-0054', 'TF000054', 45500, 71500, 29, 'active', NOW() - INTERVAL '85 days', NOW() - INTERVAL '85 days');
INSERT INTO products (id, store_id, category_id, name, sku, barcode, purchase_price, selling_price, stock_qty, status, created_at, updated_at) VALUES ('20befa31-26ef-4be3-a898-103d0b6bd679', '29f4e073-bc1d-4071-ae3a-c8718a90f998', 'e1689e61-666b-48b2-ae33-a25049d240ef', 'Imperial Marble Top Dining Table (Mahogany, Walnut Brown)', 'DIN-MAH-0055', 'TF000055', 62000, 101500, 14, 'active', NOW() - INTERVAL '85 days', NOW() - INTERVAL '85 days');
INSERT INTO products (id, store_id, category_id, name, sku, barcode, purchase_price, selling_price, stock_qty, status, created_at, updated_at) VALUES ('14537655-6121-48ab-8427-6db88b953b18', '29f4e073-bc1d-4071-ae3a-c8718a90f998', 'e1689e61-666b-48b2-ae33-a25049d240ef', 'Eco-sustain Extendable Dining Table (Rose Wood, Ebony Black)', 'DIN-ROS-0056', 'TF000056', 27500, 39500, 13, 'active', NOW() - INTERVAL '85 days', NOW() - INTERVAL '85 days');
INSERT INTO products (id, store_id, category_id, name, sku, barcode, purchase_price, selling_price, stock_qty, status, created_at, updated_at) VALUES ('3ab4294b-9d2f-44e7-9b67-90c6b5592459', '29f4e073-bc1d-4071-ae3a-c8718a90f998', 'e1689e61-666b-48b2-ae33-a25049d240ef', 'Classic 6-Seater Wooden Dining Table (Engineered Wood, Ebony Black)', 'DIN-ENG-0057', 'TF000057', 33500, 52000, 3, 'active', NOW() - INTERVAL '85 days', NOW() - INTERVAL '85 days');
INSERT INTO products (id, store_id, category_id, name, sku, barcode, purchase_price, selling_price, stock_qty, status, created_at, updated_at) VALUES ('ec134a51-3e2c-4b12-9bfc-4867ba09c6a5', '29f4e073-bc1d-4071-ae3a-c8718a90f998', 'e1689e61-666b-48b2-ae33-a25049d240ef', 'Heritage 4-Seater Glass Top Dining Table (Engineered Wood, Walnut Brown)', 'DIN-ENG-0058', 'TF000058', 59500, 88500, 18, 'active', NOW() - INTERVAL '85 days', NOW() - INTERVAL '85 days');
INSERT INTO products (id, store_id, category_id, name, sku, barcode, purchase_price, selling_price, stock_qty, status, created_at, updated_at) VALUES ('0493c5d8-0fe3-44cf-97dc-8b1faa8dc55a', '29f4e073-bc1d-4071-ae3a-c8718a90f998', 'e1689e61-666b-48b2-ae33-a25049d240ef', 'Eco-sustain Marble Top Dining Table (Engineered Wood, Ebony Black)', 'DIN-ENG-0059', 'TF000059', 28000, 40500, 25, 'active', NOW() - INTERVAL '85 days', NOW() - INTERVAL '85 days');
INSERT INTO products (id, store_id, category_id, name, sku, barcode, purchase_price, selling_price, stock_qty, status, created_at, updated_at) VALUES ('ff86d0e1-e886-4ed0-b8a0-726b93277dcc', '29f4e073-bc1d-4071-ae3a-c8718a90f998', 'e1689e61-666b-48b2-ae33-a25049d240ef', 'Comfort Extendable Dining Table (Teak Wood, Ocean Blue)', 'DIN-TEA-0060', 'TF000060', 44000, 70500, 0, 'active', NOW() - INTERVAL '85 days', NOW() - INTERVAL '85 days');
INSERT INTO products (id, store_id, category_id, name, sku, barcode, purchase_price, selling_price, stock_qty, status, created_at, updated_at) VALUES ('677b4ed7-b68c-4721-baf6-4c79f7a858e0', '29f4e073-bc1d-4071-ae3a-c8718a90f998', '046da3bd-b54e-453d-844d-88039863b3fc', 'Eco-sustain Cushioned Dining Chair (Sheesham Wood, Charcoal Grey)', 'DIN-SHE-0061', 'TF000061', 5000, 7000, 29, 'active', NOW() - INTERVAL '85 days', NOW() - INTERVAL '85 days');
INSERT INTO products (id, store_id, category_id, name, sku, barcode, purchase_price, selling_price, stock_qty, status, created_at, updated_at) VALUES ('309401d9-0e72-4846-a4d8-48610ed27410', '29f4e073-bc1d-4071-ae3a-c8718a90f998', '046da3bd-b54e-453d-844d-88039863b3fc', 'Modern Solid Wood Dining Chair (Mahogany, Walnut Brown)', 'DIN-MAH-0062', 'TF000062', 3500, 5500, 27, 'active', NOW() - INTERVAL '85 days', NOW() - INTERVAL '85 days');
INSERT INTO products (id, store_id, category_id, name, sku, barcode, purchase_price, selling_price, stock_qty, status, created_at, updated_at) VALUES ('936e386c-5292-4d9e-b355-0b3edc7505c0', '29f4e073-bc1d-4071-ae3a-c8718a90f998', '046da3bd-b54e-453d-844d-88039863b3fc', 'Comfort High Back Chair (Teak Wood, Ebony Black)', 'DIN-TEA-0063', 'TF000063', 5000, 8500, 19, 'active', NOW() - INTERVAL '85 days', NOW() - INTERVAL '85 days');
INSERT INTO products (id, store_id, category_id, name, sku, barcode, purchase_price, selling_price, stock_qty, status, created_at, updated_at) VALUES ('75e3ad51-3d14-4712-ab6b-65251037f898', '29f4e073-bc1d-4071-ae3a-c8718a90f998', '046da3bd-b54e-453d-844d-88039863b3fc', 'Classic Rattan Accent Chair (Teak Wood, Walnut Brown)', 'DIN-TEA-0064', 'TF000064', 4000, 6000, 19, 'active', NOW() - INTERVAL '85 days', NOW() - INTERVAL '85 days');
INSERT INTO products (id, store_id, category_id, name, sku, barcode, purchase_price, selling_price, stock_qty, status, created_at, updated_at) VALUES ('ae23d07d-ad6c-4b81-945e-5df3d4fa0e52', '29f4e073-bc1d-4071-ae3a-c8718a90f998', '046da3bd-b54e-453d-844d-88039863b3fc', 'Minimalist Cushioned Dining Chair (Teak Wood, Ebony Black)', 'DIN-TEA-0065', 'TF000065', 6500, 10500, 15, 'active', NOW() - INTERVAL '85 days', NOW() - INTERVAL '85 days');
INSERT INTO products (id, store_id, category_id, name, sku, barcode, purchase_price, selling_price, stock_qty, status, created_at, updated_at) VALUES ('060436f2-49d9-45ba-92ef-2430cbb1fed2', '29f4e073-bc1d-4071-ae3a-c8718a90f998', '046da3bd-b54e-453d-844d-88039863b3fc', 'Premium Solid Wood Dining Chair (Engineered Wood, Charcoal Grey)', 'DIN-ENG-0066', 'TF000066', 6000, 9500, 7, 'active', NOW() - INTERVAL '85 days', NOW() - INTERVAL '85 days');
INSERT INTO products (id, store_id, category_id, name, sku, barcode, purchase_price, selling_price, stock_qty, status, created_at, updated_at) VALUES ('ee99f9f7-63f9-4a30-928c-91b9e66f6c58', '29f4e073-bc1d-4071-ae3a-c8718a90f998', '046da3bd-b54e-453d-844d-88039863b3fc', 'Minimalist High Back Chair (Rose Wood, Warm Beige)', 'DIN-ROS-0067', 'TF000067', 8000, 12000, 17, 'active', NOW() - INTERVAL '85 days', NOW() - INTERVAL '85 days');
INSERT INTO products (id, store_id, category_id, name, sku, barcode, purchase_price, selling_price, stock_qty, status, created_at, updated_at) VALUES ('7e92cf55-0bd4-4ad7-979a-0fe86acf3799', '29f4e073-bc1d-4071-ae3a-c8718a90f998', '046da3bd-b54e-453d-844d-88039863b3fc', 'Heritage Rattan Accent Chair (Mahogany, Ocean Blue)', 'DIN-MAH-0068', 'TF000068', 5000, 8000, 12, 'active', NOW() - INTERVAL '85 days', NOW() - INTERVAL '85 days');
INSERT INTO products (id, store_id, category_id, name, sku, barcode, purchase_price, selling_price, stock_qty, status, created_at, updated_at) VALUES ('26e97e22-a9a9-4748-b43f-4f06ff43b1cc', '29f4e073-bc1d-4071-ae3a-c8718a90f998', '046da3bd-b54e-453d-844d-88039863b3fc', 'Classic Cushioned Dining Chair (Mahogany, Warm Beige)', 'DIN-MAH-0069', 'TF000069', 9500, 14000, 15, 'active', NOW() - INTERVAL '85 days', NOW() - INTERVAL '85 days');
INSERT INTO products (id, store_id, category_id, name, sku, barcode, purchase_price, selling_price, stock_qty, status, created_at, updated_at) VALUES ('1f830695-350d-41b6-a4b3-9d85595b1a0c', '29f4e073-bc1d-4071-ae3a-c8718a90f998', '046da3bd-b54e-453d-844d-88039863b3fc', 'Eco-sustain Solid Wood Dining Chair (Oak Wood, Ivory White)', 'DIN-OAK-0070', 'TF000070', 5000, 8500, 20, 'inactive', NOW() - INTERVAL '85 days', NOW() - INTERVAL '85 days');
INSERT INTO products (id, store_id, category_id, name, sku, barcode, purchase_price, selling_price, stock_qty, status, created_at, updated_at) VALUES ('4d3dbd05-9bce-40cd-8688-cae53cd77efd', '29f4e073-bc1d-4071-ae3a-c8718a90f998', '046da3bd-b54e-453d-844d-88039863b3fc', 'Eco-sustain High Back Chair (Teak Wood, Ebony Black)', 'DIN-TEA-0071', 'TF000071', 5000, 7500, 10, 'active', NOW() - INTERVAL '85 days', NOW() - INTERVAL '85 days');
INSERT INTO products (id, store_id, category_id, name, sku, barcode, purchase_price, selling_price, stock_qty, status, created_at, updated_at) VALUES ('117e2bde-d5a5-42f8-a908-fdb1167926c7', '29f4e073-bc1d-4071-ae3a-c8718a90f998', '046da3bd-b54e-453d-844d-88039863b3fc', 'Imperial Rattan Accent Chair (Teak Wood, Warm Beige)', 'DIN-TEA-0072', 'TF000072', 10500, 15000, 10, 'active', NOW() - INTERVAL '85 days', NOW() - INTERVAL '85 days');
INSERT INTO products (id, store_id, category_id, name, sku, barcode, purchase_price, selling_price, stock_qty, status, created_at, updated_at) VALUES ('1d070939-2b6c-434f-9689-87c7e063d8f1', '29f4e073-bc1d-4071-ae3a-c8718a90f998', '046da3bd-b54e-453d-844d-88039863b3fc', 'Modern Cushioned Dining Chair (Teak Wood, Walnut Brown)', 'DIN-TEA-0073', 'TF000073', 2500, 4000, 11, 'active', NOW() - INTERVAL '85 days', NOW() - INTERVAL '85 days');
INSERT INTO products (id, store_id, category_id, name, sku, barcode, purchase_price, selling_price, stock_qty, status, created_at, updated_at) VALUES ('c1771c62-acea-49f4-99d5-7cc40f440a36', '29f4e073-bc1d-4071-ae3a-c8718a90f998', '046da3bd-b54e-453d-844d-88039863b3fc', 'Eco-sustain Solid Wood Dining Chair (Sheesham Wood, Teak Finish)', 'DIN-SHE-0074', 'TF000074', 8000, 12000, 14, 'active', NOW() - INTERVAL '85 days', NOW() - INTERVAL '85 days');
INSERT INTO products (id, store_id, category_id, name, sku, barcode, purchase_price, selling_price, stock_qty, status, created_at, updated_at) VALUES ('63829521-e822-4979-94fa-614ef8a61549', '29f4e073-bc1d-4071-ae3a-c8718a90f998', '046da3bd-b54e-453d-844d-88039863b3fc', 'Eco-sustain High Back Chair (Sheesham Wood, Teak Finish)', 'DIN-SHE-0075', 'TF000075', 5500, 9000, 0, 'active', NOW() - INTERVAL '85 days', NOW() - INTERVAL '85 days');
INSERT INTO products (id, store_id, category_id, name, sku, barcode, purchase_price, selling_price, stock_qty, status, created_at, updated_at) VALUES ('d78792d4-9569-4f36-a380-ba0fa0551bff', '29f4e073-bc1d-4071-ae3a-c8718a90f998', '046da3bd-b54e-453d-844d-88039863b3fc', 'Modern Rattan Accent Chair (Oak Wood, Ivory White)', 'DIN-OAK-0076', 'TF000076', 3500, 5000, 1, 'active', NOW() - INTERVAL '85 days', NOW() - INTERVAL '85 days');
INSERT INTO products (id, store_id, category_id, name, sku, barcode, purchase_price, selling_price, stock_qty, status, created_at, updated_at) VALUES ('67b0a3a5-4efb-4541-95fe-e1f0b749842f', '29f4e073-bc1d-4071-ae3a-c8718a90f998', '046da3bd-b54e-453d-844d-88039863b3fc', 'Luxurious Cushioned Dining Chair (Teak Wood, Ocean Blue)', 'DIN-TEA-0077', 'TF000077', 3500, 5000, 17, 'active', NOW() - INTERVAL '85 days', NOW() - INTERVAL '85 days');
INSERT INTO products (id, store_id, category_id, name, sku, barcode, purchase_price, selling_price, stock_qty, status, created_at, updated_at) VALUES ('b27d2f49-3866-4d81-ba17-09524c7a0d91', '29f4e073-bc1d-4071-ae3a-c8718a90f998', '046da3bd-b54e-453d-844d-88039863b3fc', 'Royal Solid Wood Dining Chair (Teak Wood, Walnut Brown)', 'DIN-TEA-0078', 'TF000078', 6500, 10500, 12, 'active', NOW() - INTERVAL '85 days', NOW() - INTERVAL '85 days');
INSERT INTO products (id, store_id, category_id, name, sku, barcode, purchase_price, selling_price, stock_qty, status, created_at, updated_at) VALUES ('d016867f-446b-4b95-b58b-d1e2a6e1cb10', '29f4e073-bc1d-4071-ae3a-c8718a90f998', '046da3bd-b54e-453d-844d-88039863b3fc', 'Royal High Back Chair (Oak Wood, Charcoal Grey)', 'DIN-OAK-0079', 'TF000079', 6000, 9500, 9, 'active', NOW() - INTERVAL '85 days', NOW() - INTERVAL '85 days');
INSERT INTO products (id, store_id, category_id, name, sku, barcode, purchase_price, selling_price, stock_qty, status, created_at, updated_at) VALUES ('afad88ca-7631-419b-bb19-b3cdc6079db6', '29f4e073-bc1d-4071-ae3a-c8718a90f998', '046da3bd-b54e-453d-844d-88039863b3fc', 'Classic Rattan Accent Chair (Mahogany, Ocean Blue)', 'DIN-MAH-0080', 'TF000080', 8500, 13000, 11, 'active', NOW() - INTERVAL '85 days', NOW() - INTERVAL '85 days');
INSERT INTO products (id, store_id, category_id, name, sku, barcode, purchase_price, selling_price, stock_qty, status, created_at, updated_at) VALUES ('c825fff6-bc8c-441f-becc-5e4e6f369a88', '29f4e073-bc1d-4071-ae3a-c8718a90f998', '25f0d8c7-c3ef-4b17-9436-fedeb55b0942', 'Luxurious Ergonomic Task Chair (Rose Wood, Teak Finish)', 'OFF-ROS-0081', 'TF000081', 4000, 6000, 15, 'active', NOW() - INTERVAL '85 days', NOW() - INTERVAL '85 days');
INSERT INTO products (id, store_id, category_id, name, sku, barcode, purchase_price, selling_price, stock_qty, status, created_at, updated_at) VALUES ('811c781c-13c7-4eb5-9b8f-be158d9afe7b', '29f4e073-bc1d-4071-ae3a-c8718a90f998', '25f0d8c7-c3ef-4b17-9436-fedeb55b0942', 'Minimalist Executive Leather High-Back (Sheesham Wood, Ivory White)', 'OFF-SHE-0082', 'TF000082', 11500, 17500, 13, 'active', NOW() - INTERVAL '85 days', NOW() - INTERVAL '85 days');
INSERT INTO products (id, store_id, category_id, name, sku, barcode, purchase_price, selling_price, stock_qty, status, created_at, updated_at) VALUES ('31e1f087-ea41-437c-bd2c-65de107eb3d8', '29f4e073-bc1d-4071-ae3a-c8718a90f998', '25f0d8c7-c3ef-4b17-9436-fedeb55b0942', 'Heritage Mesh Medium-Back Office Chair (Rose Wood, Ivory White)', 'OFF-ROS-0083', 'TF000083', 20500, 32500, 7, 'active', NOW() - INTERVAL '85 days', NOW() - INTERVAL '85 days');
INSERT INTO products (id, store_id, category_id, name, sku, barcode, purchase_price, selling_price, stock_qty, status, created_at, updated_at) VALUES ('9c0f27c3-56a3-4c37-af63-2aa734d19353', '29f4e073-bc1d-4071-ae3a-c8718a90f998', '25f0d8c7-c3ef-4b17-9436-fedeb55b0942', 'Imperial Visitor Stool Chair (Mahogany, Ocean Blue)', 'OFF-MAH-0084', 'TF000084', 23000, 34500, 15, 'active', NOW() - INTERVAL '85 days', NOW() - INTERVAL '85 days');
INSERT INTO products (id, store_id, category_id, name, sku, barcode, purchase_price, selling_price, stock_qty, status, created_at, updated_at) VALUES ('4e04bd65-d62f-4358-9ae5-1b640f6f63a4', '29f4e073-bc1d-4071-ae3a-c8718a90f998', '25f0d8c7-c3ef-4b17-9436-fedeb55b0942', 'Classic Ergonomic Task Chair (Sheesham Wood, Ebony Black)', 'OFF-SHE-0085', 'TF000085', 8000, 12000, 15, 'active', NOW() - INTERVAL '85 days', NOW() - INTERVAL '85 days');
INSERT INTO products (id, store_id, category_id, name, sku, barcode, purchase_price, selling_price, stock_qty, status, created_at, updated_at) VALUES ('90faf84f-c744-46a5-99ba-6d9d478400d3', '29f4e073-bc1d-4071-ae3a-c8718a90f998', '25f0d8c7-c3ef-4b17-9436-fedeb55b0942', 'Modern Executive Leather High-Back (Teak Wood, Ivory White)', 'OFF-TEA-0086', 'TF000086', 4500, 7500, 18, 'active', NOW() - INTERVAL '85 days', NOW() - INTERVAL '85 days');
INSERT INTO products (id, store_id, category_id, name, sku, barcode, purchase_price, selling_price, stock_qty, status, created_at, updated_at) VALUES ('2ebef195-2645-4998-b72e-a507d5872822', '29f4e073-bc1d-4071-ae3a-c8718a90f998', '25f0d8c7-c3ef-4b17-9436-fedeb55b0942', 'Luxurious Mesh Medium-Back Office Chair (Oak Wood, Ebony Black)', 'OFF-OAK-0087', 'TF000087', 8500, 12000, 17, 'active', NOW() - INTERVAL '85 days', NOW() - INTERVAL '85 days');
INSERT INTO products (id, store_id, category_id, name, sku, barcode, purchase_price, selling_price, stock_qty, status, created_at, updated_at) VALUES ('335432cc-b09b-4970-9a6b-4c45ae51415b', '29f4e073-bc1d-4071-ae3a-c8718a90f998', '25f0d8c7-c3ef-4b17-9436-fedeb55b0942', 'Comfort Visitor Stool Chair (Engineered Wood, Ocean Blue)', 'OFF-ENG-0088', 'TF000088', 16500, 27000, 10, 'active', NOW() - INTERVAL '85 days', NOW() - INTERVAL '85 days');
INSERT INTO products (id, store_id, category_id, name, sku, barcode, purchase_price, selling_price, stock_qty, status, created_at, updated_at) VALUES ('aabd3d3c-81bf-41ca-97c5-417d512c2000', '29f4e073-bc1d-4071-ae3a-c8718a90f998', '25f0d8c7-c3ef-4b17-9436-fedeb55b0942', 'Premium Ergonomic Task Chair (Mahogany, Walnut Brown)', 'OFF-MAH-0089', 'TF000089', 22000, 32500, 8, 'active', NOW() - INTERVAL '85 days', NOW() - INTERVAL '85 days');
INSERT INTO products (id, store_id, category_id, name, sku, barcode, purchase_price, selling_price, stock_qty, status, created_at, updated_at) VALUES ('685de896-144b-49c1-86f3-38d2c27670b5', '29f4e073-bc1d-4071-ae3a-c8718a90f998', '25f0d8c7-c3ef-4b17-9436-fedeb55b0942', 'Eco-sustain Executive Leather High-Back (Oak Wood, Warm Beige)', 'OFF-OAK-0090', 'TF000090', 7000, 10500, 0, 'active', NOW() - INTERVAL '85 days', NOW() - INTERVAL '85 days');
INSERT INTO products (id, store_id, category_id, name, sku, barcode, purchase_price, selling_price, stock_qty, status, created_at, updated_at) VALUES ('4285c79a-d18c-4d32-b4d5-6a9248d5b034', '29f4e073-bc1d-4071-ae3a-c8718a90f998', '25f0d8c7-c3ef-4b17-9436-fedeb55b0942', 'Premium Mesh Medium-Back Office Chair (Sheesham Wood, Warm Beige)', 'OFF-SHE-0091', 'TF000091', 5500, 8500, 15, 'active', NOW() - INTERVAL '85 days', NOW() - INTERVAL '85 days');
INSERT INTO products (id, store_id, category_id, name, sku, barcode, purchase_price, selling_price, stock_qty, status, created_at, updated_at) VALUES ('18deb9b6-29ee-4f6f-8dd1-e5fd9780b37a', '29f4e073-bc1d-4071-ae3a-c8718a90f998', '25f0d8c7-c3ef-4b17-9436-fedeb55b0942', 'Luxurious Visitor Stool Chair (Mahogany, Charcoal Grey)', 'OFF-MAH-0092', 'TF000092', 19000, 30500, 19, 'active', NOW() - INTERVAL '85 days', NOW() - INTERVAL '85 days');
INSERT INTO products (id, store_id, category_id, name, sku, barcode, purchase_price, selling_price, stock_qty, status, created_at, updated_at) VALUES ('192fc844-339e-4f31-aeb6-eb3ee716131a', '29f4e073-bc1d-4071-ae3a-c8718a90f998', '25f0d8c7-c3ef-4b17-9436-fedeb55b0942', 'Eco-sustain Ergonomic Task Chair (Engineered Wood, Crimson Red)', 'OFF-ENG-0093', 'TF000093', 4500, 7500, 15, 'active', NOW() - INTERVAL '85 days', NOW() - INTERVAL '85 days');
INSERT INTO products (id, store_id, category_id, name, sku, barcode, purchase_price, selling_price, stock_qty, status, created_at, updated_at) VALUES ('018e8419-7505-4845-8b4b-c442cdda4e72', '29f4e073-bc1d-4071-ae3a-c8718a90f998', '25f0d8c7-c3ef-4b17-9436-fedeb55b0942', 'Imperial Executive Leather High-Back (Sheesham Wood, Teak Finish)', 'OFF-SHE-0094', 'TF000094', 4000, 6000, 10, 'active', NOW() - INTERVAL '85 days', NOW() - INTERVAL '85 days');
INSERT INTO products (id, store_id, category_id, name, sku, barcode, purchase_price, selling_price, stock_qty, status, created_at, updated_at) VALUES ('03b4a8ea-a727-4547-a037-7cb2828bd872', '29f4e073-bc1d-4071-ae3a-c8718a90f998', '25f0d8c7-c3ef-4b17-9436-fedeb55b0942', 'Comfort Mesh Medium-Back Office Chair (Mahogany, Charcoal Grey)', 'OFF-MAH-0095', 'TF000095', 18500, 28500, 3, 'active', NOW() - INTERVAL '85 days', NOW() - INTERVAL '85 days');
INSERT INTO products (id, store_id, category_id, name, sku, barcode, purchase_price, selling_price, stock_qty, status, created_at, updated_at) VALUES ('9c66da03-0ee6-4b1b-a9ec-f53da69d5a91', '29f4e073-bc1d-4071-ae3a-c8718a90f998', '25f0d8c7-c3ef-4b17-9436-fedeb55b0942', 'Royal Visitor Stool Chair (Mahogany, Ivory White)', 'OFF-MAH-0096', 'TF000096', 12500, 20000, 9, 'active', NOW() - INTERVAL '85 days', NOW() - INTERVAL '85 days');
INSERT INTO products (id, store_id, category_id, name, sku, barcode, purchase_price, selling_price, stock_qty, status, created_at, updated_at) VALUES ('e9b65f20-afc6-4f19-9fc3-4c66b614b4c8', '29f4e073-bc1d-4071-ae3a-c8718a90f998', '25f0d8c7-c3ef-4b17-9436-fedeb55b0942', 'Minimalist Ergonomic Task Chair (Teak Wood, Charcoal Grey)', 'OFF-TEA-0097', 'TF000097', 12000, 18000, 17, 'active', NOW() - INTERVAL '85 days', NOW() - INTERVAL '85 days');
INSERT INTO products (id, store_id, category_id, name, sku, barcode, purchase_price, selling_price, stock_qty, status, created_at, updated_at) VALUES ('dda8aa9f-e176-4f99-81c9-82dfef9a761a', '29f4e073-bc1d-4071-ae3a-c8718a90f998', '25f0d8c7-c3ef-4b17-9436-fedeb55b0942', 'Luxurious Executive Leather High-Back (Rose Wood, Ocean Blue)', 'OFF-ROS-0098', 'TF000098', 10500, 15500, 10, 'active', NOW() - INTERVAL '85 days', NOW() - INTERVAL '85 days');
INSERT INTO products (id, store_id, category_id, name, sku, barcode, purchase_price, selling_price, stock_qty, status, created_at, updated_at) VALUES ('cc1fe24a-9fbf-4ebd-b146-9926bc4dcdf4', '29f4e073-bc1d-4071-ae3a-c8718a90f998', '25f0d8c7-c3ef-4b17-9436-fedeb55b0942', 'Luxurious Mesh Medium-Back Office Chair (Teak Wood, Ebony Black)', 'OFF-TEA-0099', 'TF000099', 6000, 10000, 15, 'active', NOW() - INTERVAL '85 days', NOW() - INTERVAL '85 days');
INSERT INTO products (id, store_id, category_id, name, sku, barcode, purchase_price, selling_price, stock_qty, status, created_at, updated_at) VALUES ('2bdca6e8-70ea-456e-a7bc-299af5e6954d', '29f4e073-bc1d-4071-ae3a-c8718a90f998', '25f0d8c7-c3ef-4b17-9436-fedeb55b0942', 'Heritage Visitor Stool Chair (Teak Wood, Warm Beige)', 'OFF-TEA-0100', 'TF000100', 15500, 25500, 27, 'active', NOW() - INTERVAL '85 days', NOW() - INTERVAL '85 days');
INSERT INTO products (id, store_id, category_id, name, sku, barcode, purchase_price, selling_price, stock_qty, status, created_at, updated_at) VALUES ('dff9c288-5cef-4f4e-91e4-2058ea894768', '29f4e073-bc1d-4071-ae3a-c8718a90f998', '7e9c97ad-80b5-46b8-bf83-cda7c3faa909', 'Eco-sustain Wall Mounted TV Cabinet (Engineered Wood, Charcoal Grey)', 'TV -ENG-0101', 'TF000101', 22000, 33500, 8, 'active', NOW() - INTERVAL '85 days', NOW() - INTERVAL '85 days');
INSERT INTO products (id, store_id, category_id, name, sku, barcode, purchase_price, selling_price, stock_qty, status, created_at, updated_at) VALUES ('dac7e591-f2c0-4dfe-9b77-54d1d0e28210', '29f4e073-bc1d-4071-ae3a-c8718a90f998', '7e9c97ad-80b5-46b8-bf83-cda7c3faa909', 'Heritage Floor Standing TV Console (Rose Wood, Teak Finish)', 'TV -ROS-0102', 'TF000102', 21500, 33000, 27, 'active', NOW() - INTERVAL '85 days', NOW() - INTERVAL '85 days');
INSERT INTO products (id, store_id, category_id, name, sku, barcode, purchase_price, selling_price, stock_qty, status, created_at, updated_at) VALUES ('aeacc6db-6372-421c-b55c-3bcc0f97ef15', '29f4e073-bc1d-4071-ae3a-c8718a90f998', '7e9c97ad-80b5-46b8-bf83-cda7c3faa909', 'Imperial Modular TV Stand with Shelves (Sheesham Wood, Ivory White)', 'TV -SHE-0103', 'TF000103', 18500, 29000, 29, 'active', NOW() - INTERVAL '85 days', NOW() - INTERVAL '85 days');
INSERT INTO products (id, store_id, category_id, name, sku, barcode, purchase_price, selling_price, stock_qty, status, created_at, updated_at) VALUES ('45b029af-1b46-4141-84a7-5a0a282002d9', '29f4e073-bc1d-4071-ae3a-c8718a90f998', '7e9c97ad-80b5-46b8-bf83-cda7c3faa909', 'Comfort Wall Mounted TV Cabinet (Engineered Wood, Crimson Red)', 'TV -ENG-0104', 'TF000104', 24000, 35500, 5, 'active', NOW() - INTERVAL '85 days', NOW() - INTERVAL '85 days');
INSERT INTO products (id, store_id, category_id, name, sku, barcode, purchase_price, selling_price, stock_qty, status, created_at, updated_at) VALUES ('08c32db4-7ba0-4c92-9312-42a452c31ae1', '29f4e073-bc1d-4071-ae3a-c8718a90f998', '7e9c97ad-80b5-46b8-bf83-cda7c3faa909', 'Heritage Floor Standing TV Console (Teak Wood, Warm Beige)', 'TV -TEA-0105', 'TF000105', 6000, 9500, 0, 'inactive', NOW() - INTERVAL '85 days', NOW() - INTERVAL '85 days');
INSERT INTO products (id, store_id, category_id, name, sku, barcode, purchase_price, selling_price, stock_qty, status, created_at, updated_at) VALUES ('695475e4-b4a1-49fe-848c-471c08aea77c', '29f4e073-bc1d-4071-ae3a-c8718a90f998', '7e9c97ad-80b5-46b8-bf83-cda7c3faa909', 'Imperial Modular TV Stand with Shelves (Sheesham Wood, Teak Finish)', 'TV -SHE-0106', 'TF000106', 30500, 45000, 26, 'active', NOW() - INTERVAL '85 days', NOW() - INTERVAL '85 days');
INSERT INTO products (id, store_id, category_id, name, sku, barcode, purchase_price, selling_price, stock_qty, status, created_at, updated_at) VALUES ('482e6765-ec8f-4de4-ba26-c5254f4d1766', '29f4e073-bc1d-4071-ae3a-c8718a90f998', '7e9c97ad-80b5-46b8-bf83-cda7c3faa909', 'Imperial Wall Mounted TV Cabinet (Oak Wood, Ocean Blue)', 'TV -OAK-0107', 'TF000107', 17000, 26000, 29, 'active', NOW() - INTERVAL '85 days', NOW() - INTERVAL '85 days');
INSERT INTO products (id, store_id, category_id, name, sku, barcode, purchase_price, selling_price, stock_qty, status, created_at, updated_at) VALUES ('c1e0e499-ec16-4506-9487-2fbd2a41bf0f', '29f4e073-bc1d-4071-ae3a-c8718a90f998', '7e9c97ad-80b5-46b8-bf83-cda7c3faa909', 'Luxurious Floor Standing TV Console (Teak Wood, Warm Beige)', 'TV -TEA-0108', 'TF000108', 16500, 25000, 22, 'active', NOW() - INTERVAL '85 days', NOW() - INTERVAL '85 days');
INSERT INTO products (id, store_id, category_id, name, sku, barcode, purchase_price, selling_price, stock_qty, status, created_at, updated_at) VALUES ('263499c0-0ca6-453f-9061-e0b6a190a856', '29f4e073-bc1d-4071-ae3a-c8718a90f998', '7e9c97ad-80b5-46b8-bf83-cda7c3faa909', 'Comfort Modular TV Stand with Shelves (Mahogany, Charcoal Grey)', 'TV -MAH-0109', 'TF000109', 21000, 33500, 11, 'active', NOW() - INTERVAL '85 days', NOW() - INTERVAL '85 days');
INSERT INTO products (id, store_id, category_id, name, sku, barcode, purchase_price, selling_price, stock_qty, status, created_at, updated_at) VALUES ('efb65228-fb21-44f6-b8b6-6a70f38350c8', '29f4e073-bc1d-4071-ae3a-c8718a90f998', '7e9c97ad-80b5-46b8-bf83-cda7c3faa909', 'Modern Wall Mounted TV Cabinet (Sheesham Wood, Ocean Blue)', 'TV -SHE-0110', 'TF000110', 9000, 13500, 28, 'active', NOW() - INTERVAL '85 days', NOW() - INTERVAL '85 days');
INSERT INTO products (id, store_id, category_id, name, sku, barcode, purchase_price, selling_price, stock_qty, status, created_at, updated_at) VALUES ('b0e89ba0-ba90-445e-ae35-c8ca81e8b940', '29f4e073-bc1d-4071-ae3a-c8718a90f998', '7e9c97ad-80b5-46b8-bf83-cda7c3faa909', 'Luxurious Floor Standing TV Console (Teak Wood, Walnut Brown)', 'TV -TEA-0111', 'TF000111', 16500, 24000, 7, 'active', NOW() - INTERVAL '85 days', NOW() - INTERVAL '85 days');
INSERT INTO products (id, store_id, category_id, name, sku, barcode, purchase_price, selling_price, stock_qty, status, created_at, updated_at) VALUES ('04e6f2e3-71db-4095-a209-0fdf2c4ff348', '29f4e073-bc1d-4071-ae3a-c8718a90f998', '7e9c97ad-80b5-46b8-bf83-cda7c3faa909', 'Modern Modular TV Stand with Shelves (Oak Wood, Charcoal Grey)', 'TV -OAK-0112', 'TF000112', 30500, 44500, 8, 'active', NOW() - INTERVAL '85 days', NOW() - INTERVAL '85 days');
INSERT INTO products (id, store_id, category_id, name, sku, barcode, purchase_price, selling_price, stock_qty, status, created_at, updated_at) VALUES ('c4c41318-93e6-40e0-a7e7-9471521e3216', '29f4e073-bc1d-4071-ae3a-c8718a90f998', '7e9c97ad-80b5-46b8-bf83-cda7c3faa909', 'Luxurious Wall Mounted TV Cabinet (Rose Wood, Ocean Blue)', 'TV -ROS-0113', 'TF000113', 26500, 39000, 11, 'active', NOW() - INTERVAL '85 days', NOW() - INTERVAL '85 days');
INSERT INTO products (id, store_id, category_id, name, sku, barcode, purchase_price, selling_price, stock_qty, status, created_at, updated_at) VALUES ('269baf12-2c80-46b8-9fc2-6550d3452bf9', '29f4e073-bc1d-4071-ae3a-c8718a90f998', '7e9c97ad-80b5-46b8-bf83-cda7c3faa909', 'Premium Floor Standing TV Console (Teak Wood, Ocean Blue)', 'TV -TEA-0114', 'TF000114', 25000, 38500, 2, 'active', NOW() - INTERVAL '85 days', NOW() - INTERVAL '85 days');
INSERT INTO products (id, store_id, category_id, name, sku, barcode, purchase_price, selling_price, stock_qty, status, created_at, updated_at) VALUES ('f9b40d20-052f-4c8a-8fa7-c32b87ce1d35', '29f4e073-bc1d-4071-ae3a-c8718a90f998', '7e9c97ad-80b5-46b8-bf83-cda7c3faa909', 'Modern Modular TV Stand with Shelves (Oak Wood, Crimson Red)', 'TV -OAK-0115', 'TF000115', 6000, 9500, 26, 'active', NOW() - INTERVAL '85 days', NOW() - INTERVAL '85 days');
INSERT INTO products (id, store_id, category_id, name, sku, barcode, purchase_price, selling_price, stock_qty, status, created_at, updated_at) VALUES ('4f77337e-94b5-491e-896d-0bbf04244fc3', '29f4e073-bc1d-4071-ae3a-c8718a90f998', '7e9c97ad-80b5-46b8-bf83-cda7c3faa909', 'Luxurious Wall Mounted TV Cabinet (Sheesham Wood, Walnut Brown)', 'TV -SHE-0116', 'TF000116', 22000, 36500, 20, 'active', NOW() - INTERVAL '85 days', NOW() - INTERVAL '85 days');
INSERT INTO products (id, store_id, category_id, name, sku, barcode, purchase_price, selling_price, stock_qty, status, created_at, updated_at) VALUES ('964afc5e-e8fd-4384-a137-d1aae7cb9745', '29f4e073-bc1d-4071-ae3a-c8718a90f998', '7e9c97ad-80b5-46b8-bf83-cda7c3faa909', 'Premium Floor Standing TV Console (Teak Wood, Walnut Brown)', 'TV -TEA-0117', 'TF000117', 21000, 31500, 28, 'active', NOW() - INTERVAL '85 days', NOW() - INTERVAL '85 days');
INSERT INTO products (id, store_id, category_id, name, sku, barcode, purchase_price, selling_price, stock_qty, status, created_at, updated_at) VALUES ('d308b0b6-147b-458f-8f54-a63c002b9c42', '29f4e073-bc1d-4071-ae3a-c8718a90f998', '7e9c97ad-80b5-46b8-bf83-cda7c3faa909', 'Minimalist Modular TV Stand with Shelves (Teak Wood, Crimson Red)', 'TV -TEA-0118', 'TF000118', 10500, 15500, 21, 'active', NOW() - INTERVAL '85 days', NOW() - INTERVAL '85 days');
INSERT INTO products (id, store_id, category_id, name, sku, barcode, purchase_price, selling_price, stock_qty, status, created_at, updated_at) VALUES ('9da5d4c4-6bcc-42df-a639-598e5d4f24c8', '29f4e073-bc1d-4071-ae3a-c8718a90f998', '7e9c97ad-80b5-46b8-bf83-cda7c3faa909', 'Royal Wall Mounted TV Cabinet (Mahogany, Ivory White)', 'TV -MAH-0119', 'TF000119', 17000, 27500, 25, 'active', NOW() - INTERVAL '85 days', NOW() - INTERVAL '85 days');
INSERT INTO products (id, store_id, category_id, name, sku, barcode, purchase_price, selling_price, stock_qty, status, created_at, updated_at) VALUES ('756929ee-e33f-4a94-a745-a9ab780dbc2e', '29f4e073-bc1d-4071-ae3a-c8718a90f998', '7e9c97ad-80b5-46b8-bf83-cda7c3faa909', 'Heritage Floor Standing TV Console (Mahogany, Charcoal Grey)', 'TV -MAH-0120', 'TF000120', 25000, 36500, 0, 'active', NOW() - INTERVAL '85 days', NOW() - INTERVAL '85 days');
INSERT INTO products (id, store_id, category_id, name, sku, barcode, purchase_price, selling_price, stock_qty, status, created_at, updated_at) VALUES ('a1241166-b936-416e-9501-41e19bc2ae03', '29f4e073-bc1d-4071-ae3a-c8718a90f998', '4712c2d9-84ae-4654-b7dc-7c70c28a228e', 'Minimalist Wooden Nesting Tables (Oak Wood, Walnut Brown)', 'COF-OAK-0121', 'TF000121', 12500, 19000, 29, 'active', NOW() - INTERVAL '85 days', NOW() - INTERVAL '85 days');
INSERT INTO products (id, store_id, category_id, name, sku, barcode, purchase_price, selling_price, stock_qty, status, created_at, updated_at) VALUES ('cb469098-20af-41f4-ac4d-3be8ea9f8eb0', '29f4e073-bc1d-4071-ae3a-c8718a90f998', '4712c2d9-84ae-4654-b7dc-7c70c28a228e', 'Luxurious Glass Top Coffee Table (Teak Wood, Teak Finish)', 'COF-TEA-0122', 'TF000122', 7500, 12000, 22, 'active', NOW() - INTERVAL '85 days', NOW() - INTERVAL '85 days');
INSERT INTO products (id, store_id, category_id, name, sku, barcode, purchase_price, selling_price, stock_qty, status, created_at, updated_at) VALUES ('1911edb0-4fb5-49db-a8d9-b30659cd18d4', '29f4e073-bc1d-4071-ae3a-c8718a90f998', '4712c2d9-84ae-4654-b7dc-7c70c28a228e', 'Royal Storage Trunk Coffee Table (Oak Wood, Walnut Brown)', 'COF-OAK-0123', 'TF000123', 3500, 6000, 19, 'active', NOW() - INTERVAL '85 days', NOW() - INTERVAL '85 days');
INSERT INTO products (id, store_id, category_id, name, sku, barcode, purchase_price, selling_price, stock_qty, status, created_at, updated_at) VALUES ('4a5acb6e-f5d1-47ce-9597-f46560dcf9cb', '29f4e073-bc1d-4071-ae3a-c8718a90f998', '4712c2d9-84ae-4654-b7dc-7c70c28a228e', 'Luxurious Round Accent Coffee Table (Mahogany, Charcoal Grey)', 'COF-MAH-0124', 'TF000124', 3000, 4500, 17, 'active', NOW() - INTERVAL '85 days', NOW() - INTERVAL '85 days');
INSERT INTO products (id, store_id, category_id, name, sku, barcode, purchase_price, selling_price, stock_qty, status, created_at, updated_at) VALUES ('d31dd9f8-ee67-431a-92f6-23449a91be2a', '29f4e073-bc1d-4071-ae3a-c8718a90f998', '4712c2d9-84ae-4654-b7dc-7c70c28a228e', 'Royal Wooden Nesting Tables (Oak Wood, Ebony Black)', 'COF-OAK-0125', 'TF000125', 9500, 15000, 5, 'active', NOW() - INTERVAL '85 days', NOW() - INTERVAL '85 days');
INSERT INTO products (id, store_id, category_id, name, sku, barcode, purchase_price, selling_price, stock_qty, status, created_at, updated_at) VALUES ('693d6f47-226e-4d1c-8e02-1266784e08c8', '29f4e073-bc1d-4071-ae3a-c8718a90f998', '4712c2d9-84ae-4654-b7dc-7c70c28a228e', 'Royal Glass Top Coffee Table (Oak Wood, Warm Beige)', 'COF-OAK-0126', 'TF000126', 7500, 11500, 7, 'active', NOW() - INTERVAL '85 days', NOW() - INTERVAL '85 days');
INSERT INTO products (id, store_id, category_id, name, sku, barcode, purchase_price, selling_price, stock_qty, status, created_at, updated_at) VALUES ('8c3909d5-bed1-4939-a4b6-965954568ce1', '29f4e073-bc1d-4071-ae3a-c8718a90f998', '4712c2d9-84ae-4654-b7dc-7c70c28a228e', 'Luxurious Storage Trunk Coffee Table (Rose Wood, Teak Finish)', 'COF-ROS-0127', 'TF000127', 5000, 8000, 11, 'active', NOW() - INTERVAL '85 days', NOW() - INTERVAL '85 days');
INSERT INTO products (id, store_id, category_id, name, sku, barcode, purchase_price, selling_price, stock_qty, status, created_at, updated_at) VALUES ('e9fe7173-ffeb-41d0-b808-ac6fbe2b7d0a', '29f4e073-bc1d-4071-ae3a-c8718a90f998', '4712c2d9-84ae-4654-b7dc-7c70c28a228e', 'Minimalist Round Accent Coffee Table (Engineered Wood, Ebony Black)', 'COF-ENG-0128', 'TF000128', 5000, 7000, 6, 'active', NOW() - INTERVAL '85 days', NOW() - INTERVAL '85 days');
INSERT INTO products (id, store_id, category_id, name, sku, barcode, purchase_price, selling_price, stock_qty, status, created_at, updated_at) VALUES ('dd6c98cd-ad0c-4287-8ac3-225fe5aa2c4d', '29f4e073-bc1d-4071-ae3a-c8718a90f998', '4712c2d9-84ae-4654-b7dc-7c70c28a228e', 'Royal Wooden Nesting Tables (Rose Wood, Ebony Black)', 'COF-ROS-0129', 'TF000129', 4000, 6000, 25, 'active', NOW() - INTERVAL '85 days', NOW() - INTERVAL '85 days');
INSERT INTO products (id, store_id, category_id, name, sku, barcode, purchase_price, selling_price, stock_qty, status, created_at, updated_at) VALUES ('29849c42-d367-49a3-859d-5f65b92da389', '29f4e073-bc1d-4071-ae3a-c8718a90f998', '4712c2d9-84ae-4654-b7dc-7c70c28a228e', 'Premium Glass Top Coffee Table (Mahogany, Ivory White)', 'COF-MAH-0130', 'TF000130', 9000, 13500, 13, 'active', NOW() - INTERVAL '85 days', NOW() - INTERVAL '85 days');
INSERT INTO products (id, store_id, category_id, name, sku, barcode, purchase_price, selling_price, stock_qty, status, created_at, updated_at) VALUES ('433d3373-2243-42b9-9bcc-8015834c5439', '29f4e073-bc1d-4071-ae3a-c8718a90f998', '4712c2d9-84ae-4654-b7dc-7c70c28a228e', 'Classic Storage Trunk Coffee Table (Mahogany, Ocean Blue)', 'COF-MAH-0131', 'TF000131', 4500, 7000, 20, 'active', NOW() - INTERVAL '85 days', NOW() - INTERVAL '85 days');
INSERT INTO products (id, store_id, category_id, name, sku, barcode, purchase_price, selling_price, stock_qty, status, created_at, updated_at) VALUES ('d3bd37b5-7bce-4187-973c-bf99478a81d4', '29f4e073-bc1d-4071-ae3a-c8718a90f998', '4712c2d9-84ae-4654-b7dc-7c70c28a228e', 'Royal Round Accent Coffee Table (Teak Wood, Ivory White)', 'COF-TEA-0132', 'TF000132', 8500, 13500, 17, 'active', NOW() - INTERVAL '85 days', NOW() - INTERVAL '85 days');
INSERT INTO products (id, store_id, category_id, name, sku, barcode, purchase_price, selling_price, stock_qty, status, created_at, updated_at) VALUES ('19290989-3b5e-4b10-80e6-d38f738667d8', '29f4e073-bc1d-4071-ae3a-c8718a90f998', '4712c2d9-84ae-4654-b7dc-7c70c28a228e', 'Minimalist Wooden Nesting Tables (Rose Wood, Charcoal Grey)', 'COF-ROS-0133', 'TF000133', 9000, 14000, 2, 'active', NOW() - INTERVAL '85 days', NOW() - INTERVAL '85 days');
INSERT INTO products (id, store_id, category_id, name, sku, barcode, purchase_price, selling_price, stock_qty, status, created_at, updated_at) VALUES ('65816cb2-634c-42bb-912e-c302f7d948de', '29f4e073-bc1d-4071-ae3a-c8718a90f998', '4712c2d9-84ae-4654-b7dc-7c70c28a228e', 'Royal Glass Top Coffee Table (Engineered Wood, Charcoal Grey)', 'COF-ENG-0134', 'TF000134', 4500, 6500, 27, 'active', NOW() - INTERVAL '85 days', NOW() - INTERVAL '85 days');
INSERT INTO products (id, store_id, category_id, name, sku, barcode, purchase_price, selling_price, stock_qty, status, created_at, updated_at) VALUES ('9cac0f18-a728-4c46-a7b4-d68d4dcfc96d', '29f4e073-bc1d-4071-ae3a-c8718a90f998', '4712c2d9-84ae-4654-b7dc-7c70c28a228e', 'Minimalist Storage Trunk Coffee Table (Sheesham Wood, Warm Beige)', 'COF-SHE-0135', 'TF000135', 3000, 4500, 0, 'active', NOW() - INTERVAL '85 days', NOW() - INTERVAL '85 days');
INSERT INTO products (id, store_id, category_id, name, sku, barcode, purchase_price, selling_price, stock_qty, status, created_at, updated_at) VALUES ('54b6a8a9-4c1a-4c85-a9bc-10786fcb9b61', '29f4e073-bc1d-4071-ae3a-c8718a90f998', '4712c2d9-84ae-4654-b7dc-7c70c28a228e', 'Eco-sustain Round Accent Coffee Table (Rose Wood, Ocean Blue)', 'COF-ROS-0136', 'TF000136', 3500, 5000, 9, 'active', NOW() - INTERVAL '85 days', NOW() - INTERVAL '85 days');
INSERT INTO products (id, store_id, category_id, name, sku, barcode, purchase_price, selling_price, stock_qty, status, created_at, updated_at) VALUES ('f22b5c8c-e06e-4b9b-88ed-f46837e41e9a', '29f4e073-bc1d-4071-ae3a-c8718a90f998', '4712c2d9-84ae-4654-b7dc-7c70c28a228e', 'Eco-sustain Wooden Nesting Tables (Mahogany, Ebony Black)', 'COF-MAH-0137', 'TF000137', 12000, 20000, 28, 'active', NOW() - INTERVAL '85 days', NOW() - INTERVAL '85 days');
INSERT INTO products (id, store_id, category_id, name, sku, barcode, purchase_price, selling_price, stock_qty, status, created_at, updated_at) VALUES ('bfda9dd9-7fcc-4dd7-950e-32671de12197', '29f4e073-bc1d-4071-ae3a-c8718a90f998', '4712c2d9-84ae-4654-b7dc-7c70c28a228e', 'Eco-sustain Glass Top Coffee Table (Engineered Wood, Teak Finish)', 'COF-ENG-0138', 'TF000138', 11500, 17500, 19, 'active', NOW() - INTERVAL '85 days', NOW() - INTERVAL '85 days');
INSERT INTO products (id, store_id, category_id, name, sku, barcode, purchase_price, selling_price, stock_qty, status, created_at, updated_at) VALUES ('daa55337-8a17-46da-a3f2-5955d8fa5f76', '29f4e073-bc1d-4071-ae3a-c8718a90f998', '4712c2d9-84ae-4654-b7dc-7c70c28a228e', 'Classic Storage Trunk Coffee Table (Teak Wood, Ivory White)', 'COF-TEA-0139', 'TF000139', 13000, 21000, 8, 'active', NOW() - INTERVAL '85 days', NOW() - INTERVAL '85 days');
INSERT INTO products (id, store_id, category_id, name, sku, barcode, purchase_price, selling_price, stock_qty, status, created_at, updated_at) VALUES ('360a1a04-cc81-4bf9-9099-d74213e685fd', '29f4e073-bc1d-4071-ae3a-c8718a90f998', '4712c2d9-84ae-4654-b7dc-7c70c28a228e', 'Classic Round Accent Coffee Table (Teak Wood, Ocean Blue)', 'COF-TEA-0140', 'TF000140', 4500, 6500, 15, 'inactive', NOW() - INTERVAL '85 days', NOW() - INTERVAL '85 days');
INSERT INTO products (id, store_id, category_id, name, sku, barcode, purchase_price, selling_price, stock_qty, status, created_at, updated_at) VALUES ('2763336d-b6de-4bf1-9030-9592fced7f5f', '29f4e073-bc1d-4071-ae3a-c8718a90f998', 'b66c2610-0b78-4cb6-a441-24626ad79160', 'Classic 3-Door Wardrobe with Mirror (Rose Wood, Charcoal Grey)', 'WAR-ROS-0141', 'TF000141', 23000, 36000, 22, 'active', NOW() - INTERVAL '85 days', NOW() - INTERVAL '85 days');
INSERT INTO products (id, store_id, category_id, name, sku, barcode, purchase_price, selling_price, stock_qty, status, created_at, updated_at) VALUES ('9f572dd5-cbbe-4acf-b7c6-cd9904cfeaf4', '29f4e073-bc1d-4071-ae3a-c8718a90f998', 'b66c2610-0b78-4cb6-a441-24626ad79160', 'Luxurious 2-Door Sliding Wardrobe (Engineered Wood, Ebony Black)', 'WAR-ENG-0142', 'TF000142', 14500, 21500, 22, 'active', NOW() - INTERVAL '85 days', NOW() - INTERVAL '85 days');
INSERT INTO products (id, store_id, category_id, name, sku, barcode, purchase_price, selling_price, stock_qty, status, created_at, updated_at) VALUES ('9d4a4395-88b4-47c2-8523-e76b3b5587e8', '29f4e073-bc1d-4071-ae3a-c8718a90f998', 'b66c2610-0b78-4cb6-a441-24626ad79160', 'Royal Modular 4-Door Wardrobe (Oak Wood, Walnut Brown)', 'WAR-OAK-0143', 'TF000143', 73500, 118500, 26, 'active', NOW() - INTERVAL '85 days', NOW() - INTERVAL '85 days');
INSERT INTO products (id, store_id, category_id, name, sku, barcode, purchase_price, selling_price, stock_qty, status, created_at, updated_at) VALUES ('9953998f-b02f-48ea-b8d6-53da3fdeb0ab', '29f4e073-bc1d-4071-ae3a-c8718a90f998', 'b66c2610-0b78-4cb6-a441-24626ad79160', 'Eco-sustain Open Walk-in Closet Organizer (Sheesham Wood, Crimson Red)', 'WAR-SHE-0144', 'TF000144', 53000, 76000, 23, 'active', NOW() - INTERVAL '85 days', NOW() - INTERVAL '85 days');
INSERT INTO products (id, store_id, category_id, name, sku, barcode, purchase_price, selling_price, stock_qty, status, created_at, updated_at) VALUES ('cd1dfc63-1e9c-4d01-9a09-8eed915a6354', '29f4e073-bc1d-4071-ae3a-c8718a90f998', 'b66c2610-0b78-4cb6-a441-24626ad79160', 'Minimalist 3-Door Wardrobe with Mirror (Sheesham Wood, Ebony Black)', 'WAR-SHE-0145', 'TF000145', 13500, 19500, 13, 'active', NOW() - INTERVAL '85 days', NOW() - INTERVAL '85 days');
INSERT INTO products (id, store_id, category_id, name, sku, barcode, purchase_price, selling_price, stock_qty, status, created_at, updated_at) VALUES ('b7306676-928a-4580-9b0c-f74908ec3c83', '29f4e073-bc1d-4071-ae3a-c8718a90f998', 'b66c2610-0b78-4cb6-a441-24626ad79160', 'Heritage 2-Door Sliding Wardrobe (Rose Wood, Ocean Blue)', 'WAR-ROS-0146', 'TF000146', 22000, 32500, 8, 'active', NOW() - INTERVAL '85 days', NOW() - INTERVAL '85 days');
INSERT INTO products (id, store_id, category_id, name, sku, barcode, purchase_price, selling_price, stock_qty, status, created_at, updated_at) VALUES ('786e7a3f-ba93-4ac2-b981-00c03f0be352', '29f4e073-bc1d-4071-ae3a-c8718a90f998', 'b66c2610-0b78-4cb6-a441-24626ad79160', 'Luxurious Modular 4-Door Wardrobe (Sheesham Wood, Ebony Black)', 'WAR-SHE-0147', 'TF000147', 49500, 75000, 19, 'active', NOW() - INTERVAL '85 days', NOW() - INTERVAL '85 days');
INSERT INTO products (id, store_id, category_id, name, sku, barcode, purchase_price, selling_price, stock_qty, status, created_at, updated_at) VALUES ('3a5f9708-fb43-44c9-b68f-8bc8d123070d', '29f4e073-bc1d-4071-ae3a-c8718a90f998', 'b66c2610-0b78-4cb6-a441-24626ad79160', 'Minimalist Open Walk-in Closet Organizer (Rose Wood, Ebony Black)', 'WAR-ROS-0148', 'TF000148', 31500, 49000, 19, 'active', NOW() - INTERVAL '85 days', NOW() - INTERVAL '85 days');
INSERT INTO products (id, store_id, category_id, name, sku, barcode, purchase_price, selling_price, stock_qty, status, created_at, updated_at) VALUES ('de5a441f-fdb0-484e-939b-3294a89ddd1f', '29f4e073-bc1d-4071-ae3a-c8718a90f998', 'b66c2610-0b78-4cb6-a441-24626ad79160', 'Minimalist 3-Door Wardrobe with Mirror (Sheesham Wood, Ivory White)', 'WAR-SHE-0149', 'TF000149', 56000, 91500, 11, 'active', NOW() - INTERVAL '85 days', NOW() - INTERVAL '85 days');
INSERT INTO products (id, store_id, category_id, name, sku, barcode, purchase_price, selling_price, stock_qty, status, created_at, updated_at) VALUES ('466e196d-8bba-44fa-8cc1-3b2b5a487d8e', '29f4e073-bc1d-4071-ae3a-c8718a90f998', 'b66c2610-0b78-4cb6-a441-24626ad79160', 'Luxurious 2-Door Sliding Wardrobe (Oak Wood, Ebony Black)', 'WAR-OAK-0150', 'TF000150', 63500, 98000, 0, 'active', NOW() - INTERVAL '85 days', NOW() - INTERVAL '85 days');
INSERT INTO products (id, store_id, category_id, name, sku, barcode, purchase_price, selling_price, stock_qty, status, created_at, updated_at) VALUES ('7a07cc87-60d2-485a-8002-f09c437fe2d1', '29f4e073-bc1d-4071-ae3a-c8718a90f998', 'b66c2610-0b78-4cb6-a441-24626ad79160', 'Comfort Modular 4-Door Wardrobe (Mahogany, Ocean Blue)', 'WAR-MAH-0151', 'TF000151', 63000, 91500, 19, 'active', NOW() - INTERVAL '85 days', NOW() - INTERVAL '85 days');
INSERT INTO products (id, store_id, category_id, name, sku, barcode, purchase_price, selling_price, stock_qty, status, created_at, updated_at) VALUES ('d592303c-95ab-40b8-80dd-b41558eee2be', '29f4e073-bc1d-4071-ae3a-c8718a90f998', 'b66c2610-0b78-4cb6-a441-24626ad79160', 'Modern Open Walk-in Closet Organizer (Engineered Wood, Warm Beige)', 'WAR-ENG-0152', 'TF000152', 57000, 88500, 1, 'active', NOW() - INTERVAL '85 days', NOW() - INTERVAL '85 days');
INSERT INTO products (id, store_id, category_id, name, sku, barcode, purchase_price, selling_price, stock_qty, status, created_at, updated_at) VALUES ('a09469f6-5572-4ce5-a8d2-e75635388f2f', '29f4e073-bc1d-4071-ae3a-c8718a90f998', 'b66c2610-0b78-4cb6-a441-24626ad79160', 'Royal 3-Door Wardrobe with Mirror (Teak Wood, Ebony Black)', 'WAR-TEA-0153', 'TF000153', 74500, 108000, 8, 'active', NOW() - INTERVAL '85 days', NOW() - INTERVAL '85 days');
INSERT INTO products (id, store_id, category_id, name, sku, barcode, purchase_price, selling_price, stock_qty, status, created_at, updated_at) VALUES ('ae31918e-2957-4d40-b94d-78f04b09337d', '29f4e073-bc1d-4071-ae3a-c8718a90f998', 'b66c2610-0b78-4cb6-a441-24626ad79160', 'Luxurious 2-Door Sliding Wardrobe (Oak Wood, Ocean Blue)', 'WAR-OAK-0154', 'TF000154', 73000, 120000, 8, 'active', NOW() - INTERVAL '85 days', NOW() - INTERVAL '85 days');
INSERT INTO products (id, store_id, category_id, name, sku, barcode, purchase_price, selling_price, stock_qty, status, created_at, updated_at) VALUES ('a60d2932-4d27-42fc-950c-b010bfc97fd9', '29f4e073-bc1d-4071-ae3a-c8718a90f998', 'b66c2610-0b78-4cb6-a441-24626ad79160', 'Imperial Modular 4-Door Wardrobe (Teak Wood, Ocean Blue)', 'WAR-TEA-0155', 'TF000155', 57000, 86500, 19, 'active', NOW() - INTERVAL '85 days', NOW() - INTERVAL '85 days');
INSERT INTO products (id, store_id, category_id, name, sku, barcode, purchase_price, selling_price, stock_qty, status, created_at, updated_at) VALUES ('0ad179c7-5166-4d4b-b22b-847e0b2384ac', '29f4e073-bc1d-4071-ae3a-c8718a90f998', 'b66c2610-0b78-4cb6-a441-24626ad79160', 'Premium Open Walk-in Closet Organizer (Teak Wood, Ocean Blue)', 'WAR-TEA-0156', 'TF000156', 73000, 106000, 21, 'active', NOW() - INTERVAL '85 days', NOW() - INTERVAL '85 days');
INSERT INTO products (id, store_id, category_id, name, sku, barcode, purchase_price, selling_price, stock_qty, status, created_at, updated_at) VALUES ('673864fc-96aa-4ee5-be46-eaeecd987a1f', '29f4e073-bc1d-4071-ae3a-c8718a90f998', 'b66c2610-0b78-4cb6-a441-24626ad79160', 'Classic 3-Door Wardrobe with Mirror (Mahogany, Charcoal Grey)', 'WAR-MAH-0157', 'TF000157', 30500, 48000, 6, 'active', NOW() - INTERVAL '85 days', NOW() - INTERVAL '85 days');
INSERT INTO products (id, store_id, category_id, name, sku, barcode, purchase_price, selling_price, stock_qty, status, created_at, updated_at) VALUES ('e4513259-363d-4f87-a80b-f9895dc0963f', '29f4e073-bc1d-4071-ae3a-c8718a90f998', 'b66c2610-0b78-4cb6-a441-24626ad79160', 'Comfort 2-Door Sliding Wardrobe (Oak Wood, Ivory White)', 'WAR-OAK-0158', 'TF000158', 71000, 115500, 27, 'active', NOW() - INTERVAL '85 days', NOW() - INTERVAL '85 days');
INSERT INTO products (id, store_id, category_id, name, sku, barcode, purchase_price, selling_price, stock_qty, status, created_at, updated_at) VALUES ('f613219f-aec2-49d3-aecb-7acbe9492489', '29f4e073-bc1d-4071-ae3a-c8718a90f998', 'b66c2610-0b78-4cb6-a441-24626ad79160', 'Royal Modular 4-Door Wardrobe (Teak Wood, Warm Beige)', 'WAR-TEA-0159', 'TF000159', 20500, 33500, 6, 'active', NOW() - INTERVAL '85 days', NOW() - INTERVAL '85 days');
INSERT INTO products (id, store_id, category_id, name, sku, barcode, purchase_price, selling_price, stock_qty, status, created_at, updated_at) VALUES ('102b3b42-75e5-49da-909c-99d3b3d12961', '29f4e073-bc1d-4071-ae3a-c8718a90f998', 'b66c2610-0b78-4cb6-a441-24626ad79160', 'Modern Open Walk-in Closet Organizer (Engineered Wood, Crimson Red)', 'WAR-ENG-0160', 'TF000160', 58000, 86500, 18, 'active', NOW() - INTERVAL '85 days', NOW() - INTERVAL '85 days');
INSERT INTO products (id, store_id, category_id, name, sku, barcode, purchase_price, selling_price, stock_qty, status, created_at, updated_at) VALUES ('249a0f8e-bb21-425f-bb7c-f8c77f73e7f5', '29f4e073-bc1d-4071-ae3a-c8718a90f998', '340d0b1a-aeb4-4428-be4f-3e2636ccdbc3', 'Comfort Compact Student Desk (Oak Wood, Charcoal Grey)', 'STU-OAK-0161', 'TF000161', 6000, 9000, 7, 'active', NOW() - INTERVAL '85 days', NOW() - INTERVAL '85 days');
INSERT INTO products (id, store_id, category_id, name, sku, barcode, purchase_price, selling_price, stock_qty, status, created_at, updated_at) VALUES ('54c2d486-d32f-4ed5-a2ae-4221cc64d58e', '29f4e073-bc1d-4071-ae3a-c8718a90f998', '340d0b1a-aeb4-4428-be4f-3e2636ccdbc3', 'Heritage Executive Study Desk with Drawers (Oak Wood, Ebony Black)', 'STU-OAK-0162', 'TF000162', 9500, 14000, 26, 'active', NOW() - INTERVAL '85 days', NOW() - INTERVAL '85 days');
INSERT INTO products (id, store_id, category_id, name, sku, barcode, purchase_price, selling_price, stock_qty, status, created_at, updated_at) VALUES ('886b9486-1403-4699-8c8b-1a0fa25ddedf', '29f4e073-bc1d-4071-ae3a-c8718a90f998', '340d0b1a-aeb4-4428-be4f-3e2636ccdbc3', 'Royal Wall Folding Laptop Desk (Sheesham Wood, Teak Finish)', 'STU-SHE-0163', 'TF000163', 15000, 24000, 18, 'active', NOW() - INTERVAL '85 days', NOW() - INTERVAL '85 days');
INSERT INTO products (id, store_id, category_id, name, sku, barcode, purchase_price, selling_price, stock_qty, status, created_at, updated_at) VALUES ('853d0482-2bba-4db5-bedd-febbf9e73e73', '29f4e073-bc1d-4071-ae3a-c8718a90f998', '340d0b1a-aeb4-4428-be4f-3e2636ccdbc3', 'Minimalist Solid Wood Computer Desk (Engineered Wood, Ebony Black)', 'STU-ENG-0164', 'TF000164', 12000, 17500, 13, 'active', NOW() - INTERVAL '85 days', NOW() - INTERVAL '85 days');
INSERT INTO products (id, store_id, category_id, name, sku, barcode, purchase_price, selling_price, stock_qty, status, created_at, updated_at) VALUES ('7aac02d1-8e50-4be0-827f-61dfc0e26ab1', '29f4e073-bc1d-4071-ae3a-c8718a90f998', '340d0b1a-aeb4-4428-be4f-3e2636ccdbc3', 'Imperial Compact Student Desk (Sheesham Wood, Ebony Black)', 'STU-SHE-0165', 'TF000165', 9000, 14000, 0, 'active', NOW() - INTERVAL '85 days', NOW() - INTERVAL '85 days');
INSERT INTO products (id, store_id, category_id, name, sku, barcode, purchase_price, selling_price, stock_qty, status, created_at, updated_at) VALUES ('2c84a2a1-1b4f-4366-8e11-43df5f4b9044', '29f4e073-bc1d-4071-ae3a-c8718a90f998', '340d0b1a-aeb4-4428-be4f-3e2636ccdbc3', 'Eco-sustain Executive Study Desk with Drawers (Engineered Wood, Charcoal Grey)', 'STU-ENG-0166', 'TF000166', 12500, 18000, 15, 'active', NOW() - INTERVAL '85 days', NOW() - INTERVAL '85 days');
INSERT INTO products (id, store_id, category_id, name, sku, barcode, purchase_price, selling_price, stock_qty, status, created_at, updated_at) VALUES ('0793a00d-be8e-4b20-8c5a-53abf1fc26c5', '29f4e073-bc1d-4071-ae3a-c8718a90f998', '340d0b1a-aeb4-4428-be4f-3e2636ccdbc3', 'Classic Wall Folding Laptop Desk (Mahogany, Warm Beige)', 'STU-MAH-0167', 'TF000167', 14500, 22500, 10, 'active', NOW() - INTERVAL '85 days', NOW() - INTERVAL '85 days');
INSERT INTO products (id, store_id, category_id, name, sku, barcode, purchase_price, selling_price, stock_qty, status, created_at, updated_at) VALUES ('db934a58-986a-4cf0-9883-fdff9c444d3a', '29f4e073-bc1d-4071-ae3a-c8718a90f998', '340d0b1a-aeb4-4428-be4f-3e2636ccdbc3', 'Luxurious Solid Wood Computer Desk (Oak Wood, Ocean Blue)', 'STU-OAK-0168', 'TF000168', 4000, 6500, 9, 'active', NOW() - INTERVAL '85 days', NOW() - INTERVAL '85 days');
INSERT INTO products (id, store_id, category_id, name, sku, barcode, purchase_price, selling_price, stock_qty, status, created_at, updated_at) VALUES ('7ba1bbf5-147c-4942-bd03-6d07e55db083', '29f4e073-bc1d-4071-ae3a-c8718a90f998', '340d0b1a-aeb4-4428-be4f-3e2636ccdbc3', 'Eco-sustain Compact Student Desk (Mahogany, Ebony Black)', 'STU-MAH-0169', 'TF000169', 11500, 16500, 8, 'active', NOW() - INTERVAL '85 days', NOW() - INTERVAL '85 days');
INSERT INTO products (id, store_id, category_id, name, sku, barcode, purchase_price, selling_price, stock_qty, status, created_at, updated_at) VALUES ('6828ebac-2584-4fd1-9df2-427683a18f37', '29f4e073-bc1d-4071-ae3a-c8718a90f998', '340d0b1a-aeb4-4428-be4f-3e2636ccdbc3', 'Royal Executive Study Desk with Drawers (Sheesham Wood, Ivory White)', 'STU-SHE-0170', 'TF000170', 17500, 25000, 21, 'active', NOW() - INTERVAL '85 days', NOW() - INTERVAL '85 days');
INSERT INTO products (id, store_id, category_id, name, sku, barcode, purchase_price, selling_price, stock_qty, status, created_at, updated_at) VALUES ('ee3f6ca5-ea75-42c7-a407-99a640891b85', '29f4e073-bc1d-4071-ae3a-c8718a90f998', '340d0b1a-aeb4-4428-be4f-3e2636ccdbc3', 'Heritage Wall Folding Laptop Desk (Teak Wood, Ocean Blue)', 'STU-TEA-0171', 'TF000171', 10500, 17000, 2, 'active', NOW() - INTERVAL '85 days', NOW() - INTERVAL '85 days');
INSERT INTO products (id, store_id, category_id, name, sku, barcode, purchase_price, selling_price, stock_qty, status, created_at, updated_at) VALUES ('c7f13d7f-df13-43de-aeba-718f47ec79fa', '29f4e073-bc1d-4071-ae3a-c8718a90f998', '340d0b1a-aeb4-4428-be4f-3e2636ccdbc3', 'Classic Solid Wood Computer Desk (Engineered Wood, Walnut Brown)', 'STU-ENG-0172', 'TF000172', 4500, 6500, 21, 'active', NOW() - INTERVAL '85 days', NOW() - INTERVAL '85 days');
INSERT INTO products (id, store_id, category_id, name, sku, barcode, purchase_price, selling_price, stock_qty, status, created_at, updated_at) VALUES ('82345ae0-f851-4577-8a2f-ac1e48a15cbc', '29f4e073-bc1d-4071-ae3a-c8718a90f998', '340d0b1a-aeb4-4428-be4f-3e2636ccdbc3', 'Royal Compact Student Desk (Mahogany, Ocean Blue)', 'STU-MAH-0173', 'TF000173', 10500, 17500, 26, 'active', NOW() - INTERVAL '85 days', NOW() - INTERVAL '85 days');
INSERT INTO products (id, store_id, category_id, name, sku, barcode, purchase_price, selling_price, stock_qty, status, created_at, updated_at) VALUES ('dc4ff223-2415-466f-a521-baeb9025d167', '29f4e073-bc1d-4071-ae3a-c8718a90f998', '340d0b1a-aeb4-4428-be4f-3e2636ccdbc3', 'Comfort Executive Study Desk with Drawers (Rose Wood, Warm Beige)', 'STU-ROS-0174', 'TF000174', 7000, 10500, 22, 'active', NOW() - INTERVAL '85 days', NOW() - INTERVAL '85 days');
INSERT INTO products (id, store_id, category_id, name, sku, barcode, purchase_price, selling_price, stock_qty, status, created_at, updated_at) VALUES ('5a1c7880-0492-4124-bbed-efab59c864e7', '29f4e073-bc1d-4071-ae3a-c8718a90f998', '340d0b1a-aeb4-4428-be4f-3e2636ccdbc3', 'Comfort Wall Folding Laptop Desk (Engineered Wood, Ocean Blue)', 'STU-ENG-0175', 'TF000175', 7000, 11000, 12, 'inactive', NOW() - INTERVAL '85 days', NOW() - INTERVAL '85 days');
INSERT INTO products (id, store_id, category_id, name, sku, barcode, purchase_price, selling_price, stock_qty, status, created_at, updated_at) VALUES ('cd429820-3fc2-45f2-b8f6-41fb496abdae', '29f4e073-bc1d-4071-ae3a-c8718a90f998', '340d0b1a-aeb4-4428-be4f-3e2636ccdbc3', 'Comfort Solid Wood Computer Desk (Engineered Wood, Crimson Red)', 'STU-ENG-0176', 'TF000176', 3500, 6000, 5, 'active', NOW() - INTERVAL '85 days', NOW() - INTERVAL '85 days');
INSERT INTO products (id, store_id, category_id, name, sku, barcode, purchase_price, selling_price, stock_qty, status, created_at, updated_at) VALUES ('8d07e729-4a68-4596-baa0-70c120e00461', '29f4e073-bc1d-4071-ae3a-c8718a90f998', '340d0b1a-aeb4-4428-be4f-3e2636ccdbc3', 'Royal Compact Student Desk (Sheesham Wood, Teak Finish)', 'STU-SHE-0177', 'TF000177', 15000, 22000, 16, 'active', NOW() - INTERVAL '85 days', NOW() - INTERVAL '85 days');
INSERT INTO products (id, store_id, category_id, name, sku, barcode, purchase_price, selling_price, stock_qty, status, created_at, updated_at) VALUES ('4a044722-9ba3-4f4f-a335-8aeac80f46d2', '29f4e073-bc1d-4071-ae3a-c8718a90f998', '340d0b1a-aeb4-4428-be4f-3e2636ccdbc3', 'Minimalist Executive Study Desk with Drawers (Teak Wood, Crimson Red)', 'STU-TEA-0178', 'TF000178', 18000, 27500, 27, 'active', NOW() - INTERVAL '85 days', NOW() - INTERVAL '85 days');
INSERT INTO products (id, store_id, category_id, name, sku, barcode, purchase_price, selling_price, stock_qty, status, created_at, updated_at) VALUES ('4bb32b27-e36f-4ad8-b9db-a4d600af3699', '29f4e073-bc1d-4071-ae3a-c8718a90f998', '340d0b1a-aeb4-4428-be4f-3e2636ccdbc3', 'Eco-sustain Wall Folding Laptop Desk (Engineered Wood, Warm Beige)', 'STU-ENG-0179', 'TF000179', 8500, 14000, 12, 'active', NOW() - INTERVAL '85 days', NOW() - INTERVAL '85 days');
INSERT INTO products (id, store_id, category_id, name, sku, barcode, purchase_price, selling_price, stock_qty, status, created_at, updated_at) VALUES ('b6dab7c1-bf96-42bc-9974-72cc6dbd9c89', '29f4e073-bc1d-4071-ae3a-c8718a90f998', '340d0b1a-aeb4-4428-be4f-3e2636ccdbc3', 'Imperial Solid Wood Computer Desk (Mahogany, Walnut Brown)', 'STU-MAH-0180', 'TF000180', 11000, 17500, 0, 'active', NOW() - INTERVAL '85 days', NOW() - INTERVAL '85 days');
INSERT INTO products (id, store_id, category_id, name, sku, barcode, purchase_price, selling_price, stock_qty, status, created_at, updated_at) VALUES ('1c7e1a57-845e-47a1-8c12-ba41436fcc6f', '29f4e073-bc1d-4071-ae3a-c8718a90f998', '9ce3e5a4-1a96-45b5-afa9-eeb1f924f32f', 'Eco-sustain Orthopedic Memory Foam Mattress (Sheesham Wood, Charcoal Grey)', 'MAT-SHE-0181', 'TF000181', 40000, 57500, 5, 'active', NOW() - INTERVAL '85 days', NOW() - INTERVAL '85 days');
INSERT INTO products (id, store_id, category_id, name, sku, barcode, purchase_price, selling_price, stock_qty, status, created_at, updated_at) VALUES ('e5e8c18e-63a3-4746-bd07-08c73514992a', '29f4e073-bc1d-4071-ae3a-c8718a90f998', '9ce3e5a4-1a96-45b5-afa9-eeb1f924f32f', 'Comfort Pocket Spring Premium Mattress (Teak Wood, Ivory White)', 'MAT-TEA-0182', 'TF000182', 34000, 55000, 25, 'active', NOW() - INTERVAL '85 days', NOW() - INTERVAL '85 days');
INSERT INTO products (id, store_id, category_id, name, sku, barcode, purchase_price, selling_price, stock_qty, status, created_at, updated_at) VALUES ('8c52fb9b-dbb9-4364-9287-992138d747d6', '29f4e073-bc1d-4071-ae3a-c8718a90f998', '9ce3e5a4-1a96-45b5-afa9-eeb1f924f32f', 'Imperial Dual Comfort Latex Mattress (Sheesham Wood, Crimson Red)', 'MAT-SHE-0183', 'TF000183', 14500, 21500, 29, 'active', NOW() - INTERVAL '85 days', NOW() - INTERVAL '85 days');
INSERT INTO products (id, store_id, category_id, name, sku, barcode, purchase_price, selling_price, stock_qty, status, created_at, updated_at) VALUES ('d1bfa1d2-939f-437f-a810-2b16376ba4a8', '29f4e073-bc1d-4071-ae3a-c8718a90f998', '9ce3e5a4-1a96-45b5-afa9-eeb1f924f32f', 'Luxurious Orthopedic Memory Foam Mattress (Teak Wood, Teak Finish)', 'MAT-TEA-0184', 'TF000184', 15500, 24000, 9, 'active', NOW() - INTERVAL '85 days', NOW() - INTERVAL '85 days');
INSERT INTO products (id, store_id, category_id, name, sku, barcode, purchase_price, selling_price, stock_qty, status, created_at, updated_at) VALUES ('27169ec6-331f-40e9-9bdf-64b723992789', '29f4e073-bc1d-4071-ae3a-c8718a90f998', '9ce3e5a4-1a96-45b5-afa9-eeb1f924f32f', 'Minimalist Pocket Spring Premium Mattress (Engineered Wood, Crimson Red)', 'MAT-ENG-0185', 'TF000185', 31500, 46000, 25, 'active', NOW() - INTERVAL '85 days', NOW() - INTERVAL '85 days');
INSERT INTO products (id, store_id, category_id, name, sku, barcode, purchase_price, selling_price, stock_qty, status, created_at, updated_at) VALUES ('7d33530d-ad06-4337-b8c8-cb33996a0d3f', '29f4e073-bc1d-4071-ae3a-c8718a90f998', '9ce3e5a4-1a96-45b5-afa9-eeb1f924f32f', 'Royal Dual Comfort Latex Mattress (Mahogany, Teak Finish)', 'MAT-MAH-0186', 'TF000186', 8000, 12000, 12, 'active', NOW() - INTERVAL '85 days', NOW() - INTERVAL '85 days');
INSERT INTO products (id, store_id, category_id, name, sku, barcode, purchase_price, selling_price, stock_qty, status, created_at, updated_at) VALUES ('48c1d0bb-e99d-476f-a202-e963a97af61d', '29f4e073-bc1d-4071-ae3a-c8718a90f998', '9ce3e5a4-1a96-45b5-afa9-eeb1f924f32f', 'Imperial Orthopedic Memory Foam Mattress (Mahogany, Teak Finish)', 'MAT-MAH-0187', 'TF000187', 36000, 56500, 18, 'active', NOW() - INTERVAL '85 days', NOW() - INTERVAL '85 days');
INSERT INTO products (id, store_id, category_id, name, sku, barcode, purchase_price, selling_price, stock_qty, status, created_at, updated_at) VALUES ('2a70887d-c393-4b67-b917-9dbce13f8239', '29f4e073-bc1d-4071-ae3a-c8718a90f998', '9ce3e5a4-1a96-45b5-afa9-eeb1f924f32f', 'Imperial Pocket Spring Premium Mattress (Engineered Wood, Warm Beige)', 'MAT-ENG-0188', 'TF000188', 28500, 47000, 24, 'active', NOW() - INTERVAL '85 days', NOW() - INTERVAL '85 days');
INSERT INTO products (id, store_id, category_id, name, sku, barcode, purchase_price, selling_price, stock_qty, status, created_at, updated_at) VALUES ('e345bac0-7cc8-4cc3-9e52-a741a6cf2b12', '29f4e073-bc1d-4071-ae3a-c8718a90f998', '9ce3e5a4-1a96-45b5-afa9-eeb1f924f32f', 'Luxurious Dual Comfort Latex Mattress (Rose Wood, Crimson Red)', 'MAT-ROS-0189', 'TF000189', 18500, 28000, 16, 'active', NOW() - INTERVAL '85 days', NOW() - INTERVAL '85 days');
INSERT INTO products (id, store_id, category_id, name, sku, barcode, purchase_price, selling_price, stock_qty, status, created_at, updated_at) VALUES ('c7b46c58-d8ab-4bb0-a759-8652c20a988c', '29f4e073-bc1d-4071-ae3a-c8718a90f998', '9ce3e5a4-1a96-45b5-afa9-eeb1f924f32f', 'Classic Orthopedic Memory Foam Mattress (Oak Wood, Teak Finish)', 'MAT-OAK-0190', 'TF000190', 27000, 44500, 1, 'active', NOW() - INTERVAL '85 days', NOW() - INTERVAL '85 days');
INSERT INTO products (id, store_id, category_id, name, sku, barcode, purchase_price, selling_price, stock_qty, status, created_at, updated_at) VALUES ('1a0955b9-fd9c-4c64-b0f8-57b92b6ea77d', '29f4e073-bc1d-4071-ae3a-c8718a90f998', '9ce3e5a4-1a96-45b5-afa9-eeb1f924f32f', 'Classic Pocket Spring Premium Mattress (Mahogany, Ebony Black)', 'MAT-MAH-0191', 'TF000191', 7000, 10000, 6, 'active', NOW() - INTERVAL '85 days', NOW() - INTERVAL '85 days');
INSERT INTO products (id, store_id, category_id, name, sku, barcode, purchase_price, selling_price, stock_qty, status, created_at, updated_at) VALUES ('a8d7e84a-9b4d-45d3-8f86-ac13caf001b1', '29f4e073-bc1d-4071-ae3a-c8718a90f998', '9ce3e5a4-1a96-45b5-afa9-eeb1f924f32f', 'Comfort Dual Comfort Latex Mattress (Teak Wood, Ebony Black)', 'MAT-TEA-0192', 'TF000192', 15500, 25500, 24, 'active', NOW() - INTERVAL '85 days', NOW() - INTERVAL '85 days');
INSERT INTO products (id, store_id, category_id, name, sku, barcode, purchase_price, selling_price, stock_qty, status, created_at, updated_at) VALUES ('cd5bc776-f8af-47f6-9ac6-26fd88822683', '29f4e073-bc1d-4071-ae3a-c8718a90f998', '9ce3e5a4-1a96-45b5-afa9-eeb1f924f32f', 'Modern Orthopedic Memory Foam Mattress (Engineered Wood, Charcoal Grey)', 'MAT-ENG-0193', 'TF000193', 24500, 39000, 18, 'active', NOW() - INTERVAL '85 days', NOW() - INTERVAL '85 days');
INSERT INTO products (id, store_id, category_id, name, sku, barcode, purchase_price, selling_price, stock_qty, status, created_at, updated_at) VALUES ('86a14d36-7b5e-4b2e-9a9a-257ac8b520d7', '29f4e073-bc1d-4071-ae3a-c8718a90f998', '9ce3e5a4-1a96-45b5-afa9-eeb1f924f32f', 'Classic Pocket Spring Premium Mattress (Sheesham Wood, Crimson Red)', 'MAT-SHE-0194', 'TF000194', 14500, 23500, 28, 'active', NOW() - INTERVAL '85 days', NOW() - INTERVAL '85 days');
INSERT INTO products (id, store_id, category_id, name, sku, barcode, purchase_price, selling_price, stock_qty, status, created_at, updated_at) VALUES ('ca7f69c3-2090-4f81-b600-c5c1d58e0d87', '29f4e073-bc1d-4071-ae3a-c8718a90f998', '9ce3e5a4-1a96-45b5-afa9-eeb1f924f32f', 'Comfort Dual Comfort Latex Mattress (Rose Wood, Teak Finish)', 'MAT-ROS-0195', 'TF000195', 6000, 9000, 0, 'active', NOW() - INTERVAL '85 days', NOW() - INTERVAL '85 days');
INSERT INTO products (id, store_id, category_id, name, sku, barcode, purchase_price, selling_price, stock_qty, status, created_at, updated_at) VALUES ('231d179c-8e18-49da-ba42-7fcae08f7a7e', '29f4e073-bc1d-4071-ae3a-c8718a90f998', '9ce3e5a4-1a96-45b5-afa9-eeb1f924f32f', 'Premium Orthopedic Memory Foam Mattress (Rose Wood, Ivory White)', 'MAT-ROS-0196', 'TF000196', 17000, 26500, 10, 'active', NOW() - INTERVAL '85 days', NOW() - INTERVAL '85 days');
INSERT INTO products (id, store_id, category_id, name, sku, barcode, purchase_price, selling_price, stock_qty, status, created_at, updated_at) VALUES ('db9ba286-92a8-4ace-b5cb-263e80c36301', '29f4e073-bc1d-4071-ae3a-c8718a90f998', '9ce3e5a4-1a96-45b5-afa9-eeb1f924f32f', 'Royal Pocket Spring Premium Mattress (Oak Wood, Ebony Black)', 'MAT-OAK-0197', 'TF000197', 25500, 38000, 9, 'active', NOW() - INTERVAL '85 days', NOW() - INTERVAL '85 days');
INSERT INTO products (id, store_id, category_id, name, sku, barcode, purchase_price, selling_price, stock_qty, status, created_at, updated_at) VALUES ('4ae17f3f-dacf-4f0b-9eeb-fc0d3835fe91', '29f4e073-bc1d-4071-ae3a-c8718a90f998', '9ce3e5a4-1a96-45b5-afa9-eeb1f924f32f', 'Modern Dual Comfort Latex Mattress (Mahogany, Walnut Brown)', 'MAT-MAH-0198', 'TF000198', 13000, 21000, 14, 'active', NOW() - INTERVAL '85 days', NOW() - INTERVAL '85 days');
INSERT INTO products (id, store_id, category_id, name, sku, barcode, purchase_price, selling_price, stock_qty, status, created_at, updated_at) VALUES ('ea2b40ba-51ff-425a-ad4e-28a38cc61dc0', '29f4e073-bc1d-4071-ae3a-c8718a90f998', '9ce3e5a4-1a96-45b5-afa9-eeb1f924f32f', 'Minimalist Orthopedic Memory Foam Mattress (Sheesham Wood, Ivory White)', 'MAT-SHE-0199', 'TF000199', 39000, 63000, 6, 'active', NOW() - INTERVAL '85 days', NOW() - INTERVAL '85 days');
INSERT INTO products (id, store_id, category_id, name, sku, barcode, purchase_price, selling_price, stock_qty, status, created_at, updated_at) VALUES ('b55e330c-b9f7-41d6-81cd-40b8253c85ec', '29f4e073-bc1d-4071-ae3a-c8718a90f998', '9ce3e5a4-1a96-45b5-afa9-eeb1f924f32f', 'Luxurious Pocket Spring Premium Mattress (Rose Wood, Charcoal Grey)', 'MAT-ROS-0200', 'TF000200', 7500, 12000, 10, 'active', NOW() - INTERVAL '85 days', NOW() - INTERVAL '85 days');
INSERT INTO products (id, store_id, category_id, name, sku, barcode, purchase_price, selling_price, stock_qty, status, created_at, updated_at) VALUES ('1e71e498-01c3-445e-a088-319fd6602ec8', '29f4e073-bc1d-4071-ae3a-c8718a90f998', '19fc7a0e-ae56-4e98-b104-f680d6b68647', 'Minimalist Dressing Table with LED Mirror (Sheesham Wood, Ebony Black)', 'DRE-SHE-0201', 'TF000201', 13500, 22500, 8, 'active', NOW() - INTERVAL '85 days', NOW() - INTERVAL '85 days');
INSERT INTO products (id, store_id, category_id, name, sku, barcode, purchase_price, selling_price, stock_qty, status, created_at, updated_at) VALUES ('7ebe0fab-8fbb-4849-a3a4-bc98d3be315b', '29f4e073-bc1d-4071-ae3a-c8718a90f998', '19fc7a0e-ae56-4e98-b104-f680d6b68647', 'Royal Compact Dresser Cabinet (Teak Wood, Teak Finish)', 'DRE-TEA-0202', 'TF000202', 16000, 23000, 12, 'active', NOW() - INTERVAL '85 days', NOW() - INTERVAL '85 days');
INSERT INTO products (id, store_id, category_id, name, sku, barcode, purchase_price, selling_price, stock_qty, status, created_at, updated_at) VALUES ('2305ee30-451d-47a1-9df9-d45de9e0d40e', '29f4e073-bc1d-4071-ae3a-c8718a90f998', '19fc7a0e-ae56-4e98-b104-f680d6b68647', 'Classic 6-Drawer Wide Dresser chest (Mahogany, Ebony Black)', 'DRE-MAH-0203', 'TF000203', 19000, 27500, 20, 'active', NOW() - INTERVAL '85 days', NOW() - INTERVAL '85 days');
INSERT INTO products (id, store_id, category_id, name, sku, barcode, purchase_price, selling_price, stock_qty, status, created_at, updated_at) VALUES ('db89899f-757e-4b53-be2c-35e7e16cbde0', '29f4e073-bc1d-4071-ae3a-c8718a90f998', '19fc7a0e-ae56-4e98-b104-f680d6b68647', 'Comfort Dressing Table with LED Mirror (Engineered Wood, Ivory White)', 'DRE-ENG-0204', 'TF000204', 19500, 29500, 21, 'active', NOW() - INTERVAL '85 days', NOW() - INTERVAL '85 days');
INSERT INTO products (id, store_id, category_id, name, sku, barcode, purchase_price, selling_price, stock_qty, status, created_at, updated_at) VALUES ('8bccf5ee-498a-43f4-b17b-4ce046652fd3', '29f4e073-bc1d-4071-ae3a-c8718a90f998', '19fc7a0e-ae56-4e98-b104-f680d6b68647', 'Luxurious Compact Dresser Cabinet (Oak Wood, Ocean Blue)', 'DRE-OAK-0205', 'TF000205', 10500, 17500, 18, 'active', NOW() - INTERVAL '85 days', NOW() - INTERVAL '85 days');
INSERT INTO products (id, store_id, category_id, name, sku, barcode, purchase_price, selling_price, stock_qty, status, created_at, updated_at) VALUES ('6ff68994-076a-4f93-bba9-909e6d60a495', '29f4e073-bc1d-4071-ae3a-c8718a90f998', '19fc7a0e-ae56-4e98-b104-f680d6b68647', 'Royal 6-Drawer Wide Dresser chest (Rose Wood, Crimson Red)', 'DRE-ROS-0206', 'TF000206', 22500, 35000, 18, 'active', NOW() - INTERVAL '85 days', NOW() - INTERVAL '85 days');
INSERT INTO products (id, store_id, category_id, name, sku, barcode, purchase_price, selling_price, stock_qty, status, created_at, updated_at) VALUES ('28fb694f-362c-463c-8587-9840d1a51fd7', '29f4e073-bc1d-4071-ae3a-c8718a90f998', '19fc7a0e-ae56-4e98-b104-f680d6b68647', 'Heritage Dressing Table with LED Mirror (Oak Wood, Crimson Red)', 'DRE-OAK-0207', 'TF000207', 9000, 14500, 14, 'active', NOW() - INTERVAL '85 days', NOW() - INTERVAL '85 days');
INSERT INTO products (id, store_id, category_id, name, sku, barcode, purchase_price, selling_price, stock_qty, status, created_at, updated_at) VALUES ('565ae41d-77f4-4e7b-9327-33d684cb45de', '29f4e073-bc1d-4071-ae3a-c8718a90f998', '19fc7a0e-ae56-4e98-b104-f680d6b68647', 'Imperial Compact Dresser Cabinet (Teak Wood, Teak Finish)', 'DRE-TEA-0208', 'TF000208', 7500, 10500, 25, 'active', NOW() - INTERVAL '85 days', NOW() - INTERVAL '85 days');
INSERT INTO products (id, store_id, category_id, name, sku, barcode, purchase_price, selling_price, stock_qty, status, created_at, updated_at) VALUES ('0ad575b6-f822-4798-bc2e-7508555b0061', '29f4e073-bc1d-4071-ae3a-c8718a90f998', '19fc7a0e-ae56-4e98-b104-f680d6b68647', 'Premium 6-Drawer Wide Dresser chest (Rose Wood, Walnut Brown)', 'DRE-ROS-0209', 'TF000209', 12500, 18500, 1, 'active', NOW() - INTERVAL '85 days', NOW() - INTERVAL '85 days');
INSERT INTO products (id, store_id, category_id, name, sku, barcode, purchase_price, selling_price, stock_qty, status, created_at, updated_at) VALUES ('9825f632-103b-4099-bc2a-ac6abc48f3e4', '29f4e073-bc1d-4071-ae3a-c8718a90f998', '19fc7a0e-ae56-4e98-b104-f680d6b68647', 'Premium Dressing Table with LED Mirror (Mahogany, Walnut Brown)', 'DRE-MAH-0210', 'TF000210', 21000, 34500, 0, 'inactive', NOW() - INTERVAL '85 days', NOW() - INTERVAL '85 days');
INSERT INTO products (id, store_id, category_id, name, sku, barcode, purchase_price, selling_price, stock_qty, status, created_at, updated_at) VALUES ('0f5c5087-0b28-4e8e-a90a-3ba6054e1159', '29f4e073-bc1d-4071-ae3a-c8718a90f998', '19fc7a0e-ae56-4e98-b104-f680d6b68647', 'Luxurious Compact Dresser Cabinet (Oak Wood, Warm Beige)', 'DRE-OAK-0211', 'TF000211', 25000, 36500, 22, 'active', NOW() - INTERVAL '85 days', NOW() - INTERVAL '85 days');
INSERT INTO products (id, store_id, category_id, name, sku, barcode, purchase_price, selling_price, stock_qty, status, created_at, updated_at) VALUES ('c6c9baff-b6c0-4b26-840b-5ebd9022835d', '29f4e073-bc1d-4071-ae3a-c8718a90f998', '19fc7a0e-ae56-4e98-b104-f680d6b68647', 'Royal 6-Drawer Wide Dresser chest (Mahogany, Charcoal Grey)', 'DRE-MAH-0212', 'TF000212', 7000, 10500, 11, 'active', NOW() - INTERVAL '85 days', NOW() - INTERVAL '85 days');
INSERT INTO products (id, store_id, category_id, name, sku, barcode, purchase_price, selling_price, stock_qty, status, created_at, updated_at) VALUES ('36d65580-292f-4b8f-8b91-a243bd583959', '29f4e073-bc1d-4071-ae3a-c8718a90f998', '19fc7a0e-ae56-4e98-b104-f680d6b68647', 'Modern Dressing Table with LED Mirror (Engineered Wood, Teak Finish)', 'DRE-ENG-0213', 'TF000213', 7000, 11500, 7, 'active', NOW() - INTERVAL '85 days', NOW() - INTERVAL '85 days');
INSERT INTO products (id, store_id, category_id, name, sku, barcode, purchase_price, selling_price, stock_qty, status, created_at, updated_at) VALUES ('925692d6-167d-40d2-8621-1d3d0864b448', '29f4e073-bc1d-4071-ae3a-c8718a90f998', '19fc7a0e-ae56-4e98-b104-f680d6b68647', 'Modern Compact Dresser Cabinet (Sheesham Wood, Teak Finish)', 'DRE-SHE-0214', 'TF000214', 14000, 23000, 11, 'active', NOW() - INTERVAL '85 days', NOW() - INTERVAL '85 days');
INSERT INTO products (id, store_id, category_id, name, sku, barcode, purchase_price, selling_price, stock_qty, status, created_at, updated_at) VALUES ('ac7c41b7-ab71-4a67-abd0-1c9d25f9a93a', '29f4e073-bc1d-4071-ae3a-c8718a90f998', '19fc7a0e-ae56-4e98-b104-f680d6b68647', 'Minimalist 6-Drawer Wide Dresser chest (Rose Wood, Ocean Blue)', 'DRE-ROS-0215', 'TF000215', 17500, 29000, 19, 'active', NOW() - INTERVAL '85 days', NOW() - INTERVAL '85 days');
INSERT INTO products (id, store_id, category_id, name, sku, barcode, purchase_price, selling_price, stock_qty, status, created_at, updated_at) VALUES ('c15172cd-9d83-4a72-877a-c120dd8d1b38', '29f4e073-bc1d-4071-ae3a-c8718a90f998', '19fc7a0e-ae56-4e98-b104-f680d6b68647', 'Royal Dressing Table with LED Mirror (Engineered Wood, Teak Finish)', 'DRE-ENG-0216', 'TF000216', 11500, 16500, 16, 'active', NOW() - INTERVAL '85 days', NOW() - INTERVAL '85 days');
INSERT INTO products (id, store_id, category_id, name, sku, barcode, purchase_price, selling_price, stock_qty, status, created_at, updated_at) VALUES ('4f7c59bc-c4cc-4fad-827d-ca989a2a96f7', '29f4e073-bc1d-4071-ae3a-c8718a90f998', '19fc7a0e-ae56-4e98-b104-f680d6b68647', 'Classic Compact Dresser Cabinet (Rose Wood, Ivory White)', 'DRE-ROS-0217', 'TF000217', 11500, 17000, 29, 'active', NOW() - INTERVAL '85 days', NOW() - INTERVAL '85 days');
INSERT INTO products (id, store_id, category_id, name, sku, barcode, purchase_price, selling_price, stock_qty, status, created_at, updated_at) VALUES ('a5510930-e139-42b6-aa7a-ad0522efea79', '29f4e073-bc1d-4071-ae3a-c8718a90f998', '19fc7a0e-ae56-4e98-b104-f680d6b68647', 'Comfort 6-Drawer Wide Dresser chest (Sheesham Wood, Teak Finish)', 'DRE-SHE-0218', 'TF000218', 20500, 29500, 16, 'active', NOW() - INTERVAL '85 days', NOW() - INTERVAL '85 days');
INSERT INTO products (id, store_id, category_id, name, sku, barcode, purchase_price, selling_price, stock_qty, status, created_at, updated_at) VALUES ('f2067464-b2d6-4ce3-aeb7-e6960c4c9388', '29f4e073-bc1d-4071-ae3a-c8718a90f998', '19fc7a0e-ae56-4e98-b104-f680d6b68647', 'Eco-sustain Dressing Table with LED Mirror (Rose Wood, Walnut Brown)', 'DRE-ROS-0219', 'TF000219', 7000, 11500, 28, 'active', NOW() - INTERVAL '85 days', NOW() - INTERVAL '85 days');
INSERT INTO products (id, store_id, category_id, name, sku, barcode, purchase_price, selling_price, stock_qty, status, created_at, updated_at) VALUES ('08268210-083f-460e-a5ba-412e3d59cc4c', '29f4e073-bc1d-4071-ae3a-c8718a90f998', '19fc7a0e-ae56-4e98-b104-f680d6b68647', 'Modern Compact Dresser Cabinet (Sheesham Wood, Crimson Red)', 'DRE-SHE-0220', 'TF000220', 14000, 22000, 29, 'active', NOW() - INTERVAL '85 days', NOW() - INTERVAL '85 days');
INSERT INTO products (id, store_id, category_id, name, sku, barcode, purchase_price, selling_price, stock_qty, status, created_at, updated_at) VALUES ('74983340-bd60-4201-9ba5-a933fa636b18', '29f4e073-bc1d-4071-ae3a-c8718a90f998', '23a9c63e-b715-4163-896a-b2ddb446c459', 'Classic Single Motor Power Recliner (Oak Wood, Teak Finish)', 'REC-OAK-0221', 'TF000221', 36500, 54500, 16, 'active', NOW() - INTERVAL '85 days', NOW() - INTERVAL '85 days');
INSERT INTO products (id, store_id, category_id, name, sku, barcode, purchase_price, selling_price, stock_qty, status, created_at, updated_at) VALUES ('ac54d925-2f92-4f04-9b3f-e89963428209', '29f4e073-bc1d-4071-ae3a-c8718a90f998', '23a9c63e-b715-4163-896a-b2ddb446c459', 'Premium Manual Rocking Recliner Lounge Chair (Mahogany, Ivory White)', 'REC-MAH-0222', 'TF000222', 38500, 64000, 18, 'active', NOW() - INTERVAL '85 days', NOW() - INTERVAL '85 days');
INSERT INTO products (id, store_id, category_id, name, sku, barcode, purchase_price, selling_price, stock_qty, status, created_at, updated_at) VALUES ('597dfa12-759f-487a-9605-0ce7f962be7f', '29f4e073-bc1d-4071-ae3a-c8718a90f998', '23a9c63e-b715-4163-896a-b2ddb446c459', 'Modern Massage Recliner Chair (Oak Wood, Warm Beige)', 'REC-OAK-0223', 'TF000223', 35500, 52500, 22, 'active', NOW() - INTERVAL '85 days', NOW() - INTERVAL '85 days');
INSERT INTO products (id, store_id, category_id, name, sku, barcode, purchase_price, selling_price, stock_qty, status, created_at, updated_at) VALUES ('1e240d28-04db-4745-8ec6-d007b6edf763', '29f4e073-bc1d-4071-ae3a-c8718a90f998', '23a9c63e-b715-4163-896a-b2ddb446c459', 'Comfort Single Motor Power Recliner (Mahogany, Ivory White)', 'REC-MAH-0224', 'TF000224', 21000, 32000, 25, 'active', NOW() - INTERVAL '85 days', NOW() - INTERVAL '85 days');
INSERT INTO products (id, store_id, category_id, name, sku, barcode, purchase_price, selling_price, stock_qty, status, created_at, updated_at) VALUES ('56f48d47-d20f-4396-a9d8-83d5e69913a6', '29f4e073-bc1d-4071-ae3a-c8718a90f998', '23a9c63e-b715-4163-896a-b2ddb446c459', 'Minimalist Manual Rocking Recliner Lounge Chair (Teak Wood, Crimson Red)', 'REC-TEA-0225', 'TF000225', 35500, 54500, 0, 'active', NOW() - INTERVAL '85 days', NOW() - INTERVAL '85 days');
INSERT INTO products (id, store_id, category_id, name, sku, barcode, purchase_price, selling_price, stock_qty, status, created_at, updated_at) VALUES ('dd88417a-f687-4859-a0c7-7bfa3233750c', '29f4e073-bc1d-4071-ae3a-c8718a90f998', '23a9c63e-b715-4163-896a-b2ddb446c459', 'Minimalist Massage Recliner Chair (Teak Wood, Crimson Red)', 'REC-TEA-0226', 'TF000226', 17000, 28000, 22, 'active', NOW() - INTERVAL '85 days', NOW() - INTERVAL '85 days');
INSERT INTO products (id, store_id, category_id, name, sku, barcode, purchase_price, selling_price, stock_qty, status, created_at, updated_at) VALUES ('66d0f462-e8d2-4221-9f49-d5cfe3ad553e', '29f4e073-bc1d-4071-ae3a-c8718a90f998', '23a9c63e-b715-4163-896a-b2ddb446c459', 'Imperial Single Motor Power Recliner (Rose Wood, Ebony Black)', 'REC-ROS-0227', 'TF000227', 25500, 39000, 13, 'active', NOW() - INTERVAL '85 days', NOW() - INTERVAL '85 days');
INSERT INTO products (id, store_id, category_id, name, sku, barcode, purchase_price, selling_price, stock_qty, status, created_at, updated_at) VALUES ('037c3ff5-4892-4b69-aea2-cc9599432756', '29f4e073-bc1d-4071-ae3a-c8718a90f998', '23a9c63e-b715-4163-896a-b2ddb446c459', 'Comfort Manual Rocking Recliner Lounge Chair (Rose Wood, Walnut Brown)', 'REC-ROS-0228', 'TF000228', 18000, 26000, 2, 'active', NOW() - INTERVAL '85 days', NOW() - INTERVAL '85 days');
INSERT INTO products (id, store_id, category_id, name, sku, barcode, purchase_price, selling_price, stock_qty, status, created_at, updated_at) VALUES ('2d6adab8-8ce8-408b-aa29-15b041f686ca', '29f4e073-bc1d-4071-ae3a-c8718a90f998', '23a9c63e-b715-4163-896a-b2ddb446c459', 'Premium Massage Recliner Chair (Mahogany, Ocean Blue)', 'REC-MAH-0229', 'TF000229', 37000, 58500, 9, 'active', NOW() - INTERVAL '85 days', NOW() - INTERVAL '85 days');
INSERT INTO products (id, store_id, category_id, name, sku, barcode, purchase_price, selling_price, stock_qty, status, created_at, updated_at) VALUES ('db1e6b86-8df5-44d2-9b37-7bf7cfef7d9c', '29f4e073-bc1d-4071-ae3a-c8718a90f998', '23a9c63e-b715-4163-896a-b2ddb446c459', 'Heritage Single Motor Power Recliner (Sheesham Wood, Walnut Brown)', 'REC-SHE-0230', 'TF000230', 37000, 53500, 14, 'active', NOW() - INTERVAL '85 days', NOW() - INTERVAL '85 days');
INSERT INTO products (id, store_id, category_id, name, sku, barcode, purchase_price, selling_price, stock_qty, status, created_at, updated_at) VALUES ('247a6615-8092-4bb0-9531-dd6ff2dbc55a', '29f4e073-bc1d-4071-ae3a-c8718a90f998', '23a9c63e-b715-4163-896a-b2ddb446c459', 'Imperial Manual Rocking Recliner Lounge Chair (Teak Wood, Charcoal Grey)', 'REC-TEA-0231', 'TF000231', 34000, 49500, 26, 'active', NOW() - INTERVAL '85 days', NOW() - INTERVAL '85 days');
INSERT INTO products (id, store_id, category_id, name, sku, barcode, purchase_price, selling_price, stock_qty, status, created_at, updated_at) VALUES ('d196a103-6d41-4e84-98cf-8a3188fb3cf3', '29f4e073-bc1d-4071-ae3a-c8718a90f998', '23a9c63e-b715-4163-896a-b2ddb446c459', 'Minimalist Massage Recliner Chair (Sheesham Wood, Charcoal Grey)', 'REC-SHE-0232', 'TF000232', 20500, 31500, 26, 'active', NOW() - INTERVAL '85 days', NOW() - INTERVAL '85 days');
INSERT INTO products (id, store_id, category_id, name, sku, barcode, purchase_price, selling_price, stock_qty, status, created_at, updated_at) VALUES ('6c74f543-e182-41e1-86d9-59fc02b2ddc9', '29f4e073-bc1d-4071-ae3a-c8718a90f998', '23a9c63e-b715-4163-896a-b2ddb446c459', 'Imperial Single Motor Power Recliner (Engineered Wood, Warm Beige)', 'REC-ENG-0233', 'TF000233', 14500, 23000, 8, 'active', NOW() - INTERVAL '85 days', NOW() - INTERVAL '85 days');
INSERT INTO products (id, store_id, category_id, name, sku, barcode, purchase_price, selling_price, stock_qty, status, created_at, updated_at) VALUES ('7c0e27c9-91f2-4b65-9f64-ccf61986bbdc', '29f4e073-bc1d-4071-ae3a-c8718a90f998', '23a9c63e-b715-4163-896a-b2ddb446c459', 'Modern Manual Rocking Recliner Lounge Chair (Oak Wood, Ebony Black)', 'REC-OAK-0234', 'TF000234', 12000, 18000, 9, 'active', NOW() - INTERVAL '85 days', NOW() - INTERVAL '85 days');
INSERT INTO products (id, store_id, category_id, name, sku, barcode, purchase_price, selling_price, stock_qty, status, created_at, updated_at) VALUES ('ea4e9179-3ad2-409b-84b5-55444060bc57', '29f4e073-bc1d-4071-ae3a-c8718a90f998', '23a9c63e-b715-4163-896a-b2ddb446c459', 'Modern Massage Recliner Chair (Teak Wood, Charcoal Grey)', 'REC-TEA-0235', 'TF000235', 22500, 32500, 29, 'active', NOW() - INTERVAL '85 days', NOW() - INTERVAL '85 days');
INSERT INTO products (id, store_id, category_id, name, sku, barcode, purchase_price, selling_price, stock_qty, status, created_at, updated_at) VALUES ('f9849504-d5b5-4c81-82d3-33122a18e19e', '29f4e073-bc1d-4071-ae3a-c8718a90f998', '23a9c63e-b715-4163-896a-b2ddb446c459', 'Classic Single Motor Power Recliner (Engineered Wood, Crimson Red)', 'REC-ENG-0236', 'TF000236', 38000, 60500, 19, 'active', NOW() - INTERVAL '85 days', NOW() - INTERVAL '85 days');
INSERT INTO products (id, store_id, category_id, name, sku, barcode, purchase_price, selling_price, stock_qty, status, created_at, updated_at) VALUES ('2630ffc9-3ee7-4216-b0bd-0bb6d21b3fa2', '29f4e073-bc1d-4071-ae3a-c8718a90f998', '23a9c63e-b715-4163-896a-b2ddb446c459', 'Imperial Manual Rocking Recliner Lounge Chair (Sheesham Wood, Ocean Blue)', 'REC-SHE-0237', 'TF000237', 44500, 70500, 17, 'active', NOW() - INTERVAL '85 days', NOW() - INTERVAL '85 days');
INSERT INTO products (id, store_id, category_id, name, sku, barcode, purchase_price, selling_price, stock_qty, status, created_at, updated_at) VALUES ('d72e3e5d-1eda-47f2-83c5-c2487d3f2b2b', '29f4e073-bc1d-4071-ae3a-c8718a90f998', '23a9c63e-b715-4163-896a-b2ddb446c459', 'Luxurious Massage Recliner Chair (Engineered Wood, Ebony Black)', 'REC-ENG-0238', 'TF000238', 34500, 52000, 24, 'active', NOW() - INTERVAL '85 days', NOW() - INTERVAL '85 days');
INSERT INTO products (id, store_id, category_id, name, sku, barcode, purchase_price, selling_price, stock_qty, status, created_at, updated_at) VALUES ('6386c70a-0d45-4665-9097-fee54a630fac', '29f4e073-bc1d-4071-ae3a-c8718a90f998', '23a9c63e-b715-4163-896a-b2ddb446c459', 'Comfort Single Motor Power Recliner (Engineered Wood, Crimson Red)', 'REC-ENG-0239', 'TF000239', 31500, 49000, 7, 'active', NOW() - INTERVAL '85 days', NOW() - INTERVAL '85 days');
INSERT INTO products (id, store_id, category_id, name, sku, barcode, purchase_price, selling_price, stock_qty, status, created_at, updated_at) VALUES ('b7ccc90e-8841-40bc-bdd5-ea6ce759dba4', '29f4e073-bc1d-4071-ae3a-c8718a90f998', '23a9c63e-b715-4163-896a-b2ddb446c459', 'Comfort Manual Rocking Recliner Lounge Chair (Engineered Wood, Ivory White)', 'REC-ENG-0240', 'TF000240', 14000, 20000, 0, 'active', NOW() - INTERVAL '85 days', NOW() - INTERVAL '85 days');
INSERT INTO products (id, store_id, category_id, name, sku, barcode, purchase_price, selling_price, stock_qty, status, created_at, updated_at) VALUES ('c5ee55e3-bf0b-44b9-85fc-e9582b35f9a8', '29f4e073-bc1d-4071-ae3a-c8718a90f998', 'efebe22a-2d6a-4504-ac3c-809172d6b7f5', 'Royal Garden Patio Bistro Set (Oak Wood, Ocean Blue)', 'OUT-OAK-0241', 'TF000241', 50500, 78000, 23, 'active', NOW() - INTERVAL '85 days', NOW() - INTERVAL '85 days');
INSERT INTO products (id, store_id, category_id, name, sku, barcode, purchase_price, selling_price, stock_qty, status, created_at, updated_at) VALUES ('a21415de-5300-413b-bc5e-11991a807006', '29f4e073-bc1d-4071-ae3a-c8718a90f998', 'efebe22a-2d6a-4504-ac3c-809172d6b7f5', 'Minimalist Rattan Outdoor Swing Chair (Mahogany, Charcoal Grey)', 'OUT-MAH-0242', 'TF000242', 42000, 65500, 17, 'active', NOW() - INTERVAL '85 days', NOW() - INTERVAL '85 days');
INSERT INTO products (id, store_id, category_id, name, sku, barcode, purchase_price, selling_price, stock_qty, status, created_at, updated_at) VALUES ('5b911b0d-4efd-45d7-b7d2-fe94a0d7d033', '29f4e073-bc1d-4071-ae3a-c8718a90f998', 'efebe22a-2d6a-4504-ac3c-809172d6b7f5', 'Comfort Wooden Sun Lounger Bed (Engineered Wood, Ocean Blue)', 'OUT-ENG-0243', 'TF000243', 21500, 31000, 15, 'active', NOW() - INTERVAL '85 days', NOW() - INTERVAL '85 days');
INSERT INTO products (id, store_id, category_id, name, sku, barcode, purchase_price, selling_price, stock_qty, status, created_at, updated_at) VALUES ('7840be5e-2be3-467f-a7e7-f6e36356b392', '29f4e073-bc1d-4071-ae3a-c8718a90f998', 'efebe22a-2d6a-4504-ac3c-809172d6b7f5', 'Heritage Garden Patio Bistro Set (Oak Wood, Ebony Black)', 'OUT-OAK-0244', 'TF000244', 16500, 25000, 17, 'active', NOW() - INTERVAL '85 days', NOW() - INTERVAL '85 days');
INSERT INTO products (id, store_id, category_id, name, sku, barcode, purchase_price, selling_price, stock_qty, status, created_at, updated_at) VALUES ('ab550dda-419e-448d-9695-7ebf11a2f361', '29f4e073-bc1d-4071-ae3a-c8718a90f998', 'efebe22a-2d6a-4504-ac3c-809172d6b7f5', 'Eco-sustain Rattan Outdoor Swing Chair (Rose Wood, Walnut Brown)', 'OUT-ROS-0245', 'TF000245', 13500, 20500, 29, 'inactive', NOW() - INTERVAL '85 days', NOW() - INTERVAL '85 days');
INSERT INTO products (id, store_id, category_id, name, sku, barcode, purchase_price, selling_price, stock_qty, status, created_at, updated_at) VALUES ('1c1d3ae3-3418-4322-8809-3c544ab9eb04', '29f4e073-bc1d-4071-ae3a-c8718a90f998', 'efebe22a-2d6a-4504-ac3c-809172d6b7f5', 'Eco-sustain Wooden Sun Lounger Bed (Mahogany, Ocean Blue)', 'OUT-MAH-0246', 'TF000246', 31500, 49500, 12, 'active', NOW() - INTERVAL '85 days', NOW() - INTERVAL '85 days');
INSERT INTO products (id, store_id, category_id, name, sku, barcode, purchase_price, selling_price, stock_qty, status, created_at, updated_at) VALUES ('e6444158-024c-435e-94f4-c75b95ee3a56', '29f4e073-bc1d-4071-ae3a-c8718a90f998', 'efebe22a-2d6a-4504-ac3c-809172d6b7f5', 'Luxurious Garden Patio Bistro Set (Engineered Wood, Ebony Black)', 'OUT-ENG-0247', 'TF000247', 16500, 27000, 1, 'active', NOW() - INTERVAL '85 days', NOW() - INTERVAL '85 days');
INSERT INTO products (id, store_id, category_id, name, sku, barcode, purchase_price, selling_price, stock_qty, status, created_at, updated_at) VALUES ('9db7520c-6881-4de3-9ec8-86be4c0694c6', '29f4e073-bc1d-4071-ae3a-c8718a90f998', 'efebe22a-2d6a-4504-ac3c-809172d6b7f5', 'Classic Rattan Outdoor Swing Chair (Teak Wood, Charcoal Grey)', 'OUT-TEA-0248', 'TF000248', 26000, 40500, 29, 'active', NOW() - INTERVAL '85 days', NOW() - INTERVAL '85 days');
INSERT INTO products (id, store_id, category_id, name, sku, barcode, purchase_price, selling_price, stock_qty, status, created_at, updated_at) VALUES ('8f73e299-b8fd-4c1a-b2be-ab67ea0c8fce', '29f4e073-bc1d-4071-ae3a-c8718a90f998', 'efebe22a-2d6a-4504-ac3c-809172d6b7f5', 'Imperial Wooden Sun Lounger Bed (Oak Wood, Teak Finish)', 'OUT-OAK-0249', 'TF000249', 19500, 28500, 11, 'active', NOW() - INTERVAL '85 days', NOW() - INTERVAL '85 days');
INSERT INTO products (id, store_id, category_id, name, sku, barcode, purchase_price, selling_price, stock_qty, status, created_at, updated_at) VALUES ('17d5f609-078e-468b-8895-272902a0b255', '29f4e073-bc1d-4071-ae3a-c8718a90f998', 'efebe22a-2d6a-4504-ac3c-809172d6b7f5', 'Royal Garden Patio Bistro Set (Engineered Wood, Ivory White)', 'OUT-ENG-0250', 'TF000250', 16500, 27000, 18, 'active', NOW() - INTERVAL '85 days', NOW() - INTERVAL '85 days');
INSERT INTO products (id, store_id, category_id, name, sku, barcode, purchase_price, selling_price, stock_qty, status, created_at, updated_at) VALUES ('72d25ea9-c043-4738-9bbe-5a6b42ce5ee6', '29f4e073-bc1d-4071-ae3a-c8718a90f998', 'efebe22a-2d6a-4504-ac3c-809172d6b7f5', 'Classic Rattan Outdoor Swing Chair (Oak Wood, Crimson Red)', 'OUT-OAK-0251', 'TF000251', 15500, 23000, 9, 'active', NOW() - INTERVAL '85 days', NOW() - INTERVAL '85 days');
INSERT INTO products (id, store_id, category_id, name, sku, barcode, purchase_price, selling_price, stock_qty, status, created_at, updated_at) VALUES ('38b26c18-2204-48be-a37f-398136c8052f', '29f4e073-bc1d-4071-ae3a-c8718a90f998', 'efebe22a-2d6a-4504-ac3c-809172d6b7f5', 'Royal Wooden Sun Lounger Bed (Engineered Wood, Teak Finish)', 'OUT-ENG-0252', 'TF000252', 32500, 52500, 11, 'active', NOW() - INTERVAL '85 days', NOW() - INTERVAL '85 days');
INSERT INTO products (id, store_id, category_id, name, sku, barcode, purchase_price, selling_price, stock_qty, status, created_at, updated_at) VALUES ('6ce1e169-d77c-4d4e-aa9a-60a4f1a1c1af', '29f4e073-bc1d-4071-ae3a-c8718a90f998', 'efebe22a-2d6a-4504-ac3c-809172d6b7f5', 'Comfort Garden Patio Bistro Set (Rose Wood, Ocean Blue)', 'OUT-ROS-0253', 'TF000253', 54500, 82500, 13, 'active', NOW() - INTERVAL '85 days', NOW() - INTERVAL '85 days');
INSERT INTO products (id, store_id, category_id, name, sku, barcode, purchase_price, selling_price, stock_qty, status, created_at, updated_at) VALUES ('4174cdcb-4594-4201-a807-ce979874f326', '29f4e073-bc1d-4071-ae3a-c8718a90f998', 'efebe22a-2d6a-4504-ac3c-809172d6b7f5', 'Comfort Rattan Outdoor Swing Chair (Mahogany, Ivory White)', 'OUT-MAH-0254', 'TF000254', 34000, 51500, 28, 'active', NOW() - INTERVAL '85 days', NOW() - INTERVAL '85 days');
INSERT INTO products (id, store_id, category_id, name, sku, barcode, purchase_price, selling_price, stock_qty, status, created_at, updated_at) VALUES ('8de78dd0-d3a4-483c-a38f-a53b884915ea', '29f4e073-bc1d-4071-ae3a-c8718a90f998', 'efebe22a-2d6a-4504-ac3c-809172d6b7f5', 'Heritage Wooden Sun Lounger Bed (Rose Wood, Walnut Brown)', 'OUT-ROS-0255', 'TF000255', 41500, 63500, 0, 'active', NOW() - INTERVAL '85 days', NOW() - INTERVAL '85 days');
INSERT INTO products (id, store_id, category_id, name, sku, barcode, purchase_price, selling_price, stock_qty, status, created_at, updated_at) VALUES ('1ffc0d53-7cbf-4a45-9195-85b74571e2a3', '29f4e073-bc1d-4071-ae3a-c8718a90f998', 'efebe22a-2d6a-4504-ac3c-809172d6b7f5', 'Heritage Garden Patio Bistro Set (Rose Wood, Ivory White)', 'OUT-ROS-0256', 'TF000256', 13500, 20000, 12, 'active', NOW() - INTERVAL '85 days', NOW() - INTERVAL '85 days');
INSERT INTO products (id, store_id, category_id, name, sku, barcode, purchase_price, selling_price, stock_qty, status, created_at, updated_at) VALUES ('10341fc4-d078-4ad8-8651-fe77da941266', '29f4e073-bc1d-4071-ae3a-c8718a90f998', 'efebe22a-2d6a-4504-ac3c-809172d6b7f5', 'Eco-sustain Rattan Outdoor Swing Chair (Rose Wood, Ebony Black)', 'OUT-ROS-0257', 'TF000257', 44500, 67500, 22, 'active', NOW() - INTERVAL '85 days', NOW() - INTERVAL '85 days');
INSERT INTO products (id, store_id, category_id, name, sku, barcode, purchase_price, selling_price, stock_qty, status, created_at, updated_at) VALUES ('988b76f0-cc4f-4289-98c4-aec3b799c233', '29f4e073-bc1d-4071-ae3a-c8718a90f998', 'efebe22a-2d6a-4504-ac3c-809172d6b7f5', 'Imperial Wooden Sun Lounger Bed (Sheesham Wood, Ivory White)', 'OUT-SHE-0258', 'TF000258', 11000, 16500, 7, 'active', NOW() - INTERVAL '85 days', NOW() - INTERVAL '85 days');
INSERT INTO products (id, store_id, category_id, name, sku, barcode, purchase_price, selling_price, stock_qty, status, created_at, updated_at) VALUES ('7383b85e-d118-4855-93d4-0b86c77b26f2', '29f4e073-bc1d-4071-ae3a-c8718a90f998', 'efebe22a-2d6a-4504-ac3c-809172d6b7f5', 'Classic Garden Patio Bistro Set (Mahogany, Warm Beige)', 'OUT-MAH-0259', 'TF000259', 46000, 73500, 5, 'active', NOW() - INTERVAL '85 days', NOW() - INTERVAL '85 days');
INSERT INTO products (id, store_id, category_id, name, sku, barcode, purchase_price, selling_price, stock_qty, status, created_at, updated_at) VALUES ('270a7c5b-50c4-4ac8-9e15-30b5283f6d68', '29f4e073-bc1d-4071-ae3a-c8718a90f998', 'efebe22a-2d6a-4504-ac3c-809172d6b7f5', 'Comfort Rattan Outdoor Swing Chair (Oak Wood, Teak Finish)', 'OUT-OAK-0260', 'TF000260', 46000, 70000, 11, 'active', NOW() - INTERVAL '85 days', NOW() - INTERVAL '85 days');
INSERT INTO products (id, store_id, category_id, name, sku, barcode, purchase_price, selling_price, stock_qty, status, created_at, updated_at) VALUES ('5c01fcaa-b59d-4ee2-8c81-400342c9a9da', '29f4e073-bc1d-4071-ae3a-c8718a90f998', 'c8b636f3-d1d7-45ab-81b2-b32409820f0c', 'Comfort Multi-drawer Utility Cabinet (Oak Wood, Teak Finish)', 'STO-OAK-0261', 'TF000261', 4000, 7000, 13, 'active', NOW() - INTERVAL '85 days', NOW() - INTERVAL '85 days');
INSERT INTO products (id, store_id, category_id, name, sku, barcode, purchase_price, selling_price, stock_qty, status, created_at, updated_at) VALUES ('ee4cb779-da19-4301-b661-3bf31b86fd90', '29f4e073-bc1d-4071-ae3a-c8718a90f998', 'c8b636f3-d1d7-45ab-81b2-b32409820f0c', 'Minimalist Shoe Storage Bench Rack (Rose Wood, Ocean Blue)', 'STO-ROS-0262', 'TF000262', 7000, 10000, 9, 'active', NOW() - INTERVAL '85 days', NOW() - INTERVAL '85 days');
INSERT INTO products (id, store_id, category_id, name, sku, barcode, purchase_price, selling_price, stock_qty, status, created_at, updated_at) VALUES ('f4d27558-4a15-48b2-9959-7f7cce45559c', '29f4e073-bc1d-4071-ae3a-c8718a90f998', 'c8b636f3-d1d7-45ab-81b2-b32409820f0c', 'Royal Wooden Sideboard Credenza (Mahogany, Ocean Blue)', 'STO-MAH-0263', 'TF000263', 15000, 24000, 8, 'active', NOW() - INTERVAL '85 days', NOW() - INTERVAL '85 days');
INSERT INTO products (id, store_id, category_id, name, sku, barcode, purchase_price, selling_price, stock_qty, status, created_at, updated_at) VALUES ('6810fb29-f093-4331-96c3-2d791089fd93', '29f4e073-bc1d-4071-ae3a-c8718a90f998', 'c8b636f3-d1d7-45ab-81b2-b32409820f0c', 'Comfort Multi-drawer Utility Cabinet (Mahogany, Ocean Blue)', 'STO-MAH-0264', 'TF000264', 16500, 25000, 24, 'active', NOW() - INTERVAL '85 days', NOW() - INTERVAL '85 days');
INSERT INTO products (id, store_id, category_id, name, sku, barcode, purchase_price, selling_price, stock_qty, status, created_at, updated_at) VALUES ('d2c54b74-2104-4ce6-add7-b23b40f66c37', '29f4e073-bc1d-4071-ae3a-c8718a90f998', 'c8b636f3-d1d7-45ab-81b2-b32409820f0c', 'Heritage Shoe Storage Bench Rack (Sheesham Wood, Charcoal Grey)', 'STO-SHE-0265', 'TF000265', 16500, 27000, 17, 'active', NOW() - INTERVAL '85 days', NOW() - INTERVAL '85 days');
INSERT INTO products (id, store_id, category_id, name, sku, barcode, purchase_price, selling_price, stock_qty, status, created_at, updated_at) VALUES ('15d86dcb-5df7-40ea-8d9a-ef921e8afc7f', '29f4e073-bc1d-4071-ae3a-c8718a90f998', 'c8b636f3-d1d7-45ab-81b2-b32409820f0c', 'Luxurious Wooden Sideboard Credenza (Teak Wood, Charcoal Grey)', 'STO-TEA-0266', 'TF000266', 5500, 8500, 1, 'active', NOW() - INTERVAL '85 days', NOW() - INTERVAL '85 days');
INSERT INTO products (id, store_id, category_id, name, sku, barcode, purchase_price, selling_price, stock_qty, status, created_at, updated_at) VALUES ('36b58c66-2f4c-4e9e-b051-c44c48a93883', '29f4e073-bc1d-4071-ae3a-c8718a90f998', 'c8b636f3-d1d7-45ab-81b2-b32409820f0c', 'Imperial Multi-drawer Utility Cabinet (Rose Wood, Teak Finish)', 'STO-ROS-0267', 'TF000267', 12000, 17500, 28, 'active', NOW() - INTERVAL '85 days', NOW() - INTERVAL '85 days');
INSERT INTO products (id, store_id, category_id, name, sku, barcode, purchase_price, selling_price, stock_qty, status, created_at, updated_at) VALUES ('138586f2-81ee-460c-ae17-a1294ae23278', '29f4e073-bc1d-4071-ae3a-c8718a90f998', 'c8b636f3-d1d7-45ab-81b2-b32409820f0c', 'Comfort Shoe Storage Bench Rack (Sheesham Wood, Walnut Brown)', 'STO-SHE-0268', 'TF000268', 5500, 9000, 21, 'active', NOW() - INTERVAL '85 days', NOW() - INTERVAL '85 days');
INSERT INTO products (id, store_id, category_id, name, sku, barcode, purchase_price, selling_price, stock_qty, status, created_at, updated_at) VALUES ('3cb2f9d4-4241-4be3-9eaa-509c83bb8f9e', '29f4e073-bc1d-4071-ae3a-c8718a90f998', 'c8b636f3-d1d7-45ab-81b2-b32409820f0c', 'Minimalist Wooden Sideboard Credenza (Teak Wood, Ebony Black)', 'STO-TEA-0269', 'TF000269', 15000, 23500, 14, 'active', NOW() - INTERVAL '85 days', NOW() - INTERVAL '85 days');
INSERT INTO products (id, store_id, category_id, name, sku, barcode, purchase_price, selling_price, stock_qty, status, created_at, updated_at) VALUES ('445501a4-f6d2-441a-8fc1-e9986b57ade7', '29f4e073-bc1d-4071-ae3a-c8718a90f998', 'c8b636f3-d1d7-45ab-81b2-b32409820f0c', 'Royal Multi-drawer Utility Cabinet (Rose Wood, Ocean Blue)', 'STO-ROS-0270', 'TF000270', 17500, 28000, 0, 'active', NOW() - INTERVAL '85 days', NOW() - INTERVAL '85 days');
INSERT INTO products (id, store_id, category_id, name, sku, barcode, purchase_price, selling_price, stock_qty, status, created_at, updated_at) VALUES ('15feddc0-50c6-404f-99d9-74ae44294f02', '29f4e073-bc1d-4071-ae3a-c8718a90f998', 'c8b636f3-d1d7-45ab-81b2-b32409820f0c', 'Minimalist Shoe Storage Bench Rack (Sheesham Wood, Crimson Red)', 'STO-SHE-0271', 'TF000271', 8000, 12000, 28, 'active', NOW() - INTERVAL '85 days', NOW() - INTERVAL '85 days');
INSERT INTO products (id, store_id, category_id, name, sku, barcode, purchase_price, selling_price, stock_qty, status, created_at, updated_at) VALUES ('13e133ea-738a-4ea3-9c2b-da5292ef218f', '29f4e073-bc1d-4071-ae3a-c8718a90f998', 'c8b636f3-d1d7-45ab-81b2-b32409820f0c', 'Imperial Wooden Sideboard Credenza (Sheesham Wood, Crimson Red)', 'STO-SHE-0272', 'TF000272', 11000, 17500, 15, 'active', NOW() - INTERVAL '85 days', NOW() - INTERVAL '85 days');
INSERT INTO products (id, store_id, category_id, name, sku, barcode, purchase_price, selling_price, stock_qty, status, created_at, updated_at) VALUES ('d962ea49-1145-464e-ab65-42de5c30bf2c', '29f4e073-bc1d-4071-ae3a-c8718a90f998', 'c8b636f3-d1d7-45ab-81b2-b32409820f0c', 'Imperial Multi-drawer Utility Cabinet (Engineered Wood, Walnut Brown)', 'STO-ENG-0273', 'TF000273', 16500, 25000, 15, 'active', NOW() - INTERVAL '85 days', NOW() - INTERVAL '85 days');
INSERT INTO products (id, store_id, category_id, name, sku, barcode, purchase_price, selling_price, stock_qty, status, created_at, updated_at) VALUES ('863c1594-c882-4d72-8a33-d9000fa5b282', '29f4e073-bc1d-4071-ae3a-c8718a90f998', 'c8b636f3-d1d7-45ab-81b2-b32409820f0c', 'Luxurious Shoe Storage Bench Rack (Teak Wood, Teak Finish)', 'STO-TEA-0274', 'TF000274', 14500, 22000, 23, 'active', NOW() - INTERVAL '85 days', NOW() - INTERVAL '85 days');
INSERT INTO products (id, store_id, category_id, name, sku, barcode, purchase_price, selling_price, stock_qty, status, created_at, updated_at) VALUES ('fe3e472d-c51c-4b96-a365-31c3a12b7efe', '29f4e073-bc1d-4071-ae3a-c8718a90f998', 'c8b636f3-d1d7-45ab-81b2-b32409820f0c', 'Modern Wooden Sideboard Credenza (Rose Wood, Ebony Black)', 'STO-ROS-0275', 'TF000275', 21000, 32000, 23, 'active', NOW() - INTERVAL '85 days', NOW() - INTERVAL '85 days');
INSERT INTO products (id, store_id, category_id, name, sku, barcode, purchase_price, selling_price, stock_qty, status, created_at, updated_at) VALUES ('c3cbb4b4-46c9-42f7-851d-3d8cfd70108a', '29f4e073-bc1d-4071-ae3a-c8718a90f998', 'c8b636f3-d1d7-45ab-81b2-b32409820f0c', 'Premium Multi-drawer Utility Cabinet (Rose Wood, Teak Finish)', 'STO-ROS-0276', 'TF000276', 9000, 14500, 24, 'active', NOW() - INTERVAL '85 days', NOW() - INTERVAL '85 days');
INSERT INTO products (id, store_id, category_id, name, sku, barcode, purchase_price, selling_price, stock_qty, status, created_at, updated_at) VALUES ('e2a346ed-dbcd-4755-91ba-c6bed535d05e', '29f4e073-bc1d-4071-ae3a-c8718a90f998', 'c8b636f3-d1d7-45ab-81b2-b32409820f0c', 'Imperial Shoe Storage Bench Rack (Rose Wood, Warm Beige)', 'STO-ROS-0277', 'TF000277', 6000, 9500, 13, 'active', NOW() - INTERVAL '85 days', NOW() - INTERVAL '85 days');
INSERT INTO products (id, store_id, category_id, name, sku, barcode, purchase_price, selling_price, stock_qty, status, created_at, updated_at) VALUES ('1e2db180-eac0-41f5-a95c-847c1fa0b20a', '29f4e073-bc1d-4071-ae3a-c8718a90f998', 'c8b636f3-d1d7-45ab-81b2-b32409820f0c', 'Eco-sustain Wooden Sideboard Credenza (Rose Wood, Ivory White)', 'STO-ROS-0278', 'TF000278', 12500, 20500, 27, 'active', NOW() - INTERVAL '85 days', NOW() - INTERVAL '85 days');
INSERT INTO products (id, store_id, category_id, name, sku, barcode, purchase_price, selling_price, stock_qty, status, created_at, updated_at) VALUES ('bb0bd4e1-20da-459e-b27c-f27c0ee651fc', '29f4e073-bc1d-4071-ae3a-c8718a90f998', 'c8b636f3-d1d7-45ab-81b2-b32409820f0c', 'Royal Multi-drawer Utility Cabinet (Oak Wood, Warm Beige)', 'STO-OAK-0279', 'TF000279', 12000, 19000, 16, 'active', NOW() - INTERVAL '85 days', NOW() - INTERVAL '85 days');
INSERT INTO products (id, store_id, category_id, name, sku, barcode, purchase_price, selling_price, stock_qty, status, created_at, updated_at) VALUES ('6ede8796-0c5b-4e65-8205-d36c81b71493', '29f4e073-bc1d-4071-ae3a-c8718a90f998', 'c8b636f3-d1d7-45ab-81b2-b32409820f0c', 'Comfort Shoe Storage Bench Rack (Mahogany, Teak Finish)', 'STO-MAH-0280', 'TF000280', 6500, 10000, 20, 'inactive', NOW() - INTERVAL '85 days', NOW() - INTERVAL '85 days');
INSERT INTO products (id, store_id, category_id, name, sku, barcode, purchase_price, selling_price, stock_qty, status, created_at, updated_at) VALUES ('7d9f3fe3-ab91-4396-a6f7-d7485895bccf', '29f4e073-bc1d-4071-ae3a-c8718a90f998', '33138806-48c6-4233-b1ae-838f0a5dc98b', 'Luxurious Ladder Bookshelf Display Unit (Sheesham Wood, Crimson Red)', 'BOO-SHE-0281', 'TF000281', 15500, 24000, 21, 'active', NOW() - INTERVAL '85 days', NOW() - INTERVAL '85 days');
INSERT INTO products (id, store_id, category_id, name, sku, barcode, purchase_price, selling_price, stock_qty, status, created_at, updated_at) VALUES ('8f7a507b-c9d5-413e-a21a-23417938ea1d', '29f4e073-bc1d-4071-ae3a-c8718a90f998', '33138806-48c6-4233-b1ae-838f0a5dc98b', 'Minimalist 5-Tier Open Bookshelf Console (Sheesham Wood, Warm Beige)', 'BOO-SHE-0282', 'TF000282', 11500, 18500, 19, 'active', NOW() - INTERVAL '85 days', NOW() - INTERVAL '85 days');
INSERT INTO products (id, store_id, category_id, name, sku, barcode, purchase_price, selling_price, stock_qty, status, created_at, updated_at) VALUES ('f077b01f-75f1-46ed-a171-4c4e6bb6abbb', '29f4e073-bc1d-4071-ae3a-c8718a90f998', '33138806-48c6-4233-b1ae-838f0a5dc98b', 'Comfort Closed Glass-door Library Cabinet (Mahogany, Crimson Red)', 'BOO-MAH-0283', 'TF000283', 14000, 21000, 22, 'active', NOW() - INTERVAL '85 days', NOW() - INTERVAL '85 days');
INSERT INTO products (id, store_id, category_id, name, sku, barcode, purchase_price, selling_price, stock_qty, status, created_at, updated_at) VALUES ('43b516c1-0eb3-4b97-ab01-56c4918d0676', '29f4e073-bc1d-4071-ae3a-c8718a90f998', '33138806-48c6-4233-b1ae-838f0a5dc98b', 'Eco-sustain Ladder Bookshelf Display Unit (Engineered Wood, Warm Beige)', 'BOO-ENG-0284', 'TF000284', 6500, 10000, 23, 'active', NOW() - INTERVAL '85 days', NOW() - INTERVAL '85 days');
INSERT INTO products (id, store_id, category_id, name, sku, barcode, purchase_price, selling_price, stock_qty, status, created_at, updated_at) VALUES ('724c1e89-0847-4bc1-90b0-beaf17d8b73a', '29f4e073-bc1d-4071-ae3a-c8718a90f998', '33138806-48c6-4233-b1ae-838f0a5dc98b', 'Modern 5-Tier Open Bookshelf Console (Teak Wood, Ebony Black)', 'BOO-TEA-0285', 'TF000285', 14000, 21000, 0, 'active', NOW() - INTERVAL '85 days', NOW() - INTERVAL '85 days');
INSERT INTO products (id, store_id, category_id, name, sku, barcode, purchase_price, selling_price, stock_qty, status, created_at, updated_at) VALUES ('3b5b54b2-104d-4f8d-9892-681edbef5ec9', '29f4e073-bc1d-4071-ae3a-c8718a90f998', '33138806-48c6-4233-b1ae-838f0a5dc98b', 'Modern Closed Glass-door Library Cabinet (Mahogany, Crimson Red)', 'BOO-MAH-0286', 'TF000286', 8000, 13000, 19, 'active', NOW() - INTERVAL '85 days', NOW() - INTERVAL '85 days');
INSERT INTO products (id, store_id, category_id, name, sku, barcode, purchase_price, selling_price, stock_qty, status, created_at, updated_at) VALUES ('3b887fdc-e681-4eb9-a8f9-ed3a55c5f4af', '29f4e073-bc1d-4071-ae3a-c8718a90f998', '33138806-48c6-4233-b1ae-838f0a5dc98b', 'Classic Ladder Bookshelf Display Unit (Engineered Wood, Warm Beige)', 'BOO-ENG-0287', 'TF000287', 11000, 17500, 13, 'active', NOW() - INTERVAL '85 days', NOW() - INTERVAL '85 days');
INSERT INTO products (id, store_id, category_id, name, sku, barcode, purchase_price, selling_price, stock_qty, status, created_at, updated_at) VALUES ('c1800dec-cb8a-4d2d-926e-bb685c5b9366', '29f4e073-bc1d-4071-ae3a-c8718a90f998', '33138806-48c6-4233-b1ae-838f0a5dc98b', 'Premium 5-Tier Open Bookshelf Console (Sheesham Wood, Walnut Brown)', 'BOO-SHE-0288', 'TF000288', 11500, 18500, 11, 'active', NOW() - INTERVAL '85 days', NOW() - INTERVAL '85 days');
INSERT INTO products (id, store_id, category_id, name, sku, barcode, purchase_price, selling_price, stock_qty, status, created_at, updated_at) VALUES ('297e6588-3660-4997-98ba-33db9f93f15b', '29f4e073-bc1d-4071-ae3a-c8718a90f998', '33138806-48c6-4233-b1ae-838f0a5dc98b', 'Minimalist Closed Glass-door Library Cabinet (Engineered Wood, Warm Beige)', 'BOO-ENG-0289', 'TF000289', 15500, 23000, 7, 'active', NOW() - INTERVAL '85 days', NOW() - INTERVAL '85 days');
INSERT INTO products (id, store_id, category_id, name, sku, barcode, purchase_price, selling_price, stock_qty, status, created_at, updated_at) VALUES ('202ef786-0c84-48d3-82cd-f74a4b54cc72', '29f4e073-bc1d-4071-ae3a-c8718a90f998', '33138806-48c6-4233-b1ae-838f0a5dc98b', 'Royal Ladder Bookshelf Display Unit (Engineered Wood, Teak Finish)', 'BOO-ENG-0290', 'TF000290', 6500, 10000, 15, 'active', NOW() - INTERVAL '85 days', NOW() - INTERVAL '85 days');
INSERT INTO products (id, store_id, category_id, name, sku, barcode, purchase_price, selling_price, stock_qty, status, created_at, updated_at) VALUES ('47e7106e-10d8-4b20-8774-9074af7b2be1', '29f4e073-bc1d-4071-ae3a-c8718a90f998', '33138806-48c6-4233-b1ae-838f0a5dc98b', 'Royal 5-Tier Open Bookshelf Console (Sheesham Wood, Ivory White)', 'BOO-SHE-0291', 'TF000291', 14000, 23500, 9, 'active', NOW() - INTERVAL '85 days', NOW() - INTERVAL '85 days');
INSERT INTO products (id, store_id, category_id, name, sku, barcode, purchase_price, selling_price, stock_qty, status, created_at, updated_at) VALUES ('ae68bcea-be94-4ef7-969b-125a4ab0b778', '29f4e073-bc1d-4071-ae3a-c8718a90f998', '33138806-48c6-4233-b1ae-838f0a5dc98b', 'Classic Closed Glass-door Library Cabinet (Teak Wood, Crimson Red)', 'BOO-TEA-0292', 'TF000292', 9000, 13500, 28, 'active', NOW() - INTERVAL '85 days', NOW() - INTERVAL '85 days');
INSERT INTO products (id, store_id, category_id, name, sku, barcode, purchase_price, selling_price, stock_qty, status, created_at, updated_at) VALUES ('e2448723-33eb-4f33-ad36-53f5141545fd', '29f4e073-bc1d-4071-ae3a-c8718a90f998', '33138806-48c6-4233-b1ae-838f0a5dc98b', 'Luxurious Ladder Bookshelf Display Unit (Mahogany, Teak Finish)', 'BOO-MAH-0293', 'TF000293', 15000, 22500, 10, 'active', NOW() - INTERVAL '85 days', NOW() - INTERVAL '85 days');
INSERT INTO products (id, store_id, category_id, name, sku, barcode, purchase_price, selling_price, stock_qty, status, created_at, updated_at) VALUES ('80cf3cab-c718-4427-8775-8237e67c7b47', '29f4e073-bc1d-4071-ae3a-c8718a90f998', '33138806-48c6-4233-b1ae-838f0a5dc98b', 'Modern 5-Tier Open Bookshelf Console (Sheesham Wood, Crimson Red)', 'BOO-SHE-0294', 'TF000294', 8500, 12500, 6, 'active', NOW() - INTERVAL '85 days', NOW() - INTERVAL '85 days');
INSERT INTO products (id, store_id, category_id, name, sku, barcode, purchase_price, selling_price, stock_qty, status, created_at, updated_at) VALUES ('55b103bb-657e-4a60-a57f-276b49971487', '29f4e073-bc1d-4071-ae3a-c8718a90f998', '33138806-48c6-4233-b1ae-838f0a5dc98b', 'Minimalist Closed Glass-door Library Cabinet (Teak Wood, Teak Finish)', 'BOO-TEA-0295', 'TF000295', 13000, 19000, 12, 'active', NOW() - INTERVAL '85 days', NOW() - INTERVAL '85 days');
INSERT INTO products (id, store_id, category_id, name, sku, barcode, purchase_price, selling_price, stock_qty, status, created_at, updated_at) VALUES ('eacf107d-bd00-4ef8-af77-17bd57ed7e07', '29f4e073-bc1d-4071-ae3a-c8718a90f998', '33138806-48c6-4233-b1ae-838f0a5dc98b', 'Modern Ladder Bookshelf Display Unit (Mahogany, Crimson Red)', 'BOO-MAH-0296', 'TF000296', 6500, 10500, 5, 'active', NOW() - INTERVAL '85 days', NOW() - INTERVAL '85 days');
INSERT INTO products (id, store_id, category_id, name, sku, barcode, purchase_price, selling_price, stock_qty, status, created_at, updated_at) VALUES ('9daca54c-237b-4c01-ba37-ee062d75517c', '29f4e073-bc1d-4071-ae3a-c8718a90f998', '33138806-48c6-4233-b1ae-838f0a5dc98b', 'Modern 5-Tier Open Bookshelf Console (Sheesham Wood, Warm Beige)', 'BOO-SHE-0297', 'TF000297', 9000, 14000, 17, 'active', NOW() - INTERVAL '85 days', NOW() - INTERVAL '85 days');
INSERT INTO products (id, store_id, category_id, name, sku, barcode, purchase_price, selling_price, stock_qty, status, created_at, updated_at) VALUES ('637df026-9f25-4715-a8ae-0d6e4b9a29e8', '29f4e073-bc1d-4071-ae3a-c8718a90f998', '33138806-48c6-4233-b1ae-838f0a5dc98b', 'Heritage Closed Glass-door Library Cabinet (Rose Wood, Warm Beige)', 'BOO-ROS-0298', 'TF000298', 15000, 24000, 23, 'active', NOW() - INTERVAL '85 days', NOW() - INTERVAL '85 days');
INSERT INTO products (id, store_id, category_id, name, sku, barcode, purchase_price, selling_price, stock_qty, status, created_at, updated_at) VALUES ('799edafc-8805-4002-b273-a99da333aa00', '29f4e073-bc1d-4071-ae3a-c8718a90f998', '33138806-48c6-4233-b1ae-838f0a5dc98b', 'Premium Ladder Bookshelf Display Unit (Mahogany, Teak Finish)', 'BOO-MAH-0299', 'TF000299', 5500, 8500, 21, 'active', NOW() - INTERVAL '85 days', NOW() - INTERVAL '85 days');
INSERT INTO products (id, store_id, category_id, name, sku, barcode, purchase_price, selling_price, stock_qty, status, created_at, updated_at) VALUES ('0a7e4b67-6321-4356-8ca2-1d6e897aee14', '29f4e073-bc1d-4071-ae3a-c8718a90f998', '33138806-48c6-4233-b1ae-838f0a5dc98b', 'Heritage 5-Tier Open Bookshelf Console (Sheesham Wood, Ebony Black)', 'BOO-SHE-0300', 'TF000300', 6500, 10500, 0, 'active', NOW() - INTERVAL '85 days', NOW() - INTERVAL '85 days');


-- 6. SEED CUSTOMERS (200 Customers)
INSERT INTO profiles (id, store_id, full_name, role, is_active, created_at, updated_at) VALUES ('71bbba8d-ec0f-42e6-af38-0a5ba07d4802', '29f4e073-bc1d-4071-ae3a-c8718a90f998', 'Guest Customer', 'cashier', false, NOW() - INTERVAL '90 days', NOW() - INTERVAL '90 days');
INSERT INTO profiles (id, store_id, full_name, role, is_active, created_at, updated_at) VALUES ('90dd686f-c976-404c-9547-557000cd764e', '29f4e073-bc1d-4071-ae3a-c8718a90f998', 'Acro Furniture Solutions Ltd', 'cashier', false, NOW() - INTERVAL '80 days', NOW() - INTERVAL '80 days');
INSERT INTO profiles (id, store_id, full_name, role, is_active, created_at, updated_at) VALUES ('d113bcb3-18ae-4355-b69f-2f62c965abd2', '29f4e073-bc1d-4071-ae3a-c8718a90f998', 'Aditya Patel', 'cashier', false, NOW() - INTERVAL '80 days', NOW() - INTERVAL '80 days');
INSERT INTO profiles (id, store_id, full_name, role, is_active, created_at, updated_at) VALUES ('6705e69c-e9bc-4053-a2de-a072c53f1695', '29f4e073-bc1d-4071-ae3a-c8718a90f998', 'Amit Kumar', 'cashier', false, NOW() - INTERVAL '80 days', NOW() - INTERVAL '80 days');
INSERT INTO profiles (id, store_id, full_name, role, is_active, created_at, updated_at) VALUES ('0f80683b-ed8b-4a2b-8fa6-0dad566dd4fe', '29f4e073-bc1d-4071-ae3a-c8718a90f998', 'Ananya Iyer', 'cashier', false, NOW() - INTERVAL '80 days', NOW() - INTERVAL '80 days');
INSERT INTO profiles (id, store_id, full_name, role, is_active, created_at, updated_at) VALUES ('8c31b479-72b4-43b9-a3e1-aa3702774ecf', '29f4e073-bc1d-4071-ae3a-c8718a90f998', 'Arjun Rao', 'cashier', false, NOW() - INTERVAL '80 days', NOW() - INTERVAL '80 days');
INSERT INTO profiles (id, store_id, full_name, role, is_active, created_at, updated_at) VALUES ('ddb55dda-72c2-4610-8187-c2785a037f5c', '29f4e073-bc1d-4071-ae3a-c8718a90f998', 'Deepak Reddy', 'cashier', false, NOW() - INTERVAL '80 days', NOW() - INTERVAL '80 days');
INSERT INTO profiles (id, store_id, full_name, role, is_active, created_at, updated_at) VALUES ('73267373-7753-4645-972d-4ba7386aa024', '29f4e073-bc1d-4071-ae3a-c8718a90f998', 'Divya Nair', 'cashier', false, NOW() - INTERVAL '80 days', NOW() - INTERVAL '80 days');
INSERT INTO profiles (id, store_id, full_name, role, is_active, created_at, updated_at) VALUES ('f5a765ff-a4bf-4b14-a684-aeb38631a00e', '29f4e073-bc1d-4071-ae3a-c8718a90f998', 'Harish Rao', 'cashier', false, NOW() - INTERVAL '80 days', NOW() - INTERVAL '80 days');
INSERT INTO profiles (id, store_id, full_name, role, is_active, created_at, updated_at) VALUES ('423fffc6-d2b3-43e1-8a90-735de20e5a46', '29f4e073-bc1d-4071-ae3a-c8718a90f998', 'Ishaan Gupta', 'cashier', false, NOW() - INTERVAL '80 days', NOW() - INTERVAL '80 days');
INSERT INTO profiles (id, store_id, full_name, role, is_active, created_at, updated_at) VALUES ('6bd49178-4410-47a0-890b-dea84105ac82', '29f4e073-bc1d-4071-ae3a-c8718a90f998', 'Jyoti Prasad', 'cashier', false, NOW() - INTERVAL '80 days', NOW() - INTERVAL '80 days');
INSERT INTO profiles (id, store_id, full_name, role, is_active, created_at, updated_at) VALUES ('824775a7-5d72-4ca2-813d-9e9a2fc58c43', '29f4e073-bc1d-4071-ae3a-c8718a90f998', 'Karthik Swami', 'cashier', false, NOW() - INTERVAL '80 days', NOW() - INTERVAL '80 days');
INSERT INTO profiles (id, store_id, full_name, role, is_active, created_at, updated_at) VALUES ('ea844c9e-9c57-4d60-bf1b-834245cf3231', '29f4e073-bc1d-4071-ae3a-c8718a90f998', 'Kavitha Hegde', 'cashier', false, NOW() - INTERVAL '80 days', NOW() - INTERVAL '80 days');
INSERT INTO profiles (id, store_id, full_name, role, is_active, created_at, updated_at) VALUES ('2b796eb0-ee40-4a81-9e4c-91ab23b4e371', '29f4e073-bc1d-4071-ae3a-c8718a90f998', 'Vardhaman Textiles Ltd', 'cashier', false, NOW() - INTERVAL '80 days', NOW() - INTERVAL '80 days');
INSERT INTO profiles (id, store_id, full_name, role, is_active, created_at, updated_at) VALUES ('f2d7dc6b-0724-48d4-8830-87fb91220512', '29f4e073-bc1d-4071-ae3a-c8718a90f998', 'Neha Deshmukh', 'cashier', false, NOW() - INTERVAL '80 days', NOW() - INTERVAL '80 days');
INSERT INTO profiles (id, store_id, full_name, role, is_active, created_at, updated_at) VALUES ('e747f946-88bd-438e-9a62-fc83aaf8c14b', '29f4e073-bc1d-4071-ae3a-c8718a90f998', 'Pranav Kulkarni', 'cashier', false, NOW() - INTERVAL '80 days', NOW() - INTERVAL '80 days');
INSERT INTO profiles (id, store_id, full_name, role, is_active, created_at, updated_at) VALUES ('a0d898e0-2e1e-4ef9-b44a-e1b8c6ebff81', '29f4e073-bc1d-4071-ae3a-c8718a90f998', 'Priya Pillai', 'cashier', false, NOW() - INTERVAL '80 days', NOW() - INTERVAL '80 days');
INSERT INTO profiles (id, store_id, full_name, role, is_active, created_at, updated_at) VALUES ('b08719b2-5156-4eca-8116-311b8451fb92', '29f4e073-bc1d-4071-ae3a-c8718a90f998', 'Rahul Verma', 'cashier', false, NOW() - INTERVAL '80 days', NOW() - INTERVAL '80 days');
INSERT INTO profiles (id, store_id, full_name, role, is_active, created_at, updated_at) VALUES ('76cc85fa-6493-4cbb-8e83-03ae17c21bcd', '29f4e073-bc1d-4071-ae3a-c8718a90f998', 'Ramesh Chandra', 'cashier', false, NOW() - INTERVAL '80 days', NOW() - INTERVAL '80 days');
INSERT INTO profiles (id, store_id, full_name, role, is_active, created_at, updated_at) VALUES ('393a4d5c-5f42-4566-9d3a-721bcc06c49f', '29f4e073-bc1d-4071-ae3a-c8718a90f998', 'Ravi Shankar', 'cashier', false, NOW() - INTERVAL '80 days', NOW() - INTERVAL '80 days');
INSERT INTO profiles (id, store_id, full_name, role, is_active, created_at, updated_at) VALUES ('94ca442a-146b-42a3-94e7-942e359bd797', '29f4e073-bc1d-4071-ae3a-c8718a90f998', 'Sandeep Hegde', 'cashier', false, NOW() - INTERVAL '80 days', NOW() - INTERVAL '80 days');
INSERT INTO profiles (id, store_id, full_name, role, is_active, created_at, updated_at) VALUES ('d55569c2-80a5-4faa-936c-9a014fea9e14', '29f4e073-bc1d-4071-ae3a-c8718a90f998', 'Sanjay Dutt', 'cashier', false, NOW() - INTERVAL '80 days', NOW() - INTERVAL '80 days');
INSERT INTO profiles (id, store_id, full_name, role, is_active, created_at, updated_at) VALUES ('7f730e61-accd-4787-8e42-85969c5a4c1f', '29f4e073-bc1d-4071-ae3a-c8718a90f998', 'Sarita Mishra', 'cashier', false, NOW() - INTERVAL '80 days', NOW() - INTERVAL '80 days');
INSERT INTO profiles (id, store_id, full_name, role, is_active, created_at, updated_at) VALUES ('726c7c90-e935-4684-9b19-45760a539929', '29f4e073-bc1d-4071-ae3a-c8718a90f998', 'Siddharth Sen', 'cashier', false, NOW() - INTERVAL '80 days', NOW() - INTERVAL '80 days');
INSERT INTO profiles (id, store_id, full_name, role, is_active, created_at, updated_at) VALUES ('51c3acbd-402b-4ef4-b81a-62c3c3ee90d1', '29f4e073-bc1d-4071-ae3a-c8718a90f998', 'Sneha Rao', 'cashier', false, NOW() - INTERVAL '80 days', NOW() - INTERVAL '80 days');
INSERT INTO profiles (id, store_id, full_name, role, is_active, created_at, updated_at) VALUES ('9a3545ea-cdb6-4a45-a37a-06e01bf24c33', '29f4e073-bc1d-4071-ae3a-c8718a90f998', 'Acro Furniture Solutions Ltd', 'cashier', false, NOW() - INTERVAL '80 days', NOW() - INTERVAL '80 days');
INSERT INTO profiles (id, store_id, full_name, role, is_active, created_at, updated_at) VALUES ('d43f8a5b-d67b-4c15-a263-843cadc51c11', '29f4e073-bc1d-4071-ae3a-c8718a90f998', 'Vikram Seth', 'cashier', false, NOW() - INTERVAL '80 days', NOW() - INTERVAL '80 days');
INSERT INTO profiles (id, store_id, full_name, role, is_active, created_at, updated_at) VALUES ('b8b8f253-4786-414f-be7f-fb012117adea', '29f4e073-bc1d-4071-ae3a-c8718a90f998', 'Vivek Oberoi', 'cashier', false, NOW() - INTERVAL '80 days', NOW() - INTERVAL '80 days');
INSERT INTO profiles (id, store_id, full_name, role, is_active, created_at, updated_at) VALUES ('171cab1e-4a02-4e0f-92a0-8e3968fae6b1', '29f4e073-bc1d-4071-ae3a-c8718a90f998', 'Yash Pal', 'cashier', false, NOW() - INTERVAL '80 days', NOW() - INTERVAL '80 days');
INSERT INTO profiles (id, store_id, full_name, role, is_active, created_at, updated_at) VALUES ('a299844a-a78b-4a73-a280-271cd2c278f2', '29f4e073-bc1d-4071-ae3a-c8718a90f998', 'Zeeshan Khan', 'cashier', false, NOW() - INTERVAL '80 days', NOW() - INTERVAL '80 days');
INSERT INTO profiles (id, store_id, full_name, role, is_active, created_at, updated_at) VALUES ('357f7df9-dfe8-4bc3-8274-5b1fa52f170e', '29f4e073-bc1d-4071-ae3a-c8718a90f998', 'Vijay Mallya', 'cashier', false, NOW() - INTERVAL '80 days', NOW() - INTERVAL '80 days');
INSERT INTO profiles (id, store_id, full_name, role, is_active, created_at, updated_at) VALUES ('7d0d001a-dbb4-4b21-9eb3-9dc74d64c690', '29f4e073-bc1d-4071-ae3a-c8718a90f998', 'Aarav Sharma', 'cashier', false, NOW() - INTERVAL '80 days', NOW() - INTERVAL '80 days');
INSERT INTO profiles (id, store_id, full_name, role, is_active, created_at, updated_at) VALUES ('1fcf0a58-e0d1-4b55-8dbe-9c15a65703dd', '29f4e073-bc1d-4071-ae3a-c8718a90f998', 'Aditya Patel 31', 'cashier', false, NOW() - INTERVAL '80 days', NOW() - INTERVAL '80 days');
INSERT INTO profiles (id, store_id, full_name, role, is_active, created_at, updated_at) VALUES ('33c1a95f-43b4-435b-9662-981a9ae15424', '29f4e073-bc1d-4071-ae3a-c8718a90f998', 'Amit Kumar 32', 'cashier', false, NOW() - INTERVAL '80 days', NOW() - INTERVAL '80 days');
INSERT INTO profiles (id, store_id, full_name, role, is_active, created_at, updated_at) VALUES ('4ea5e645-5121-4c04-8106-54ca73c5d97c', '29f4e073-bc1d-4071-ae3a-c8718a90f998', 'Ananya Iyer 33', 'cashier', false, NOW() - INTERVAL '80 days', NOW() - INTERVAL '80 days');
INSERT INTO profiles (id, store_id, full_name, role, is_active, created_at, updated_at) VALUES ('cf93aa71-5a22-419d-b892-4af8b9bf94d0', '29f4e073-bc1d-4071-ae3a-c8718a90f998', 'Arjun Rao 34', 'cashier', false, NOW() - INTERVAL '80 days', NOW() - INTERVAL '80 days');
INSERT INTO profiles (id, store_id, full_name, role, is_active, created_at, updated_at) VALUES ('f4660e35-4ef0-4ba6-b347-01cff858e992', '29f4e073-bc1d-4071-ae3a-c8718a90f998', 'Deepak Reddy 35', 'cashier', false, NOW() - INTERVAL '80 days', NOW() - INTERVAL '80 days');
INSERT INTO profiles (id, store_id, full_name, role, is_active, created_at, updated_at) VALUES ('d8503b06-b791-41b8-af74-f497480a00cb', '29f4e073-bc1d-4071-ae3a-c8718a90f998', 'Vardhaman Textiles Ltd', 'cashier', false, NOW() - INTERVAL '80 days', NOW() - INTERVAL '80 days');
INSERT INTO profiles (id, store_id, full_name, role, is_active, created_at, updated_at) VALUES ('7c5ebfba-af04-4ab0-9a4d-d2316748df30', '29f4e073-bc1d-4071-ae3a-c8718a90f998', 'Harish Rao 37', 'cashier', false, NOW() - INTERVAL '80 days', NOW() - INTERVAL '80 days');
INSERT INTO profiles (id, store_id, full_name, role, is_active, created_at, updated_at) VALUES ('c78e2819-a978-4657-beef-7840033a8eb2', '29f4e073-bc1d-4071-ae3a-c8718a90f998', 'Ishaan Gupta 38', 'cashier', false, NOW() - INTERVAL '80 days', NOW() - INTERVAL '80 days');
INSERT INTO profiles (id, store_id, full_name, role, is_active, created_at, updated_at) VALUES ('541b10c5-0da7-4bbc-a738-3cbe1964a318', '29f4e073-bc1d-4071-ae3a-c8718a90f998', 'Jyoti Prasad 39', 'cashier', false, NOW() - INTERVAL '80 days', NOW() - INTERVAL '80 days');
INSERT INTO profiles (id, store_id, full_name, role, is_active, created_at, updated_at) VALUES ('1ded1765-6f3a-4f3d-a21c-ef4a08dc6b27', '29f4e073-bc1d-4071-ae3a-c8718a90f998', 'Karthik Swami 40', 'cashier', false, NOW() - INTERVAL '80 days', NOW() - INTERVAL '80 days');
INSERT INTO profiles (id, store_id, full_name, role, is_active, created_at, updated_at) VALUES ('2fd34e87-09e8-455b-aab6-cb2df69a2b21', '29f4e073-bc1d-4071-ae3a-c8718a90f998', 'Kavitha Hegde 41', 'cashier', false, NOW() - INTERVAL '80 days', NOW() - INTERVAL '80 days');
INSERT INTO profiles (id, store_id, full_name, role, is_active, created_at, updated_at) VALUES ('7f7df6e7-4282-4dce-a10b-86969bb3bbbf', '29f4e073-bc1d-4071-ae3a-c8718a90f998', 'Manoj Gowda 42', 'cashier', false, NOW() - INTERVAL '80 days', NOW() - INTERVAL '80 days');
INSERT INTO profiles (id, store_id, full_name, role, is_active, created_at, updated_at) VALUES ('82202131-6a3b-4284-b745-dcf66c6bec62', '29f4e073-bc1d-4071-ae3a-c8718a90f998', 'Neha Deshmukh 43', 'cashier', false, NOW() - INTERVAL '80 days', NOW() - INTERVAL '80 days');
INSERT INTO profiles (id, store_id, full_name, role, is_active, created_at, updated_at) VALUES ('43571235-470c-44f2-b0df-46db53805af0', '29f4e073-bc1d-4071-ae3a-c8718a90f998', 'Pranav Kulkarni 44', 'cashier', false, NOW() - INTERVAL '80 days', NOW() - INTERVAL '80 days');
INSERT INTO profiles (id, store_id, full_name, role, is_active, created_at, updated_at) VALUES ('60aefc53-ae9d-4168-b8fc-abe6dd898afb', '29f4e073-bc1d-4071-ae3a-c8718a90f998', 'Priya Pillai 45', 'cashier', false, NOW() - INTERVAL '80 days', NOW() - INTERVAL '80 days');
INSERT INTO profiles (id, store_id, full_name, role, is_active, created_at, updated_at) VALUES ('7ecf9540-cb93-40f7-b530-4ca47c2f0db0', '29f4e073-bc1d-4071-ae3a-c8718a90f998', 'Rahul Verma 46', 'cashier', false, NOW() - INTERVAL '80 days', NOW() - INTERVAL '80 days');
INSERT INTO profiles (id, store_id, full_name, role, is_active, created_at, updated_at) VALUES ('e9ef10f6-44a1-4b10-9dd8-9273bda5aee2', '29f4e073-bc1d-4071-ae3a-c8718a90f998', 'Ramesh Chandra 47', 'cashier', false, NOW() - INTERVAL '80 days', NOW() - INTERVAL '80 days');
INSERT INTO profiles (id, store_id, full_name, role, is_active, created_at, updated_at) VALUES ('48bea2b8-26f2-49b4-8f3d-8510897c893c', '29f4e073-bc1d-4071-ae3a-c8718a90f998', 'Acro Furniture Solutions Ltd', 'cashier', false, NOW() - INTERVAL '80 days', NOW() - INTERVAL '80 days');
INSERT INTO profiles (id, store_id, full_name, role, is_active, created_at, updated_at) VALUES ('40234917-e4c9-4e10-a6cf-e26eaf4c94b8', '29f4e073-bc1d-4071-ae3a-c8718a90f998', 'Sandeep Hegde 49', 'cashier', false, NOW() - INTERVAL '80 days', NOW() - INTERVAL '80 days');
INSERT INTO profiles (id, store_id, full_name, role, is_active, created_at, updated_at) VALUES ('9ff4248e-8f7e-490c-a0cb-10d794c5b132', '29f4e073-bc1d-4071-ae3a-c8718a90f998', 'Sanjay Dutt 50', 'cashier', false, NOW() - INTERVAL '80 days', NOW() - INTERVAL '80 days');
INSERT INTO profiles (id, store_id, full_name, role, is_active, created_at, updated_at) VALUES ('ce1829c1-dca4-48c4-ac90-3740e462e72f', '29f4e073-bc1d-4071-ae3a-c8718a90f998', 'Sarita Mishra 51', 'cashier', false, NOW() - INTERVAL '80 days', NOW() - INTERVAL '80 days');
INSERT INTO profiles (id, store_id, full_name, role, is_active, created_at, updated_at) VALUES ('d0628c46-4414-4745-9b2d-3370c70dd744', '29f4e073-bc1d-4071-ae3a-c8718a90f998', 'Siddharth Sen 52', 'cashier', false, NOW() - INTERVAL '80 days', NOW() - INTERVAL '80 days');
INSERT INTO profiles (id, store_id, full_name, role, is_active, created_at, updated_at) VALUES ('485defaa-1662-4597-98a9-09133d3686ac', '29f4e073-bc1d-4071-ae3a-c8718a90f998', 'Sneha Rao 53', 'cashier', false, NOW() - INTERVAL '80 days', NOW() - INTERVAL '80 days');
INSERT INTO profiles (id, store_id, full_name, role, is_active, created_at, updated_at) VALUES ('92edbe5c-966d-4e17-ac04-ff5ec2d0d264', '29f4e073-bc1d-4071-ae3a-c8718a90f998', 'Suresh Prabhu 54', 'cashier', false, NOW() - INTERVAL '80 days', NOW() - INTERVAL '80 days');
INSERT INTO profiles (id, store_id, full_name, role, is_active, created_at, updated_at) VALUES ('b42db050-a0f5-453e-b3e0-a60b2eec9ffe', '29f4e073-bc1d-4071-ae3a-c8718a90f998', 'Vikram Seth 55', 'cashier', false, NOW() - INTERVAL '80 days', NOW() - INTERVAL '80 days');
INSERT INTO profiles (id, store_id, full_name, role, is_active, created_at, updated_at) VALUES ('254a5afb-0ee9-41aa-ac5a-066683043492', '29f4e073-bc1d-4071-ae3a-c8718a90f998', 'Vivek Oberoi 56', 'cashier', false, NOW() - INTERVAL '80 days', NOW() - INTERVAL '80 days');
INSERT INTO profiles (id, store_id, full_name, role, is_active, created_at, updated_at) VALUES ('61eb783e-c5b3-47ae-a8a1-cdab3e70cc44', '29f4e073-bc1d-4071-ae3a-c8718a90f998', 'Yash Pal 57', 'cashier', false, NOW() - INTERVAL '80 days', NOW() - INTERVAL '80 days');
INSERT INTO profiles (id, store_id, full_name, role, is_active, created_at, updated_at) VALUES ('8b0c3aaf-1ede-4bf0-886c-643de18d09cb', '29f4e073-bc1d-4071-ae3a-c8718a90f998', 'Zeeshan Khan 58', 'cashier', false, NOW() - INTERVAL '80 days', NOW() - INTERVAL '80 days');
INSERT INTO profiles (id, store_id, full_name, role, is_active, created_at, updated_at) VALUES ('a2406ee5-7a1b-4bb2-9e61-3bc23b53778c', '29f4e073-bc1d-4071-ae3a-c8718a90f998', 'Vijay Mallya 59', 'cashier', false, NOW() - INTERVAL '80 days', NOW() - INTERVAL '80 days');
INSERT INTO profiles (id, store_id, full_name, role, is_active, created_at, updated_at) VALUES ('2e454930-5820-4256-af17-efbc4a08a30e', '29f4e073-bc1d-4071-ae3a-c8718a90f998', 'Vardhaman Textiles Ltd', 'cashier', false, NOW() - INTERVAL '80 days', NOW() - INTERVAL '80 days');
INSERT INTO profiles (id, store_id, full_name, role, is_active, created_at, updated_at) VALUES ('203af489-076f-4b00-b57b-f8beb2bf0c6a', '29f4e073-bc1d-4071-ae3a-c8718a90f998', 'Aditya Patel 61', 'cashier', false, NOW() - INTERVAL '80 days', NOW() - INTERVAL '80 days');
INSERT INTO profiles (id, store_id, full_name, role, is_active, created_at, updated_at) VALUES ('51d3de75-40b9-4541-909c-511fe789c2e4', '29f4e073-bc1d-4071-ae3a-c8718a90f998', 'Amit Kumar 62', 'cashier', false, NOW() - INTERVAL '80 days', NOW() - INTERVAL '80 days');
INSERT INTO profiles (id, store_id, full_name, role, is_active, created_at, updated_at) VALUES ('70d940e6-7ff5-4f58-8708-9e76d62d3ecb', '29f4e073-bc1d-4071-ae3a-c8718a90f998', 'Ananya Iyer 63', 'cashier', false, NOW() - INTERVAL '80 days', NOW() - INTERVAL '80 days');
INSERT INTO profiles (id, store_id, full_name, role, is_active, created_at, updated_at) VALUES ('50f4891f-cf05-44a9-a113-52e5d65d6012', '29f4e073-bc1d-4071-ae3a-c8718a90f998', 'Arjun Rao 64', 'cashier', false, NOW() - INTERVAL '80 days', NOW() - INTERVAL '80 days');
INSERT INTO profiles (id, store_id, full_name, role, is_active, created_at, updated_at) VALUES ('7727e7e0-d3f5-4e60-a235-a9323116885a', '29f4e073-bc1d-4071-ae3a-c8718a90f998', 'Deepak Reddy 65', 'cashier', false, NOW() - INTERVAL '80 days', NOW() - INTERVAL '80 days');
INSERT INTO profiles (id, store_id, full_name, role, is_active, created_at, updated_at) VALUES ('a133e793-1cd1-463e-92ad-63ec42ddaca2', '29f4e073-bc1d-4071-ae3a-c8718a90f998', 'Divya Nair 66', 'cashier', false, NOW() - INTERVAL '80 days', NOW() - INTERVAL '80 days');
INSERT INTO profiles (id, store_id, full_name, role, is_active, created_at, updated_at) VALUES ('292a0a20-19c3-4131-9a8a-c1d19265d7ec', '29f4e073-bc1d-4071-ae3a-c8718a90f998', 'Harish Rao 67', 'cashier', false, NOW() - INTERVAL '80 days', NOW() - INTERVAL '80 days');
INSERT INTO profiles (id, store_id, full_name, role, is_active, created_at, updated_at) VALUES ('56577f79-57df-483c-a128-f1d3cfbb2e23', '29f4e073-bc1d-4071-ae3a-c8718a90f998', 'Ishaan Gupta 68', 'cashier', false, NOW() - INTERVAL '80 days', NOW() - INTERVAL '80 days');
INSERT INTO profiles (id, store_id, full_name, role, is_active, created_at, updated_at) VALUES ('757b93bd-a771-4f9b-a377-00e954f9e4e4', '29f4e073-bc1d-4071-ae3a-c8718a90f998', 'Jyoti Prasad 69', 'cashier', false, NOW() - INTERVAL '80 days', NOW() - INTERVAL '80 days');
INSERT INTO profiles (id, store_id, full_name, role, is_active, created_at, updated_at) VALUES ('1674724b-813d-4af1-bcaf-8897e2d31445', '29f4e073-bc1d-4071-ae3a-c8718a90f998', 'Karthik Swami 70', 'cashier', false, NOW() - INTERVAL '80 days', NOW() - INTERVAL '80 days');
INSERT INTO profiles (id, store_id, full_name, role, is_active, created_at, updated_at) VALUES ('d29f480f-b0b8-48b7-aaaa-4b06effff19d', '29f4e073-bc1d-4071-ae3a-c8718a90f998', 'Kavitha Hegde 71', 'cashier', false, NOW() - INTERVAL '80 days', NOW() - INTERVAL '80 days');
INSERT INTO profiles (id, store_id, full_name, role, is_active, created_at, updated_at) VALUES ('d7d3e010-6216-4abe-8a03-3ae11e0befd8', '29f4e073-bc1d-4071-ae3a-c8718a90f998', 'Acro Furniture Solutions Ltd', 'cashier', false, NOW() - INTERVAL '80 days', NOW() - INTERVAL '80 days');
INSERT INTO profiles (id, store_id, full_name, role, is_active, created_at, updated_at) VALUES ('6209bd39-9047-4096-b30f-da56c31390cd', '29f4e073-bc1d-4071-ae3a-c8718a90f998', 'Neha Deshmukh 73', 'cashier', false, NOW() - INTERVAL '80 days', NOW() - INTERVAL '80 days');
INSERT INTO profiles (id, store_id, full_name, role, is_active, created_at, updated_at) VALUES ('e9846dd7-6423-44a0-ae1c-d174fccd0a54', '29f4e073-bc1d-4071-ae3a-c8718a90f998', 'Pranav Kulkarni 74', 'cashier', false, NOW() - INTERVAL '80 days', NOW() - INTERVAL '80 days');
INSERT INTO profiles (id, store_id, full_name, role, is_active, created_at, updated_at) VALUES ('52ddff75-b82f-4234-a5e2-4668320486aa', '29f4e073-bc1d-4071-ae3a-c8718a90f998', 'Priya Pillai 75', 'cashier', false, NOW() - INTERVAL '80 days', NOW() - INTERVAL '80 days');
INSERT INTO profiles (id, store_id, full_name, role, is_active, created_at, updated_at) VALUES ('08e2f365-7176-4746-81d4-20151d214559', '29f4e073-bc1d-4071-ae3a-c8718a90f998', 'Rahul Verma 76', 'cashier', false, NOW() - INTERVAL '80 days', NOW() - INTERVAL '80 days');
INSERT INTO profiles (id, store_id, full_name, role, is_active, created_at, updated_at) VALUES ('7dbac48e-2742-4314-8d9e-e979473dff93', '29f4e073-bc1d-4071-ae3a-c8718a90f998', 'Ramesh Chandra 77', 'cashier', false, NOW() - INTERVAL '80 days', NOW() - INTERVAL '80 days');
INSERT INTO profiles (id, store_id, full_name, role, is_active, created_at, updated_at) VALUES ('6d270c88-82d8-4868-86ba-d23654b15266', '29f4e073-bc1d-4071-ae3a-c8718a90f998', 'Ravi Shankar 78', 'cashier', false, NOW() - INTERVAL '80 days', NOW() - INTERVAL '80 days');
INSERT INTO profiles (id, store_id, full_name, role, is_active, created_at, updated_at) VALUES ('65490036-e2f6-4fcf-b4bc-69258751b44e', '29f4e073-bc1d-4071-ae3a-c8718a90f998', 'Sandeep Hegde 79', 'cashier', false, NOW() - INTERVAL '80 days', NOW() - INTERVAL '80 days');
INSERT INTO profiles (id, store_id, full_name, role, is_active, created_at, updated_at) VALUES ('d8651f79-8e3a-47c8-b65a-28f813472a84', '29f4e073-bc1d-4071-ae3a-c8718a90f998', 'Sanjay Dutt 80', 'cashier', false, NOW() - INTERVAL '80 days', NOW() - INTERVAL '80 days');
INSERT INTO profiles (id, store_id, full_name, role, is_active, created_at, updated_at) VALUES ('4c6f098d-5a01-4291-ae64-aae89b2783bd', '29f4e073-bc1d-4071-ae3a-c8718a90f998', 'Sarita Mishra 81', 'cashier', false, NOW() - INTERVAL '80 days', NOW() - INTERVAL '80 days');
INSERT INTO profiles (id, store_id, full_name, role, is_active, created_at, updated_at) VALUES ('4933da1e-7890-4a65-b78b-178d60a67626', '29f4e073-bc1d-4071-ae3a-c8718a90f998', 'Siddharth Sen 82', 'cashier', false, NOW() - INTERVAL '80 days', NOW() - INTERVAL '80 days');
INSERT INTO profiles (id, store_id, full_name, role, is_active, created_at, updated_at) VALUES ('fa1b6b43-8a5c-42bd-b01b-d507f7fdd5e0', '29f4e073-bc1d-4071-ae3a-c8718a90f998', 'Sneha Rao 83', 'cashier', false, NOW() - INTERVAL '80 days', NOW() - INTERVAL '80 days');
INSERT INTO profiles (id, store_id, full_name, role, is_active, created_at, updated_at) VALUES ('9f357975-f783-477a-bb7c-6e4500359cf7', '29f4e073-bc1d-4071-ae3a-c8718a90f998', 'Vardhaman Textiles Ltd', 'cashier', false, NOW() - INTERVAL '80 days', NOW() - INTERVAL '80 days');
INSERT INTO profiles (id, store_id, full_name, role, is_active, created_at, updated_at) VALUES ('b8584071-8b04-471e-9a0e-4c2f5bf4eb49', '29f4e073-bc1d-4071-ae3a-c8718a90f998', 'Vikram Seth 85', 'cashier', false, NOW() - INTERVAL '80 days', NOW() - INTERVAL '80 days');
INSERT INTO profiles (id, store_id, full_name, role, is_active, created_at, updated_at) VALUES ('6c2eecd3-9613-4b7a-acf9-d8c8690c6e1a', '29f4e073-bc1d-4071-ae3a-c8718a90f998', 'Vivek Oberoi 86', 'cashier', false, NOW() - INTERVAL '80 days', NOW() - INTERVAL '80 days');
INSERT INTO profiles (id, store_id, full_name, role, is_active, created_at, updated_at) VALUES ('c2fa34cb-7117-43c4-b614-90de6239a2a7', '29f4e073-bc1d-4071-ae3a-c8718a90f998', 'Yash Pal 87', 'cashier', false, NOW() - INTERVAL '80 days', NOW() - INTERVAL '80 days');
INSERT INTO profiles (id, store_id, full_name, role, is_active, created_at, updated_at) VALUES ('7d59df87-db8f-452c-8630-cf6d581d1caf', '29f4e073-bc1d-4071-ae3a-c8718a90f998', 'Zeeshan Khan 88', 'cashier', false, NOW() - INTERVAL '80 days', NOW() - INTERVAL '80 days');
INSERT INTO profiles (id, store_id, full_name, role, is_active, created_at, updated_at) VALUES ('575c1dfc-2222-40aa-ab1d-6eccae3d1efb', '29f4e073-bc1d-4071-ae3a-c8718a90f998', 'Vijay Mallya 89', 'cashier', false, NOW() - INTERVAL '80 days', NOW() - INTERVAL '80 days');
INSERT INTO profiles (id, store_id, full_name, role, is_active, created_at, updated_at) VALUES ('1b62d874-6081-4866-97f8-3d80af24f697', '29f4e073-bc1d-4071-ae3a-c8718a90f998', 'Aarav Sharma 90', 'cashier', false, NOW() - INTERVAL '80 days', NOW() - INTERVAL '80 days');
INSERT INTO profiles (id, store_id, full_name, role, is_active, created_at, updated_at) VALUES ('e0e1fce4-0cff-4763-bb1a-fc3f2931a608', '29f4e073-bc1d-4071-ae3a-c8718a90f998', 'Aditya Patel 91', 'cashier', false, NOW() - INTERVAL '80 days', NOW() - INTERVAL '80 days');
INSERT INTO profiles (id, store_id, full_name, role, is_active, created_at, updated_at) VALUES ('c3aafc8e-0c48-47ec-8cf8-6ff78e89ec59', '29f4e073-bc1d-4071-ae3a-c8718a90f998', 'Amit Kumar 92', 'cashier', false, NOW() - INTERVAL '80 days', NOW() - INTERVAL '80 days');
INSERT INTO profiles (id, store_id, full_name, role, is_active, created_at, updated_at) VALUES ('23d63b78-1f99-40c3-b96e-74287b005148', '29f4e073-bc1d-4071-ae3a-c8718a90f998', 'Ananya Iyer 93', 'cashier', false, NOW() - INTERVAL '80 days', NOW() - INTERVAL '80 days');
INSERT INTO profiles (id, store_id, full_name, role, is_active, created_at, updated_at) VALUES ('163e9f36-5c2b-4c5c-b33a-a64bcf2f02c5', '29f4e073-bc1d-4071-ae3a-c8718a90f998', 'Arjun Rao 94', 'cashier', false, NOW() - INTERVAL '80 days', NOW() - INTERVAL '80 days');
INSERT INTO profiles (id, store_id, full_name, role, is_active, created_at, updated_at) VALUES ('7d6bc60e-7b51-460b-b9ed-6533a628ada9', '29f4e073-bc1d-4071-ae3a-c8718a90f998', 'Deepak Reddy 95', 'cashier', false, NOW() - INTERVAL '80 days', NOW() - INTERVAL '80 days');
INSERT INTO profiles (id, store_id, full_name, role, is_active, created_at, updated_at) VALUES ('77fbb4aa-253b-4d64-8cf7-c5955ddfe688', '29f4e073-bc1d-4071-ae3a-c8718a90f998', 'Acro Furniture Solutions Ltd', 'cashier', false, NOW() - INTERVAL '80 days', NOW() - INTERVAL '80 days');
INSERT INTO profiles (id, store_id, full_name, role, is_active, created_at, updated_at) VALUES ('9968a484-4492-4332-9113-60a3ad7abc70', '29f4e073-bc1d-4071-ae3a-c8718a90f998', 'Harish Rao 97', 'cashier', false, NOW() - INTERVAL '80 days', NOW() - INTERVAL '80 days');
INSERT INTO profiles (id, store_id, full_name, role, is_active, created_at, updated_at) VALUES ('67eda06d-a7c0-4cdf-8a05-3798694b08fc', '29f4e073-bc1d-4071-ae3a-c8718a90f998', 'Ishaan Gupta 98', 'cashier', false, NOW() - INTERVAL '80 days', NOW() - INTERVAL '80 days');
INSERT INTO profiles (id, store_id, full_name, role, is_active, created_at, updated_at) VALUES ('9a0ca34f-bd3f-459f-ac40-387e9fd7de42', '29f4e073-bc1d-4071-ae3a-c8718a90f998', 'Jyoti Prasad 99', 'cashier', false, NOW() - INTERVAL '80 days', NOW() - INTERVAL '80 days');
INSERT INTO profiles (id, store_id, full_name, role, is_active, created_at, updated_at) VALUES ('3cfaa629-0612-41f1-8e28-2ca04e2caf72', '29f4e073-bc1d-4071-ae3a-c8718a90f998', 'Karthik Swami 100', 'cashier', false, NOW() - INTERVAL '80 days', NOW() - INTERVAL '80 days');
INSERT INTO profiles (id, store_id, full_name, role, is_active, created_at, updated_at) VALUES ('4275bc7d-266b-4637-bdb8-0ffd0f41f290', '29f4e073-bc1d-4071-ae3a-c8718a90f998', 'Kavitha Hegde 101', 'cashier', false, NOW() - INTERVAL '80 days', NOW() - INTERVAL '80 days');
INSERT INTO profiles (id, store_id, full_name, role, is_active, created_at, updated_at) VALUES ('5328410e-bb86-4dbf-bcbb-366c5db65c8c', '29f4e073-bc1d-4071-ae3a-c8718a90f998', 'Manoj Gowda 102', 'cashier', false, NOW() - INTERVAL '80 days', NOW() - INTERVAL '80 days');
INSERT INTO profiles (id, store_id, full_name, role, is_active, created_at, updated_at) VALUES ('47629ae1-38e6-415c-95ab-41ac11cea87c', '29f4e073-bc1d-4071-ae3a-c8718a90f998', 'Neha Deshmukh 103', 'cashier', false, NOW() - INTERVAL '80 days', NOW() - INTERVAL '80 days');
INSERT INTO profiles (id, store_id, full_name, role, is_active, created_at, updated_at) VALUES ('64b94316-6225-4d0e-af7c-f45662ca62fc', '29f4e073-bc1d-4071-ae3a-c8718a90f998', 'Pranav Kulkarni 104', 'cashier', false, NOW() - INTERVAL '80 days', NOW() - INTERVAL '80 days');
INSERT INTO profiles (id, store_id, full_name, role, is_active, created_at, updated_at) VALUES ('35d43947-deaa-489a-ae8f-f9ae6b1733ae', '29f4e073-bc1d-4071-ae3a-c8718a90f998', 'Priya Pillai 105', 'cashier', false, NOW() - INTERVAL '80 days', NOW() - INTERVAL '80 days');
INSERT INTO profiles (id, store_id, full_name, role, is_active, created_at, updated_at) VALUES ('a4af560f-4c4a-472b-9479-ee666e83ec1a', '29f4e073-bc1d-4071-ae3a-c8718a90f998', 'Rahul Verma 106', 'cashier', false, NOW() - INTERVAL '80 days', NOW() - INTERVAL '80 days');
INSERT INTO profiles (id, store_id, full_name, role, is_active, created_at, updated_at) VALUES ('0d6a3e61-5a4a-432d-9452-fe3f76c4a97a', '29f4e073-bc1d-4071-ae3a-c8718a90f998', 'Ramesh Chandra 107', 'cashier', false, NOW() - INTERVAL '80 days', NOW() - INTERVAL '80 days');
INSERT INTO profiles (id, store_id, full_name, role, is_active, created_at, updated_at) VALUES ('0eb1ae3f-6279-486a-b69c-6081e03d67f2', '29f4e073-bc1d-4071-ae3a-c8718a90f998', 'Vardhaman Textiles Ltd', 'cashier', false, NOW() - INTERVAL '80 days', NOW() - INTERVAL '80 days');
INSERT INTO profiles (id, store_id, full_name, role, is_active, created_at, updated_at) VALUES ('d2f162d5-1bb1-4e6c-bc74-70b96449c975', '29f4e073-bc1d-4071-ae3a-c8718a90f998', 'Sandeep Hegde 109', 'cashier', false, NOW() - INTERVAL '80 days', NOW() - INTERVAL '80 days');
INSERT INTO profiles (id, store_id, full_name, role, is_active, created_at, updated_at) VALUES ('2f7bb3df-50a8-4fe5-899e-64110299e11e', '29f4e073-bc1d-4071-ae3a-c8718a90f998', 'Sanjay Dutt 110', 'cashier', false, NOW() - INTERVAL '80 days', NOW() - INTERVAL '80 days');
INSERT INTO profiles (id, store_id, full_name, role, is_active, created_at, updated_at) VALUES ('e8f9ef3e-d2f1-4bc7-a46b-1d63336d8ee3', '29f4e073-bc1d-4071-ae3a-c8718a90f998', 'Sarita Mishra 111', 'cashier', false, NOW() - INTERVAL '80 days', NOW() - INTERVAL '80 days');
INSERT INTO profiles (id, store_id, full_name, role, is_active, created_at, updated_at) VALUES ('fa319d01-263f-48e0-b377-d3b837a3a043', '29f4e073-bc1d-4071-ae3a-c8718a90f998', 'Siddharth Sen 112', 'cashier', false, NOW() - INTERVAL '80 days', NOW() - INTERVAL '80 days');
INSERT INTO profiles (id, store_id, full_name, role, is_active, created_at, updated_at) VALUES ('82f5eb08-4560-4966-92e8-29cacb8df631', '29f4e073-bc1d-4071-ae3a-c8718a90f998', 'Sneha Rao 113', 'cashier', false, NOW() - INTERVAL '80 days', NOW() - INTERVAL '80 days');
INSERT INTO profiles (id, store_id, full_name, role, is_active, created_at, updated_at) VALUES ('d74d59cf-738d-41e2-8026-3c5c318cc806', '29f4e073-bc1d-4071-ae3a-c8718a90f998', 'Suresh Prabhu 114', 'cashier', false, NOW() - INTERVAL '80 days', NOW() - INTERVAL '80 days');
INSERT INTO profiles (id, store_id, full_name, role, is_active, created_at, updated_at) VALUES ('1c041398-b901-4ea8-be33-66ab6c730590', '29f4e073-bc1d-4071-ae3a-c8718a90f998', 'Vikram Seth 115', 'cashier', false, NOW() - INTERVAL '80 days', NOW() - INTERVAL '80 days');
INSERT INTO profiles (id, store_id, full_name, role, is_active, created_at, updated_at) VALUES ('337a27e2-4aff-41e5-83b0-685b21f8109b', '29f4e073-bc1d-4071-ae3a-c8718a90f998', 'Vivek Oberoi 116', 'cashier', false, NOW() - INTERVAL '80 days', NOW() - INTERVAL '80 days');
INSERT INTO profiles (id, store_id, full_name, role, is_active, created_at, updated_at) VALUES ('684500cc-23a4-4106-8793-20ed6414b7d1', '29f4e073-bc1d-4071-ae3a-c8718a90f998', 'Yash Pal 117', 'cashier', false, NOW() - INTERVAL '80 days', NOW() - INTERVAL '80 days');
INSERT INTO profiles (id, store_id, full_name, role, is_active, created_at, updated_at) VALUES ('bceb2abe-00e7-4087-861d-3bf852b1dd4f', '29f4e073-bc1d-4071-ae3a-c8718a90f998', 'Zeeshan Khan 118', 'cashier', false, NOW() - INTERVAL '80 days', NOW() - INTERVAL '80 days');
INSERT INTO profiles (id, store_id, full_name, role, is_active, created_at, updated_at) VALUES ('dc41d761-7b9b-4fdb-b08d-0eb25624c8df', '29f4e073-bc1d-4071-ae3a-c8718a90f998', 'Vijay Mallya 119', 'cashier', false, NOW() - INTERVAL '80 days', NOW() - INTERVAL '80 days');
INSERT INTO profiles (id, store_id, full_name, role, is_active, created_at, updated_at) VALUES ('37c49307-5cc7-4583-ba75-5fec4b4aff80', '29f4e073-bc1d-4071-ae3a-c8718a90f998', 'Acro Furniture Solutions Ltd', 'cashier', false, NOW() - INTERVAL '80 days', NOW() - INTERVAL '80 days');
INSERT INTO profiles (id, store_id, full_name, role, is_active, created_at, updated_at) VALUES ('f3fa6157-265c-471f-927c-d03328a36af7', '29f4e073-bc1d-4071-ae3a-c8718a90f998', 'Aditya Patel 121', 'cashier', false, NOW() - INTERVAL '80 days', NOW() - INTERVAL '80 days');
INSERT INTO profiles (id, store_id, full_name, role, is_active, created_at, updated_at) VALUES ('6b76f9ef-1139-479f-ac74-25d548fc1f88', '29f4e073-bc1d-4071-ae3a-c8718a90f998', 'Amit Kumar 122', 'cashier', false, NOW() - INTERVAL '80 days', NOW() - INTERVAL '80 days');
INSERT INTO profiles (id, store_id, full_name, role, is_active, created_at, updated_at) VALUES ('4193f441-6bab-43f2-9bd2-7e2655382392', '29f4e073-bc1d-4071-ae3a-c8718a90f998', 'Ananya Iyer 123', 'cashier', false, NOW() - INTERVAL '80 days', NOW() - INTERVAL '80 days');
INSERT INTO profiles (id, store_id, full_name, role, is_active, created_at, updated_at) VALUES ('1ef1ee40-f35b-43e3-b290-6a74a908d2ab', '29f4e073-bc1d-4071-ae3a-c8718a90f998', 'Arjun Rao 124', 'cashier', false, NOW() - INTERVAL '80 days', NOW() - INTERVAL '80 days');
INSERT INTO profiles (id, store_id, full_name, role, is_active, created_at, updated_at) VALUES ('8ee1b74b-9373-4127-8264-a89bde235248', '29f4e073-bc1d-4071-ae3a-c8718a90f998', 'Deepak Reddy 125', 'cashier', false, NOW() - INTERVAL '80 days', NOW() - INTERVAL '80 days');
INSERT INTO profiles (id, store_id, full_name, role, is_active, created_at, updated_at) VALUES ('521ea58f-f68b-4674-92d7-521c565d1cb2', '29f4e073-bc1d-4071-ae3a-c8718a90f998', 'Divya Nair 126', 'cashier', false, NOW() - INTERVAL '80 days', NOW() - INTERVAL '80 days');
INSERT INTO profiles (id, store_id, full_name, role, is_active, created_at, updated_at) VALUES ('ff3ee639-7659-4f60-98a9-f10d2ea5be45', '29f4e073-bc1d-4071-ae3a-c8718a90f998', 'Harish Rao 127', 'cashier', false, NOW() - INTERVAL '80 days', NOW() - INTERVAL '80 days');
INSERT INTO profiles (id, store_id, full_name, role, is_active, created_at, updated_at) VALUES ('35ec9837-6aa7-43bf-a152-81fb6cc89cc3', '29f4e073-bc1d-4071-ae3a-c8718a90f998', 'Ishaan Gupta 128', 'cashier', false, NOW() - INTERVAL '80 days', NOW() - INTERVAL '80 days');
INSERT INTO profiles (id, store_id, full_name, role, is_active, created_at, updated_at) VALUES ('b38178ce-0fb9-4275-8d99-d7d2506fa64e', '29f4e073-bc1d-4071-ae3a-c8718a90f998', 'Jyoti Prasad 129', 'cashier', false, NOW() - INTERVAL '80 days', NOW() - INTERVAL '80 days');
INSERT INTO profiles (id, store_id, full_name, role, is_active, created_at, updated_at) VALUES ('a06d2343-a514-4d9e-9923-83fd2e62af8d', '29f4e073-bc1d-4071-ae3a-c8718a90f998', 'Karthik Swami 130', 'cashier', false, NOW() - INTERVAL '80 days', NOW() - INTERVAL '80 days');
INSERT INTO profiles (id, store_id, full_name, role, is_active, created_at, updated_at) VALUES ('c8e9af72-e7d1-42e9-80df-9344542015e6', '29f4e073-bc1d-4071-ae3a-c8718a90f998', 'Kavitha Hegde 131', 'cashier', false, NOW() - INTERVAL '80 days', NOW() - INTERVAL '80 days');
INSERT INTO profiles (id, store_id, full_name, role, is_active, created_at, updated_at) VALUES ('33bf4b79-a895-484c-b21c-4be899f507d9', '29f4e073-bc1d-4071-ae3a-c8718a90f998', 'Vardhaman Textiles Ltd', 'cashier', false, NOW() - INTERVAL '80 days', NOW() - INTERVAL '80 days');
INSERT INTO profiles (id, store_id, full_name, role, is_active, created_at, updated_at) VALUES ('6328e8eb-9afa-47fa-b756-e6a109dd7675', '29f4e073-bc1d-4071-ae3a-c8718a90f998', 'Neha Deshmukh 133', 'cashier', false, NOW() - INTERVAL '80 days', NOW() - INTERVAL '80 days');
INSERT INTO profiles (id, store_id, full_name, role, is_active, created_at, updated_at) VALUES ('ca602bb9-4d2c-4664-9c0d-ca18f1a1d842', '29f4e073-bc1d-4071-ae3a-c8718a90f998', 'Pranav Kulkarni 134', 'cashier', false, NOW() - INTERVAL '80 days', NOW() - INTERVAL '80 days');
INSERT INTO profiles (id, store_id, full_name, role, is_active, created_at, updated_at) VALUES ('ac48a142-32d8-47d8-82c5-508a5e39b12d', '29f4e073-bc1d-4071-ae3a-c8718a90f998', 'Priya Pillai 135', 'cashier', false, NOW() - INTERVAL '80 days', NOW() - INTERVAL '80 days');
INSERT INTO profiles (id, store_id, full_name, role, is_active, created_at, updated_at) VALUES ('4916a9f7-f687-4ffd-8e25-7f02277cf40a', '29f4e073-bc1d-4071-ae3a-c8718a90f998', 'Rahul Verma 136', 'cashier', false, NOW() - INTERVAL '80 days', NOW() - INTERVAL '80 days');
INSERT INTO profiles (id, store_id, full_name, role, is_active, created_at, updated_at) VALUES ('94e4ff29-5039-449e-aebf-76ec7445886f', '29f4e073-bc1d-4071-ae3a-c8718a90f998', 'Ramesh Chandra 137', 'cashier', false, NOW() - INTERVAL '80 days', NOW() - INTERVAL '80 days');
INSERT INTO profiles (id, store_id, full_name, role, is_active, created_at, updated_at) VALUES ('33c5d240-4292-4c12-b913-c73b963f1a51', '29f4e073-bc1d-4071-ae3a-c8718a90f998', 'Ravi Shankar 138', 'cashier', false, NOW() - INTERVAL '80 days', NOW() - INTERVAL '80 days');
INSERT INTO profiles (id, store_id, full_name, role, is_active, created_at, updated_at) VALUES ('d3e9daed-dd5b-4673-a498-e46dce463a0f', '29f4e073-bc1d-4071-ae3a-c8718a90f998', 'Sandeep Hegde 139', 'cashier', false, NOW() - INTERVAL '80 days', NOW() - INTERVAL '80 days');
INSERT INTO profiles (id, store_id, full_name, role, is_active, created_at, updated_at) VALUES ('fe63f2b1-578f-4f4a-993f-562f20669265', '29f4e073-bc1d-4071-ae3a-c8718a90f998', 'Sanjay Dutt 140', 'cashier', false, NOW() - INTERVAL '80 days', NOW() - INTERVAL '80 days');
INSERT INTO profiles (id, store_id, full_name, role, is_active, created_at, updated_at) VALUES ('d888884e-4ab3-413e-9ce9-63231b5c1356', '29f4e073-bc1d-4071-ae3a-c8718a90f998', 'Sarita Mishra 141', 'cashier', false, NOW() - INTERVAL '80 days', NOW() - INTERVAL '80 days');
INSERT INTO profiles (id, store_id, full_name, role, is_active, created_at, updated_at) VALUES ('bd1625b8-2d3b-47be-93ee-36bf46093183', '29f4e073-bc1d-4071-ae3a-c8718a90f998', 'Siddharth Sen 142', 'cashier', false, NOW() - INTERVAL '80 days', NOW() - INTERVAL '80 days');
INSERT INTO profiles (id, store_id, full_name, role, is_active, created_at, updated_at) VALUES ('f5d5cb40-1089-432a-9f46-1c2841e37d5f', '29f4e073-bc1d-4071-ae3a-c8718a90f998', 'Sneha Rao 143', 'cashier', false, NOW() - INTERVAL '80 days', NOW() - INTERVAL '80 days');
INSERT INTO profiles (id, store_id, full_name, role, is_active, created_at, updated_at) VALUES ('6de7e9d2-f9b9-43ce-bbf5-fb7da41c3c4f', '29f4e073-bc1d-4071-ae3a-c8718a90f998', 'Acro Furniture Solutions Ltd', 'cashier', false, NOW() - INTERVAL '80 days', NOW() - INTERVAL '80 days');
INSERT INTO profiles (id, store_id, full_name, role, is_active, created_at, updated_at) VALUES ('a0fecf17-1d3c-4c19-bda6-cf24e6b6cc2f', '29f4e073-bc1d-4071-ae3a-c8718a90f998', 'Vikram Seth 145', 'cashier', false, NOW() - INTERVAL '80 days', NOW() - INTERVAL '80 days');
INSERT INTO profiles (id, store_id, full_name, role, is_active, created_at, updated_at) VALUES ('c8719ed2-d524-4ae3-84e4-13d6a7cdefbd', '29f4e073-bc1d-4071-ae3a-c8718a90f998', 'Vivek Oberoi 146', 'cashier', false, NOW() - INTERVAL '80 days', NOW() - INTERVAL '80 days');
INSERT INTO profiles (id, store_id, full_name, role, is_active, created_at, updated_at) VALUES ('938eef3b-0ddc-46f4-9af9-e976746cc4d1', '29f4e073-bc1d-4071-ae3a-c8718a90f998', 'Yash Pal 147', 'cashier', false, NOW() - INTERVAL '80 days', NOW() - INTERVAL '80 days');
INSERT INTO profiles (id, store_id, full_name, role, is_active, created_at, updated_at) VALUES ('ffee0bf6-a37e-4a39-8ae1-5755fe753b2d', '29f4e073-bc1d-4071-ae3a-c8718a90f998', 'Zeeshan Khan 148', 'cashier', false, NOW() - INTERVAL '80 days', NOW() - INTERVAL '80 days');
INSERT INTO profiles (id, store_id, full_name, role, is_active, created_at, updated_at) VALUES ('0f2bb91f-154b-43f1-bb12-4146d92c95c2', '29f4e073-bc1d-4071-ae3a-c8718a90f998', 'Vijay Mallya 149', 'cashier', false, NOW() - INTERVAL '80 days', NOW() - INTERVAL '80 days');
INSERT INTO profiles (id, store_id, full_name, role, is_active, created_at, updated_at) VALUES ('0595ca17-0e87-4cf7-82f7-f5a0f0450ff4', '29f4e073-bc1d-4071-ae3a-c8718a90f998', 'Aarav Sharma 150', 'cashier', false, NOW() - INTERVAL '80 days', NOW() - INTERVAL '80 days');
INSERT INTO profiles (id, store_id, full_name, role, is_active, created_at, updated_at) VALUES ('e9b3020b-29d1-41b4-918d-3f23e16f0637', '29f4e073-bc1d-4071-ae3a-c8718a90f998', 'Aditya Patel 151', 'cashier', false, NOW() - INTERVAL '80 days', NOW() - INTERVAL '80 days');
INSERT INTO profiles (id, store_id, full_name, role, is_active, created_at, updated_at) VALUES ('65288b25-6fe9-457a-825b-3a3d0c1a7e7c', '29f4e073-bc1d-4071-ae3a-c8718a90f998', 'Amit Kumar 152', 'cashier', false, NOW() - INTERVAL '80 days', NOW() - INTERVAL '80 days');
INSERT INTO profiles (id, store_id, full_name, role, is_active, created_at, updated_at) VALUES ('0549e781-a057-4fa2-b225-ade6b0465631', '29f4e073-bc1d-4071-ae3a-c8718a90f998', 'Ananya Iyer 153', 'cashier', false, NOW() - INTERVAL '80 days', NOW() - INTERVAL '80 days');
INSERT INTO profiles (id, store_id, full_name, role, is_active, created_at, updated_at) VALUES ('c7e4034b-6b01-4ffd-8c9f-b9ece7404a73', '29f4e073-bc1d-4071-ae3a-c8718a90f998', 'Arjun Rao 154', 'cashier', false, NOW() - INTERVAL '80 days', NOW() - INTERVAL '80 days');
INSERT INTO profiles (id, store_id, full_name, role, is_active, created_at, updated_at) VALUES ('e60ed47f-ef18-4820-b248-c30fa9fe29b1', '29f4e073-bc1d-4071-ae3a-c8718a90f998', 'Deepak Reddy 155', 'cashier', false, NOW() - INTERVAL '80 days', NOW() - INTERVAL '80 days');
INSERT INTO profiles (id, store_id, full_name, role, is_active, created_at, updated_at) VALUES ('015c3325-de4d-489c-874d-62f2bbf4fa5f', '29f4e073-bc1d-4071-ae3a-c8718a90f998', 'Vardhaman Textiles Ltd', 'cashier', false, NOW() - INTERVAL '80 days', NOW() - INTERVAL '80 days');
INSERT INTO profiles (id, store_id, full_name, role, is_active, created_at, updated_at) VALUES ('8044a903-eb6f-4650-b51b-deba1ee6442d', '29f4e073-bc1d-4071-ae3a-c8718a90f998', 'Harish Rao 157', 'cashier', false, NOW() - INTERVAL '80 days', NOW() - INTERVAL '80 days');
INSERT INTO profiles (id, store_id, full_name, role, is_active, created_at, updated_at) VALUES ('40c4801a-9651-4006-bd81-44f0620ac4e6', '29f4e073-bc1d-4071-ae3a-c8718a90f998', 'Ishaan Gupta 158', 'cashier', false, NOW() - INTERVAL '80 days', NOW() - INTERVAL '80 days');
INSERT INTO profiles (id, store_id, full_name, role, is_active, created_at, updated_at) VALUES ('a2cdc084-56d4-4d06-bcbc-b2b481884d63', '29f4e073-bc1d-4071-ae3a-c8718a90f998', 'Jyoti Prasad 159', 'cashier', false, NOW() - INTERVAL '80 days', NOW() - INTERVAL '80 days');
INSERT INTO profiles (id, store_id, full_name, role, is_active, created_at, updated_at) VALUES ('a6f7a62c-1ad9-4d60-ae2b-5431db18d946', '29f4e073-bc1d-4071-ae3a-c8718a90f998', 'Karthik Swami 160', 'cashier', false, NOW() - INTERVAL '80 days', NOW() - INTERVAL '80 days');
INSERT INTO profiles (id, store_id, full_name, role, is_active, created_at, updated_at) VALUES ('5c5b880d-3da5-4063-a7b7-3ab3e7862086', '29f4e073-bc1d-4071-ae3a-c8718a90f998', 'Kavitha Hegde 161', 'cashier', false, NOW() - INTERVAL '80 days', NOW() - INTERVAL '80 days');
INSERT INTO profiles (id, store_id, full_name, role, is_active, created_at, updated_at) VALUES ('b6de58b3-605d-4093-9373-2b9cd7446c6e', '29f4e073-bc1d-4071-ae3a-c8718a90f998', 'Manoj Gowda 162', 'cashier', false, NOW() - INTERVAL '80 days', NOW() - INTERVAL '80 days');
INSERT INTO profiles (id, store_id, full_name, role, is_active, created_at, updated_at) VALUES ('b7bd20c2-cb84-4d22-aa53-8b6d1b1d1b4d', '29f4e073-bc1d-4071-ae3a-c8718a90f998', 'Neha Deshmukh 163', 'cashier', false, NOW() - INTERVAL '80 days', NOW() - INTERVAL '80 days');
INSERT INTO profiles (id, store_id, full_name, role, is_active, created_at, updated_at) VALUES ('a48015d7-0e30-4ed6-a967-5d6f5b4daf2b', '29f4e073-bc1d-4071-ae3a-c8718a90f998', 'Pranav Kulkarni 164', 'cashier', false, NOW() - INTERVAL '80 days', NOW() - INTERVAL '80 days');
INSERT INTO profiles (id, store_id, full_name, role, is_active, created_at, updated_at) VALUES ('0453674c-ab60-4264-b731-2dd93994e9c9', '29f4e073-bc1d-4071-ae3a-c8718a90f998', 'Priya Pillai 165', 'cashier', false, NOW() - INTERVAL '80 days', NOW() - INTERVAL '80 days');
INSERT INTO profiles (id, store_id, full_name, role, is_active, created_at, updated_at) VALUES ('49042aef-75f1-4f98-99af-f0f7d88040fd', '29f4e073-bc1d-4071-ae3a-c8718a90f998', 'Rahul Verma 166', 'cashier', false, NOW() - INTERVAL '80 days', NOW() - INTERVAL '80 days');
INSERT INTO profiles (id, store_id, full_name, role, is_active, created_at, updated_at) VALUES ('bc44c5ba-29d8-42bb-99fe-81188df08868', '29f4e073-bc1d-4071-ae3a-c8718a90f998', 'Ramesh Chandra 167', 'cashier', false, NOW() - INTERVAL '80 days', NOW() - INTERVAL '80 days');
INSERT INTO profiles (id, store_id, full_name, role, is_active, created_at, updated_at) VALUES ('c7a3dd97-a7e2-4222-a34b-531ca822fe32', '29f4e073-bc1d-4071-ae3a-c8718a90f998', 'Acro Furniture Solutions Ltd', 'cashier', false, NOW() - INTERVAL '80 days', NOW() - INTERVAL '80 days');
INSERT INTO profiles (id, store_id, full_name, role, is_active, created_at, updated_at) VALUES ('d2f0ee0a-9b7a-4bbd-916e-41766a387e24', '29f4e073-bc1d-4071-ae3a-c8718a90f998', 'Sandeep Hegde 169', 'cashier', false, NOW() - INTERVAL '80 days', NOW() - INTERVAL '80 days');
INSERT INTO profiles (id, store_id, full_name, role, is_active, created_at, updated_at) VALUES ('14f47840-9e1b-4fd7-b095-3465dddc3626', '29f4e073-bc1d-4071-ae3a-c8718a90f998', 'Sanjay Dutt 170', 'cashier', false, NOW() - INTERVAL '80 days', NOW() - INTERVAL '80 days');
INSERT INTO profiles (id, store_id, full_name, role, is_active, created_at, updated_at) VALUES ('39088e81-1959-4f53-bf00-c81ebc89ad15', '29f4e073-bc1d-4071-ae3a-c8718a90f998', 'Sarita Mishra 171', 'cashier', false, NOW() - INTERVAL '80 days', NOW() - INTERVAL '80 days');
INSERT INTO profiles (id, store_id, full_name, role, is_active, created_at, updated_at) VALUES ('79b2e2a2-4bac-4168-94b7-f21139312709', '29f4e073-bc1d-4071-ae3a-c8718a90f998', 'Siddharth Sen 172', 'cashier', false, NOW() - INTERVAL '80 days', NOW() - INTERVAL '80 days');
INSERT INTO profiles (id, store_id, full_name, role, is_active, created_at, updated_at) VALUES ('ea590829-f4c1-4246-b667-d2dcd9be79ef', '29f4e073-bc1d-4071-ae3a-c8718a90f998', 'Sneha Rao 173', 'cashier', false, NOW() - INTERVAL '80 days', NOW() - INTERVAL '80 days');
INSERT INTO profiles (id, store_id, full_name, role, is_active, created_at, updated_at) VALUES ('8f108e31-5823-493f-8b51-a4f825e3b454', '29f4e073-bc1d-4071-ae3a-c8718a90f998', 'Suresh Prabhu 174', 'cashier', false, NOW() - INTERVAL '80 days', NOW() - INTERVAL '80 days');
INSERT INTO profiles (id, store_id, full_name, role, is_active, created_at, updated_at) VALUES ('577f6307-5518-4801-b9db-f11e4c310a2d', '29f4e073-bc1d-4071-ae3a-c8718a90f998', 'Vikram Seth 175', 'cashier', false, NOW() - INTERVAL '80 days', NOW() - INTERVAL '80 days');
INSERT INTO profiles (id, store_id, full_name, role, is_active, created_at, updated_at) VALUES ('1fac7d48-bb38-4aee-84cc-6bafa55e4660', '29f4e073-bc1d-4071-ae3a-c8718a90f998', 'Vivek Oberoi 176', 'cashier', false, NOW() - INTERVAL '80 days', NOW() - INTERVAL '80 days');
INSERT INTO profiles (id, store_id, full_name, role, is_active, created_at, updated_at) VALUES ('c9cf02be-542c-47f0-b28c-8f8973fdc18f', '29f4e073-bc1d-4071-ae3a-c8718a90f998', 'Yash Pal 177', 'cashier', false, NOW() - INTERVAL '80 days', NOW() - INTERVAL '80 days');
INSERT INTO profiles (id, store_id, full_name, role, is_active, created_at, updated_at) VALUES ('8698cdaa-831f-4650-b3d5-26f7efd043c7', '29f4e073-bc1d-4071-ae3a-c8718a90f998', 'Zeeshan Khan 178', 'cashier', false, NOW() - INTERVAL '80 days', NOW() - INTERVAL '80 days');
INSERT INTO profiles (id, store_id, full_name, role, is_active, created_at, updated_at) VALUES ('63967b39-2321-44ed-baef-932ff64b8b2f', '29f4e073-bc1d-4071-ae3a-c8718a90f998', 'Vijay Mallya 179', 'cashier', false, NOW() - INTERVAL '80 days', NOW() - INTERVAL '80 days');
INSERT INTO profiles (id, store_id, full_name, role, is_active, created_at, updated_at) VALUES ('a54975af-8e3c-4e44-8eb0-68e2d03d237e', '29f4e073-bc1d-4071-ae3a-c8718a90f998', 'Vardhaman Textiles Ltd', 'cashier', false, NOW() - INTERVAL '80 days', NOW() - INTERVAL '80 days');
INSERT INTO profiles (id, store_id, full_name, role, is_active, created_at, updated_at) VALUES ('5bae9dfc-0944-4983-a44b-b3a6a43f59bb', '29f4e073-bc1d-4071-ae3a-c8718a90f998', 'Aditya Patel 181', 'cashier', false, NOW() - INTERVAL '80 days', NOW() - INTERVAL '80 days');
INSERT INTO profiles (id, store_id, full_name, role, is_active, created_at, updated_at) VALUES ('e10712d6-50a4-4e7a-b34c-cd11b785cc5f', '29f4e073-bc1d-4071-ae3a-c8718a90f998', 'Amit Kumar 182', 'cashier', false, NOW() - INTERVAL '80 days', NOW() - INTERVAL '80 days');
INSERT INTO profiles (id, store_id, full_name, role, is_active, created_at, updated_at) VALUES ('b78978a4-0746-445b-9704-722108742b81', '29f4e073-bc1d-4071-ae3a-c8718a90f998', 'Ananya Iyer 183', 'cashier', false, NOW() - INTERVAL '80 days', NOW() - INTERVAL '80 days');
INSERT INTO profiles (id, store_id, full_name, role, is_active, created_at, updated_at) VALUES ('898b1b92-e05f-4d85-8453-875a6d71fb6a', '29f4e073-bc1d-4071-ae3a-c8718a90f998', 'Arjun Rao 184', 'cashier', false, NOW() - INTERVAL '80 days', NOW() - INTERVAL '80 days');
INSERT INTO profiles (id, store_id, full_name, role, is_active, created_at, updated_at) VALUES ('36c7f46a-3578-4ac4-952b-7028d5b8cbeb', '29f4e073-bc1d-4071-ae3a-c8718a90f998', 'Deepak Reddy 185', 'cashier', false, NOW() - INTERVAL '80 days', NOW() - INTERVAL '80 days');
INSERT INTO profiles (id, store_id, full_name, role, is_active, created_at, updated_at) VALUES ('5b30080e-4171-4f68-8e2c-c9ec3cca6d39', '29f4e073-bc1d-4071-ae3a-c8718a90f998', 'Divya Nair 186', 'cashier', false, NOW() - INTERVAL '80 days', NOW() - INTERVAL '80 days');
INSERT INTO profiles (id, store_id, full_name, role, is_active, created_at, updated_at) VALUES ('bdea5474-2318-438e-a966-047d5c36ccab', '29f4e073-bc1d-4071-ae3a-c8718a90f998', 'Harish Rao 187', 'cashier', false, NOW() - INTERVAL '80 days', NOW() - INTERVAL '80 days');
INSERT INTO profiles (id, store_id, full_name, role, is_active, created_at, updated_at) VALUES ('278ee5d5-18f3-4a82-8076-c27cbd1dd512', '29f4e073-bc1d-4071-ae3a-c8718a90f998', 'Ishaan Gupta 188', 'cashier', false, NOW() - INTERVAL '80 days', NOW() - INTERVAL '80 days');
INSERT INTO profiles (id, store_id, full_name, role, is_active, created_at, updated_at) VALUES ('177104cb-19e9-456c-b59d-279ee255d601', '29f4e073-bc1d-4071-ae3a-c8718a90f998', 'Jyoti Prasad 189', 'cashier', false, NOW() - INTERVAL '80 days', NOW() - INTERVAL '80 days');
INSERT INTO profiles (id, store_id, full_name, role, is_active, created_at, updated_at) VALUES ('30c79121-76d4-43b8-9be4-ca2edd151c48', '29f4e073-bc1d-4071-ae3a-c8718a90f998', 'Karthik Swami 190', 'cashier', false, NOW() - INTERVAL '80 days', NOW() - INTERVAL '80 days');
INSERT INTO profiles (id, store_id, full_name, role, is_active, created_at, updated_at) VALUES ('a6788bde-f8ca-42b6-89ae-43daad1d6ddf', '29f4e073-bc1d-4071-ae3a-c8718a90f998', 'Kavitha Hegde 191', 'cashier', false, NOW() - INTERVAL '80 days', NOW() - INTERVAL '80 days');
INSERT INTO profiles (id, store_id, full_name, role, is_active, created_at, updated_at) VALUES ('11a0eb85-8bd6-4bc9-b518-12f576fda7b1', '29f4e073-bc1d-4071-ae3a-c8718a90f998', 'Acro Furniture Solutions Ltd', 'cashier', false, NOW() - INTERVAL '80 days', NOW() - INTERVAL '80 days');
INSERT INTO profiles (id, store_id, full_name, role, is_active, created_at, updated_at) VALUES ('7b65e39b-5485-4a56-a059-0b2755b5a79f', '29f4e073-bc1d-4071-ae3a-c8718a90f998', 'Neha Deshmukh 193', 'cashier', false, NOW() - INTERVAL '80 days', NOW() - INTERVAL '80 days');
INSERT INTO profiles (id, store_id, full_name, role, is_active, created_at, updated_at) VALUES ('049a3cfc-ce8e-449d-8ab1-a2eaf31ad563', '29f4e073-bc1d-4071-ae3a-c8718a90f998', 'Pranav Kulkarni 194', 'cashier', false, NOW() - INTERVAL '80 days', NOW() - INTERVAL '80 days');
INSERT INTO profiles (id, store_id, full_name, role, is_active, created_at, updated_at) VALUES ('f167f6b6-8da4-4b69-8bb3-bbfeee37be5f', '29f4e073-bc1d-4071-ae3a-c8718a90f998', 'Priya Pillai 195', 'cashier', false, NOW() - INTERVAL '80 days', NOW() - INTERVAL '80 days');
INSERT INTO profiles (id, store_id, full_name, role, is_active, created_at, updated_at) VALUES ('e611ae9b-0105-4641-b728-10c6204f0d0b', '29f4e073-bc1d-4071-ae3a-c8718a90f998', 'Rahul Verma 196', 'cashier', false, NOW() - INTERVAL '80 days', NOW() - INTERVAL '80 days');
INSERT INTO profiles (id, store_id, full_name, role, is_active, created_at, updated_at) VALUES ('ecf7327f-e64b-4371-85cb-776cce8e0f70', '29f4e073-bc1d-4071-ae3a-c8718a90f998', 'Ramesh Chandra 197', 'cashier', false, NOW() - INTERVAL '80 days', NOW() - INTERVAL '80 days');
INSERT INTO profiles (id, store_id, full_name, role, is_active, created_at, updated_at) VALUES ('108a0035-d9c1-4f46-b709-4909ae80b691', '29f4e073-bc1d-4071-ae3a-c8718a90f998', 'Ravi Shankar 198', 'cashier', false, NOW() - INTERVAL '80 days', NOW() - INTERVAL '80 days');
INSERT INTO profiles (id, store_id, full_name, role, is_active, created_at, updated_at) VALUES ('2c6bbab7-26e6-4225-b3c4-0bbcdd478808', '29f4e073-bc1d-4071-ae3a-c8718a90f998', 'Sandeep Hegde 199', 'cashier', false, NOW() - INTERVAL '80 days', NOW() - INTERVAL '80 days');


-- 7. SEED INVOICES & PAYMENTS (500 Invoices)

-- Invoice TF-1000
INSERT INTO invoices (id, store_id, invoice_number, customer_name, customer_phone, customer_address, subtotal, discount_amount, delivery_charge, installation_charge, round_off, grand_total, payment_method, payment_status, created_by, created_at)
VALUES (
  '49fa83db-aed3-4c94-8744-4a37b594ea56',
  '29f4e073-bc1d-4071-ae3a-c8718a90f998',
  'TF-1000',
  'Guest',
  '',
  '',
  28025,
  840.75,
  0,
  0,
  -0.25,
  27184,
  'cash',
  'cancelled',
  '33333333-3333-4333-a333-333333333333',
  '2026-04-11T14:19:00.000Z'
);
INSERT INTO invoice_items (id, invoice_id, product_id, product_name, sku, quantity, unit_price, discount_percent, discount_amount, line_total)
VALUES (
  '74fb5c9b-905e-430c-9a6e-6de5152883a7',
  '49fa83db-aed3-4c94-8744-4a37b594ea56',
  'a5510930-e139-42b6-aa7a-ad0522efea79',
  'Comfort 6-Drawer Wide Dresser chest (Sheesham Wood, Teak Finish)',
  'DRE-SHE-0218',
  1,
  29500,
  5,
  1475,
  28025
);

-- Invoice TF-1001
INSERT INTO invoices (id, store_id, invoice_number, customer_name, customer_phone, customer_address, subtotal, discount_amount, delivery_charge, installation_charge, round_off, grand_total, payment_method, payment_status, created_by, created_at)
VALUES (
  '6f5a0bd6-c098-4e8d-9dce-c92d2c337554',
  '29f4e073-bc1d-4071-ae3a-c8718a90f998',
  'TF-1001',
  'Jyoti Prasad 99',
  '9833326104',
  'H.No. 23, Gali No. 5, Colony Road, Chennai, Tamil Nadu',
  129400,
  0,
  0,
  0,
  0,
  129400,
  'split',
  'completed',
  '22222222-2222-4222-a222-222222222222',
  '2026-04-12T10:23:00.000Z'
);
INSERT INTO invoice_items (id, invoice_id, product_id, product_name, sku, quantity, unit_price, discount_percent, discount_amount, line_total)
VALUES (
  '12265eb8-f668-48fb-9e19-e04305029d96',
  '6f5a0bd6-c098-4e8d-9dce-c92d2c337554',
  '6ede8796-0c5b-4e65-8205-d36c81b71493',
  'Comfort Shoe Storage Bench Rack (Mahogany, Teak Finish)',
  'STO-MAH-0280',
  1,
  10000,
  5,
  500,
  9500
);
INSERT INTO invoice_items (id, invoice_id, product_id, product_name, sku, quantity, unit_price, discount_percent, discount_amount, line_total)
VALUES (
  '3c3f501e-ddec-4133-855a-aa53d98d11e3',
  '6f5a0bd6-c098-4e8d-9dce-c92d2c337554',
  '47e7106e-10d8-4b20-8774-9074af7b2be1',
  'Royal 5-Tier Open Bookshelf Console (Sheesham Wood, Ivory White)',
  'BOO-SHE-0291',
  2,
  23500,
  0,
  0,
  47000
);
INSERT INTO invoice_items (id, invoice_id, product_id, product_name, sku, quantity, unit_price, discount_percent, discount_amount, line_total)
VALUES (
  '09358628-b37a-42f4-acc6-ee45d9aae844',
  '6f5a0bd6-c098-4e8d-9dce-c92d2c337554',
  'a368cbb3-53c0-4fae-b6ec-f32a581d4f7a',
  'Modern 4-Seater Glass Top Dining Table (Sheesham Wood, Ivory White)',
  'DIN-SHE-0042',
  1,
  24000,
  0,
  0,
  24000
);
INSERT INTO invoice_items (id, invoice_id, product_id, product_name, sku, quantity, unit_price, discount_percent, discount_amount, line_total)
VALUES (
  'df9e32a6-6e5b-4ff0-818a-79547f3abbb7',
  '6f5a0bd6-c098-4e8d-9dce-c92d2c337554',
  '54c2d486-d32f-4ed5-a2ae-4221cc64d58e',
  'Heritage Executive Study Desk with Drawers (Oak Wood, Ebony Black)',
  'STU-OAK-0162',
  2,
  14000,
  0,
  0,
  28000
);
INSERT INTO invoice_items (id, invoice_id, product_id, product_name, sku, quantity, unit_price, discount_percent, discount_amount, line_total)
VALUES (
  '639213d0-abab-4237-ae68-11a55d2b14e9',
  '6f5a0bd6-c098-4e8d-9dce-c92d2c337554',
  '863c1594-c882-4d72-8a33-d9000fa5b282',
  'Luxurious Shoe Storage Bench Rack (Teak Wood, Teak Finish)',
  'STO-TEA-0274',
  1,
  22000,
  5,
  1100,
  20900
);
INSERT INTO payments (id, invoice_id, method, amount, reference, created_at) VALUES ('ac106aae-1015-4eb1-b426-9dae4c15d823', '6f5a0bd6-c098-4e8d-9dce-c92d2c337554', 'card', 51760, 'TXN-SPLIT-CARD', '2026-04-12T10:23:00.000Z');
INSERT INTO payments (id, invoice_id, method, amount, reference, created_at) VALUES ('0ed4d5c2-f3a8-4cf9-83ea-9e4ca1841841', '6f5a0bd6-c098-4e8d-9dce-c92d2c337554', 'upi', 77640, 'TXN-SPLIT-UPI', '2026-04-12T10:23:00.000Z');

-- Invoice TF-1002
INSERT INTO invoices (id, store_id, invoice_number, customer_name, customer_phone, customer_address, subtotal, discount_amount, delivery_charge, installation_charge, round_off, grand_total, payment_method, payment_status, created_by, created_at)
VALUES (
  '2593e0b9-81f7-4e62-a6db-d219a311efb2',
  '29f4e073-bc1d-4071-ae3a-c8718a90f998',
  'TF-1002',
  'Ishaan Gupta 98',
  '9874898093',
  'H.No. 22, Gali No. 4, Colony Road, Bangalore, Karnataka',
  110900,
  0,
  0,
  0,
  0,
  110900,
  'bank_transfer',
  'completed',
  '11111111-1111-4111-a111-111111111111',
  '2026-04-12T07:09:00.000Z'
);
INSERT INTO invoice_items (id, invoice_id, product_id, product_name, sku, quantity, unit_price, discount_percent, discount_amount, line_total)
VALUES (
  '7827bbe7-d882-4163-9248-18a8dc54fa41',
  '2593e0b9-81f7-4e62-a6db-d219a311efb2',
  '3ab4294b-9d2f-44e7-9b67-90c6b5592459',
  'Classic 6-Seater Wooden Dining Table (Engineered Wood, Ebony Black)',
  'DIN-ENG-0057',
  1,
  52000,
  5,
  2600,
  49400
);
INSERT INTO invoice_items (id, invoice_id, product_id, product_name, sku, quantity, unit_price, discount_percent, discount_amount, line_total)
VALUES (
  '0b7bc29c-2696-42e5-bc20-0e4096d7f36c',
  '2593e0b9-81f7-4e62-a6db-d219a311efb2',
  '018e8419-7505-4845-8b4b-c442cdda4e72',
  'Imperial Executive Leather High-Back (Sheesham Wood, Teak Finish)',
  'OFF-SHE-0094',
  2,
  6000,
  0,
  0,
  12000
);
INSERT INTO invoice_items (id, invoice_id, product_id, product_name, sku, quantity, unit_price, discount_percent, discount_amount, line_total)
VALUES (
  '64cd43f5-d6cf-4b50-b9d6-0cce748520eb',
  '2593e0b9-81f7-4e62-a6db-d219a311efb2',
  'ea4e9179-3ad2-409b-84b5-55444060bc57',
  'Modern Massage Recliner Chair (Teak Wood, Charcoal Grey)',
  'REC-TEA-0235',
  1,
  32500,
  0,
  0,
  32500
);
INSERT INTO invoice_items (id, invoice_id, product_id, product_name, sku, quantity, unit_price, discount_percent, discount_amount, line_total)
VALUES (
  'a75e8040-cf0b-42d2-b7a0-cf612089f36e',
  '2593e0b9-81f7-4e62-a6db-d219a311efb2',
  '1f830695-350d-41b6-a4b3-9d85595b1a0c',
  'Eco-sustain Solid Wood Dining Chair (Oak Wood, Ivory White)',
  'DIN-OAK-0070',
  2,
  8500,
  0,
  0,
  17000
);
INSERT INTO payments (id, invoice_id, method, amount, reference, created_at) VALUES ('b20818c1-c32c-4b0c-a386-8937ed713b58', '2593e0b9-81f7-4e62-a6db-d219a311efb2', 'bank_transfer', 110900, 'TXN-TF-1002', '2026-04-12T07:09:00.000Z');

-- Invoice TF-1003
INSERT INTO invoices (id, store_id, invoice_number, customer_name, customer_phone, customer_address, subtotal, discount_amount, delivery_charge, installation_charge, round_off, grand_total, payment_method, payment_status, created_by, created_at)
VALUES (
  '74f5cb45-195c-4493-bbec-a4d854654b97',
  '29f4e073-bc1d-4071-ae3a-c8718a90f998',
  'TF-1003',
  'Harish Rao 97',
  '9850568780',
  'H.No. 21, Gali No. 3, Colony Road, Secunderabad, Telangana',
  192650,
  0,
  1200,
  0,
  0,
  193850,
  'card',
  'completed',
  '33333333-3333-4333-a333-333333333333',
  '2026-04-12T13:57:00.000Z'
);
INSERT INTO invoice_items (id, invoice_id, product_id, product_name, sku, quantity, unit_price, discount_percent, discount_amount, line_total)
VALUES (
  'bf4d7c05-75ea-4785-bd33-07919099ab41',
  '74f5cb45-195c-4493-bbec-a4d854654b97',
  '677b4ed7-b68c-4721-baf6-4c79f7a858e0',
  'Eco-sustain Cushioned Dining Chair (Sheesham Wood, Charcoal Grey)',
  'DIN-SHE-0061',
  1,
  7000,
  5,
  350,
  6650
);
INSERT INTO invoice_items (id, invoice_id, product_id, product_name, sku, quantity, unit_price, discount_percent, discount_amount, line_total)
VALUES (
  'eeb0f24b-5628-4175-b884-cf01be60eadf',
  '74f5cb45-195c-4493-bbec-a4d854654b97',
  '683ad21e-1aa2-472d-b66a-1720d1f62971',
  'Premium 4-Seater Glass Top Dining Table (Rose Wood, Ivory White)',
  'DIN-ROS-0046',
  2,
  83000,
  0,
  0,
  166000
);
INSERT INTO invoice_items (id, invoice_id, product_id, product_name, sku, quantity, unit_price, discount_percent, discount_amount, line_total)
VALUES (
  '3ceb5007-525c-4716-9657-24f6a068027c',
  '74f5cb45-195c-4493-bbec-a4d854654b97',
  '9c66da03-0ee6-4b1b-a9ec-f53da69d5a91',
  'Royal Visitor Stool Chair (Mahogany, Ivory White)',
  'OFF-MAH-0096',
  1,
  20000,
  0,
  0,
  20000
);
INSERT INTO payments (id, invoice_id, method, amount, reference, created_at) VALUES ('1f65c965-5dda-4c03-bf2b-52e3fe03acb2', '74f5cb45-195c-4493-bbec-a4d854654b97', 'card', 193850, 'TXN-TF-1003', '2026-04-12T13:57:00.000Z');

-- Invoice TF-1004
INSERT INTO invoices (id, store_id, invoice_number, customer_name, customer_phone, customer_address, subtotal, discount_amount, delivery_charge, installation_charge, round_off, grand_total, payment_method, payment_status, created_by, created_at)
VALUES (
  '410ed273-d923-4af3-8c5c-8497a09e08b5',
  '29f4e073-bc1d-4071-ae3a-c8718a90f998',
  'TF-1004',
  'Guest',
  '',
  '',
  116975,
  0,
  0,
  0,
  0,
  116975,
  'upi',
  'completed',
  '22222222-2222-4222-a222-222222222222',
  '2026-04-12T12:21:00.000Z'
);
INSERT INTO invoice_items (id, invoice_id, product_id, product_name, sku, quantity, unit_price, discount_percent, discount_amount, line_total)
VALUES (
  '77481b3a-0236-4f03-9cef-0926c8ac2e62',
  '410ed273-d923-4af3-8c5c-8497a09e08b5',
  'd449acce-7b49-4170-bfe0-d366cbbef163',
  'Eco-sustain Sofa Cum Bed (Sheesham Wood, Warm Beige)',
  'SOF-SHE-0015',
  1,
  90500,
  5,
  4525,
  85975
);
INSERT INTO invoice_items (id, invoice_id, product_id, product_name, sku, quantity, unit_price, discount_percent, discount_amount, line_total)
VALUES (
  '95c9e8e4-adc3-4553-afde-93ecbf0ef4bf',
  '410ed273-d923-4af3-8c5c-8497a09e08b5',
  'd308b0b6-147b-458f-8f54-a63c002b9c42',
  'Minimalist Modular TV Stand with Shelves (Teak Wood, Crimson Red)',
  'TV -TEA-0118',
  2,
  15500,
  0,
  0,
  31000
);
INSERT INTO payments (id, invoice_id, method, amount, reference, created_at) VALUES ('8d7978af-30e0-47ce-9804-05c5cb50df85', '410ed273-d923-4af3-8c5c-8497a09e08b5', 'upi', 116975, 'TXN-TF-1004', '2026-04-12T12:21:00.000Z');

-- Invoice TF-1005
INSERT INTO invoices (id, store_id, invoice_number, customer_name, customer_phone, customer_address, subtotal, discount_amount, delivery_charge, installation_charge, round_off, grand_total, payment_method, payment_status, created_by, created_at)
VALUES (
  'f9b62d73-aece-43ab-b4fd-abeab9c5df43',
  '29f4e073-bc1d-4071-ae3a-c8718a90f998',
  'TF-1005',
  'Deepak Reddy 95',
  '9841095758',
  'H.No. 19, Gali No. 1, Colony Road, Visakhapatnam, Andhra Pradesh',
  7600,
  0,
  0,
  500,
  0,
  8100,
  'cash',
  'completed',
  '11111111-1111-4111-a111-111111111111',
  '2026-04-12T05:07:00.000Z'
);
INSERT INTO invoice_items (id, invoice_id, product_id, product_name, sku, quantity, unit_price, discount_percent, discount_amount, line_total)
VALUES (
  '188a4cf9-353a-4d8a-87fd-693bec3d47da',
  'f9b62d73-aece-43ab-b4fd-abeab9c5df43',
  '8c3909d5-bed1-4939-a4b6-965954568ce1',
  'Luxurious Storage Trunk Coffee Table (Rose Wood, Teak Finish)',
  'COF-ROS-0127',
  1,
  8000,
  5,
  400,
  7600
);
INSERT INTO payments (id, invoice_id, method, amount, reference, created_at) VALUES ('97ede7f3-b9a0-4ef2-b610-8f8cde58d1a9', 'f9b62d73-aece-43ab-b4fd-abeab9c5df43', 'cash', 8100, 'TXN-TF-1005', '2026-04-12T05:07:00.000Z');

-- Invoice TF-1006
INSERT INTO invoices (id, store_id, invoice_number, customer_name, customer_phone, customer_address, subtotal, discount_amount, delivery_charge, installation_charge, round_off, grand_total, payment_method, payment_status, created_by, created_at)
VALUES (
  '56bead1d-d2ac-4abe-bb74-e9b1496a55d6',
  '29f4e073-bc1d-4071-ae3a-c8718a90f998',
  'TF-1006',
  'Arjun Rao 94',
  '9833493238',
  'H.No. 18, Gali No. 5, Colony Road, Vijayawada, Andhra Pradesh',
  348175,
  0,
  0,
  0,
  0,
  348175,
  'split',
  'completed',
  '33333333-3333-4333-a333-333333333333',
  '2026-04-13T05:06:00.000Z'
);
INSERT INTO invoice_items (id, invoice_id, product_id, product_name, sku, quantity, unit_price, discount_percent, discount_amount, line_total)
VALUES (
  '6530cf28-e21f-485f-8ca4-c2c33ae20f85',
  '56bead1d-d2ac-4abe-bb74-e9b1496a55d6',
  '08e84681-f48f-465c-b99d-9d483907701f',
  'Classic Extendable Dining Table (Oak Wood, Charcoal Grey)',
  'DIN-OAK-0048',
  1,
  98000,
  5,
  4900,
  93100
);
INSERT INTO invoice_items (id, invoice_id, product_id, product_name, sku, quantity, unit_price, discount_percent, discount_amount, line_total)
VALUES (
  '257f81ba-b831-4f80-8457-3e2ee264f9ad',
  '56bead1d-d2ac-4abe-bb74-e9b1496a55d6',
  'f9b40d20-052f-4c8a-8fa7-c32b87ce1d35',
  'Modern Modular TV Stand with Shelves (Oak Wood, Crimson Red)',
  'TV -OAK-0115',
  2,
  9500,
  0,
  0,
  19000
);
INSERT INTO invoice_items (id, invoice_id, product_id, product_name, sku, quantity, unit_price, discount_percent, discount_amount, line_total)
VALUES (
  '8dc06628-2c7f-4705-b092-4e454ada0d5f',
  '56bead1d-d2ac-4abe-bb74-e9b1496a55d6',
  'b0e89ba0-ba90-445e-ae35-c8ca81e8b940',
  'Luxurious Floor Standing TV Console (Teak Wood, Walnut Brown)',
  'TV -TEA-0111',
  1,
  24000,
  0,
  0,
  24000
);
INSERT INTO invoice_items (id, invoice_id, product_id, product_name, sku, quantity, unit_price, discount_percent, discount_amount, line_total)
VALUES (
  '7e16887a-061f-4485-8f06-663eb94c8b43',
  '56bead1d-d2ac-4abe-bb74-e9b1496a55d6',
  '7383b85e-d118-4855-93d4-0b86c77b26f2',
  'Classic Garden Patio Bistro Set (Mahogany, Warm Beige)',
  'OUT-MAH-0259',
  2,
  73500,
  0,
  0,
  147000
);
INSERT INTO invoice_items (id, invoice_id, product_id, product_name, sku, quantity, unit_price, discount_percent, discount_amount, line_total)
VALUES (
  'b450913e-5a05-4052-b3b9-ed4707ac4569',
  '56bead1d-d2ac-4abe-bb74-e9b1496a55d6',
  '14858145-d9df-494d-a77d-ebcd2119d317',
  'Premium King Size Bed with Storage (Engineered Wood, Teak Finish)',
  'BED-ENG-0026',
  1,
  68500,
  5,
  3425,
  65075
);
INSERT INTO payments (id, invoice_id, method, amount, reference, created_at) VALUES ('95c76ca3-e5f0-4ba2-b649-c06de052c694', '56bead1d-d2ac-4abe-bb74-e9b1496a55d6', 'card', 139270, 'TXN-SPLIT-CARD', '2026-04-13T05:06:00.000Z');
INSERT INTO payments (id, invoice_id, method, amount, reference, created_at) VALUES ('b5a78990-e123-4b30-b29d-984fc924c799', '56bead1d-d2ac-4abe-bb74-e9b1496a55d6', 'upi', 208905, 'TXN-SPLIT-UPI', '2026-04-13T05:06:00.000Z');

-- Invoice TF-1007
INSERT INTO invoices (id, store_id, invoice_number, customer_name, customer_phone, customer_address, subtotal, discount_amount, delivery_charge, installation_charge, round_off, grand_total, payment_method, payment_status, created_by, created_at)
VALUES (
  '1cfd9ca1-2611-40a6-a052-e55670d1a14e',
  '29f4e073-bc1d-4071-ae3a-c8718a90f998',
  'TF-1007',
  'Ananya Iyer 93',
  '9862133499',
  'H.No. 17, Gali No. 4, Colony Road, Chennai, Tamil Nadu',
  432625,
  0,
  0,
  0,
  0,
  432625,
  'bank_transfer',
  'completed',
  '22222222-2222-4222-a222-222222222222',
  '2026-04-13T04:51:00.000Z'
);
INSERT INTO invoice_items (id, invoice_id, product_id, product_name, sku, quantity, unit_price, discount_percent, discount_amount, line_total)
VALUES (
  'e451d44b-6a09-44d9-bc73-27772dbf6212',
  '1cfd9ca1-2611-40a6-a052-e55670d1a14e',
  '811c781c-13c7-4eb5-9b8f-be158d9afe7b',
  'Minimalist Executive Leather High-Back (Sheesham Wood, Ivory White)',
  'OFF-SHE-0082',
  1,
  17500,
  5,
  875,
  16625
);
INSERT INTO invoice_items (id, invoice_id, product_id, product_name, sku, quantity, unit_price, discount_percent, discount_amount, line_total)
VALUES (
  'c0e44ac6-a8ad-4c54-b1c2-76ac901fd426',
  '1cfd9ca1-2611-40a6-a052-e55670d1a14e',
  'd592303c-95ab-40b8-80dd-b41558eee2be',
  'Modern Open Walk-in Closet Organizer (Engineered Wood, Warm Beige)',
  'WAR-ENG-0152',
  2,
  88500,
  0,
  0,
  177000
);
INSERT INTO invoice_items (id, invoice_id, product_id, product_name, sku, quantity, unit_price, discount_percent, discount_amount, line_total)
VALUES (
  '0114439e-9537-4c7e-a9e3-80c1cea8de9e',
  '1cfd9ca1-2611-40a6-a052-e55670d1a14e',
  '96113491-acab-4db5-90a3-8fc4e240b7f6',
  'Royal Recliner Sofa (Oak Wood, Ocean Blue)',
  'SOF-OAK-0003',
  1,
  79000,
  0,
  0,
  79000
);
INSERT INTO invoice_items (id, invoice_id, product_id, product_name, sku, quantity, unit_price, discount_percent, discount_amount, line_total)
VALUES (
  'af5815a4-6e95-42a7-82dd-2d6d16ec3de7',
  '1cfd9ca1-2611-40a6-a052-e55670d1a14e',
  '47105cfc-d71b-430f-87b2-d643130dcd41',
  'Luxurious Upholstered Bed Platform (Oak Wood, Warm Beige)',
  'BED-OAK-0035',
  2,
  80000,
  0,
  0,
  160000
);
INSERT INTO payments (id, invoice_id, method, amount, reference, created_at) VALUES ('94f08728-fbbe-4735-848d-861a4c609a29', '1cfd9ca1-2611-40a6-a052-e55670d1a14e', 'bank_transfer', 432625, 'TXN-TF-1007', '2026-04-13T04:51:00.000Z');

-- Invoice TF-1008
INSERT INTO invoices (id, store_id, invoice_number, customer_name, customer_phone, customer_address, subtotal, discount_amount, delivery_charge, installation_charge, round_off, grand_total, payment_method, payment_status, created_by, created_at)
VALUES (
  '58de7308-4293-4d76-9cd3-c3b43446e292',
  '29f4e073-bc1d-4071-ae3a-c8718a90f998',
  'TF-1008',
  'Guest',
  '',
  '',
  60025,
  0,
  0,
  0,
  0,
  60025,
  'card',
  'completed',
  '11111111-1111-4111-a111-111111111111',
  '2026-04-13T10:48:00.000Z'
);
INSERT INTO invoice_items (id, invoice_id, product_id, product_name, sku, quantity, unit_price, discount_percent, discount_amount, line_total)
VALUES (
  '477dad37-e2c7-4daf-bfc0-67eb40070c64',
  '58de7308-4293-4d76-9cd3-c3b43446e292',
  'ca58ecf2-a452-4fc6-8224-a40a5f4cc238',
  'Premium Sofa Cum Bed (Oak Wood, Charcoal Grey)',
  'SOF-OAK-0010',
  1,
  29500,
  5,
  1475,
  28025
);
INSERT INTO invoice_items (id, invoice_id, product_id, product_name, sku, quantity, unit_price, discount_percent, discount_amount, line_total)
VALUES (
  '0b746ca8-da4c-4193-bfa0-37773b550629',
  '58de7308-4293-4d76-9cd3-c3b43446e292',
  '360a1a04-cc81-4bf9-9099-d74213e685fd',
  'Classic Round Accent Coffee Table (Teak Wood, Ocean Blue)',
  'COF-TEA-0140',
  2,
  6500,
  0,
  0,
  13000
);
INSERT INTO invoice_items (id, invoice_id, product_id, product_name, sku, quantity, unit_price, discount_percent, discount_amount, line_total)
VALUES (
  '55dac986-90ba-4719-a9e2-5415c82a0dac',
  '58de7308-4293-4d76-9cd3-c3b43446e292',
  '55b103bb-657e-4a60-a57f-276b49971487',
  'Minimalist Closed Glass-door Library Cabinet (Teak Wood, Teak Finish)',
  'BOO-TEA-0295',
  1,
  19000,
  0,
  0,
  19000
);
INSERT INTO payments (id, invoice_id, method, amount, reference, created_at) VALUES ('1c3f5b7f-a8a4-4775-bbee-0cd3fef42f1d', '58de7308-4293-4d76-9cd3-c3b43446e292', 'card', 60025, 'TXN-TF-1008', '2026-04-13T10:48:00.000Z');

-- Invoice TF-1009
INSERT INTO invoices (id, store_id, invoice_number, customer_name, customer_phone, customer_address, subtotal, discount_amount, delivery_charge, installation_charge, round_off, grand_total, payment_method, payment_status, created_by, created_at)
VALUES (
  '39bad56c-4883-492a-a35b-221423cc22da',
  '29f4e073-bc1d-4071-ae3a-c8718a90f998',
  'TF-1009',
  'Aditya Patel 91',
  '9837289949',
  'H.No. 15, Gali No. 2, Colony Road, Secunderabad, Telangana',
  188600,
  0,
  0,
  0,
  0,
  188600,
  'upi',
  'completed',
  '33333333-3333-4333-a333-333333333333',
  '2026-04-13T11:48:00.000Z'
);
INSERT INTO invoice_items (id, invoice_id, product_id, product_name, sku, quantity, unit_price, discount_percent, discount_amount, line_total)
VALUES (
  '88da5dab-c86c-45ad-bac5-57b7d5bca8cd',
  '39bad56c-4883-492a-a35b-221423cc22da',
  'dd88417a-f687-4859-a0c7-7bfa3233750c',
  'Minimalist Massage Recliner Chair (Teak Wood, Crimson Red)',
  'REC-TEA-0226',
  1,
  28000,
  5,
  1400,
  26600
);
INSERT INTO invoice_items (id, invoice_id, product_id, product_name, sku, quantity, unit_price, discount_percent, discount_amount, line_total)
VALUES (
  'ab1a3462-bc7d-4408-be33-24771bd742da',
  '39bad56c-4883-492a-a35b-221423cc22da',
  'b8b2bedb-190a-46cc-ad7a-a5c7f215f29d',
  'Luxurious Recliner Sofa (Rose Wood, Crimson Red)',
  'SOF-ROS-0013',
  2,
  81000,
  0,
  0,
  162000
);
INSERT INTO payments (id, invoice_id, method, amount, reference, created_at) VALUES ('0e0e79b1-0ee0-4c34-8d0a-f0f38ca5f02a', '39bad56c-4883-492a-a35b-221423cc22da', 'upi', 188600, 'TXN-TF-1009', '2026-04-13T11:48:00.000Z');

-- Invoice TF-1010
INSERT INTO invoices (id, store_id, invoice_number, customer_name, customer_phone, customer_address, subtotal, discount_amount, delivery_charge, installation_charge, round_off, grand_total, payment_method, payment_status, created_by, created_at)
VALUES (
  'a0da6d94-a2d4-4415-9315-ba48dad44303',
  '29f4e073-bc1d-4071-ae3a-c8718a90f998',
  'TF-1010',
  'Aarav Sharma 90',
  '9812618761',
  'H.No. 14, Gali No. 1, Colony Road, Hyderabad, Telangana',
  33250,
  997.5,
  1200,
  0,
  0.5,
  33453,
  'cash',
  'completed',
  '22222222-2222-4222-a222-222222222222',
  '2026-04-13T06:37:00.000Z'
);
INSERT INTO invoice_items (id, invoice_id, product_id, product_name, sku, quantity, unit_price, discount_percent, discount_amount, line_total)
VALUES (
  '616eed90-cbff-4e11-a0ff-25cc74c80165',
  'a0da6d94-a2d4-4415-9315-ba48dad44303',
  '6ff68994-076a-4f93-bba9-909e6d60a495',
  'Royal 6-Drawer Wide Dresser chest (Rose Wood, Crimson Red)',
  'DRE-ROS-0206',
  1,
  35000,
  5,
  1750,
  33250
);
INSERT INTO payments (id, invoice_id, method, amount, reference, created_at) VALUES ('0cf3fadf-1e44-4600-a536-cea864c04882', 'a0da6d94-a2d4-4415-9315-ba48dad44303', 'cash', 33453, 'TXN-TF-1010', '2026-04-13T06:37:00.000Z');

-- Invoice TF-1011
INSERT INTO invoices (id, store_id, invoice_number, customer_name, customer_phone, customer_address, subtotal, discount_amount, delivery_charge, installation_charge, round_off, grand_total, payment_method, payment_status, created_by, created_at)
VALUES (
  '12f5b14f-1349-4bcc-aa4f-7b10f233cd18',
  '29f4e073-bc1d-4071-ae3a-c8718a90f998',
  'TF-1011',
  'Vijay Mallya 89',
  '9879473951',
  'H.No. 13, Gali No. 5, Colony Road, Visakhapatnam, Andhra Pradesh',
  142675,
  0,
  0,
  0,
  0,
  142675,
  'split',
  'completed',
  '11111111-1111-4111-a111-111111111111',
  '2026-04-13T05:46:00.000Z'
);
INSERT INTO invoice_items (id, invoice_id, product_id, product_name, sku, quantity, unit_price, discount_percent, discount_amount, line_total)
VALUES (
  '07b798c3-0c30-4a5e-b788-24d4ebcdda11',
  '12f5b14f-1349-4bcc-aa4f-7b10f233cd18',
  '67b0a3a5-4efb-4541-95fe-e1f0b749842f',
  'Luxurious Cushioned Dining Chair (Teak Wood, Ocean Blue)',
  'DIN-TEA-0077',
  1,
  5000,
  5,
  250,
  4750
);
INSERT INTO invoice_items (id, invoice_id, product_id, product_name, sku, quantity, unit_price, discount_percent, discount_amount, line_total)
VALUES (
  'dbb48f9f-b711-455f-899c-2d6bd9408107',
  '12f5b14f-1349-4bcc-aa4f-7b10f233cd18',
  '964afc5e-e8fd-4384-a137-d1aae7cb9745',
  'Premium Floor Standing TV Console (Teak Wood, Walnut Brown)',
  'TV -TEA-0117',
  2,
  31500,
  0,
  0,
  63000
);
INSERT INTO invoice_items (id, invoice_id, product_id, product_name, sku, quantity, unit_price, discount_percent, discount_amount, line_total)
VALUES (
  '3f928048-bf05-4ed5-8a46-6e94b8e19607',
  '12f5b14f-1349-4bcc-aa4f-7b10f233cd18',
  '55b103bb-657e-4a60-a57f-276b49971487',
  'Minimalist Closed Glass-door Library Cabinet (Teak Wood, Teak Finish)',
  'BOO-TEA-0295',
  1,
  19000,
  0,
  0,
  19000
);
INSERT INTO invoice_items (id, invoice_id, product_id, product_name, sku, quantity, unit_price, discount_percent, discount_amount, line_total)
VALUES (
  '73e98c29-7711-47dd-98e9-139ff510cd0b',
  '12f5b14f-1349-4bcc-aa4f-7b10f233cd18',
  'afad88ca-7631-419b-bb19-b3cdc6079db6',
  'Classic Rattan Accent Chair (Mahogany, Ocean Blue)',
  'DIN-MAH-0080',
  2,
  13000,
  0,
  0,
  26000
);
INSERT INTO invoice_items (id, invoice_id, product_id, product_name, sku, quantity, unit_price, discount_percent, discount_amount, line_total)
VALUES (
  '0fb024e6-597e-4d6e-a178-5b5841a4c085',
  '12f5b14f-1349-4bcc-aa4f-7b10f233cd18',
  'd196a103-6d41-4e84-98cf-8a3188fb3cf3',
  'Minimalist Massage Recliner Chair (Sheesham Wood, Charcoal Grey)',
  'REC-SHE-0232',
  1,
  31500,
  5,
  1575,
  29925
);
INSERT INTO payments (id, invoice_id, method, amount, reference, created_at) VALUES ('a934f933-540d-49ec-b19c-037afece4c04', '12f5b14f-1349-4bcc-aa4f-7b10f233cd18', 'card', 57070, 'TXN-SPLIT-CARD', '2026-04-13T05:46:00.000Z');
INSERT INTO payments (id, invoice_id, method, amount, reference, created_at) VALUES ('d1cb8d1b-1169-44ed-97b1-39941a22e1e1', '12f5b14f-1349-4bcc-aa4f-7b10f233cd18', 'upi', 85605, 'TXN-SPLIT-UPI', '2026-04-13T05:46:00.000Z');

-- Invoice TF-1012
INSERT INTO invoices (id, store_id, invoice_number, customer_name, customer_phone, customer_address, subtotal, discount_amount, delivery_charge, installation_charge, round_off, grand_total, payment_method, payment_status, created_by, created_at)
VALUES (
  '32c7a48f-1ebf-47e3-8241-b76ed9a30625',
  '29f4e073-bc1d-4071-ae3a-c8718a90f998',
  'TF-1012',
  'Guest',
  '',
  '',
  275750,
  0,
  0,
  0,
  0,
  275750,
  'bank_transfer',
  'completed',
  '33333333-3333-4333-a333-333333333333',
  '2026-04-14T10:05:00.000Z'
);
INSERT INTO invoice_items (id, invoice_id, product_id, product_name, sku, quantity, unit_price, discount_percent, discount_amount, line_total)
VALUES (
  '8b4dcdf0-64e9-4023-9587-836a492ecbe8',
  '32c7a48f-1ebf-47e3-8241-b76ed9a30625',
  '7840be5e-2be3-467f-a7e7-f6e36356b392',
  'Heritage Garden Patio Bistro Set (Oak Wood, Ebony Black)',
  'OUT-OAK-0244',
  1,
  25000,
  5,
  1250,
  23750
);
INSERT INTO invoice_items (id, invoice_id, product_id, product_name, sku, quantity, unit_price, discount_percent, discount_amount, line_total)
VALUES (
  'b6eefe11-ff12-416d-bccb-ac4c5bab0c82',
  '32c7a48f-1ebf-47e3-8241-b76ed9a30625',
  '74983340-bd60-4201-9ba5-a933fa636b18',
  'Classic Single Motor Power Recliner (Oak Wood, Teak Finish)',
  'REC-OAK-0221',
  2,
  54500,
  0,
  0,
  109000
);
INSERT INTO invoice_items (id, invoice_id, product_id, product_name, sku, quantity, unit_price, discount_percent, discount_amount, line_total)
VALUES (
  'f90f7771-7f69-4be7-a8e5-92cebe381f90',
  '32c7a48f-1ebf-47e3-8241-b76ed9a30625',
  'c5ee55e3-bf0b-44b9-85fc-e9582b35f9a8',
  'Royal Garden Patio Bistro Set (Oak Wood, Ocean Blue)',
  'OUT-OAK-0241',
  1,
  78000,
  0,
  0,
  78000
);
INSERT INTO invoice_items (id, invoice_id, product_id, product_name, sku, quantity, unit_price, discount_percent, discount_amount, line_total)
VALUES (
  'dbcdbed1-fb94-4194-99f3-3b7b279fdeb4',
  '32c7a48f-1ebf-47e3-8241-b76ed9a30625',
  'ea4e9179-3ad2-409b-84b5-55444060bc57',
  'Modern Massage Recliner Chair (Teak Wood, Charcoal Grey)',
  'REC-TEA-0235',
  2,
  32500,
  0,
  0,
  65000
);
INSERT INTO payments (id, invoice_id, method, amount, reference, created_at) VALUES ('db8bccb9-ae69-4256-bddb-c208eb448905', '32c7a48f-1ebf-47e3-8241-b76ed9a30625', 'bank_transfer', 275750, 'TXN-TF-1012', '2026-04-14T10:05:00.000Z');

-- Invoice TF-1013
INSERT INTO invoices (id, store_id, invoice_number, customer_name, customer_phone, customer_address, subtotal, discount_amount, delivery_charge, installation_charge, round_off, grand_total, payment_method, payment_status, created_by, created_at)
VALUES (
  '1dd6f203-c4c6-4e34-8be5-eb3c5d6190a7',
  '29f4e073-bc1d-4071-ae3a-c8718a90f998',
  'TF-1013',
  'Yash Pal 87',
  '9868762640',
  'H.No. 99, Gali No. 3, Colony Road, Chennai, Tamil Nadu',
  109175,
  0,
  0,
  0,
  0,
  109175,
  'card',
  'completed',
  '22222222-2222-4222-a222-222222222222',
  '2026-04-14T06:49:00.000Z'
);
INSERT INTO invoice_items (id, invoice_id, product_id, product_name, sku, quantity, unit_price, discount_percent, discount_amount, line_total)
VALUES (
  '6a755e17-d8a7-4111-b68f-793d2ae54392',
  '1dd6f203-c4c6-4e34-8be5-eb3c5d6190a7',
  '231d179c-8e18-49da-ba42-7fcae08f7a7e',
  'Premium Orthopedic Memory Foam Mattress (Rose Wood, Ivory White)',
  'MAT-ROS-0196',
  1,
  26500,
  5,
  1325,
  25175
);
INSERT INTO invoice_items (id, invoice_id, product_id, product_name, sku, quantity, unit_price, discount_percent, discount_amount, line_total)
VALUES (
  '2176bbc5-b4de-4379-8267-f798dde33883',
  '1dd6f203-c4c6-4e34-8be5-eb3c5d6190a7',
  '1911edb0-4fb5-49db-a8d9-b30659cd18d4',
  'Royal Storage Trunk Coffee Table (Oak Wood, Walnut Brown)',
  'COF-OAK-0123',
  2,
  6000,
  0,
  0,
  12000
);
INSERT INTO invoice_items (id, invoice_id, product_id, product_name, sku, quantity, unit_price, discount_percent, discount_amount, line_total)
VALUES (
  '0b5dc3f9-b4d8-4c2a-b83f-a7f3fe44bbf9',
  '1dd6f203-c4c6-4e34-8be5-eb3c5d6190a7',
  '4585c91f-6d5e-4e31-8fae-a27af5b2c83e',
  'Heritage 6-Seater Wooden Dining Table (Engineered Wood, Warm Beige)',
  'DIN-ENG-0045',
  1,
  72000,
  0,
  0,
  72000
);
INSERT INTO payments (id, invoice_id, method, amount, reference, created_at) VALUES ('39479b93-2d89-4962-99e0-c289febc08fa', '1dd6f203-c4c6-4e34-8be5-eb3c5d6190a7', 'card', 109175, 'TXN-TF-1013', '2026-04-14T06:49:00.000Z');

-- Invoice TF-1014
INSERT INTO invoices (id, store_id, invoice_number, customer_name, customer_phone, customer_address, subtotal, discount_amount, delivery_charge, installation_charge, round_off, grand_total, payment_method, payment_status, created_by, created_at)
VALUES (
  '0e89b5e5-29ef-402d-9375-351ffa3114e5',
  '29f4e073-bc1d-4071-ae3a-c8718a90f998',
  'TF-1014',
  'Vivek Oberoi 86',
  '9848149431',
  'H.No. 98, Gali No. 2, Colony Road, Bangalore, Karnataka',
  21175,
  0,
  0,
  500,
  0,
  21675,
  'upi',
  'completed',
  '11111111-1111-4111-a111-111111111111',
  '2026-04-14T08:40:00.000Z'
);
INSERT INTO invoice_items (id, invoice_id, product_id, product_name, sku, quantity, unit_price, discount_percent, discount_amount, line_total)
VALUES (
  '22c1111a-c2d1-4aae-a935-e075d922ea00',
  '0e89b5e5-29ef-402d-9375-351ffa3114e5',
  '360a1a04-cc81-4bf9-9099-d74213e685fd',
  'Classic Round Accent Coffee Table (Teak Wood, Ocean Blue)',
  'COF-TEA-0140',
  1,
  6500,
  5,
  325,
  6175
);
INSERT INTO invoice_items (id, invoice_id, product_id, product_name, sku, quantity, unit_price, discount_percent, discount_amount, line_total)
VALUES (
  '445d310d-4a6f-47fd-9bd3-02ffdcb4bb41',
  '0e89b5e5-29ef-402d-9375-351ffa3114e5',
  '90faf84f-c744-46a5-99ba-6d9d478400d3',
  'Modern Executive Leather High-Back (Teak Wood, Ivory White)',
  'OFF-TEA-0086',
  2,
  7500,
  0,
  0,
  15000
);
INSERT INTO payments (id, invoice_id, method, amount, reference, created_at) VALUES ('36a5e096-754f-4e22-8de8-d3025e983497', '0e89b5e5-29ef-402d-9375-351ffa3114e5', 'upi', 21675, 'TXN-TF-1014', '2026-04-14T08:40:00.000Z');

-- Invoice TF-1015
INSERT INTO invoices (id, store_id, invoice_number, customer_name, customer_phone, customer_address, subtotal, discount_amount, delivery_charge, installation_charge, round_off, grand_total, payment_method, payment_status, created_by, created_at)
VALUES (
  '21be193d-7948-4af1-91e1-c577dca2a3e5',
  '29f4e073-bc1d-4071-ae3a-c8718a90f998',
  'TF-1015',
  'Vikram Seth 85',
  '9828669866',
  'H.No. 97, Gali No. 1, Colony Road, Secunderabad, Telangana',
  45600,
  0,
  0,
  0,
  0,
  45600,
  'cash',
  'completed',
  '33333333-3333-4333-a333-333333333333',
  '2026-04-14T13:21:00.000Z'
);
INSERT INTO invoice_items (id, invoice_id, product_id, product_name, sku, quantity, unit_price, discount_percent, discount_amount, line_total)
VALUES (
  'bfb32703-b605-454c-9662-e33df25c3eeb',
  '21be193d-7948-4af1-91e1-c577dca2a3e5',
  '673864fc-96aa-4ee5-be46-eaeecd987a1f',
  'Classic 3-Door Wardrobe with Mirror (Mahogany, Charcoal Grey)',
  'WAR-MAH-0157',
  1,
  48000,
  5,
  2400,
  45600
);
INSERT INTO payments (id, invoice_id, method, amount, reference, created_at) VALUES ('700d471e-4f87-40fc-90e8-8ea66d44d613', '21be193d-7948-4af1-91e1-c577dca2a3e5', 'cash', 45600, 'TXN-TF-1015', '2026-04-14T13:21:00.000Z');

-- Invoice TF-1016
INSERT INTO invoices (id, store_id, invoice_number, customer_name, customer_phone, customer_address, subtotal, discount_amount, delivery_charge, installation_charge, round_off, grand_total, payment_method, payment_status, created_by, created_at)
VALUES (
  '942c6fdc-4800-436c-ac6d-1caabe3fe0c5',
  '29f4e073-bc1d-4071-ae3a-c8718a90f998',
  'TF-1016',
  'Guest',
  '',
  '',
  417525,
  0,
  0,
  0,
  0,
  417525,
  'split',
  'completed',
  '22222222-2222-4222-a222-222222222222',
  '2026-04-14T11:57:00.000Z'
);
INSERT INTO invoice_items (id, invoice_id, product_id, product_name, sku, quantity, unit_price, discount_percent, discount_amount, line_total)
VALUES (
  'd7b8b63f-e67d-4133-bccd-9e9b1b62144f',
  '942c6fdc-4800-436c-ac6d-1caabe3fe0c5',
  '863c1594-c882-4d72-8a33-d9000fa5b282',
  'Luxurious Shoe Storage Bench Rack (Teak Wood, Teak Finish)',
  'STO-TEA-0274',
  1,
  22000,
  5,
  1100,
  20900
);
INSERT INTO invoice_items (id, invoice_id, product_id, product_name, sku, quantity, unit_price, discount_percent, discount_amount, line_total)
VALUES (
  '8e411f5c-a74a-498d-b52a-2c17e48e5532',
  '942c6fdc-4800-436c-ac6d-1caabe3fe0c5',
  '22c06e1b-64db-486f-a1b4-724b8e94b149',
  'Comfort Chesterfield Sofa (Sheesham Wood, Crimson Red)',
  'SOF-SHE-0009',
  2,
  107000,
  0,
  0,
  214000
);
INSERT INTO invoice_items (id, invoice_id, product_id, product_name, sku, quantity, unit_price, discount_percent, discount_amount, line_total)
VALUES (
  '53c1de67-f4c0-4fd7-a24f-dc7a34336fd2',
  '942c6fdc-4800-436c-ac6d-1caabe3fe0c5',
  'b8b2bedb-190a-46cc-ad7a-a5c7f215f29d',
  'Luxurious Recliner Sofa (Rose Wood, Crimson Red)',
  'SOF-ROS-0013',
  1,
  81000,
  0,
  0,
  81000
);
INSERT INTO invoice_items (id, invoice_id, product_id, product_name, sku, quantity, unit_price, discount_percent, discount_amount, line_total)
VALUES (
  '83dd06c3-3a0a-43aa-b8d2-b073519f3cad',
  '942c6fdc-4800-436c-ac6d-1caabe3fe0c5',
  'dd675736-ed52-4b59-a191-b810835af4ea',
  'Classic Single Bed (Mahogany, Teak Finish)',
  'BED-MAH-0028',
  2,
  42500,
  0,
  0,
  85000
);
INSERT INTO invoice_items (id, invoice_id, product_id, product_name, sku, quantity, unit_price, discount_percent, discount_amount, line_total)
VALUES (
  '76de2406-f6c5-4a75-a782-e9076bdaf099',
  '942c6fdc-4800-436c-ac6d-1caabe3fe0c5',
  '853d0482-2bba-4db5-bedd-febbf9e73e73',
  'Minimalist Solid Wood Computer Desk (Engineered Wood, Ebony Black)',
  'STU-ENG-0164',
  1,
  17500,
  5,
  875,
  16625
);
INSERT INTO payments (id, invoice_id, method, amount, reference, created_at) VALUES ('31d80cc1-410f-41aa-b885-4b0b59aa1c22', '942c6fdc-4800-436c-ac6d-1caabe3fe0c5', 'card', 167010, 'TXN-SPLIT-CARD', '2026-04-14T11:57:00.000Z');
INSERT INTO payments (id, invoice_id, method, amount, reference, created_at) VALUES ('1b57df0a-a5fc-4276-92b0-a8fa09d80135', '942c6fdc-4800-436c-ac6d-1caabe3fe0c5', 'upi', 250515, 'TXN-SPLIT-UPI', '2026-04-14T11:57:00.000Z');

-- Invoice TF-1017
INSERT INTO invoices (id, store_id, invoice_number, customer_name, customer_phone, customer_address, subtotal, discount_amount, delivery_charge, installation_charge, round_off, grand_total, payment_method, payment_status, created_by, created_at)
VALUES (
  '4fbf3e67-5207-4b02-8c8f-f0b59e2ba4b3',
  '29f4e073-bc1d-4071-ae3a-c8718a90f998',
  'TF-1017',
  'Sneha Rao 83',
  '9873874962',
  'H.No. 95, Gali No. 4, Colony Road, Visakhapatnam, Andhra Pradesh',
  138625,
  0,
  1200,
  0,
  0,
  139825,
  'bank_transfer',
  'completed',
  '11111111-1111-4111-a111-111111111111',
  '2026-04-15T11:54:00.000Z'
);
INSERT INTO invoice_items (id, invoice_id, product_id, product_name, sku, quantity, unit_price, discount_percent, discount_amount, line_total)
VALUES (
  'b8f8e5a1-23b1-437e-befe-0f72b1c86224',
  '4fbf3e67-5207-4b02-8c8f-f0b59e2ba4b3',
  '811c781c-13c7-4eb5-9b8f-be158d9afe7b',
  'Minimalist Executive Leather High-Back (Sheesham Wood, Ivory White)',
  'OFF-SHE-0082',
  1,
  17500,
  5,
  875,
  16625
);
INSERT INTO invoice_items (id, invoice_id, product_id, product_name, sku, quantity, unit_price, discount_percent, discount_amount, line_total)
VALUES (
  '232b9b15-aee4-45ad-b6cf-7e2a0535501e',
  '4fbf3e67-5207-4b02-8c8f-f0b59e2ba4b3',
  '1e240d28-04db-4745-8ec6-d007b6edf763',
  'Comfort Single Motor Power Recliner (Mahogany, Ivory White)',
  'REC-MAH-0224',
  2,
  32000,
  0,
  0,
  64000
);
INSERT INTO invoice_items (id, invoice_id, product_id, product_name, sku, quantity, unit_price, discount_percent, discount_amount, line_total)
VALUES (
  '327838ee-5b93-4315-a80f-9f0cb98e5a8d',
  '4fbf3e67-5207-4b02-8c8f-f0b59e2ba4b3',
  '925692d6-167d-40d2-8621-1d3d0864b448',
  'Modern Compact Dresser Cabinet (Sheesham Wood, Teak Finish)',
  'DRE-SHE-0214',
  1,
  23000,
  0,
  0,
  23000
);
INSERT INTO invoice_items (id, invoice_id, product_id, product_name, sku, quantity, unit_price, discount_percent, discount_amount, line_total)
VALUES (
  'dab4a44c-5d26-4df5-9a7d-2f3e8daff7fd',
  '4fbf3e67-5207-4b02-8c8f-f0b59e2ba4b3',
  '853d0482-2bba-4db5-bedd-febbf9e73e73',
  'Minimalist Solid Wood Computer Desk (Engineered Wood, Ebony Black)',
  'STU-ENG-0164',
  2,
  17500,
  0,
  0,
  35000
);
INSERT INTO payments (id, invoice_id, method, amount, reference, created_at) VALUES ('ca6efd0d-4c60-4680-9959-8efa78fd17b2', '4fbf3e67-5207-4b02-8c8f-f0b59e2ba4b3', 'bank_transfer', 139825, 'TXN-TF-1017', '2026-04-15T11:54:00.000Z');

-- Invoice TF-1018
INSERT INTO invoices (id, store_id, invoice_number, customer_name, customer_phone, customer_address, subtotal, discount_amount, delivery_charge, installation_charge, round_off, grand_total, payment_method, payment_status, created_by, created_at)
VALUES (
  '42fef0a8-bf75-42f5-b086-892a9f24238c',
  '29f4e073-bc1d-4071-ae3a-c8718a90f998',
  'TF-1018',
  'Siddharth Sen 82',
  '9890276665',
  'H.No. 94, Gali No. 3, Colony Road, Vijayawada, Andhra Pradesh',
  92950,
  0,
  0,
  0,
  0,
  92950,
  'card',
  'completed',
  '33333333-3333-4333-a333-333333333333',
  '2026-04-15T12:57:00.000Z'
);
INSERT INTO invoice_items (id, invoice_id, product_id, product_name, sku, quantity, unit_price, discount_percent, discount_amount, line_total)
VALUES (
  '5e929ae5-4ed6-422a-b677-7876f66876d0',
  '42fef0a8-bf75-42f5-b086-892a9f24238c',
  '5a1c7880-0492-4124-bbed-efab59c864e7',
  'Comfort Wall Folding Laptop Desk (Engineered Wood, Ocean Blue)',
  'STU-ENG-0175',
  1,
  11000,
  5,
  550,
  10450
);
INSERT INTO invoice_items (id, invoice_id, product_id, product_name, sku, quantity, unit_price, discount_percent, discount_amount, line_total)
VALUES (
  '10483074-fd08-4d10-8428-d035a2044134',
  '42fef0a8-bf75-42f5-b086-892a9f24238c',
  '1e240d28-04db-4745-8ec6-d007b6edf763',
  'Comfort Single Motor Power Recliner (Mahogany, Ivory White)',
  'REC-MAH-0224',
  2,
  32000,
  0,
  0,
  64000
);
INSERT INTO invoice_items (id, invoice_id, product_id, product_name, sku, quantity, unit_price, discount_percent, discount_amount, line_total)
VALUES (
  '9acb1362-b2dd-4c18-bd34-fa1cc07268e1',
  '42fef0a8-bf75-42f5-b086-892a9f24238c',
  '8f7a507b-c9d5-413e-a21a-23417938ea1d',
  'Minimalist 5-Tier Open Bookshelf Console (Sheesham Wood, Warm Beige)',
  'BOO-SHE-0282',
  1,
  18500,
  0,
  0,
  18500
);
INSERT INTO payments (id, invoice_id, method, amount, reference, created_at) VALUES ('6213c6d1-2a29-49bd-b511-632e584adf81', '42fef0a8-bf75-42f5-b086-892a9f24238c', 'card', 92950, 'TXN-TF-1018', '2026-04-15T12:57:00.000Z');

-- Invoice TF-1019
INSERT INTO invoices (id, store_id, invoice_number, customer_name, customer_phone, customer_address, subtotal, discount_amount, delivery_charge, installation_charge, round_off, grand_total, payment_method, payment_status, created_by, created_at)
VALUES (
  '6b83a009-94be-460d-b71c-e01fb8b55aed',
  '29f4e073-bc1d-4071-ae3a-c8718a90f998',
  'TF-1019',
  'Sarita Mishra 81',
  '9887069661',
  'H.No. 93, Gali No. 2, Colony Road, Chennai, Tamil Nadu',
  74600,
  0,
  0,
  0,
  0,
  74600,
  'upi',
  'completed',
  '22222222-2222-4222-a222-222222222222',
  '2026-04-15T15:04:00.000Z'
);
INSERT INTO invoice_items (id, invoice_id, product_id, product_name, sku, quantity, unit_price, discount_percent, discount_amount, line_total)
VALUES (
  '686e8ff1-8060-40b4-824a-ea6196abc243',
  '6b83a009-94be-460d-b71c-e01fb8b55aed',
  '66714533-af7b-4dc1-a3da-3f62a5b8e4cf',
  'Classic Poster Bed (Rose Wood, Teak Finish)',
  'BED-ROS-0039',
  1,
  68000,
  5,
  3400,
  64600
);
INSERT INTO invoice_items (id, invoice_id, product_id, product_name, sku, quantity, unit_price, discount_percent, discount_amount, line_total)
VALUES (
  '5a3028ca-178a-4c26-af4f-63d7c0f55e36',
  '6b83a009-94be-460d-b71c-e01fb8b55aed',
  'd78792d4-9569-4f36-a380-ba0fa0551bff',
  'Modern Rattan Accent Chair (Oak Wood, Ivory White)',
  'DIN-OAK-0076',
  2,
  5000,
  0,
  0,
  10000
);
INSERT INTO payments (id, invoice_id, method, amount, reference, created_at) VALUES ('fc365467-1c2a-4f0b-9979-a9d310dac8e0', '6b83a009-94be-460d-b71c-e01fb8b55aed', 'upi', 74600, 'TXN-TF-1019', '2026-04-15T15:04:00.000Z');

-- Invoice TF-1020
INSERT INTO invoices (id, store_id, invoice_number, customer_name, customer_phone, customer_address, subtotal, discount_amount, delivery_charge, installation_charge, round_off, grand_total, payment_method, payment_status, created_by, created_at)
VALUES (
  '1f46708b-82c0-4a59-9407-084e723301b2',
  '29f4e073-bc1d-4071-ae3a-c8718a90f998',
  'TF-1020',
  'Guest',
  '',
  '',
  36575,
  1097.25,
  0,
  0,
  0.25,
  35478,
  'cash',
  'completed',
  '11111111-1111-4111-a111-111111111111',
  '2026-04-15T04:47:00.000Z'
);
INSERT INTO invoice_items (id, invoice_id, product_id, product_name, sku, quantity, unit_price, discount_percent, discount_amount, line_total)
VALUES (
  'caaf39c4-b077-4ed8-a805-cd4b1306b4e5',
  '1f46708b-82c0-4a59-9407-084e723301b2',
  '269baf12-2c80-46b8-9fc2-6550d3452bf9',
  'Premium Floor Standing TV Console (Teak Wood, Ocean Blue)',
  'TV -TEA-0114',
  1,
  38500,
  5,
  1925,
  36575
);
INSERT INTO payments (id, invoice_id, method, amount, reference, created_at) VALUES ('882bc7e3-9c4a-46d9-a767-da94c90fd3c8', '1f46708b-82c0-4a59-9407-084e723301b2', 'cash', 35478, 'TXN-TF-1020', '2026-04-15T04:47:00.000Z');

-- Invoice TF-1021
INSERT INTO invoices (id, store_id, invoice_number, customer_name, customer_phone, customer_address, subtotal, discount_amount, delivery_charge, installation_charge, round_off, grand_total, payment_method, payment_status, created_by, created_at)
VALUES (
  'b572fcde-748e-4eb9-8f16-5b5a248abdf8',
  '29f4e073-bc1d-4071-ae3a-c8718a90f998',
  'TF-1021',
  'Sandeep Hegde 79',
  '9877830918',
  'H.No. 91, Gali No. 5, Colony Road, Secunderabad, Telangana',
  218950,
  0,
  0,
  0,
  0,
  218950,
  'split',
  'completed',
  '33333333-3333-4333-a333-333333333333',
  '2026-04-15T04:40:00.000Z'
);
INSERT INTO invoice_items (id, invoice_id, product_id, product_name, sku, quantity, unit_price, discount_percent, discount_amount, line_total)
VALUES (
  '81165fa9-2205-45ac-a342-a786e4f9738f',
  'b572fcde-748e-4eb9-8f16-5b5a248abdf8',
  '56f48d47-d20f-4396-a9d8-83d5e69913a6',
  'Minimalist Manual Rocking Recliner Lounge Chair (Teak Wood, Crimson Red)',
  'REC-TEA-0225',
  1,
  54500,
  5,
  2725,
  51775
);
INSERT INTO invoice_items (id, invoice_id, product_id, product_name, sku, quantity, unit_price, discount_percent, discount_amount, line_total)
VALUES (
  '70e9589f-68c3-4469-b697-835b60d50ec8',
  'b572fcde-748e-4eb9-8f16-5b5a248abdf8',
  'd308b0b6-147b-458f-8f54-a63c002b9c42',
  'Minimalist Modular TV Stand with Shelves (Teak Wood, Crimson Red)',
  'TV -TEA-0118',
  2,
  15500,
  0,
  0,
  31000
);
INSERT INTO invoice_items (id, invoice_id, product_id, product_name, sku, quantity, unit_price, discount_percent, discount_amount, line_total)
VALUES (
  'd4d36ec5-5c80-4d2c-a877-c6514d193815',
  'b572fcde-748e-4eb9-8f16-5b5a248abdf8',
  '565ae41d-77f4-4e7b-9327-33d684cb45de',
  'Imperial Compact Dresser Cabinet (Teak Wood, Teak Finish)',
  'DRE-TEA-0208',
  1,
  10500,
  0,
  0,
  10500
);
INSERT INTO invoice_items (id, invoice_id, product_id, product_name, sku, quantity, unit_price, discount_percent, discount_amount, line_total)
VALUES (
  '6a4cb07e-e62b-4f9b-bb12-27143f018a6d',
  'b572fcde-748e-4eb9-8f16-5b5a248abdf8',
  'e5e8c18e-63a3-4746-bd07-08c73514992a',
  'Comfort Pocket Spring Premium Mattress (Teak Wood, Ivory White)',
  'MAT-TEA-0182',
  2,
  55000,
  0,
  0,
  110000
);
INSERT INTO invoice_items (id, invoice_id, product_id, product_name, sku, quantity, unit_price, discount_percent, discount_amount, line_total)
VALUES (
  'da68101d-0ff1-4c67-9711-fbb0ad38ce96',
  'b572fcde-748e-4eb9-8f16-5b5a248abdf8',
  '7ba1bbf5-147c-4942-bd03-6d07e55db083',
  'Eco-sustain Compact Student Desk (Mahogany, Ebony Black)',
  'STU-MAH-0169',
  1,
  16500,
  5,
  825,
  15675
);
INSERT INTO payments (id, invoice_id, method, amount, reference, created_at) VALUES ('12d5b308-41c0-46a0-8992-e62f1b7f13b1', 'b572fcde-748e-4eb9-8f16-5b5a248abdf8', 'card', 87580, 'TXN-SPLIT-CARD', '2026-04-15T04:40:00.000Z');
INSERT INTO payments (id, invoice_id, method, amount, reference, created_at) VALUES ('ba721596-e2e4-446e-a0e4-7df781d034b7', 'b572fcde-748e-4eb9-8f16-5b5a248abdf8', 'upi', 131370, 'TXN-SPLIT-UPI', '2026-04-15T04:40:00.000Z');

-- Invoice TF-1022
INSERT INTO invoices (id, store_id, invoice_number, customer_name, customer_phone, customer_address, subtotal, discount_amount, delivery_charge, installation_charge, round_off, grand_total, payment_method, payment_status, created_by, created_at)
VALUES (
  '6c7452f5-1d88-4c8d-a542-8965ad0853c5',
  '29f4e073-bc1d-4071-ae3a-c8718a90f998',
  'TF-1022',
  'Ravi Shankar 78',
  '9895883585',
  'H.No. 90, Gali No. 4, Colony Road, Hyderabad, Telangana',
  271050,
  0,
  0,
  0,
  0,
  271050,
  'bank_transfer',
  'completed',
  '22222222-2222-4222-a222-222222222222',
  '2026-04-15T12:20:00.000Z'
);
INSERT INTO invoice_items (id, invoice_id, product_id, product_name, sku, quantity, unit_price, discount_percent, discount_amount, line_total)
VALUES (
  'b477f87d-e051-491d-a6b1-81825e6073a6',
  '6c7452f5-1d88-4c8d-a542-8965ad0853c5',
  'aeacc6db-6372-421c-b55c-3bcc0f97ef15',
  'Imperial Modular TV Stand with Shelves (Sheesham Wood, Ivory White)',
  'TV -SHE-0103',
  1,
  29000,
  5,
  1450,
  27550
);
INSERT INTO invoice_items (id, invoice_id, product_id, product_name, sku, quantity, unit_price, discount_percent, discount_amount, line_total)
VALUES (
  '955980d4-098e-4d8c-8fc6-ec8098e971b8',
  '6c7452f5-1d88-4c8d-a542-8965ad0853c5',
  '685de896-144b-49c1-86f3-38d2c27670b5',
  'Eco-sustain Executive Leather High-Back (Oak Wood, Warm Beige)',
  'OFF-OAK-0090',
  2,
  10500,
  0,
  0,
  21000
);
INSERT INTO invoice_items (id, invoice_id, product_id, product_name, sku, quantity, unit_price, discount_percent, discount_amount, line_total)
VALUES (
  '0a9e807f-cdb0-432e-afa5-2c88811fbc58',
  '6c7452f5-1d88-4c8d-a542-8965ad0853c5',
  'cd1dfc63-1e9c-4d01-9a09-8eed915a6354',
  'Minimalist 3-Door Wardrobe with Mirror (Sheesham Wood, Ebony Black)',
  'WAR-SHE-0145',
  1,
  19500,
  0,
  0,
  19500
);
INSERT INTO invoice_items (id, invoice_id, product_id, product_name, sku, quantity, unit_price, discount_percent, discount_amount, line_total)
VALUES (
  'd0e341ea-942b-4cd8-8f48-fab9843828bf',
  '6c7452f5-1d88-4c8d-a542-8965ad0853c5',
  '20befa31-26ef-4be3-a898-103d0b6bd679',
  'Imperial Marble Top Dining Table (Mahogany, Walnut Brown)',
  'DIN-MAH-0055',
  2,
  101500,
  0,
  0,
  203000
);
INSERT INTO payments (id, invoice_id, method, amount, reference, created_at) VALUES ('cfd45e39-2403-4833-a614-8d5f39549b2d', '6c7452f5-1d88-4c8d-a542-8965ad0853c5', 'bank_transfer', 271050, 'TXN-TF-1022', '2026-04-15T12:20:00.000Z');

-- Invoice TF-1023
INSERT INTO invoices (id, store_id, invoice_number, customer_name, customer_phone, customer_address, subtotal, discount_amount, delivery_charge, installation_charge, round_off, grand_total, payment_method, payment_status, created_by, created_at)
VALUES (
  'b146b09c-8fcf-44cf-a612-757c4e0f58ff',
  '29f4e073-bc1d-4071-ae3a-c8718a90f998',
  'TF-1023',
  'Ramesh Chandra 77',
  '9869152787',
  'H.No. 89, Gali No. 3, Colony Road, Visakhapatnam, Andhra Pradesh',
  112875,
  0,
  0,
  500,
  0,
  113375,
  'card',
  'completed',
  '11111111-1111-4111-a111-111111111111',
  '2026-04-16T08:09:00.000Z'
);
INSERT INTO invoice_items (id, invoice_id, product_id, product_name, sku, quantity, unit_price, discount_percent, discount_amount, line_total)
VALUES (
  '3c4fefab-2ad4-4b8b-9505-04c7c3f41feb',
  'b146b09c-8fcf-44cf-a612-757c4e0f58ff',
  '0793a00d-be8e-4b20-8c5a-53abf1fc26c5',
  'Classic Wall Folding Laptop Desk (Mahogany, Warm Beige)',
  'STU-MAH-0167',
  1,
  22500,
  5,
  1125,
  21375
);
INSERT INTO invoice_items (id, invoice_id, product_id, product_name, sku, quantity, unit_price, discount_percent, discount_amount, line_total)
VALUES (
  '71ca7bfa-1233-4235-b77b-7d4e6c47872e',
  'b146b09c-8fcf-44cf-a612-757c4e0f58ff',
  'cc1fe24a-9fbf-4ebd-b146-9926bc4dcdf4',
  'Luxurious Mesh Medium-Back Office Chair (Teak Wood, Ebony Black)',
  'OFF-TEA-0099',
  2,
  10000,
  0,
  0,
  20000
);
INSERT INTO invoice_items (id, invoice_id, product_id, product_name, sku, quantity, unit_price, discount_percent, discount_amount, line_total)
VALUES (
  '4cbacac0-35aa-4da4-9245-e7407b990e95',
  'b146b09c-8fcf-44cf-a612-757c4e0f58ff',
  '4b1e45c0-e517-4f15-ae56-751d67906568',
  'Heritage 4-Seater Glass Top Dining Table (Sheesham Wood, Crimson Red)',
  'DIN-SHE-0054',
  1,
  71500,
  0,
  0,
  71500
);
INSERT INTO payments (id, invoice_id, method, amount, reference, created_at) VALUES ('5aeb6a97-9b0d-4d38-80ab-ce50e2ccca1e', 'b146b09c-8fcf-44cf-a612-757c4e0f58ff', 'card', 113375, 'TXN-TF-1023', '2026-04-16T08:09:00.000Z');

-- Invoice TF-1024
INSERT INTO invoices (id, store_id, invoice_number, customer_name, customer_phone, customer_address, subtotal, discount_amount, delivery_charge, installation_charge, round_off, grand_total, payment_method, payment_status, created_by, created_at)
VALUES (
  'b5c60330-293f-44c4-823d-16c80db97b55',
  '29f4e073-bc1d-4071-ae3a-c8718a90f998',
  'TF-1024',
  'Guest',
  '',
  '',
  86075,
  0,
  1200,
  0,
  0,
  87275,
  'upi',
  'completed',
  '33333333-3333-4333-a333-333333333333',
  '2026-04-16T11:00:00.000Z'
);
INSERT INTO invoice_items (id, invoice_id, product_id, product_name, sku, quantity, unit_price, discount_percent, discount_amount, line_total)
VALUES (
  '764f9c9a-a88c-4088-9aa4-aa5027fe38a1',
  'b5c60330-293f-44c4-823d-16c80db97b55',
  'd7b96116-6403-43a6-b7f3-f6392d813c27',
  'Royal 6-Seater Wooden Dining Table (Sheesham Wood, Teak Finish)',
  'DIN-SHE-0053',
  1,
  48500,
  5,
  2425,
  46075
);
INSERT INTO invoice_items (id, invoice_id, product_id, product_name, sku, quantity, unit_price, discount_percent, discount_amount, line_total)
VALUES (
  'c0610203-cba1-49a7-b6cf-44edfc451695',
  'b5c60330-293f-44c4-823d-16c80db97b55',
  '9c66da03-0ee6-4b1b-a9ec-f53da69d5a91',
  'Royal Visitor Stool Chair (Mahogany, Ivory White)',
  'OFF-MAH-0096',
  2,
  20000,
  0,
  0,
  40000
);
INSERT INTO payments (id, invoice_id, method, amount, reference, created_at) VALUES ('a1608513-b634-49c0-9f96-bab03be974a1', 'b5c60330-293f-44c4-823d-16c80db97b55', 'upi', 87275, 'TXN-TF-1024', '2026-04-16T11:00:00.000Z');

-- Invoice TF-1025
INSERT INTO invoices (id, store_id, invoice_number, customer_name, customer_phone, customer_address, subtotal, discount_amount, delivery_charge, installation_charge, round_off, grand_total, payment_method, payment_status, created_by, created_at)
VALUES (
  '815bfc91-0322-4730-8c14-2bff38242594',
  '29f4e073-bc1d-4071-ae3a-c8718a90f998',
  'TF-1025',
  'Priya Pillai 75',
  '9858180741',
  'H.No. 87, Gali No. 1, Colony Road, Chennai, Tamil Nadu',
  5700,
  0,
  0,
  0,
  0,
  5700,
  'cash',
  'cancelled',
  '22222222-2222-4222-a222-222222222222',
  '2026-04-16T06:43:00.000Z'
);
INSERT INTO invoice_items (id, invoice_id, product_id, product_name, sku, quantity, unit_price, discount_percent, discount_amount, line_total)
VALUES (
  '9f2d96e3-d0a2-40a4-9672-e65ce64562e0',
  '815bfc91-0322-4730-8c14-2bff38242594',
  '1911edb0-4fb5-49db-a8d9-b30659cd18d4',
  'Royal Storage Trunk Coffee Table (Oak Wood, Walnut Brown)',
  'COF-OAK-0123',
  1,
  6000,
  5,
  300,
  5700
);

-- Invoice TF-1026
INSERT INTO invoices (id, store_id, invoice_number, customer_name, customer_phone, customer_address, subtotal, discount_amount, delivery_charge, installation_charge, round_off, grand_total, payment_method, payment_status, created_by, created_at)
VALUES (
  '95e488fb-4c9c-4ba0-a6c7-00ac65fc3af8',
  '29f4e073-bc1d-4071-ae3a-c8718a90f998',
  'TF-1026',
  'Pranav Kulkarni 74',
  '9873714466',
  'H.No. 86, Gali No. 5, Colony Road, Bangalore, Karnataka',
  190875,
  0,
  0,
  0,
  0,
  190875,
  'split',
  'completed',
  '11111111-1111-4111-a111-111111111111',
  '2026-04-16T05:18:00.000Z'
);
INSERT INTO invoice_items (id, invoice_id, product_id, product_name, sku, quantity, unit_price, discount_percent, discount_amount, line_total)
VALUES (
  '6884b593-9013-4a6c-bb3a-21beb559ca57',
  '95e488fb-4c9c-4ba0-a6c7-00ac65fc3af8',
  'a368cbb3-53c0-4fae-b6ec-f32a581d4f7a',
  'Modern 4-Seater Glass Top Dining Table (Sheesham Wood, Ivory White)',
  'DIN-SHE-0042',
  1,
  24000,
  5,
  1200,
  22800
);
INSERT INTO invoice_items (id, invoice_id, product_id, product_name, sku, quantity, unit_price, discount_percent, discount_amount, line_total)
VALUES (
  '85911b9e-4a13-4af6-8648-bbd66cdacf3d',
  '95e488fb-4c9c-4ba0-a6c7-00ac65fc3af8',
  'f9849504-d5b5-4c81-82d3-33122a18e19e',
  'Classic Single Motor Power Recliner (Engineered Wood, Crimson Red)',
  'REC-ENG-0236',
  2,
  60500,
  0,
  0,
  121000
);
INSERT INTO invoice_items (id, invoice_id, product_id, product_name, sku, quantity, unit_price, discount_percent, discount_amount, line_total)
VALUES (
  'c779df99-a071-4951-b244-ada2f6f48a29',
  '95e488fb-4c9c-4ba0-a6c7-00ac65fc3af8',
  '15d86dcb-5df7-40ea-8d9a-ef921e8afc7f',
  'Luxurious Wooden Sideboard Credenza (Teak Wood, Charcoal Grey)',
  'STO-TEA-0266',
  1,
  8500,
  0,
  0,
  8500
);
INSERT INTO invoice_items (id, invoice_id, product_id, product_name, sku, quantity, unit_price, discount_percent, discount_amount, line_total)
VALUES (
  'b8bef2ff-4dc2-445a-a14a-09448e4c042e',
  '95e488fb-4c9c-4ba0-a6c7-00ac65fc3af8',
  'ae23d07d-ad6c-4b81-945e-5df3d4fa0e52',
  'Minimalist Cushioned Dining Chair (Teak Wood, Ebony Black)',
  'DIN-TEA-0065',
  2,
  10500,
  0,
  0,
  21000
);
INSERT INTO invoice_items (id, invoice_id, product_id, product_name, sku, quantity, unit_price, discount_percent, discount_amount, line_total)
VALUES (
  '58914cd0-8410-4322-b426-5da631f32bc3',
  '95e488fb-4c9c-4ba0-a6c7-00ac65fc3af8',
  '8f7a507b-c9d5-413e-a21a-23417938ea1d',
  'Minimalist 5-Tier Open Bookshelf Console (Sheesham Wood, Warm Beige)',
  'BOO-SHE-0282',
  1,
  18500,
  5,
  925,
  17575
);
INSERT INTO payments (id, invoice_id, method, amount, reference, created_at) VALUES ('2c864fa4-1444-4c52-8dae-36a937185d04', '95e488fb-4c9c-4ba0-a6c7-00ac65fc3af8', 'card', 76350, 'TXN-SPLIT-CARD', '2026-04-16T05:18:00.000Z');
INSERT INTO payments (id, invoice_id, method, amount, reference, created_at) VALUES ('39cd3fd3-6d73-464d-b803-54fd612b523e', '95e488fb-4c9c-4ba0-a6c7-00ac65fc3af8', 'upi', 114525, 'TXN-SPLIT-UPI', '2026-04-16T05:18:00.000Z');

-- Invoice TF-1027
INSERT INTO invoices (id, store_id, invoice_number, customer_name, customer_phone, customer_address, subtotal, discount_amount, delivery_charge, installation_charge, round_off, grand_total, payment_method, payment_status, created_by, created_at)
VALUES (
  '57ac9329-e3b6-4ef8-a3ac-2d6884e72da3',
  '29f4e073-bc1d-4071-ae3a-c8718a90f998',
  'TF-1027',
  'Neha Deshmukh 73',
  '9817255110',
  'H.No. 85, Gali No. 4, Colony Road, Secunderabad, Telangana',
  92025,
  0,
  0,
  0,
  0,
  92025,
  'bank_transfer',
  'completed',
  '33333333-3333-4333-a333-333333333333',
  '2026-04-16T05:54:00.000Z'
);
INSERT INTO invoice_items (id, invoice_id, product_id, product_name, sku, quantity, unit_price, discount_percent, discount_amount, line_total)
VALUES (
  '5168f53f-bb34-4974-84b5-7a73235a9867',
  '57ac9329-e3b6-4ef8-a3ac-2d6884e72da3',
  'e2a346ed-dbcd-4755-91ba-c6bed535d05e',
  'Imperial Shoe Storage Bench Rack (Rose Wood, Warm Beige)',
  'STO-ROS-0277',
  1,
  9500,
  5,
  475,
  9025
);
INSERT INTO invoice_items (id, invoice_id, product_id, product_name, sku, quantity, unit_price, discount_percent, discount_amount, line_total)
VALUES (
  '3abdc49e-241d-4123-b46f-32562bb1b78f',
  '57ac9329-e3b6-4ef8-a3ac-2d6884e72da3',
  '4285c79a-d18c-4d32-b4d5-6a9248d5b034',
  'Premium Mesh Medium-Back Office Chair (Sheesham Wood, Warm Beige)',
  'OFF-SHE-0091',
  2,
  8500,
  0,
  0,
  17000
);
INSERT INTO invoice_items (id, invoice_id, product_id, product_name, sku, quantity, unit_price, discount_percent, discount_amount, line_total)
VALUES (
  '84c37d00-9f14-4510-ab5c-fc292aa22c89',
  '57ac9329-e3b6-4ef8-a3ac-2d6884e72da3',
  '1e240d28-04db-4745-8ec6-d007b6edf763',
  'Comfort Single Motor Power Recliner (Mahogany, Ivory White)',
  'REC-MAH-0224',
  1,
  32000,
  0,
  0,
  32000
);
INSERT INTO invoice_items (id, invoice_id, product_id, product_name, sku, quantity, unit_price, discount_percent, discount_amount, line_total)
VALUES (
  'c8d029be-dfb5-4bb4-bd11-c6238e7c7677',
  '57ac9329-e3b6-4ef8-a3ac-2d6884e72da3',
  '24e59f2a-fc44-477a-b47c-a4c9026d1810',
  'Classic Poster Bed (Oak Wood, Walnut Brown)',
  'BED-OAK-0034',
  2,
  17000,
  0,
  0,
  34000
);
INSERT INTO payments (id, invoice_id, method, amount, reference, created_at) VALUES ('bb8b541f-e032-4bbd-994d-f514b16dd814', '57ac9329-e3b6-4ef8-a3ac-2d6884e72da3', 'bank_transfer', 92025, 'TXN-TF-1027', '2026-04-16T05:54:00.000Z');

-- Invoice TF-1028
INSERT INTO invoices (id, store_id, invoice_number, customer_name, customer_phone, customer_address, subtotal, discount_amount, delivery_charge, installation_charge, round_off, grand_total, payment_method, payment_status, created_by, created_at)
VALUES (
  'bc195fec-18cb-48a4-bff8-8f837407d384',
  '29f4e073-bc1d-4071-ae3a-c8718a90f998',
  'TF-1028',
  'Guest',
  '',
  '',
  35600,
  0,
  0,
  0,
  0,
  35600,
  'card',
  'completed',
  '22222222-2222-4222-a222-222222222222',
  '2026-04-17T07:26:00.000Z'
);
INSERT INTO invoice_items (id, invoice_id, product_id, product_name, sku, quantity, unit_price, discount_percent, discount_amount, line_total)
VALUES (
  '2663f4eb-2d31-4508-8829-c65ec0e77182',
  'bc195fec-18cb-48a4-bff8-8f837407d384',
  '7c0e27c9-91f2-4b65-9f64-ccf61986bbdc',
  'Modern Manual Rocking Recliner Lounge Chair (Oak Wood, Ebony Black)',
  'REC-OAK-0234',
  1,
  18000,
  5,
  900,
  17100
);
INSERT INTO invoice_items (id, invoice_id, product_id, product_name, sku, quantity, unit_price, discount_percent, discount_amount, line_total)
VALUES (
  'cdda985e-4687-464f-aa57-682dd3eb2550',
  'bc195fec-18cb-48a4-bff8-8f837407d384',
  '9cac0f18-a728-4c46-a7b4-d68d4dcfc96d',
  'Minimalist Storage Trunk Coffee Table (Sheesham Wood, Warm Beige)',
  'COF-SHE-0135',
  2,
  4500,
  0,
  0,
  9000
);
INSERT INTO invoice_items (id, invoice_id, product_id, product_name, sku, quantity, unit_price, discount_percent, discount_amount, line_total)
VALUES (
  '5a4f45b2-0737-47d2-8bcf-9ee432cc8687',
  'bc195fec-18cb-48a4-bff8-8f837407d384',
  '08c32db4-7ba0-4c92-9312-42a452c31ae1',
  'Heritage Floor Standing TV Console (Teak Wood, Warm Beige)',
  'TV -TEA-0105',
  1,
  9500,
  0,
  0,
  9500
);
INSERT INTO payments (id, invoice_id, method, amount, reference, created_at) VALUES ('d6675f74-2fcf-4348-b159-d5ef7dce8d44', 'bc195fec-18cb-48a4-bff8-8f837407d384', 'card', 35600, 'TXN-TF-1028', '2026-04-17T07:26:00.000Z');

-- Invoice TF-1029
INSERT INTO invoices (id, store_id, invoice_number, customer_name, customer_phone, customer_address, subtotal, discount_amount, delivery_charge, installation_charge, round_off, grand_total, payment_method, payment_status, created_by, created_at)
VALUES (
  '93284b43-bd3b-476a-b2bf-58c51da6a711',
  '29f4e073-bc1d-4071-ae3a-c8718a90f998',
  'TF-1029',
  'Kavitha Hegde 71',
  '9888335467',
  'H.No. 83, Gali No. 2, Colony Road, Visakhapatnam, Andhra Pradesh',
  39350,
  0,
  0,
  0,
  0,
  39350,
  'upi',
  'completed',
  '11111111-1111-4111-a111-111111111111',
  '2026-04-17T13:24:00.000Z'
);
INSERT INTO invoice_items (id, invoice_id, product_id, product_name, sku, quantity, unit_price, discount_percent, discount_amount, line_total)
VALUES (
  'fc3a7b84-2b31-4196-88f0-ac9ba5f5ea3c',
  '93284b43-bd3b-476a-b2bf-58c51da6a711',
  'afad88ca-7631-419b-bb19-b3cdc6079db6',
  'Classic Rattan Accent Chair (Mahogany, Ocean Blue)',
  'DIN-MAH-0080',
  1,
  13000,
  5,
  650,
  12350
);
INSERT INTO invoice_items (id, invoice_id, product_id, product_name, sku, quantity, unit_price, discount_percent, discount_amount, line_total)
VALUES (
  '4f0c183b-4ea1-41d7-90f7-36f315200656',
  '93284b43-bd3b-476a-b2bf-58c51da6a711',
  '29849c42-d367-49a3-859d-5f65b92da389',
  'Premium Glass Top Coffee Table (Mahogany, Ivory White)',
  'COF-MAH-0130',
  2,
  13500,
  0,
  0,
  27000
);
INSERT INTO payments (id, invoice_id, method, amount, reference, created_at) VALUES ('7fb39d46-8830-409f-9c2f-f633ea8eec34', '93284b43-bd3b-476a-b2bf-58c51da6a711', 'upi', 39350, 'TXN-TF-1029', '2026-04-17T13:24:00.000Z');

-- Invoice TF-1030
INSERT INTO invoices (id, store_id, invoice_number, customer_name, customer_phone, customer_address, subtotal, discount_amount, delivery_charge, installation_charge, round_off, grand_total, payment_method, payment_status, created_by, created_at)
VALUES (
  '05e2866f-eaf2-4234-995e-eb0b5c847dd9',
  '29f4e073-bc1d-4071-ae3a-c8718a90f998',
  'TF-1030',
  'Karthik Swami 70',
  '9886962591',
  'H.No. 82, Gali No. 1, Colony Road, Vijayawada, Andhra Pradesh',
  32775,
  983.25,
  0,
  0,
  0.25,
  31792,
  'cash',
  'completed',
  '33333333-3333-4333-a333-333333333333',
  '2026-04-17T10:15:00.000Z'
);
INSERT INTO invoice_items (id, invoice_id, product_id, product_name, sku, quantity, unit_price, discount_percent, discount_amount, line_total)
VALUES (
  '4579c710-7eef-4c1a-9473-d3ec6ea734f1',
  '05e2866f-eaf2-4234-995e-eb0b5c847dd9',
  '9c0f27c3-56a3-4c37-af63-2aa734d19353',
  'Imperial Visitor Stool Chair (Mahogany, Ocean Blue)',
  'OFF-MAH-0084',
  1,
  34500,
  5,
  1725,
  32775
);
INSERT INTO payments (id, invoice_id, method, amount, reference, created_at) VALUES ('aee8f8b9-6a7e-4dea-8b40-47d4e9f7a76d', '05e2866f-eaf2-4234-995e-eb0b5c847dd9', 'cash', 31792, 'TXN-TF-1030', '2026-04-17T10:15:00.000Z');

-- Invoice TF-1031
INSERT INTO invoices (id, store_id, invoice_number, customer_name, customer_phone, customer_address, subtotal, discount_amount, delivery_charge, installation_charge, round_off, grand_total, payment_method, payment_status, created_by, created_at)
VALUES (
  '63debcea-acac-4b8e-addf-63446ad2cc6e',
  '29f4e073-bc1d-4071-ae3a-c8718a90f998',
  'TF-1031',
  'Jyoti Prasad 69',
  '9894252754',
  'H.No. 81, Gali No. 5, Colony Road, Chennai, Tamil Nadu',
  208000,
  0,
  1200,
  0,
  0,
  209200,
  'split',
  'completed',
  '22222222-2222-4222-a222-222222222222',
  '2026-04-17T07:45:00.000Z'
);
INSERT INTO invoice_items (id, invoice_id, product_id, product_name, sku, quantity, unit_price, discount_percent, discount_amount, line_total)
VALUES (
  '97b7e5b0-eb1b-45c8-83d5-004f1d5b7c96',
  '63debcea-acac-4b8e-addf-63446ad2cc6e',
  '102b3b42-75e5-49da-909c-99d3b3d12961',
  'Modern Open Walk-in Closet Organizer (Engineered Wood, Crimson Red)',
  'WAR-ENG-0160',
  1,
  86500,
  5,
  4325,
  82175
);
INSERT INTO invoice_items (id, invoice_id, product_id, product_name, sku, quantity, unit_price, discount_percent, discount_amount, line_total)
VALUES (
  '0b8a0f06-b31c-431b-a754-3601725f1c4a',
  '63debcea-acac-4b8e-addf-63446ad2cc6e',
  'ef85eb68-37c4-473c-a529-f2c5a38bfe9c',
  'Comfort Marble Top Dining Table (Teak Wood, Walnut Brown)',
  'DIN-TEA-0043',
  2,
  43000,
  0,
  0,
  86000
);
INSERT INTO invoice_items (id, invoice_id, product_id, product_name, sku, quantity, unit_price, discount_percent, discount_amount, line_total)
VALUES (
  'c9f8896e-9038-47dd-a98c-98cbbc8d5c49',
  '63debcea-acac-4b8e-addf-63446ad2cc6e',
  '360a1a04-cc81-4bf9-9099-d74213e685fd',
  'Classic Round Accent Coffee Table (Teak Wood, Ocean Blue)',
  'COF-TEA-0140',
  1,
  6500,
  0,
  0,
  6500
);
INSERT INTO invoice_items (id, invoice_id, product_id, product_name, sku, quantity, unit_price, discount_percent, discount_amount, line_total)
VALUES (
  '0ceeee02-718d-4369-86ab-ab8845fa56d5',
  '63debcea-acac-4b8e-addf-63446ad2cc6e',
  '309401d9-0e72-4846-a4d8-48610ed27410',
  'Modern Solid Wood Dining Chair (Mahogany, Walnut Brown)',
  'DIN-MAH-0062',
  2,
  5500,
  0,
  0,
  11000
);
INSERT INTO invoice_items (id, invoice_id, product_id, product_name, sku, quantity, unit_price, discount_percent, discount_amount, line_total)
VALUES (
  '67d963b7-8a99-4aa7-be4b-9d803c0f14e1',
  '63debcea-acac-4b8e-addf-63446ad2cc6e',
  '47e7106e-10d8-4b20-8774-9074af7b2be1',
  'Royal 5-Tier Open Bookshelf Console (Sheesham Wood, Ivory White)',
  'BOO-SHE-0291',
  1,
  23500,
  5,
  1175,
  22325
);
INSERT INTO payments (id, invoice_id, method, amount, reference, created_at) VALUES ('45306bb7-ce34-49b4-9ec2-ea1e86735932', '63debcea-acac-4b8e-addf-63446ad2cc6e', 'card', 83680, 'TXN-SPLIT-CARD', '2026-04-17T07:45:00.000Z');
INSERT INTO payments (id, invoice_id, method, amount, reference, created_at) VALUES ('7062c9aa-75fc-4dcd-9569-dd8b2ad5231d', '63debcea-acac-4b8e-addf-63446ad2cc6e', 'upi', 125520, 'TXN-SPLIT-UPI', '2026-04-17T07:45:00.000Z');

-- Invoice TF-1032
INSERT INTO invoices (id, store_id, invoice_number, customer_name, customer_phone, customer_address, subtotal, discount_amount, delivery_charge, installation_charge, round_off, grand_total, payment_method, payment_status, created_by, created_at)
VALUES (
  '0efea4d4-13b0-4b25-b6c0-a00d669d8044',
  '29f4e073-bc1d-4071-ae3a-c8718a90f998',
  'TF-1032',
  'Guest',
  '',
  '',
  266425,
  0,
  0,
  500,
  0,
  266925,
  'bank_transfer',
  'completed',
  '11111111-1111-4111-a111-111111111111',
  '2026-04-17T05:57:00.000Z'
);
INSERT INTO invoice_items (id, invoice_id, product_id, product_name, sku, quantity, unit_price, discount_percent, discount_amount, line_total)
VALUES (
  '850551e1-4657-464b-a46d-1bbebe21d66b',
  '0efea4d4-13b0-4b25-b6c0-a00d669d8044',
  'de5a441f-fdb0-484e-939b-3294a89ddd1f',
  'Minimalist 3-Door Wardrobe with Mirror (Sheesham Wood, Ivory White)',
  'WAR-SHE-0149',
  1,
  91500,
  5,
  4575,
  86925
);
INSERT INTO invoice_items (id, invoice_id, product_id, product_name, sku, quantity, unit_price, discount_percent, discount_amount, line_total)
VALUES (
  '0b66fe85-10fe-40b9-87ed-bce213b82a50',
  '0efea4d4-13b0-4b25-b6c0-a00d669d8044',
  '6386c70a-0d45-4665-9097-fee54a630fac',
  'Comfort Single Motor Power Recliner (Engineered Wood, Crimson Red)',
  'REC-ENG-0239',
  2,
  49000,
  0,
  0,
  98000
);
INSERT INTO invoice_items (id, invoice_id, product_id, product_name, sku, quantity, unit_price, discount_percent, discount_amount, line_total)
VALUES (
  'f561e71c-2ff2-461f-b897-e761b18eef81',
  '0efea4d4-13b0-4b25-b6c0-a00d669d8044',
  '04e6f2e3-71db-4095-a209-0fdf2c4ff348',
  'Modern Modular TV Stand with Shelves (Oak Wood, Charcoal Grey)',
  'TV -OAK-0112',
  1,
  44500,
  0,
  0,
  44500
);
INSERT INTO invoice_items (id, invoice_id, product_id, product_name, sku, quantity, unit_price, discount_percent, discount_amount, line_total)
VALUES (
  '2fe275e0-1233-4dff-915d-b294ad10e0b2',
  '0efea4d4-13b0-4b25-b6c0-a00d669d8044',
  '0ad575b6-f822-4798-bc2e-7508555b0061',
  'Premium 6-Drawer Wide Dresser chest (Rose Wood, Walnut Brown)',
  'DRE-ROS-0209',
  2,
  18500,
  0,
  0,
  37000
);
INSERT INTO payments (id, invoice_id, method, amount, reference, created_at) VALUES ('a0668747-40a3-47bb-8ff0-4ba87244c764', '0efea4d4-13b0-4b25-b6c0-a00d669d8044', 'bank_transfer', 266925, 'TXN-TF-1032', '2026-04-17T05:57:00.000Z');

-- Invoice TF-1033
INSERT INTO invoices (id, store_id, invoice_number, customer_name, customer_phone, customer_address, subtotal, discount_amount, delivery_charge, installation_charge, round_off, grand_total, payment_method, payment_status, created_by, created_at)
VALUES (
  '87d5850e-996f-4a77-964a-dac508d3a190',
  '29f4e073-bc1d-4071-ae3a-c8718a90f998',
  'TF-1033',
  'Harish Rao 67',
  '9868969461',
  'H.No. 79, Gali No. 3, Colony Road, Secunderabad, Telangana',
  136650,
  0,
  0,
  0,
  0,
  136650,
  'card',
  'completed',
  '33333333-3333-4333-a333-333333333333',
  '2026-04-17T08:04:00.000Z'
);
INSERT INTO invoice_items (id, invoice_id, product_id, product_name, sku, quantity, unit_price, discount_percent, discount_amount, line_total)
VALUES (
  '76e053f2-bf23-451d-877b-b6d802819c69',
  '87d5850e-996f-4a77-964a-dac508d3a190',
  '24e59f2a-fc44-477a-b47c-a4c9026d1810',
  'Classic Poster Bed (Oak Wood, Walnut Brown)',
  'BED-OAK-0034',
  1,
  17000,
  5,
  850,
  16150
);
INSERT INTO invoice_items (id, invoice_id, product_id, product_name, sku, quantity, unit_price, discount_percent, discount_amount, line_total)
VALUES (
  'e008fd54-1e1f-4945-a5c5-4093ea51b350',
  '87d5850e-996f-4a77-964a-dac508d3a190',
  '9cc31cf2-7542-4cf9-b2b4-a6c5f7781c35',
  'Heritage Single Bed (Mahogany, Ebony Black)',
  'BED-MAH-0038',
  2,
  53500,
  0,
  0,
  107000
);
INSERT INTO invoice_items (id, invoice_id, product_id, product_name, sku, quantity, unit_price, discount_percent, discount_amount, line_total)
VALUES (
  '06d26c86-9ca0-4b1e-8cb9-d8fb69d4f434',
  '87d5850e-996f-4a77-964a-dac508d3a190',
  'ae68bcea-be94-4ef7-969b-125a4ab0b778',
  'Classic Closed Glass-door Library Cabinet (Teak Wood, Crimson Red)',
  'BOO-TEA-0292',
  1,
  13500,
  0,
  0,
  13500
);
INSERT INTO payments (id, invoice_id, method, amount, reference, created_at) VALUES ('1d9ad6a2-6298-48fc-b8df-31345627543a', '87d5850e-996f-4a77-964a-dac508d3a190', 'card', 136650, 'TXN-TF-1033', '2026-04-17T08:04:00.000Z');

-- Invoice TF-1034
INSERT INTO invoices (id, store_id, invoice_number, customer_name, customer_phone, customer_address, subtotal, discount_amount, delivery_charge, installation_charge, round_off, grand_total, payment_method, payment_status, created_by, created_at)
VALUES (
  '8b2cbe07-7c50-44e6-a3b1-c1870db0699b',
  '29f4e073-bc1d-4071-ae3a-c8718a90f998',
  'TF-1034',
  'Divya Nair 66',
  '9833632371',
  'H.No. 78, Gali No. 2, Colony Road, Hyderabad, Telangana',
  125675,
  0,
  0,
  0,
  0,
  125675,
  'upi',
  'completed',
  '22222222-2222-4222-a222-222222222222',
  '2026-04-18T13:23:00.000Z'
);
INSERT INTO invoice_items (id, invoice_id, product_id, product_name, sku, quantity, unit_price, discount_percent, discount_amount, line_total)
VALUES (
  '3f135fd8-59d3-41e4-8a20-d5ae74493347',
  '8b2cbe07-7c50-44e6-a3b1-c1870db0699b',
  'a9d7b538-c36d-4259-911e-dba282a186ba',
  'Classic Upholstered Bed Platform (Mahogany, Ocean Blue)',
  'BED-MAH-0030',
  1,
  76500,
  5,
  3825,
  72675
);
INSERT INTO invoice_items (id, invoice_id, product_id, product_name, sku, quantity, unit_price, discount_percent, discount_amount, line_total)
VALUES (
  'be021dee-7514-4146-aee8-37d3043fb76b',
  '8b2cbe07-7c50-44e6-a3b1-c1870db0699b',
  '231d179c-8e18-49da-ba42-7fcae08f7a7e',
  'Premium Orthopedic Memory Foam Mattress (Rose Wood, Ivory White)',
  'MAT-ROS-0196',
  2,
  26500,
  0,
  0,
  53000
);
INSERT INTO payments (id, invoice_id, method, amount, reference, created_at) VALUES ('ccf2908b-1834-48b0-b47e-ac84421cdbb0', '8b2cbe07-7c50-44e6-a3b1-c1870db0699b', 'upi', 125675, 'TXN-TF-1034', '2026-04-18T13:23:00.000Z');

-- Invoice TF-1035
INSERT INTO invoices (id, store_id, invoice_number, customer_name, customer_phone, customer_address, subtotal, discount_amount, delivery_charge, installation_charge, round_off, grand_total, payment_method, payment_status, created_by, created_at)
VALUES (
  'd1904333-4c49-480f-9e53-bb49524d9113',
  '29f4e073-bc1d-4071-ae3a-c8718a90f998',
  'TF-1035',
  'Deepak Reddy 65',
  '9845429366',
  'H.No. 77, Gali No. 1, Colony Road, Visakhapatnam, Andhra Pradesh',
  16625,
  0,
  0,
  0,
  0,
  16625,
  'cash',
  'completed',
  '11111111-1111-4111-a111-111111111111',
  '2026-04-18T14:39:00.000Z'
);
INSERT INTO invoice_items (id, invoice_id, product_id, product_name, sku, quantity, unit_price, discount_percent, discount_amount, line_total)
VALUES (
  '2372e872-670d-45a1-94e1-5c991682781c',
  'd1904333-4c49-480f-9e53-bb49524d9113',
  '3b887fdc-e681-4eb9-a8f9-ed3a55c5f4af',
  'Classic Ladder Bookshelf Display Unit (Engineered Wood, Warm Beige)',
  'BOO-ENG-0287',
  1,
  17500,
  5,
  875,
  16625
);
INSERT INTO payments (id, invoice_id, method, amount, reference, created_at) VALUES ('39ef50f6-b097-41b2-a3bf-8a97151b3721', 'd1904333-4c49-480f-9e53-bb49524d9113', 'cash', 16625, 'TXN-TF-1035', '2026-04-18T14:39:00.000Z');

-- Invoice TF-1036
INSERT INTO invoices (id, store_id, invoice_number, customer_name, customer_phone, customer_address, subtotal, discount_amount, delivery_charge, installation_charge, round_off, grand_total, payment_method, payment_status, created_by, created_at)
VALUES (
  '974bd961-c469-4414-a33b-7755c9e77129',
  '29f4e073-bc1d-4071-ae3a-c8718a90f998',
  'TF-1036',
  'Guest',
  '',
  '',
  461875,
  0,
  0,
  0,
  0,
  461875,
  'split',
  'completed',
  '33333333-3333-4333-a333-333333333333',
  '2026-04-18T09:54:00.000Z'
);
INSERT INTO invoice_items (id, invoice_id, product_id, product_name, sku, quantity, unit_price, discount_percent, discount_amount, line_total)
VALUES (
  '91b03705-af5b-41d4-8e88-5e8e0f092e0d',
  '974bd961-c469-4414-a33b-7755c9e77129',
  '2d6adab8-8ce8-408b-aa29-15b041f686ca',
  'Premium Massage Recliner Chair (Mahogany, Ocean Blue)',
  'REC-MAH-0229',
  1,
  58500,
  5,
  2925,
  55575
);
INSERT INTO invoice_items (id, invoice_id, product_id, product_name, sku, quantity, unit_price, discount_percent, discount_amount, line_total)
VALUES (
  'e384a144-4ef1-451e-9e21-2c621aaad8fc',
  '974bd961-c469-4414-a33b-7755c9e77129',
  'ff86d0e1-e886-4ed0-b8a0-726b93277dcc',
  'Comfort Extendable Dining Table (Teak Wood, Ocean Blue)',
  'DIN-TEA-0060',
  2,
  70500,
  0,
  0,
  141000
);
INSERT INTO invoice_items (id, invoice_id, product_id, product_name, sku, quantity, unit_price, discount_percent, discount_amount, line_total)
VALUES (
  'f3022d01-c3ce-4e5c-8db8-63d45b551763',
  '974bd961-c469-4414-a33b-7755c9e77129',
  '4ae17f3f-dacf-4f0b-9eeb-fc0d3835fe91',
  'Modern Dual Comfort Latex Mattress (Mahogany, Walnut Brown)',
  'MAT-MAH-0198',
  1,
  21000,
  0,
  0,
  21000
);
INSERT INTO invoice_items (id, invoice_id, product_id, product_name, sku, quantity, unit_price, discount_percent, discount_amount, line_total)
VALUES (
  '83874257-8b3b-4f31-91e5-c38ace9f4299',
  '974bd961-c469-4414-a33b-7755c9e77129',
  'e4513259-363d-4f87-a80b-f9895dc0963f',
  'Comfort 2-Door Sliding Wardrobe (Oak Wood, Ivory White)',
  'WAR-OAK-0158',
  2,
  115500,
  0,
  0,
  231000
);
INSERT INTO invoice_items (id, invoice_id, product_id, product_name, sku, quantity, unit_price, discount_percent, discount_amount, line_total)
VALUES (
  '9a8bdb47-994c-4c3b-a0e1-1b5de5710872',
  '974bd961-c469-4414-a33b-7755c9e77129',
  '7aac02d1-8e50-4be0-827f-61dfc0e26ab1',
  'Imperial Compact Student Desk (Sheesham Wood, Ebony Black)',
  'STU-SHE-0165',
  1,
  14000,
  5,
  700,
  13300
);
INSERT INTO payments (id, invoice_id, method, amount, reference, created_at) VALUES ('ef7f06bf-6749-443b-b910-059192f47e1b', '974bd961-c469-4414-a33b-7755c9e77129', 'card', 184750, 'TXN-SPLIT-CARD', '2026-04-18T09:54:00.000Z');
INSERT INTO payments (id, invoice_id, method, amount, reference, created_at) VALUES ('2c413e79-c209-4904-941e-57ef89b8c654', '974bd961-c469-4414-a33b-7755c9e77129', 'upi', 277125, 'TXN-SPLIT-UPI', '2026-04-18T09:54:00.000Z');

-- Invoice TF-1037
INSERT INTO invoices (id, store_id, invoice_number, customer_name, customer_phone, customer_address, subtotal, discount_amount, delivery_charge, installation_charge, round_off, grand_total, payment_method, payment_status, created_by, created_at)
VALUES (
  'dd7e3b22-4459-405d-af2b-c9fe8a4c1e22',
  '29f4e073-bc1d-4071-ae3a-c8718a90f998',
  'TF-1037',
  'Ananya Iyer 63',
  '9891484171',
  'H.No. 75, Gali No. 4, Colony Road, Chennai, Tamil Nadu',
  96625,
  0,
  0,
  0,
  0,
  96625,
  'bank_transfer',
  'completed',
  '22222222-2222-4222-a222-222222222222',
  '2026-04-18T10:56:00.000Z'
);
INSERT INTO invoice_items (id, invoice_id, product_id, product_name, sku, quantity, unit_price, discount_percent, discount_amount, line_total)
VALUES (
  '64bf00fd-f476-422e-a529-5e5c98bcb2fd',
  'dd7e3b22-4459-405d-af2b-c9fe8a4c1e22',
  '4a044722-9ba3-4f4f-a335-8aeac80f46d2',
  'Minimalist Executive Study Desk with Drawers (Teak Wood, Crimson Red)',
  'STU-TEA-0178',
  1,
  27500,
  5,
  1375,
  26125
);
INSERT INTO invoice_items (id, invoice_id, product_id, product_name, sku, quantity, unit_price, discount_percent, discount_amount, line_total)
VALUES (
  '9e71b3bc-6f85-485e-90e3-b2ce2dda2dec',
  'dd7e3b22-4459-405d-af2b-c9fe8a4c1e22',
  'cc1fe24a-9fbf-4ebd-b146-9926bc4dcdf4',
  'Luxurious Mesh Medium-Back Office Chair (Teak Wood, Ebony Black)',
  'OFF-TEA-0099',
  2,
  10000,
  0,
  0,
  20000
);
INSERT INTO invoice_items (id, invoice_id, product_id, product_name, sku, quantity, unit_price, discount_percent, discount_amount, line_total)
VALUES (
  'b5ba32b1-7cb2-45c7-9e46-886426c6d9fb',
  'dd7e3b22-4459-405d-af2b-c9fe8a4c1e22',
  'c6c9baff-b6c0-4b26-840b-5ebd9022835d',
  'Royal 6-Drawer Wide Dresser chest (Mahogany, Charcoal Grey)',
  'DRE-MAH-0212',
  1,
  10500,
  0,
  0,
  10500
);
INSERT INTO invoice_items (id, invoice_id, product_id, product_name, sku, quantity, unit_price, discount_percent, discount_amount, line_total)
VALUES (
  '0c09a094-c37f-4467-917f-80ebafd5721f',
  'dd7e3b22-4459-405d-af2b-c9fe8a4c1e22',
  'f22b5c8c-e06e-4b9b-88ed-f46837e41e9a',
  'Eco-sustain Wooden Nesting Tables (Mahogany, Ebony Black)',
  'COF-MAH-0137',
  2,
  20000,
  0,
  0,
  40000
);
INSERT INTO payments (id, invoice_id, method, amount, reference, created_at) VALUES ('b01e8549-2d47-4e41-b7f3-6bbbc774ca60', 'dd7e3b22-4459-405d-af2b-c9fe8a4c1e22', 'bank_transfer', 96625, 'TXN-TF-1037', '2026-04-18T10:56:00.000Z');

-- Invoice TF-1038
INSERT INTO invoices (id, store_id, invoice_number, customer_name, customer_phone, customer_address, subtotal, discount_amount, delivery_charge, installation_charge, round_off, grand_total, payment_method, payment_status, created_by, created_at)
VALUES (
  'b34a28d9-0493-453a-be80-2f4bb636bec2',
  '29f4e073-bc1d-4071-ae3a-c8718a90f998',
  'TF-1038',
  'Amit Kumar 62',
  '9890414312',
  'H.No. 74, Gali No. 3, Colony Road, Bangalore, Karnataka',
  182800,
  0,
  1200,
  0,
  0,
  184000,
  'card',
  'completed',
  '11111111-1111-4111-a111-111111111111',
  '2026-04-18T09:16:00.000Z'
);
INSERT INTO invoice_items (id, invoice_id, product_id, product_name, sku, quantity, unit_price, discount_percent, discount_amount, line_total)
VALUES (
  '41406f2e-6fd7-45e6-b1e5-a47230bdf8e4',
  'b34a28d9-0493-453a-be80-2f4bb636bec2',
  '54c2d486-d32f-4ed5-a2ae-4221cc64d58e',
  'Heritage Executive Study Desk with Drawers (Oak Wood, Ebony Black)',
  'STU-OAK-0162',
  1,
  14000,
  5,
  700,
  13300
);
INSERT INTO invoice_items (id, invoice_id, product_id, product_name, sku, quantity, unit_price, discount_percent, discount_amount, line_total)
VALUES (
  'afaab79b-1853-43bd-97d3-54f7b9d2f6e4',
  'b34a28d9-0493-453a-be80-2f4bb636bec2',
  '2630ffc9-3ee7-4216-b0bd-0bb6d21b3fa2',
  'Imperial Manual Rocking Recliner Lounge Chair (Sheesham Wood, Ocean Blue)',
  'REC-SHE-0237',
  2,
  70500,
  0,
  0,
  141000
);
INSERT INTO invoice_items (id, invoice_id, product_id, product_name, sku, quantity, unit_price, discount_percent, discount_amount, line_total)
VALUES (
  '0928bef1-8c8b-4cae-87ed-29a5b49e870d',
  'b34a28d9-0493-453a-be80-2f4bb636bec2',
  '8f73e299-b8fd-4c1a-b2be-ab67ea0c8fce',
  'Imperial Wooden Sun Lounger Bed (Oak Wood, Teak Finish)',
  'OUT-OAK-0249',
  1,
  28500,
  0,
  0,
  28500
);
INSERT INTO payments (id, invoice_id, method, amount, reference, created_at) VALUES ('95b97e7b-b292-4fb6-a0b0-804e72f40e1f', 'b34a28d9-0493-453a-be80-2f4bb636bec2', 'card', 184000, 'TXN-TF-1038', '2026-04-18T09:16:00.000Z');

-- Invoice TF-1039
INSERT INTO invoices (id, store_id, invoice_number, customer_name, customer_phone, customer_address, subtotal, discount_amount, delivery_charge, installation_charge, round_off, grand_total, payment_method, payment_status, created_by, created_at)
VALUES (
  '7f891b01-a9b3-43b0-a99b-21c00fb7de40',
  '29f4e073-bc1d-4071-ae3a-c8718a90f998',
  'TF-1039',
  'Aditya Patel 61',
  '9879616736',
  'H.No. 73, Gali No. 2, Colony Road, Secunderabad, Telangana',
  29700,
  0,
  0,
  0,
  0,
  29700,
  'upi',
  'completed',
  '33333333-3333-4333-a333-333333333333',
  '2026-04-19T09:10:00.000Z'
);
INSERT INTO invoice_items (id, invoice_id, product_id, product_name, sku, quantity, unit_price, discount_percent, discount_amount, line_total)
VALUES (
  '9ec9b3a8-9d7c-44fc-b434-7a1d5fd869a6',
  '7f891b01-a9b3-43b0-a99b-21c00fb7de40',
  'cd429820-3fc2-45f2-b8f6-41fb496abdae',
  'Comfort Solid Wood Computer Desk (Engineered Wood, Crimson Red)',
  'STU-ENG-0176',
  1,
  6000,
  5,
  300,
  5700
);
INSERT INTO invoice_items (id, invoice_id, product_id, product_name, sku, quantity, unit_price, discount_percent, discount_amount, line_total)
VALUES (
  '8af4140d-cf6f-46af-b583-1495b37bfd7c',
  '7f891b01-a9b3-43b0-a99b-21c00fb7de40',
  'cb469098-20af-41f4-ac4d-3be8ea9f8eb0',
  'Luxurious Glass Top Coffee Table (Teak Wood, Teak Finish)',
  'COF-TEA-0122',
  2,
  12000,
  0,
  0,
  24000
);
INSERT INTO payments (id, invoice_id, method, amount, reference, created_at) VALUES ('b5d5bae5-9a01-43f8-a18d-dedf8999e0a2', '7f891b01-a9b3-43b0-a99b-21c00fb7de40', 'upi', 29700, 'TXN-TF-1039', '2026-04-19T09:10:00.000Z');

-- Invoice TF-1040
INSERT INTO invoices (id, store_id, invoice_number, customer_name, customer_phone, customer_address, subtotal, discount_amount, delivery_charge, installation_charge, round_off, grand_total, payment_method, payment_status, created_by, created_at)
VALUES (
  'c2b041df-a246-4024-8859-981c3d50704c',
  '29f4e073-bc1d-4071-ae3a-c8718a90f998',
  'TF-1040',
  'Guest',
  '',
  '',
  28025,
  840.75,
  0,
  0,
  -0.25,
  27184,
  'cash',
  'completed',
  '22222222-2222-4222-a222-222222222222',
  '2026-04-19T11:29:00.000Z'
);
INSERT INTO invoice_items (id, invoice_id, product_id, product_name, sku, quantity, unit_price, discount_percent, discount_amount, line_total)
VALUES (
  '91cdd414-7646-48c6-b65f-f9e76cfb740c',
  'c2b041df-a246-4024-8859-981c3d50704c',
  'a5510930-e139-42b6-aa7a-ad0522efea79',
  'Comfort 6-Drawer Wide Dresser chest (Sheesham Wood, Teak Finish)',
  'DRE-SHE-0218',
  1,
  29500,
  5,
  1475,
  28025
);
INSERT INTO payments (id, invoice_id, method, amount, reference, created_at) VALUES ('4c11d17e-310d-440a-b48c-e243b8c71134', 'c2b041df-a246-4024-8859-981c3d50704c', 'cash', 27184, 'TXN-TF-1040', '2026-04-19T11:29:00.000Z');

-- Invoice TF-1041
INSERT INTO invoices (id, store_id, invoice_number, customer_name, customer_phone, customer_address, subtotal, discount_amount, delivery_charge, installation_charge, round_off, grand_total, payment_method, payment_status, created_by, created_at)
VALUES (
  '75602efa-dedf-4e8c-9e20-1f98e5e1b6bd',
  '29f4e073-bc1d-4071-ae3a-c8718a90f998',
  'TF-1041',
  'Vijay Mallya 59',
  '9866285714',
  'H.No. 71, Gali No. 5, Colony Road, Visakhapatnam, Andhra Pradesh',
  140975,
  0,
  0,
  500,
  0,
  141475,
  'split',
  'completed',
  '11111111-1111-4111-a111-111111111111',
  '2026-04-19T05:05:00.000Z'
);
INSERT INTO invoice_items (id, invoice_id, product_id, product_name, sku, quantity, unit_price, discount_percent, discount_amount, line_total)
VALUES (
  'a825aab2-84bf-43e8-9e3c-1275b6d6afb1',
  '75602efa-dedf-4e8c-9e20-1f98e5e1b6bd',
  'b0e89ba0-ba90-445e-ae35-c8ca81e8b940',
  'Luxurious Floor Standing TV Console (Teak Wood, Walnut Brown)',
  'TV -TEA-0111',
  1,
  24000,
  5,
  1200,
  22800
);
INSERT INTO invoice_items (id, invoice_id, product_id, product_name, sku, quantity, unit_price, discount_percent, discount_amount, line_total)
VALUES (
  '675db634-78b5-430c-9918-c5d1f9991bab',
  '75602efa-dedf-4e8c-9e20-1f98e5e1b6bd',
  '360a1a04-cc81-4bf9-9099-d74213e685fd',
  'Classic Round Accent Coffee Table (Teak Wood, Ocean Blue)',
  'COF-TEA-0140',
  2,
  6500,
  0,
  0,
  13000
);
INSERT INTO invoice_items (id, invoice_id, product_id, product_name, sku, quantity, unit_price, discount_percent, discount_amount, line_total)
VALUES (
  '38a8022f-a0f3-4810-9b1b-c8704c26ba48',
  '75602efa-dedf-4e8c-9e20-1f98e5e1b6bd',
  '15d86dcb-5df7-40ea-8d9a-ef921e8afc7f',
  'Luxurious Wooden Sideboard Credenza (Teak Wood, Charcoal Grey)',
  'STO-TEA-0266',
  1,
  8500,
  0,
  0,
  8500
);
INSERT INTO invoice_items (id, invoice_id, product_id, product_name, sku, quantity, unit_price, discount_percent, discount_amount, line_total)
VALUES (
  '7af55bdb-0221-4992-bca0-e219871ac3a3',
  '75602efa-dedf-4e8c-9e20-1f98e5e1b6bd',
  '0493c5d8-0fe3-44cf-97dc-8b1faa8dc55a',
  'Eco-sustain Marble Top Dining Table (Engineered Wood, Ebony Black)',
  'DIN-ENG-0059',
  2,
  40500,
  0,
  0,
  81000
);
INSERT INTO invoice_items (id, invoice_id, product_id, product_name, sku, quantity, unit_price, discount_percent, discount_amount, line_total)
VALUES (
  '800e0617-5dbf-4a17-b6a8-b535b9e7feda',
  '75602efa-dedf-4e8c-9e20-1f98e5e1b6bd',
  '3c384448-945c-464e-aeba-5d8bb6b1f3b8',
  'Classic Queen Size Wooden Bed (Rose Wood, Walnut Brown)',
  'BED-ROS-0027',
  1,
  16500,
  5,
  825,
  15675
);
INSERT INTO payments (id, invoice_id, method, amount, reference, created_at) VALUES ('d3bd0059-c003-472d-bf2d-193292f3d136', '75602efa-dedf-4e8c-9e20-1f98e5e1b6bd', 'card', 56590, 'TXN-SPLIT-CARD', '2026-04-19T05:05:00.000Z');
INSERT INTO payments (id, invoice_id, method, amount, reference, created_at) VALUES ('fc0b87fd-4025-42aa-a436-7942556d636f', '75602efa-dedf-4e8c-9e20-1f98e5e1b6bd', 'upi', 84885, 'TXN-SPLIT-UPI', '2026-04-19T05:05:00.000Z');

-- Invoice TF-1042
INSERT INTO invoices (id, store_id, invoice_number, customer_name, customer_phone, customer_address, subtotal, discount_amount, delivery_charge, installation_charge, round_off, grand_total, payment_method, payment_status, created_by, created_at)
VALUES (
  'dd7bd0e1-3a8e-4ab5-996a-eb849df8d71b',
  '29f4e073-bc1d-4071-ae3a-c8718a90f998',
  'TF-1042',
  'Zeeshan Khan 58',
  '9822566698',
  'H.No. 70, Gali No. 4, Colony Road, Vijayawada, Andhra Pradesh',
  194025,
  0,
  0,
  0,
  0,
  194025,
  'bank_transfer',
  'completed',
  '33333333-3333-4333-a333-333333333333',
  '2026-04-19T06:38:00.000Z'
);
INSERT INTO invoice_items (id, invoice_id, product_id, product_name, sku, quantity, unit_price, discount_percent, discount_amount, line_total)
VALUES (
  '426a4ebc-7f16-4032-8767-ef665d7b35f5',
  'dd7bd0e1-3a8e-4ab5-996a-eb849df8d71b',
  'ca58ecf2-a452-4fc6-8224-a40a5f4cc238',
  'Premium Sofa Cum Bed (Oak Wood, Charcoal Grey)',
  'SOF-OAK-0010',
  1,
  29500,
  5,
  1475,
  28025
);
INSERT INTO invoice_items (id, invoice_id, product_id, product_name, sku, quantity, unit_price, discount_percent, discount_amount, line_total)
VALUES (
  'fe11f94c-5d66-4ec7-97d0-a2aacd6a45cd',
  'dd7bd0e1-3a8e-4ab5-996a-eb849df8d71b',
  'a21415de-5300-413b-bc5e-11991a807006',
  'Minimalist Rattan Outdoor Swing Chair (Mahogany, Charcoal Grey)',
  'OUT-MAH-0242',
  2,
  65500,
  0,
  0,
  131000
);
INSERT INTO invoice_items (id, invoice_id, product_id, product_name, sku, quantity, unit_price, discount_percent, discount_amount, line_total)
VALUES (
  '7db61248-5a5a-4259-9200-1d2b9be94c61',
  'dd7bd0e1-3a8e-4ab5-996a-eb849df8d71b',
  'e9b65f20-afc6-4f19-9fc3-4c66b614b4c8',
  'Minimalist Ergonomic Task Chair (Teak Wood, Charcoal Grey)',
  'OFF-TEA-0097',
  1,
  18000,
  0,
  0,
  18000
);
INSERT INTO invoice_items (id, invoice_id, product_id, product_name, sku, quantity, unit_price, discount_percent, discount_amount, line_total)
VALUES (
  '87a4234c-af8e-4f09-a785-24d8a1e9c26b',
  'dd7bd0e1-3a8e-4ab5-996a-eb849df8d71b',
  '1f830695-350d-41b6-a4b3-9d85595b1a0c',
  'Eco-sustain Solid Wood Dining Chair (Oak Wood, Ivory White)',
  'DIN-OAK-0070',
  2,
  8500,
  0,
  0,
  17000
);
INSERT INTO payments (id, invoice_id, method, amount, reference, created_at) VALUES ('8ca00998-eeb6-4b8d-b487-a6cff7863caa', 'dd7bd0e1-3a8e-4ab5-996a-eb849df8d71b', 'bank_transfer', 194025, 'TXN-TF-1042', '2026-04-19T06:38:00.000Z');

-- Invoice TF-1043
INSERT INTO invoices (id, store_id, invoice_number, customer_name, customer_phone, customer_address, subtotal, discount_amount, delivery_charge, installation_charge, round_off, grand_total, payment_method, payment_status, created_by, created_at)
VALUES (
  'b2b3e269-e424-4006-9823-fe8fcff3984b',
  '29f4e073-bc1d-4071-ae3a-c8718a90f998',
  'TF-1043',
  'Yash Pal 57',
  '9846607666',
  'H.No. 69, Gali No. 3, Colony Road, Chennai, Tamil Nadu',
  90925,
  0,
  0,
  0,
  0,
  90925,
  'card',
  'completed',
  '22222222-2222-4222-a222-222222222222',
  '2026-04-19T06:19:00.000Z'
);
INSERT INTO invoice_items (id, invoice_id, product_id, product_name, sku, quantity, unit_price, discount_percent, discount_amount, line_total)
VALUES (
  '1fd320ba-8c40-428b-b27f-9829a829e4fb',
  'b2b3e269-e424-4006-9823-fe8fcff3984b',
  '9f572dd5-cbbe-4acf-b7c6-cd9904cfeaf4',
  'Luxurious 2-Door Sliding Wardrobe (Engineered Wood, Ebony Black)',
  'WAR-ENG-0142',
  1,
  21500,
  5,
  1075,
  20425
);
INSERT INTO invoice_items (id, invoice_id, product_id, product_name, sku, quantity, unit_price, discount_percent, discount_amount, line_total)
VALUES (
  '36a47d14-6335-4cf1-9051-cff63335256b',
  'b2b3e269-e424-4006-9823-fe8fcff3984b',
  '811c781c-13c7-4eb5-9b8f-be158d9afe7b',
  'Minimalist Executive Leather High-Back (Sheesham Wood, Ivory White)',
  'OFF-SHE-0082',
  2,
  17500,
  0,
  0,
  35000
);
INSERT INTO invoice_items (id, invoice_id, product_id, product_name, sku, quantity, unit_price, discount_percent, discount_amount, line_total)
VALUES (
  '341a7eac-b15d-4092-8c23-a244b9aa3fe0',
  'b2b3e269-e424-4006-9823-fe8fcff3984b',
  '45b029af-1b46-4141-84a7-5a0a282002d9',
  'Comfort Wall Mounted TV Cabinet (Engineered Wood, Crimson Red)',
  'TV -ENG-0104',
  1,
  35500,
  0,
  0,
  35500
);
INSERT INTO payments (id, invoice_id, method, amount, reference, created_at) VALUES ('42d3817a-6a44-4b2e-9f67-6c08c4c328bb', 'b2b3e269-e424-4006-9823-fe8fcff3984b', 'card', 90925, 'TXN-TF-1043', '2026-04-19T06:19:00.000Z');

-- Invoice TF-1044
INSERT INTO invoices (id, store_id, invoice_number, customer_name, customer_phone, customer_address, subtotal, discount_amount, delivery_charge, installation_charge, round_off, grand_total, payment_method, payment_status, created_by, created_at)
VALUES (
  'b2142f35-6a74-469e-8ded-4cef1aeb2d68',
  '29f4e073-bc1d-4071-ae3a-c8718a90f998',
  'TF-1044',
  'Guest',
  '',
  '',
  81675,
  0,
  0,
  0,
  0,
  81675,
  'upi',
  'completed',
  '11111111-1111-4111-a111-111111111111',
  '2026-04-19T11:27:00.000Z'
);
INSERT INTO invoice_items (id, invoice_id, product_id, product_name, sku, quantity, unit_price, discount_percent, discount_amount, line_total)
VALUES (
  '98c3f25a-a3ee-4472-a909-1ee910093ee2',
  'b2142f35-6a74-469e-8ded-4cef1aeb2d68',
  'a9d7b538-c36d-4259-911e-dba282a186ba',
  'Classic Upholstered Bed Platform (Mahogany, Ocean Blue)',
  'BED-MAH-0030',
  1,
  76500,
  5,
  3825,
  72675
);
INSERT INTO invoice_items (id, invoice_id, product_id, product_name, sku, quantity, unit_price, discount_percent, discount_amount, line_total)
VALUES (
  'cc3ba9a1-a60c-4665-b211-e2fcb6bc1e8d',
  'b2142f35-6a74-469e-8ded-4cef1aeb2d68',
  '4a5acb6e-f5d1-47ce-9597-f46560dcf9cb',
  'Luxurious Round Accent Coffee Table (Mahogany, Charcoal Grey)',
  'COF-MAH-0124',
  2,
  4500,
  0,
  0,
  9000
);
INSERT INTO payments (id, invoice_id, method, amount, reference, created_at) VALUES ('652bc0f3-5e0d-4bc9-b2e4-e26eb46c62aa', 'b2142f35-6a74-469e-8ded-4cef1aeb2d68', 'upi', 81675, 'TXN-TF-1044', '2026-04-19T11:27:00.000Z');

-- Invoice TF-1045
INSERT INTO invoices (id, store_id, invoice_number, customer_name, customer_phone, customer_address, subtotal, discount_amount, delivery_charge, installation_charge, round_off, grand_total, payment_method, payment_status, created_by, created_at)
VALUES (
  '7fd467b6-8a3f-4132-abd8-dc54168937da',
  '29f4e073-bc1d-4071-ae3a-c8718a90f998',
  'TF-1045',
  'Vikram Seth 55',
  '9821499756',
  'H.No. 67, Gali No. 1, Colony Road, Secunderabad, Telangana',
  16150,
  0,
  1200,
  0,
  0,
  17350,
  'cash',
  'completed',
  '33333333-3333-4333-a333-333333333333',
  '2026-04-20T06:49:00.000Z'
);
INSERT INTO invoice_items (id, invoice_id, product_id, product_name, sku, quantity, unit_price, discount_percent, discount_amount, line_total)
VALUES (
  '63fa73a8-411a-4ac5-841b-09e6466d9524',
  '7fd467b6-8a3f-4132-abd8-dc54168937da',
  'ee3f6ca5-ea75-42c7-a407-99a640891b85',
  'Heritage Wall Folding Laptop Desk (Teak Wood, Ocean Blue)',
  'STU-TEA-0171',
  1,
  17000,
  5,
  850,
  16150
);
INSERT INTO payments (id, invoice_id, method, amount, reference, created_at) VALUES ('38e620b9-28e6-4b51-8f62-d37acf047664', '7fd467b6-8a3f-4132-abd8-dc54168937da', 'cash', 17350, 'TXN-TF-1045', '2026-04-20T06:49:00.000Z');

-- Invoice TF-1046
INSERT INTO invoices (id, store_id, invoice_number, customer_name, customer_phone, customer_address, subtotal, discount_amount, delivery_charge, installation_charge, round_off, grand_total, payment_method, payment_status, created_by, created_at)
VALUES (
  'f44ffa39-6b44-4e11-bbde-642c9d68d77d',
  '29f4e073-bc1d-4071-ae3a-c8718a90f998',
  'TF-1046',
  'Suresh Prabhu 54',
  '9848820877',
  'H.No. 66, Gali No. 5, Colony Road, Hyderabad, Telangana',
  335725,
  0,
  0,
  0,
  0,
  335725,
  'split',
  'completed',
  '22222222-2222-4222-a222-222222222222',
  '2026-04-20T04:42:00.000Z'
);
INSERT INTO invoice_items (id, invoice_id, product_id, product_name, sku, quantity, unit_price, discount_percent, discount_amount, line_total)
VALUES (
  '49f4019d-dfb9-4024-8ea9-7d16deea05ff',
  'f44ffa39-6b44-4e11-bbde-642c9d68d77d',
  '8c3909d5-bed1-4939-a4b6-965954568ce1',
  'Luxurious Storage Trunk Coffee Table (Rose Wood, Teak Finish)',
  'COF-ROS-0127',
  1,
  8000,
  5,
  400,
  7600
);
INSERT INTO invoice_items (id, invoice_id, product_id, product_name, sku, quantity, unit_price, discount_percent, discount_amount, line_total)
VALUES (
  '3b64ffd6-0de6-4e11-99c1-6691fe0b6fc1',
  'f44ffa39-6b44-4e11-bbde-642c9d68d77d',
  '1c7e1a57-845e-47a1-8c12-ba41436fcc6f',
  'Eco-sustain Orthopedic Memory Foam Mattress (Sheesham Wood, Charcoal Grey)',
  'MAT-SHE-0181',
  2,
  57500,
  0,
  0,
  115000
);
INSERT INTO invoice_items (id, invoice_id, product_id, product_name, sku, quantity, unit_price, discount_percent, discount_amount, line_total)
VALUES (
  'b7549734-e198-4740-aa79-401f17889beb',
  'f44ffa39-6b44-4e11-bbde-642c9d68d77d',
  '2f7a06df-e494-4adc-8eab-879b683291d5',
  'Heritage 4-Seater Glass Top Dining Table (Mahogany, Ebony Black)',
  'DIN-MAH-0050',
  1,
  96000,
  0,
  0,
  96000
);
INSERT INTO invoice_items (id, invoice_id, product_id, product_name, sku, quantity, unit_price, discount_percent, discount_amount, line_total)
VALUES (
  '89fc6e48-cf07-4136-b671-a687d801f503',
  'f44ffa39-6b44-4e11-bbde-642c9d68d77d',
  '231d179c-8e18-49da-ba42-7fcae08f7a7e',
  'Premium Orthopedic Memory Foam Mattress (Rose Wood, Ivory White)',
  'MAT-ROS-0196',
  2,
  26500,
  0,
  0,
  53000
);
INSERT INTO invoice_items (id, invoice_id, product_id, product_name, sku, quantity, unit_price, discount_percent, discount_amount, line_total)
VALUES (
  'fcde7e1b-1f65-4133-900f-9caf06b8266f',
  'f44ffa39-6b44-4e11-bbde-642c9d68d77d',
  '10341fc4-d078-4ad8-8651-fe77da941266',
  'Eco-sustain Rattan Outdoor Swing Chair (Rose Wood, Ebony Black)',
  'OUT-ROS-0257',
  1,
  67500,
  5,
  3375,
  64125
);
INSERT INTO payments (id, invoice_id, method, amount, reference, created_at) VALUES ('6a5f65a4-1a69-4157-b389-4dff52173bf1', 'f44ffa39-6b44-4e11-bbde-642c9d68d77d', 'card', 134290, 'TXN-SPLIT-CARD', '2026-04-20T04:42:00.000Z');
INSERT INTO payments (id, invoice_id, method, amount, reference, created_at) VALUES ('5d1ff32f-335e-4009-a9f8-5bad51ad9230', 'f44ffa39-6b44-4e11-bbde-642c9d68d77d', 'upi', 201435, 'TXN-SPLIT-UPI', '2026-04-20T04:42:00.000Z');

-- Invoice TF-1047
INSERT INTO invoices (id, store_id, invoice_number, customer_name, customer_phone, customer_address, subtotal, discount_amount, delivery_charge, installation_charge, round_off, grand_total, payment_method, payment_status, created_by, created_at)
VALUES (
  '6a2e52ed-5dc3-49d2-ae2e-0c640002a807',
  '29f4e073-bc1d-4071-ae3a-c8718a90f998',
  'TF-1047',
  'Sneha Rao 53',
  '9824370344',
  'H.No. 65, Gali No. 4, Colony Road, Visakhapatnam, Andhra Pradesh',
  303850,
  0,
  0,
  0,
  0,
  303850,
  'bank_transfer',
  'completed',
  '11111111-1111-4111-a111-111111111111',
  '2026-04-20T13:56:00.000Z'
);
INSERT INTO invoice_items (id, invoice_id, product_id, product_name, sku, quantity, unit_price, discount_percent, discount_amount, line_total)
VALUES (
  '581b0963-5099-434b-a4dc-ed61497054e7',
  '6a2e52ed-5dc3-49d2-ae2e-0c640002a807',
  '3b5b54b2-104d-4f8d-9892-681edbef5ec9',
  'Modern Closed Glass-door Library Cabinet (Mahogany, Crimson Red)',
  'BOO-MAH-0286',
  1,
  13000,
  5,
  650,
  12350
);
INSERT INTO invoice_items (id, invoice_id, product_id, product_name, sku, quantity, unit_price, discount_percent, discount_amount, line_total)
VALUES (
  '3a739736-bf1a-4a92-98f8-3f84316eef30',
  '6a2e52ed-5dc3-49d2-ae2e-0c640002a807',
  '7383b85e-d118-4855-93d4-0b86c77b26f2',
  'Classic Garden Patio Bistro Set (Mahogany, Warm Beige)',
  'OUT-MAH-0259',
  2,
  73500,
  0,
  0,
  147000
);
INSERT INTO invoice_items (id, invoice_id, product_id, product_name, sku, quantity, unit_price, discount_percent, discount_amount, line_total)
VALUES (
  '2bdbf321-06c3-4d49-812b-14ed224db20b',
  '6a2e52ed-5dc3-49d2-ae2e-0c640002a807',
  '4b1e45c0-e517-4f15-ae56-751d67906568',
  'Heritage 4-Seater Glass Top Dining Table (Sheesham Wood, Crimson Red)',
  'DIN-SHE-0054',
  1,
  71500,
  0,
  0,
  71500
);
INSERT INTO invoice_items (id, invoice_id, product_id, product_name, sku, quantity, unit_price, discount_percent, discount_amount, line_total)
VALUES (
  '62630e64-0968-4020-bbf0-01d6f5e76960',
  '6a2e52ed-5dc3-49d2-ae2e-0c640002a807',
  '4f77337e-94b5-491e-896d-0bbf04244fc3',
  'Luxurious Wall Mounted TV Cabinet (Sheesham Wood, Walnut Brown)',
  'TV -SHE-0116',
  2,
  36500,
  0,
  0,
  73000
);
INSERT INTO payments (id, invoice_id, method, amount, reference, created_at) VALUES ('69364d03-fd45-40c1-b7b8-f1faa97ae241', '6a2e52ed-5dc3-49d2-ae2e-0c640002a807', 'bank_transfer', 303850, 'TXN-TF-1047', '2026-04-20T13:56:00.000Z');

-- Invoice TF-1048
INSERT INTO invoices (id, store_id, invoice_number, customer_name, customer_phone, customer_address, subtotal, discount_amount, delivery_charge, installation_charge, round_off, grand_total, payment_method, payment_status, created_by, created_at)
VALUES (
  '3f8bea41-65d7-49b7-8b1b-a70553aefec3',
  '29f4e073-bc1d-4071-ae3a-c8718a90f998',
  'TF-1048',
  'Guest',
  '',
  '',
  100025,
  0,
  0,
  0,
  0,
  100025,
  'card',
  'completed',
  '33333333-3333-4333-a333-333333333333',
  '2026-04-20T06:29:00.000Z'
);
INSERT INTO invoice_items (id, invoice_id, product_id, product_name, sku, quantity, unit_price, discount_percent, discount_amount, line_total)
VALUES (
  '94ad8c41-5023-403c-a784-521f5576d87d',
  '3f8bea41-65d7-49b7-8b1b-a70553aefec3',
  'ca58ecf2-a452-4fc6-8224-a40a5f4cc238',
  'Premium Sofa Cum Bed (Oak Wood, Charcoal Grey)',
  'SOF-OAK-0010',
  1,
  29500,
  5,
  1475,
  28025
);
INSERT INTO invoice_items (id, invoice_id, product_id, product_name, sku, quantity, unit_price, discount_percent, discount_amount, line_total)
VALUES (
  '9b929962-3fd9-44ca-a0f9-2823184f6e54',
  '3f8bea41-65d7-49b7-8b1b-a70553aefec3',
  '7840be5e-2be3-467f-a7e7-f6e36356b392',
  'Heritage Garden Patio Bistro Set (Oak Wood, Ebony Black)',
  'OUT-OAK-0244',
  2,
  25000,
  0,
  0,
  50000
);
INSERT INTO invoice_items (id, invoice_id, product_id, product_name, sku, quantity, unit_price, discount_percent, discount_amount, line_total)
VALUES (
  '242150c3-9c1d-436c-b0bc-0e995bf27a86',
  '3f8bea41-65d7-49b7-8b1b-a70553aefec3',
  '863c1594-c882-4d72-8a33-d9000fa5b282',
  'Luxurious Shoe Storage Bench Rack (Teak Wood, Teak Finish)',
  'STO-TEA-0274',
  1,
  22000,
  0,
  0,
  22000
);
INSERT INTO payments (id, invoice_id, method, amount, reference, created_at) VALUES ('82c1eaea-a111-4474-a6c6-3f1753970fb0', '3f8bea41-65d7-49b7-8b1b-a70553aefec3', 'card', 100025, 'TXN-TF-1048', '2026-04-20T06:29:00.000Z');

-- Invoice TF-1049
INSERT INTO invoices (id, store_id, invoice_number, customer_name, customer_phone, customer_address, subtotal, discount_amount, delivery_charge, installation_charge, round_off, grand_total, payment_method, payment_status, created_by, created_at)
VALUES (
  '37384a38-7f41-4fb5-a3be-95d05e3e8873',
  '29f4e073-bc1d-4071-ae3a-c8718a90f998',
  'TF-1049',
  'Sarita Mishra 51',
  '9895757419',
  'H.No. 63, Gali No. 2, Colony Road, Chennai, Tamil Nadu',
  66450,
  0,
  0,
  0,
  0,
  66450,
  'upi',
  'completed',
  '22222222-2222-4222-a222-222222222222',
  '2026-04-20T05:00:00.000Z'
);
INSERT INTO invoice_items (id, invoice_id, product_id, product_name, sku, quantity, unit_price, discount_percent, discount_amount, line_total)
VALUES (
  'bbc7c1cc-faf4-44f8-9eef-fe3e17f23f61',
  '37384a38-7f41-4fb5-a3be-95d05e3e8873',
  '5b911b0d-4efd-45d7-b7d2-fe94a0d7d033',
  'Comfort Wooden Sun Lounger Bed (Engineered Wood, Ocean Blue)',
  'OUT-ENG-0243',
  1,
  31000,
  5,
  1550,
  29450
);
INSERT INTO invoice_items (id, invoice_id, product_id, product_name, sku, quantity, unit_price, discount_percent, discount_amount, line_total)
VALUES (
  '3495d46b-f540-40cf-87ef-7def15359cb0',
  '37384a38-7f41-4fb5-a3be-95d05e3e8873',
  '8f7a507b-c9d5-413e-a21a-23417938ea1d',
  'Minimalist 5-Tier Open Bookshelf Console (Sheesham Wood, Warm Beige)',
  'BOO-SHE-0282',
  2,
  18500,
  0,
  0,
  37000
);
INSERT INTO payments (id, invoice_id, method, amount, reference, created_at) VALUES ('a49fe76a-ee9d-4255-bd5a-9a3b428fbae6', '37384a38-7f41-4fb5-a3be-95d05e3e8873', 'upi', 66450, 'TXN-TF-1049', '2026-04-20T05:00:00.000Z');

-- Invoice TF-1050
INSERT INTO invoices (id, store_id, invoice_number, customer_name, customer_phone, customer_address, subtotal, discount_amount, delivery_charge, installation_charge, round_off, grand_total, payment_method, payment_status, created_by, created_at)
VALUES (
  '2d4d30ca-8239-49ae-a180-0c3fc7a26dfc',
  '29f4e073-bc1d-4071-ae3a-c8718a90f998',
  'TF-1050',
  'Sanjay Dutt 50',
  '9858628070',
  'H.No. 62, Gali No. 1, Colony Road, Bangalore, Karnataka',
  9500,
  285,
  0,
  500,
  0,
  9715,
  'cash',
  'cancelled',
  '11111111-1111-4111-a111-111111111111',
  '2026-04-20T10:50:00.000Z'
);
INSERT INTO invoice_items (id, invoice_id, product_id, product_name, sku, quantity, unit_price, discount_percent, discount_amount, line_total)
VALUES (
  '9f2cade2-bb17-489f-9bfd-8a7d14e0abba',
  '2d4d30ca-8239-49ae-a180-0c3fc7a26dfc',
  'ee4cb779-da19-4301-b661-3bf31b86fd90',
  'Minimalist Shoe Storage Bench Rack (Rose Wood, Ocean Blue)',
  'STO-ROS-0262',
  1,
  10000,
  5,
  500,
  9500
);

-- Invoice TF-1051
INSERT INTO invoices (id, store_id, invoice_number, customer_name, customer_phone, customer_address, subtotal, discount_amount, delivery_charge, installation_charge, round_off, grand_total, payment_method, payment_status, created_by, created_at)
VALUES (
  'e3aa10d9-e306-4a0e-b187-ce774bd2573c',
  '29f4e073-bc1d-4071-ae3a-c8718a90f998',
  'TF-1051',
  'Sandeep Hegde 49',
  '9884622864',
  'H.No. 61, Gali No. 5, Colony Road, Secunderabad, Telangana',
  195600,
  0,
  0,
  0,
  0,
  195600,
  'split',
  'completed',
  '33333333-3333-4333-a333-333333333333',
  '2026-04-21T06:17:00.000Z'
);
INSERT INTO invoice_items (id, invoice_id, product_id, product_name, sku, quantity, unit_price, discount_percent, discount_amount, line_total)
VALUES (
  '46cc470e-3742-4f00-9586-b8d0772ed9e1',
  'e3aa10d9-e306-4a0e-b187-ce774bd2573c',
  '2c84a2a1-1b4f-4366-8e11-43df5f4b9044',
  'Eco-sustain Executive Study Desk with Drawers (Engineered Wood, Charcoal Grey)',
  'STU-ENG-0166',
  1,
  18000,
  5,
  900,
  17100
);
INSERT INTO invoice_items (id, invoice_id, product_id, product_name, sku, quantity, unit_price, discount_percent, discount_amount, line_total)
VALUES (
  'b8ab76ba-fcf9-4544-b266-07f30ad1fd76',
  'e3aa10d9-e306-4a0e-b187-ce774bd2573c',
  'db1e6b86-8df5-44d2-9b37-7bf7cfef7d9c',
  'Heritage Single Motor Power Recliner (Sheesham Wood, Walnut Brown)',
  'REC-SHE-0230',
  2,
  53500,
  0,
  0,
  107000
);
INSERT INTO invoice_items (id, invoice_id, product_id, product_name, sku, quantity, unit_price, discount_percent, discount_amount, line_total)
VALUES (
  '149e491c-17ee-4a99-8080-b4455f18f06d',
  'e3aa10d9-e306-4a0e-b187-ce774bd2573c',
  'ea4e9179-3ad2-409b-84b5-55444060bc57',
  'Modern Massage Recliner Chair (Teak Wood, Charcoal Grey)',
  'REC-TEA-0235',
  1,
  32500,
  0,
  0,
  32500
);
INSERT INTO invoice_items (id, invoice_id, product_id, product_name, sku, quantity, unit_price, discount_percent, discount_amount, line_total)
VALUES (
  '1bf3121c-c90c-4f3e-9aee-bc6b5dc4a6ad',
  'e3aa10d9-e306-4a0e-b187-ce774bd2573c',
  'cc1fe24a-9fbf-4ebd-b146-9926bc4dcdf4',
  'Luxurious Mesh Medium-Back Office Chair (Teak Wood, Ebony Black)',
  'OFF-TEA-0099',
  2,
  10000,
  0,
  0,
  20000
);
INSERT INTO invoice_items (id, invoice_id, product_id, product_name, sku, quantity, unit_price, discount_percent, discount_amount, line_total)
VALUES (
  '665a1eeb-5dab-407c-b456-16cc90e1e2ef',
  'e3aa10d9-e306-4a0e-b187-ce774bd2573c',
  '1ffc0d53-7cbf-4a45-9195-85b74571e2a3',
  'Heritage Garden Patio Bistro Set (Rose Wood, Ivory White)',
  'OUT-ROS-0256',
  1,
  20000,
  5,
  1000,
  19000
);
INSERT INTO payments (id, invoice_id, method, amount, reference, created_at) VALUES ('da46632f-9097-4db0-874a-04dcd3b09a7c', 'e3aa10d9-e306-4a0e-b187-ce774bd2573c', 'card', 78240, 'TXN-SPLIT-CARD', '2026-04-21T06:17:00.000Z');
INSERT INTO payments (id, invoice_id, method, amount, reference, created_at) VALUES ('551038e1-6082-4882-9be9-4206a4e4395d', 'e3aa10d9-e306-4a0e-b187-ce774bd2573c', 'upi', 117360, 'TXN-SPLIT-UPI', '2026-04-21T06:17:00.000Z');

-- Invoice TF-1052
INSERT INTO invoices (id, store_id, invoice_number, customer_name, customer_phone, customer_address, subtotal, discount_amount, delivery_charge, installation_charge, round_off, grand_total, payment_method, payment_status, created_by, created_at)
VALUES (
  '98c4d561-6c1e-4ada-be85-b686a140201f',
  '29f4e073-bc1d-4071-ae3a-c8718a90f998',
  'TF-1052',
  'Guest',
  '',
  '',
  218125,
  0,
  1200,
  0,
  0,
  219325,
  'bank_transfer',
  'completed',
  '22222222-2222-4222-a222-222222222222',
  '2026-04-21T14:49:00.000Z'
);
INSERT INTO invoice_items (id, invoice_id, product_id, product_name, sku, quantity, unit_price, discount_percent, discount_amount, line_total)
VALUES (
  '8fd1a6f0-156b-40b1-a0de-9ad952cf8535',
  '98c4d561-6c1e-4ada-be85-b686a140201f',
  '1c7e1a57-845e-47a1-8c12-ba41436fcc6f',
  'Eco-sustain Orthopedic Memory Foam Mattress (Sheesham Wood, Charcoal Grey)',
  'MAT-SHE-0181',
  1,
  57500,
  5,
  2875,
  54625
);
INSERT INTO invoice_items (id, invoice_id, product_id, product_name, sku, quantity, unit_price, discount_percent, discount_amount, line_total)
VALUES (
  'a0686a57-0130-4c46-95e8-52d807a00eb3',
  '98c4d561-6c1e-4ada-be85-b686a140201f',
  '14858145-d9df-494d-a77d-ebcd2119d317',
  'Premium King Size Bed with Storage (Engineered Wood, Teak Finish)',
  'BED-ENG-0026',
  2,
  68500,
  0,
  0,
  137000
);
INSERT INTO invoice_items (id, invoice_id, product_id, product_name, sku, quantity, unit_price, discount_percent, discount_amount, line_total)
VALUES (
  '337c5449-922d-4271-9a0e-d217e131ff4a',
  '98c4d561-6c1e-4ada-be85-b686a140201f',
  '28fb694f-362c-463c-8587-9840d1a51fd7',
  'Heritage Dressing Table with LED Mirror (Oak Wood, Crimson Red)',
  'DRE-OAK-0207',
  1,
  14500,
  0,
  0,
  14500
);
INSERT INTO invoice_items (id, invoice_id, product_id, product_name, sku, quantity, unit_price, discount_percent, discount_amount, line_total)
VALUES (
  '6e73d3fa-0a59-41f8-b661-93db83eab0cf',
  '98c4d561-6c1e-4ada-be85-b686a140201f',
  'cd429820-3fc2-45f2-b8f6-41fb496abdae',
  'Comfort Solid Wood Computer Desk (Engineered Wood, Crimson Red)',
  'STU-ENG-0176',
  2,
  6000,
  0,
  0,
  12000
);
INSERT INTO payments (id, invoice_id, method, amount, reference, created_at) VALUES ('b82235f2-16fb-4ebc-894a-225d42178cf9', '98c4d561-6c1e-4ada-be85-b686a140201f', 'bank_transfer', 219325, 'TXN-TF-1052', '2026-04-21T14:49:00.000Z');

-- Invoice TF-1053
INSERT INTO invoices (id, store_id, invoice_number, customer_name, customer_phone, customer_address, subtotal, discount_amount, delivery_charge, installation_charge, round_off, grand_total, payment_method, payment_status, created_by, created_at)
VALUES (
  '04e8d739-3883-4f67-a4d9-cdd31062d513',
  '29f4e073-bc1d-4071-ae3a-c8718a90f998',
  'TF-1053',
  'Ramesh Chandra 47',
  '9890319804',
  'H.No. 59, Gali No. 3, Colony Road, Visakhapatnam, Andhra Pradesh',
  125550,
  0,
  0,
  0,
  0,
  125550,
  'card',
  'completed',
  '11111111-1111-4111-a111-111111111111',
  '2026-04-21T05:49:00.000Z'
);
INSERT INTO invoice_items (id, invoice_id, product_id, product_name, sku, quantity, unit_price, discount_percent, discount_amount, line_total)
VALUES (
  '441a6a27-1675-4306-b631-2ce59000771d',
  '04e8d739-3883-4f67-a4d9-cdd31062d513',
  'cd5bc776-f8af-47f6-9ac6-26fd88822683',
  'Modern Orthopedic Memory Foam Mattress (Engineered Wood, Charcoal Grey)',
  'MAT-ENG-0193',
  1,
  39000,
  5,
  1950,
  37050
);
INSERT INTO invoice_items (id, invoice_id, product_id, product_name, sku, quantity, unit_price, discount_percent, discount_amount, line_total)
VALUES (
  '6cd35df7-6b82-462b-a23c-d52cf7fa952a',
  '04e8d739-3883-4f67-a4d9-cdd31062d513',
  '018e8419-7505-4845-8b4b-c442cdda4e72',
  'Imperial Executive Leather High-Back (Sheesham Wood, Teak Finish)',
  'OFF-SHE-0094',
  2,
  6000,
  0,
  0,
  12000
);
INSERT INTO invoice_items (id, invoice_id, product_id, product_name, sku, quantity, unit_price, discount_percent, discount_amount, line_total)
VALUES (
  'cb5ca1a9-2f9b-43d2-8edf-e6896b671607',
  '04e8d739-3883-4f67-a4d9-cdd31062d513',
  'a9d7b538-c36d-4259-911e-dba282a186ba',
  'Classic Upholstered Bed Platform (Mahogany, Ocean Blue)',
  'BED-MAH-0030',
  1,
  76500,
  0,
  0,
  76500
);
INSERT INTO payments (id, invoice_id, method, amount, reference, created_at) VALUES ('67e9c0c2-626d-4043-ae4c-e02390873e4c', '04e8d739-3883-4f67-a4d9-cdd31062d513', 'card', 125550, 'TXN-TF-1053', '2026-04-21T05:49:00.000Z');

-- Invoice TF-1054
INSERT INTO invoices (id, store_id, invoice_number, customer_name, customer_phone, customer_address, subtotal, discount_amount, delivery_charge, installation_charge, round_off, grand_total, payment_method, payment_status, created_by, created_at)
VALUES (
  'ed026c80-adb6-465c-95bd-f5b7f213c353',
  '29f4e073-bc1d-4071-ae3a-c8718a90f998',
  'TF-1054',
  'Rahul Verma 46',
  '9810555735',
  'H.No. 58, Gali No. 2, Colony Road, Vijayawada, Andhra Pradesh',
  222650,
  0,
  0,
  0,
  0,
  222650,
  'upi',
  'completed',
  '33333333-3333-4333-a333-333333333333',
  '2026-04-21T14:02:00.000Z'
);
INSERT INTO invoice_items (id, invoice_id, product_id, product_name, sku, quantity, unit_price, discount_percent, discount_amount, line_total)
VALUES (
  '54a74b51-3f57-46f7-8975-dd92be9e9e5c',
  'ed026c80-adb6-465c-95bd-f5b7f213c353',
  '433d3373-2243-42b9-9bcc-8015834c5439',
  'Classic Storage Trunk Coffee Table (Mahogany, Ocean Blue)',
  'COF-MAH-0131',
  1,
  7000,
  5,
  350,
  6650
);
INSERT INTO invoice_items (id, invoice_id, product_id, product_name, sku, quantity, unit_price, discount_percent, discount_amount, line_total)
VALUES (
  '3e13d217-4b07-4fdb-8a95-e427d469aba0',
  'ed026c80-adb6-465c-95bd-f5b7f213c353',
  'a09469f6-5572-4ce5-a8d2-e75635388f2f',
  'Royal 3-Door Wardrobe with Mirror (Teak Wood, Ebony Black)',
  'WAR-TEA-0153',
  2,
  108000,
  0,
  0,
  216000
);
INSERT INTO payments (id, invoice_id, method, amount, reference, created_at) VALUES ('95f77ea0-cd4f-491d-b18b-5f8401f00841', 'ed026c80-adb6-465c-95bd-f5b7f213c353', 'upi', 222650, 'TXN-TF-1054', '2026-04-21T14:02:00.000Z');

-- Invoice TF-1055
INSERT INTO invoices (id, store_id, invoice_number, customer_name, customer_phone, customer_address, subtotal, discount_amount, delivery_charge, installation_charge, round_off, grand_total, payment_method, payment_status, created_by, created_at)
VALUES (
  '2691c0ef-a7cb-4834-bb5c-4aa62e89649e',
  '29f4e073-bc1d-4071-ae3a-c8718a90f998',
  'TF-1055',
  'Priya Pillai 45',
  '9845545401',
  'H.No. 57, Gali No. 1, Colony Road, Chennai, Tamil Nadu',
  13300,
  0,
  0,
  0,
  0,
  13300,
  'cash',
  'completed',
  '22222222-2222-4222-a222-222222222222',
  '2026-04-21T07:22:00.000Z'
);
INSERT INTO invoice_items (id, invoice_id, product_id, product_name, sku, quantity, unit_price, discount_percent, discount_amount, line_total)
VALUES (
  '0a7e3695-76b6-4a6c-b4e9-2b478ea46820',
  '2691c0ef-a7cb-4834-bb5c-4aa62e89649e',
  '4bb32b27-e36f-4ad8-b9db-a4d600af3699',
  'Eco-sustain Wall Folding Laptop Desk (Engineered Wood, Warm Beige)',
  'STU-ENG-0179',
  1,
  14000,
  5,
  700,
  13300
);
INSERT INTO payments (id, invoice_id, method, amount, reference, created_at) VALUES ('c373eaa1-8458-4a20-8176-38026e316546', '2691c0ef-a7cb-4834-bb5c-4aa62e89649e', 'cash', 13300, 'TXN-TF-1055', '2026-04-21T07:22:00.000Z');

-- Invoice TF-1056
INSERT INTO invoices (id, store_id, invoice_number, customer_name, customer_phone, customer_address, subtotal, discount_amount, delivery_charge, installation_charge, round_off, grand_total, payment_method, payment_status, created_by, created_at)
VALUES (
  '25d4d9aa-81f1-4d2c-8566-ff94295d993e',
  '29f4e073-bc1d-4071-ae3a-c8718a90f998',
  'TF-1056',
  'Guest',
  '',
  '',
  193775,
  0,
  0,
  0,
  0,
  193775,
  'split',
  'completed',
  '11111111-1111-4111-a111-111111111111',
  '2026-04-22T12:42:00.000Z'
);
INSERT INTO invoice_items (id, invoice_id, product_id, product_name, sku, quantity, unit_price, discount_percent, discount_amount, line_total)
VALUES (
  'a4c345de-a797-4876-bb3c-41163a9aadd8',
  '25d4d9aa-81f1-4d2c-8566-ff94295d993e',
  'a09469f6-5572-4ce5-a8d2-e75635388f2f',
  'Royal 3-Door Wardrobe with Mirror (Teak Wood, Ebony Black)',
  'WAR-TEA-0153',
  1,
  108000,
  5,
  5400,
  102600
);
INSERT INTO invoice_items (id, invoice_id, product_id, product_name, sku, quantity, unit_price, discount_percent, discount_amount, line_total)
VALUES (
  'a748ceb9-477e-47f3-9ae4-4112b1501cde',
  '25d4d9aa-81f1-4d2c-8566-ff94295d993e',
  'd308b0b6-147b-458f-8f54-a63c002b9c42',
  'Minimalist Modular TV Stand with Shelves (Teak Wood, Crimson Red)',
  'TV -TEA-0118',
  2,
  15500,
  0,
  0,
  31000
);
INSERT INTO invoice_items (id, invoice_id, product_id, product_name, sku, quantity, unit_price, discount_percent, discount_amount, line_total)
VALUES (
  '93242d67-7029-4060-80fe-ff9b7ab06e54',
  '25d4d9aa-81f1-4d2c-8566-ff94295d993e',
  '80cf3cab-c718-4427-8775-8237e67c7b47',
  'Modern 5-Tier Open Bookshelf Console (Sheesham Wood, Crimson Red)',
  'BOO-SHE-0294',
  1,
  12500,
  0,
  0,
  12500
);
INSERT INTO invoice_items (id, invoice_id, product_id, product_name, sku, quantity, unit_price, discount_percent, discount_amount, line_total)
VALUES (
  'b39c3849-aef7-41fa-9489-eee970bb8956',
  '25d4d9aa-81f1-4d2c-8566-ff94295d993e',
  '65816cb2-634c-42bb-912e-c302f7d948de',
  'Royal Glass Top Coffee Table (Engineered Wood, Charcoal Grey)',
  'COF-ENG-0134',
  2,
  6500,
  0,
  0,
  13000
);
INSERT INTO invoice_items (id, invoice_id, product_id, product_name, sku, quantity, unit_price, discount_percent, discount_amount, line_total)
VALUES (
  '3b4eca9d-8ed8-4c85-9fcd-677c558783fc',
  '25d4d9aa-81f1-4d2c-8566-ff94295d993e',
  'c3bdab85-df81-4821-bebc-d23000ed008b',
  'Eco-sustain Poster Bed (Oak Wood, Ocean Blue)',
  'BED-OAK-0024',
  1,
  36500,
  5,
  1825,
  34675
);
INSERT INTO payments (id, invoice_id, method, amount, reference, created_at) VALUES ('48d4661e-aaaf-4bb6-a571-fce86103f27d', '25d4d9aa-81f1-4d2c-8566-ff94295d993e', 'card', 77510, 'TXN-SPLIT-CARD', '2026-04-22T12:42:00.000Z');
INSERT INTO payments (id, invoice_id, method, amount, reference, created_at) VALUES ('d5ca83a5-229b-4e69-bf0b-1d98d49a10b8', '25d4d9aa-81f1-4d2c-8566-ff94295d993e', 'upi', 116265, 'TXN-SPLIT-UPI', '2026-04-22T12:42:00.000Z');

-- Invoice TF-1057
INSERT INTO invoices (id, store_id, invoice_number, customer_name, customer_phone, customer_address, subtotal, discount_amount, delivery_charge, installation_charge, round_off, grand_total, payment_method, payment_status, created_by, created_at)
VALUES (
  '00e13db4-b9cc-44fa-bc27-6867912e37ec',
  '29f4e073-bc1d-4071-ae3a-c8718a90f998',
  'TF-1057',
  'Neha Deshmukh 43',
  '9833376707',
  'H.No. 55, Gali No. 4, Colony Road, Secunderabad, Telangana',
  223400,
  0,
  0,
  0,
  0,
  223400,
  'bank_transfer',
  'completed',
  '33333333-3333-4333-a333-333333333333',
  '2026-04-22T13:35:00.000Z'
);
INSERT INTO invoice_items (id, invoice_id, product_id, product_name, sku, quantity, unit_price, discount_percent, discount_amount, line_total)
VALUES (
  '07c347e9-7ec5-4f81-b5ef-5b964e032f02',
  '00e13db4-b9cc-44fa-bc27-6867912e37ec',
  'cdfea8d1-e377-4e2a-86a8-301988e8ba9f',
  'Minimalist Extendable Dining Table (Sheesham Wood, Crimson Red)',
  'DIN-SHE-0052',
  1,
  62000,
  5,
  3100,
  58900
);
INSERT INTO invoice_items (id, invoice_id, product_id, product_name, sku, quantity, unit_price, discount_percent, discount_amount, line_total)
VALUES (
  '77e1fa04-34d7-45c7-a92c-e6919e5b5485',
  '00e13db4-b9cc-44fa-bc27-6867912e37ec',
  '66714533-af7b-4dc1-a3da-3f62a5b8e4cf',
  'Classic Poster Bed (Rose Wood, Teak Finish)',
  'BED-ROS-0039',
  2,
  68000,
  0,
  0,
  136000
);
INSERT INTO invoice_items (id, invoice_id, product_id, product_name, sku, quantity, unit_price, discount_percent, discount_amount, line_total)
VALUES (
  '74b004c3-edbb-4e07-b4e5-bc7735eada9a',
  '00e13db4-b9cc-44fa-bc27-6867912e37ec',
  '0ad575b6-f822-4798-bc2e-7508555b0061',
  'Premium 6-Drawer Wide Dresser chest (Rose Wood, Walnut Brown)',
  'DRE-ROS-0209',
  1,
  18500,
  0,
  0,
  18500
);
INSERT INTO invoice_items (id, invoice_id, product_id, product_name, sku, quantity, unit_price, discount_percent, discount_amount, line_total)
VALUES (
  'a64ae124-ef6e-4c82-b7b5-d0099a5b8940',
  '00e13db4-b9cc-44fa-bc27-6867912e37ec',
  '54b6a8a9-4c1a-4c85-a9bc-10786fcb9b61',
  'Eco-sustain Round Accent Coffee Table (Rose Wood, Ocean Blue)',
  'COF-ROS-0136',
  2,
  5000,
  0,
  0,
  10000
);
INSERT INTO payments (id, invoice_id, method, amount, reference, created_at) VALUES ('07413260-d19d-4a1e-a0eb-79b358ca0d93', '00e13db4-b9cc-44fa-bc27-6867912e37ec', 'bank_transfer', 223400, 'TXN-TF-1057', '2026-04-22T13:35:00.000Z');

-- Invoice TF-1058
INSERT INTO invoices (id, store_id, invoice_number, customer_name, customer_phone, customer_address, subtotal, discount_amount, delivery_charge, installation_charge, round_off, grand_total, payment_method, payment_status, created_by, created_at)
VALUES (
  'c97a1b68-9e32-4463-9f65-c14719262413',
  '29f4e073-bc1d-4071-ae3a-c8718a90f998',
  'TF-1058',
  'Manoj Gowda 42',
  '9819543944',
  'H.No. 54, Gali No. 3, Colony Road, Hyderabad, Telangana',
  125075,
  0,
  0,
  0,
  0,
  125075,
  'card',
  'completed',
  '22222222-2222-4222-a222-222222222222',
  '2026-04-22T07:26:00.000Z'
);
INSERT INTO invoice_items (id, invoice_id, product_id, product_name, sku, quantity, unit_price, discount_percent, discount_amount, line_total)
VALUES (
  '21622017-024a-40df-bf9d-6111d03ff525',
  'c97a1b68-9e32-4463-9f65-c14719262413',
  '8f73e299-b8fd-4c1a-b2be-ab67ea0c8fce',
  'Imperial Wooden Sun Lounger Bed (Oak Wood, Teak Finish)',
  'OUT-OAK-0249',
  1,
  28500,
  5,
  1425,
  27075
);
INSERT INTO invoice_items (id, invoice_id, product_id, product_name, sku, quantity, unit_price, discount_percent, discount_amount, line_total)
VALUES (
  '069ebab0-368d-488d-b050-d22c4b7fc236',
  'c97a1b68-9e32-4463-9f65-c14719262413',
  'c4c41318-93e6-40e0-a7e7-9471521e3216',
  'Luxurious Wall Mounted TV Cabinet (Rose Wood, Ocean Blue)',
  'TV -ROS-0113',
  2,
  39000,
  0,
  0,
  78000
);
INSERT INTO invoice_items (id, invoice_id, product_id, product_name, sku, quantity, unit_price, discount_percent, discount_amount, line_total)
VALUES (
  '7bc9552f-383e-47fc-927e-a5e22cb2946b',
  'c97a1b68-9e32-4463-9f65-c14719262413',
  '9c66da03-0ee6-4b1b-a9ec-f53da69d5a91',
  'Royal Visitor Stool Chair (Mahogany, Ivory White)',
  'OFF-MAH-0096',
  1,
  20000,
  0,
  0,
  20000
);
INSERT INTO payments (id, invoice_id, method, amount, reference, created_at) VALUES ('d34bd9f9-80cd-475f-abc1-39cd1df456c4', 'c97a1b68-9e32-4463-9f65-c14719262413', 'card', 125075, 'TXN-TF-1058', '2026-04-22T07:26:00.000Z');

-- Invoice TF-1059
INSERT INTO invoices (id, store_id, invoice_number, customer_name, customer_phone, customer_address, subtotal, discount_amount, delivery_charge, installation_charge, round_off, grand_total, payment_method, payment_status, created_by, created_at)
VALUES (
  '58284908-4a04-4eb7-87ad-d2aace0bbe2d',
  '29f4e073-bc1d-4071-ae3a-c8718a90f998',
  'TF-1059',
  'Kavitha Hegde 41',
  '9870933168',
  'H.No. 53, Gali No. 2, Colony Road, Visakhapatnam, Andhra Pradesh',
  51625,
  0,
  1200,
  500,
  0,
  53325,
  'upi',
  'completed',
  '11111111-1111-4111-a111-111111111111',
  '2026-04-22T04:52:00.000Z'
);
INSERT INTO invoice_items (id, invoice_id, product_id, product_name, sku, quantity, unit_price, discount_percent, discount_amount, line_total)
VALUES (
  'b5c06871-5f74-4a19-95b7-fe4c1daed53e',
  '58284908-4a04-4eb7-87ad-d2aace0bbe2d',
  '853d0482-2bba-4db5-bedd-febbf9e73e73',
  'Minimalist Solid Wood Computer Desk (Engineered Wood, Ebony Black)',
  'STU-ENG-0164',
  1,
  17500,
  5,
  875,
  16625
);
INSERT INTO invoice_items (id, invoice_id, product_id, product_name, sku, quantity, unit_price, discount_percent, discount_amount, line_total)
VALUES (
  '2b519554-9e6a-4e5f-9b59-a4df93016ae7',
  '58284908-4a04-4eb7-87ad-d2aace0bbe2d',
  '82345ae0-f851-4577-8a2f-ac1e48a15cbc',
  'Royal Compact Student Desk (Mahogany, Ocean Blue)',
  'STU-MAH-0173',
  2,
  17500,
  0,
  0,
  35000
);
INSERT INTO payments (id, invoice_id, method, amount, reference, created_at) VALUES ('9a061d47-0ded-485c-8915-129099c26678', '58284908-4a04-4eb7-87ad-d2aace0bbe2d', 'upi', 53325, 'TXN-TF-1059', '2026-04-22T04:52:00.000Z');

-- Invoice TF-1060
INSERT INTO invoices (id, store_id, invoice_number, customer_name, customer_phone, customer_address, subtotal, discount_amount, delivery_charge, installation_charge, round_off, grand_total, payment_method, payment_status, created_by, created_at)
VALUES (
  'e6de3f35-9356-434e-a45d-960fe4104c71',
  '29f4e073-bc1d-4071-ae3a-c8718a90f998',
  'TF-1060',
  'Guest',
  '',
  '',
  19000,
  570,
  0,
  0,
  0,
  18430,
  'cash',
  'completed',
  '33333333-3333-4333-a333-333333333333',
  '2026-04-22T09:17:00.000Z'
);
INSERT INTO invoice_items (id, invoice_id, product_id, product_name, sku, quantity, unit_price, discount_percent, discount_amount, line_total)
VALUES (
  'a33cdbfa-42b6-4b85-8a5d-7e31be4c63aa',
  'e6de3f35-9356-434e-a45d-960fe4104c71',
  'f22b5c8c-e06e-4b9b-88ed-f46837e41e9a',
  'Eco-sustain Wooden Nesting Tables (Mahogany, Ebony Black)',
  'COF-MAH-0137',
  1,
  20000,
  5,
  1000,
  19000
);
INSERT INTO payments (id, invoice_id, method, amount, reference, created_at) VALUES ('bdadb2f2-f8dd-4ac5-a704-bd963b83a8d1', 'e6de3f35-9356-434e-a45d-960fe4104c71', 'cash', 18430, 'TXN-TF-1060', '2026-04-22T09:17:00.000Z');

-- Invoice TF-1061
INSERT INTO invoices (id, store_id, invoice_number, customer_name, customer_phone, customer_address, subtotal, discount_amount, delivery_charge, installation_charge, round_off, grand_total, payment_method, payment_status, created_by, created_at)
VALUES (
  '656a5821-33e6-4982-8d47-179883dea8ed',
  '29f4e073-bc1d-4071-ae3a-c8718a90f998',
  'TF-1061',
  'Jyoti Prasad 39',
  '9823740331',
  'H.No. 51, Gali No. 5, Colony Road, Chennai, Tamil Nadu',
  124725,
  0,
  0,
  0,
  0,
  124725,
  'split',
  'completed',
  '22222222-2222-4222-a222-222222222222',
  '2026-04-22T07:14:00.000Z'
);
INSERT INTO invoice_items (id, invoice_id, product_id, product_name, sku, quantity, unit_price, discount_percent, discount_amount, line_total)
VALUES (
  'f1fd09f2-8ec4-4b92-9292-d56dda77da85',
  '656a5821-33e6-4982-8d47-179883dea8ed',
  'b6dab7c1-bf96-42bc-9974-72cc6dbd9c89',
  'Imperial Solid Wood Computer Desk (Mahogany, Walnut Brown)',
  'STU-MAH-0180',
  1,
  17500,
  5,
  875,
  16625
);
INSERT INTO invoice_items (id, invoice_id, product_id, product_name, sku, quantity, unit_price, discount_percent, discount_amount, line_total)
VALUES (
  'b4ffd970-1772-4585-80fb-d94686be0b95',
  '656a5821-33e6-4982-8d47-179883dea8ed',
  '869a74f7-e587-447c-b8c9-e073f3d7ba83',
  'Classic Chesterfield Sofa (Teak Wood, Charcoal Grey)',
  'SOF-TEA-0019',
  2,
  34500,
  0,
  0,
  69000
);
INSERT INTO invoice_items (id, invoice_id, product_id, product_name, sku, quantity, unit_price, discount_percent, discount_amount, line_total)
VALUES (
  '0a1f1811-64fe-4fd5-967d-ce47b30aa866',
  '656a5821-33e6-4982-8d47-179883dea8ed',
  'ee99f9f7-63f9-4a30-928c-91b9e66f6c58',
  'Minimalist High Back Chair (Rose Wood, Warm Beige)',
  'DIN-ROS-0067',
  1,
  12000,
  0,
  0,
  12000
);
INSERT INTO invoice_items (id, invoice_id, product_id, product_name, sku, quantity, unit_price, discount_percent, discount_amount, line_total)
VALUES (
  '8f56dbba-c1bb-4ee6-80b3-0be508980e74',
  '656a5821-33e6-4982-8d47-179883dea8ed',
  '67b0a3a5-4efb-4541-95fe-e1f0b749842f',
  'Luxurious Cushioned Dining Chair (Teak Wood, Ocean Blue)',
  'DIN-TEA-0077',
  2,
  5000,
  0,
  0,
  10000
);
INSERT INTO invoice_items (id, invoice_id, product_id, product_name, sku, quantity, unit_price, discount_percent, discount_amount, line_total)
VALUES (
  'f428a1a0-b6bf-438e-a2cc-fc50b56b8b12',
  '656a5821-33e6-4982-8d47-179883dea8ed',
  '7c0e27c9-91f2-4b65-9f64-ccf61986bbdc',
  'Modern Manual Rocking Recliner Lounge Chair (Oak Wood, Ebony Black)',
  'REC-OAK-0234',
  1,
  18000,
  5,
  900,
  17100
);
INSERT INTO payments (id, invoice_id, method, amount, reference, created_at) VALUES ('9e221179-ae1d-4bb2-bc1b-b5dc3db69977', '656a5821-33e6-4982-8d47-179883dea8ed', 'card', 49890, 'TXN-SPLIT-CARD', '2026-04-22T07:14:00.000Z');
INSERT INTO payments (id, invoice_id, method, amount, reference, created_at) VALUES ('5ebf7c1f-302c-4330-8201-c132a932a8f1', '656a5821-33e6-4982-8d47-179883dea8ed', 'upi', 74835, 'TXN-SPLIT-UPI', '2026-04-22T07:14:00.000Z');

-- Invoice TF-1062
INSERT INTO invoices (id, store_id, invoice_number, customer_name, customer_phone, customer_address, subtotal, discount_amount, delivery_charge, installation_charge, round_off, grand_total, payment_method, payment_status, created_by, created_at)
VALUES (
  '622e9c4f-b992-4a79-9cfe-d8c127a4def2',
  '29f4e073-bc1d-4071-ae3a-c8718a90f998',
  'TF-1062',
  'Ishaan Gupta 38',
  '9843572645',
  'H.No. 50, Gali No. 4, Colony Road, Bangalore, Karnataka',
  419775,
  0,
  0,
  0,
  0,
  419775,
  'bank_transfer',
  'completed',
  '11111111-1111-4111-a111-111111111111',
  '2026-04-23T09:00:00.000Z'
);
INSERT INTO invoice_items (id, invoice_id, product_id, product_name, sku, quantity, unit_price, discount_percent, discount_amount, line_total)
VALUES (
  '2a4c5e6b-9802-48ba-b9d4-e1f0b2decdec',
  '622e9c4f-b992-4a79-9cfe-d8c127a4def2',
  '56f48d47-d20f-4396-a9d8-83d5e69913a6',
  'Minimalist Manual Rocking Recliner Lounge Chair (Teak Wood, Crimson Red)',
  'REC-TEA-0225',
  1,
  54500,
  5,
  2725,
  51775
);
INSERT INTO invoice_items (id, invoice_id, product_id, product_name, sku, quantity, unit_price, discount_percent, discount_amount, line_total)
VALUES (
  'ecb0c3ec-ef6a-4c1d-9933-43b4674563c0',
  '622e9c4f-b992-4a79-9cfe-d8c127a4def2',
  '6e43538a-a745-4e9a-a6ef-7dcd57f182fd',
  'Luxurious Queen Size Wooden Bed (Mahogany, Ocean Blue)',
  'BED-MAH-0022',
  2,
  46500,
  0,
  0,
  93000
);
INSERT INTO invoice_items (id, invoice_id, product_id, product_name, sku, quantity, unit_price, discount_percent, discount_amount, line_total)
VALUES (
  'bf71e5dd-9ca5-46ac-9bfc-6356919b05cd',
  '622e9c4f-b992-4a79-9cfe-d8c127a4def2',
  '466e196d-8bba-44fa-8cc1-3b2b5a487d8e',
  'Luxurious 2-Door Sliding Wardrobe (Oak Wood, Ebony Black)',
  'WAR-OAK-0150',
  1,
  98000,
  0,
  0,
  98000
);
INSERT INTO invoice_items (id, invoice_id, product_id, product_name, sku, quantity, unit_price, discount_percent, discount_amount, line_total)
VALUES (
  '191e8e7d-73ae-41df-b2b3-e32ec6a3b6b7',
  '622e9c4f-b992-4a79-9cfe-d8c127a4def2',
  'ec134a51-3e2c-4b12-9bfc-4867ba09c6a5',
  'Heritage 4-Seater Glass Top Dining Table (Engineered Wood, Walnut Brown)',
  'DIN-ENG-0058',
  2,
  88500,
  0,
  0,
  177000
);
INSERT INTO payments (id, invoice_id, method, amount, reference, created_at) VALUES ('e399a92f-c7bc-4a0a-8a0d-3d405548aec7', '622e9c4f-b992-4a79-9cfe-d8c127a4def2', 'bank_transfer', 419775, 'TXN-TF-1062', '2026-04-23T09:00:00.000Z');

-- Invoice TF-1063
INSERT INTO invoices (id, store_id, invoice_number, customer_name, customer_phone, customer_address, subtotal, discount_amount, delivery_charge, installation_charge, round_off, grand_total, payment_method, payment_status, created_by, created_at)
VALUES (
  'c0c64a10-a8e7-414a-bf75-b45558c21041',
  '29f4e073-bc1d-4071-ae3a-c8718a90f998',
  'TF-1063',
  'Harish Rao 37',
  '9829690088',
  'H.No. 49, Gali No. 3, Colony Road, Secunderabad, Telangana',
  48100,
  0,
  0,
  0,
  0,
  48100,
  'card',
  'completed',
  '33333333-3333-4333-a333-333333333333',
  '2026-04-23T07:05:00.000Z'
);
INSERT INTO invoice_items (id, invoice_id, product_id, product_name, sku, quantity, unit_price, discount_percent, discount_amount, line_total)
VALUES (
  '74f51c6f-44f8-4595-8d24-dfa6b43d49c7',
  'c0c64a10-a8e7-414a-bf75-b45558c21041',
  'e9b65f20-afc6-4f19-9fc3-4c66b614b4c8',
  'Minimalist Ergonomic Task Chair (Teak Wood, Charcoal Grey)',
  'OFF-TEA-0097',
  1,
  18000,
  5,
  900,
  17100
);
INSERT INTO invoice_items (id, invoice_id, product_id, product_name, sku, quantity, unit_price, discount_percent, discount_amount, line_total)
VALUES (
  '2d452285-3ee7-402a-abde-4ef10d57e7b3',
  'c0c64a10-a8e7-414a-bf75-b45558c21041',
  '67b0a3a5-4efb-4541-95fe-e1f0b749842f',
  'Luxurious Cushioned Dining Chair (Teak Wood, Ocean Blue)',
  'DIN-TEA-0077',
  2,
  5000,
  0,
  0,
  10000
);
INSERT INTO invoice_items (id, invoice_id, product_id, product_name, sku, quantity, unit_price, discount_percent, discount_amount, line_total)
VALUES (
  'd59a5f16-9891-432f-979d-4be5b80e2d3f',
  'c0c64a10-a8e7-414a-bf75-b45558c21041',
  '4ae17f3f-dacf-4f0b-9eeb-fc0d3835fe91',
  'Modern Dual Comfort Latex Mattress (Mahogany, Walnut Brown)',
  'MAT-MAH-0198',
  1,
  21000,
  0,
  0,
  21000
);
INSERT INTO payments (id, invoice_id, method, amount, reference, created_at) VALUES ('a574a9d0-b406-4b74-a219-f1e16342da04', 'c0c64a10-a8e7-414a-bf75-b45558c21041', 'card', 48100, 'TXN-TF-1063', '2026-04-23T07:05:00.000Z');

-- Invoice TF-1064
INSERT INTO invoices (id, store_id, invoice_number, customer_name, customer_phone, customer_address, subtotal, discount_amount, delivery_charge, installation_charge, round_off, grand_total, payment_method, payment_status, created_by, created_at)
VALUES (
  '90e1f73d-c554-4593-8f9a-85aee4dec9f8',
  '29f4e073-bc1d-4071-ae3a-c8718a90f998',
  'TF-1064',
  'Guest',
  '',
  '',
  209700,
  0,
  0,
  0,
  0,
  209700,
  'upi',
  'completed',
  '22222222-2222-4222-a222-222222222222',
  '2026-04-23T09:32:00.000Z'
);
INSERT INTO invoice_items (id, invoice_id, product_id, product_name, sku, quantity, unit_price, discount_percent, discount_amount, line_total)
VALUES (
  '8736add6-4917-470b-ad27-ebb08a85e58f',
  '90e1f73d-c554-4593-8f9a-85aee4dec9f8',
  'dd6c98cd-ad0c-4287-8ac3-225fe5aa2c4d',
  'Royal Wooden Nesting Tables (Rose Wood, Ebony Black)',
  'COF-ROS-0129',
  1,
  6000,
  5,
  300,
  5700
);
INSERT INTO invoice_items (id, invoice_id, product_id, product_name, sku, quantity, unit_price, discount_percent, discount_amount, line_total)
VALUES (
  '82422667-0c11-44b1-bf8c-adab79046e43',
  '90e1f73d-c554-4593-8f9a-85aee4dec9f8',
  'fc52567c-cacd-4bb1-a8e9-ef018872a34f',
  'Luxurious 3-Seater Sofa (Mahogany, Walnut Brown)',
  'SOF-MAH-0001',
  2,
  102000,
  0,
  0,
  204000
);
INSERT INTO payments (id, invoice_id, method, amount, reference, created_at) VALUES ('a3b03d05-b524-4689-b50f-303c5f4fd548', '90e1f73d-c554-4593-8f9a-85aee4dec9f8', 'upi', 209700, 'TXN-TF-1064', '2026-04-23T09:32:00.000Z');

-- Invoice TF-1065
INSERT INTO invoices (id, store_id, invoice_number, customer_name, customer_phone, customer_address, subtotal, discount_amount, delivery_charge, installation_charge, round_off, grand_total, payment_method, payment_status, created_by, created_at)
VALUES (
  '2da7577c-a69b-4d3f-bf3c-13e63ffe7310',
  '29f4e073-bc1d-4071-ae3a-c8718a90f998',
  'TF-1065',
  'Deepak Reddy 35',
  '9852563370',
  'H.No. 47, Gali No. 1, Colony Road, Visakhapatnam, Andhra Pradesh',
  55575,
  0,
  0,
  0,
  0,
  55575,
  'cash',
  'completed',
  '11111111-1111-4111-a111-111111111111',
  '2026-04-23T11:59:00.000Z'
);
INSERT INTO invoice_items (id, invoice_id, product_id, product_name, sku, quantity, unit_price, discount_percent, discount_amount, line_total)
VALUES (
  '1b503071-82f9-4160-966f-1614501f5ab7',
  '2da7577c-a69b-4d3f-bf3c-13e63ffe7310',
  '2d6adab8-8ce8-408b-aa29-15b041f686ca',
  'Premium Massage Recliner Chair (Mahogany, Ocean Blue)',
  'REC-MAH-0229',
  1,
  58500,
  5,
  2925,
  55575
);
INSERT INTO payments (id, invoice_id, method, amount, reference, created_at) VALUES ('52787599-dd94-4dc5-a427-b1675d959d01', '2da7577c-a69b-4d3f-bf3c-13e63ffe7310', 'cash', 55575, 'TXN-TF-1065', '2026-04-23T11:59:00.000Z');

-- Invoice TF-1066
INSERT INTO invoices (id, store_id, invoice_number, customer_name, customer_phone, customer_address, subtotal, discount_amount, delivery_charge, installation_charge, round_off, grand_total, payment_method, payment_status, created_by, created_at)
VALUES (
  'ac170ffb-f1c0-45d4-b1a7-a18dce09f9a2',
  '29f4e073-bc1d-4071-ae3a-c8718a90f998',
  'TF-1066',
  'Arjun Rao 34',
  '9832921674',
  'H.No. 46, Gali No. 5, Colony Road, Vijayawada, Andhra Pradesh',
  210900,
  0,
  1200,
  0,
  0,
  212100,
  'split',
  'completed',
  '33333333-3333-4333-a333-333333333333',
  '2026-04-23T08:35:00.000Z'
);
INSERT INTO invoice_items (id, invoice_id, product_id, product_name, sku, quantity, unit_price, discount_percent, discount_amount, line_total)
VALUES (
  'a24f23b2-109f-4036-a005-cdced45b58bb',
  'ac170ffb-f1c0-45d4-b1a7-a18dce09f9a2',
  '9cac0f18-a728-4c46-a7b4-d68d4dcfc96d',
  'Minimalist Storage Trunk Coffee Table (Sheesham Wood, Warm Beige)',
  'COF-SHE-0135',
  1,
  4500,
  5,
  225,
  4275
);
INSERT INTO invoice_items (id, invoice_id, product_id, product_name, sku, quantity, unit_price, discount_percent, discount_amount, line_total)
VALUES (
  'af85a341-ca2d-4ac0-9f55-bece22ce89dd',
  'ac170ffb-f1c0-45d4-b1a7-a18dce09f9a2',
  'ef85eb68-37c4-473c-a529-f2c5a38bfe9c',
  'Comfort Marble Top Dining Table (Teak Wood, Walnut Brown)',
  'DIN-TEA-0043',
  2,
  43000,
  0,
  0,
  86000
);
INSERT INTO invoice_items (id, invoice_id, product_id, product_name, sku, quantity, unit_price, discount_percent, discount_amount, line_total)
VALUES (
  '45d5da9c-b2d9-4865-b5b2-520149f5415f',
  'ac170ffb-f1c0-45d4-b1a7-a18dce09f9a2',
  '988b76f0-cc4f-4289-98c4-aec3b799c233',
  'Imperial Wooden Sun Lounger Bed (Sheesham Wood, Ivory White)',
  'OUT-SHE-0258',
  1,
  16500,
  0,
  0,
  16500
);
INSERT INTO invoice_items (id, invoice_id, product_id, product_name, sku, quantity, unit_price, discount_percent, discount_amount, line_total)
VALUES (
  '1410c2dc-3508-4ce9-ba20-70612e8eb192',
  'ac170ffb-f1c0-45d4-b1a7-a18dce09f9a2',
  '9c66da03-0ee6-4b1b-a9ec-f53da69d5a91',
  'Royal Visitor Stool Chair (Mahogany, Ivory White)',
  'OFF-MAH-0096',
  2,
  20000,
  0,
  0,
  40000
);
INSERT INTO invoice_items (id, invoice_id, product_id, product_name, sku, quantity, unit_price, discount_percent, discount_amount, line_total)
VALUES (
  'bba4ddd3-5c5f-4bb9-9f27-bcb61d9db6cf',
  'ac170ffb-f1c0-45d4-b1a7-a18dce09f9a2',
  '10341fc4-d078-4ad8-8651-fe77da941266',
  'Eco-sustain Rattan Outdoor Swing Chair (Rose Wood, Ebony Black)',
  'OUT-ROS-0257',
  1,
  67500,
  5,
  3375,
  64125
);
INSERT INTO payments (id, invoice_id, method, amount, reference, created_at) VALUES ('c674b3ba-c6ba-43be-bacb-6009a8cd7013', 'ac170ffb-f1c0-45d4-b1a7-a18dce09f9a2', 'card', 84840, 'TXN-SPLIT-CARD', '2026-04-23T08:35:00.000Z');
INSERT INTO payments (id, invoice_id, method, amount, reference, created_at) VALUES ('68baaf68-e756-42c3-8dd5-f05ca8f4173f', 'ac170ffb-f1c0-45d4-b1a7-a18dce09f9a2', 'upi', 127260, 'TXN-SPLIT-UPI', '2026-04-23T08:35:00.000Z');

-- Invoice TF-1067
INSERT INTO invoices (id, store_id, invoice_number, customer_name, customer_phone, customer_address, subtotal, discount_amount, delivery_charge, installation_charge, round_off, grand_total, payment_method, payment_status, created_by, created_at)
VALUES (
  '08136af8-c191-4404-912b-33657cfd4c34',
  '29f4e073-bc1d-4071-ae3a-c8718a90f998',
  'TF-1067',
  'Ananya Iyer 33',
  '9893622592',
  'H.No. 45, Gali No. 4, Colony Road, Chennai, Tamil Nadu',
  260750,
  0,
  0,
  0,
  0,
  260750,
  'bank_transfer',
  'completed',
  '22222222-2222-4222-a222-222222222222',
  '2026-04-24T09:17:00.000Z'
);
INSERT INTO invoice_items (id, invoice_id, product_id, product_name, sku, quantity, unit_price, discount_percent, discount_amount, line_total)
VALUES (
  'fddeded6-4b85-4696-a330-b587febae0df',
  '08136af8-c191-4404-912b-33657cfd4c34',
  '6ff68994-076a-4f93-bba9-909e6d60a495',
  'Royal 6-Drawer Wide Dresser chest (Rose Wood, Crimson Red)',
  'DRE-ROS-0206',
  1,
  35000,
  5,
  1750,
  33250
);
INSERT INTO invoice_items (id, invoice_id, product_id, product_name, sku, quantity, unit_price, discount_percent, discount_amount, line_total)
VALUES (
  '876b8179-824e-48b7-8330-39f380b139bb',
  '08136af8-c191-4404-912b-33657cfd4c34',
  '4b1e45c0-e517-4f15-ae56-751d67906568',
  'Heritage 4-Seater Glass Top Dining Table (Sheesham Wood, Crimson Red)',
  'DIN-SHE-0054',
  2,
  71500,
  0,
  0,
  143000
);
INSERT INTO invoice_items (id, invoice_id, product_id, product_name, sku, quantity, unit_price, discount_percent, discount_amount, line_total)
VALUES (
  '1b49e342-913e-463a-9276-69114add723b',
  '08136af8-c191-4404-912b-33657cfd4c34',
  'c7f13d7f-df13-43de-aeba-718f47ec79fa',
  'Classic Solid Wood Computer Desk (Engineered Wood, Walnut Brown)',
  'STU-ENG-0172',
  1,
  6500,
  0,
  0,
  6500
);
INSERT INTO invoice_items (id, invoice_id, product_id, product_name, sku, quantity, unit_price, discount_percent, discount_amount, line_total)
VALUES (
  '09bd2887-4963-4a3b-9011-6bcd75702bb3',
  '08136af8-c191-4404-912b-33657cfd4c34',
  '66d0f462-e8d2-4221-9f49-d5cfe3ad553e',
  'Imperial Single Motor Power Recliner (Rose Wood, Ebony Black)',
  'REC-ROS-0227',
  2,
  39000,
  0,
  0,
  78000
);
INSERT INTO payments (id, invoice_id, method, amount, reference, created_at) VALUES ('e1101871-c3a5-43f1-909a-aa8aeefd945f', '08136af8-c191-4404-912b-33657cfd4c34', 'bank_transfer', 260750, 'TXN-TF-1067', '2026-04-24T09:17:00.000Z');

-- Invoice TF-1068
INSERT INTO invoices (id, store_id, invoice_number, customer_name, customer_phone, customer_address, subtotal, discount_amount, delivery_charge, installation_charge, round_off, grand_total, payment_method, payment_status, created_by, created_at)
VALUES (
  'f32f7641-31fc-4a59-a080-5d7ae2ac3bf8',
  '29f4e073-bc1d-4071-ae3a-c8718a90f998',
  'TF-1068',
  'Guest',
  '',
  '',
  158200,
  0,
  0,
  500,
  0,
  158700,
  'card',
  'completed',
  '11111111-1111-4111-a111-111111111111',
  '2026-04-24T11:18:00.000Z'
);
INSERT INTO invoice_items (id, invoice_id, product_id, product_name, sku, quantity, unit_price, discount_percent, discount_amount, line_total)
VALUES (
  '9ca8db69-2372-488c-b72a-76a83b6dbec2',
  'f32f7641-31fc-4a59-a080-5d7ae2ac3bf8',
  '482e6765-ec8f-4de4-ba26-c5254f4d1766',
  'Imperial Wall Mounted TV Cabinet (Oak Wood, Ocean Blue)',
  'TV -OAK-0107',
  1,
  26000,
  5,
  1300,
  24700
);
INSERT INTO invoice_items (id, invoice_id, product_id, product_name, sku, quantity, unit_price, discount_percent, discount_amount, line_total)
VALUES (
  '3d1fbe8a-cacb-4930-adb3-3e0635547da5',
  'f32f7641-31fc-4a59-a080-5d7ae2ac3bf8',
  '1c1d3ae3-3418-4322-8809-3c544ab9eb04',
  'Eco-sustain Wooden Sun Lounger Bed (Mahogany, Ocean Blue)',
  'OUT-MAH-0246',
  2,
  49500,
  0,
  0,
  99000
);
INSERT INTO invoice_items (id, invoice_id, product_id, product_name, sku, quantity, unit_price, discount_percent, discount_amount, line_total)
VALUES (
  'b699fdcf-84df-4dc3-ba48-8e815e070818',
  'f32f7641-31fc-4a59-a080-5d7ae2ac3bf8',
  '869a74f7-e587-447c-b8c9-e073f3d7ba83',
  'Classic Chesterfield Sofa (Teak Wood, Charcoal Grey)',
  'SOF-TEA-0019',
  1,
  34500,
  0,
  0,
  34500
);
INSERT INTO payments (id, invoice_id, method, amount, reference, created_at) VALUES ('4192f679-dd03-4a27-be10-053362d5c2cd', 'f32f7641-31fc-4a59-a080-5d7ae2ac3bf8', 'card', 158700, 'TXN-TF-1068', '2026-04-24T11:18:00.000Z');

-- Invoice TF-1069
INSERT INTO invoices (id, store_id, invoice_number, customer_name, customer_phone, customer_address, subtotal, discount_amount, delivery_charge, installation_charge, round_off, grand_total, payment_method, payment_status, created_by, created_at)
VALUES (
  'ab6a717b-f7ee-4d5c-b633-e39a4b24c328',
  '29f4e073-bc1d-4071-ae3a-c8718a90f998',
  'TF-1069',
  'Aditya Patel 31',
  '9859497100',
  'H.No. 43, Gali No. 2, Colony Road, Secunderabad, Telangana',
  32750,
  0,
  0,
  0,
  0,
  32750,
  'upi',
  'completed',
  '33333333-3333-4333-a333-333333333333',
  '2026-04-24T09:28:00.000Z'
);
INSERT INTO invoice_items (id, invoice_id, product_id, product_name, sku, quantity, unit_price, discount_percent, discount_amount, line_total)
VALUES (
  'dbdff28d-4f41-4667-bd54-485e63c8cb94',
  'ab6a717b-f7ee-4d5c-b633-e39a4b24c328',
  'd78792d4-9569-4f36-a380-ba0fa0551bff',
  'Modern Rattan Accent Chair (Oak Wood, Ivory White)',
  'DIN-OAK-0076',
  1,
  5000,
  5,
  250,
  4750
);
INSERT INTO invoice_items (id, invoice_id, product_id, product_name, sku, quantity, unit_price, discount_percent, discount_amount, line_total)
VALUES (
  '7ff55777-e50d-4313-be6f-c37ba89b7114',
  'ab6a717b-f7ee-4d5c-b633-e39a4b24c328',
  '54c2d486-d32f-4ed5-a2ae-4221cc64d58e',
  'Heritage Executive Study Desk with Drawers (Oak Wood, Ebony Black)',
  'STU-OAK-0162',
  2,
  14000,
  0,
  0,
  28000
);
INSERT INTO payments (id, invoice_id, method, amount, reference, created_at) VALUES ('ea0738c4-ce3c-45bd-8a92-4ca7dc49d993', 'ab6a717b-f7ee-4d5c-b633-e39a4b24c328', 'upi', 32750, 'TXN-TF-1069', '2026-04-24T09:28:00.000Z');

-- Invoice TF-1070
INSERT INTO invoices (id, store_id, invoice_number, customer_name, customer_phone, customer_address, subtotal, discount_amount, delivery_charge, installation_charge, round_off, grand_total, payment_method, payment_status, created_by, created_at)
VALUES (
  'c2e75438-d167-4598-8d42-04d8ee954de7',
  '29f4e073-bc1d-4071-ae3a-c8718a90f998',
  'TF-1070',
  'Aarav Sharma',
  '9895497108',
  'H.No. 42, Gali No. 1, Colony Road, Hyderabad, Telangana',
  57475,
  1724.25,
  0,
  0,
  0.25,
  55751,
  'cash',
  'completed',
  '22222222-2222-4222-a222-222222222222',
  '2026-04-24T13:25:00.000Z'
);
INSERT INTO invoice_items (id, invoice_id, product_id, product_name, sku, quantity, unit_price, discount_percent, discount_amount, line_total)
VALUES (
  '819978f4-ec48-4d81-b2c8-af2d9265a067',
  'c2e75438-d167-4598-8d42-04d8ee954de7',
  'b6a6fd11-7b41-4135-a9dc-47447b75c11e',
  'Premium Extendable Dining Table (Sheesham Wood, Teak Finish)',
  'DIN-SHE-0044',
  1,
  60500,
  5,
  3025,
  57475
);
INSERT INTO payments (id, invoice_id, method, amount, reference, created_at) VALUES ('3e96537c-d97a-409e-9a6c-195d2410d712', 'c2e75438-d167-4598-8d42-04d8ee954de7', 'cash', 55751, 'TXN-TF-1070', '2026-04-24T13:25:00.000Z');

-- Invoice TF-1071
INSERT INTO invoices (id, store_id, invoice_number, customer_name, customer_phone, customer_address, subtotal, discount_amount, delivery_charge, installation_charge, round_off, grand_total, payment_method, payment_status, created_by, created_at)
VALUES (
  'c1cebcba-f790-4d53-b047-0ee3f23cf843',
  '29f4e073-bc1d-4071-ae3a-c8718a90f998',
  'TF-1071',
  'Vijay Mallya',
  '9842213850',
  'H.No. 41, Gali No. 5, Colony Road, Visakhapatnam, Andhra Pradesh',
  308450,
  0,
  0,
  0,
  0,
  308450,
  'split',
  'completed',
  '11111111-1111-4111-a111-111111111111',
  '2026-04-24T11:49:00.000Z'
);
INSERT INTO invoice_items (id, invoice_id, product_id, product_name, sku, quantity, unit_price, discount_percent, discount_amount, line_total)
VALUES (
  '70ccda9a-f396-4dce-927f-19efed3b250c',
  'c1cebcba-f790-4d53-b047-0ee3f23cf843',
  '8d07e729-4a68-4596-baa0-70c120e00461',
  'Royal Compact Student Desk (Sheesham Wood, Teak Finish)',
  'STU-SHE-0177',
  1,
  22000,
  5,
  1100,
  20900
);
INSERT INTO invoice_items (id, invoice_id, product_id, product_name, sku, quantity, unit_price, discount_percent, discount_amount, line_total)
VALUES (
  'a10be410-9b74-4fcb-8193-074a4ffc46e1',
  'c1cebcba-f790-4d53-b047-0ee3f23cf843',
  '5c01fcaa-b59d-4ee2-8c81-400342c9a9da',
  'Comfort Multi-drawer Utility Cabinet (Oak Wood, Teak Finish)',
  'STO-OAK-0261',
  2,
  7000,
  0,
  0,
  14000
);
INSERT INTO invoice_items (id, invoice_id, product_id, product_name, sku, quantity, unit_price, discount_percent, discount_amount, line_total)
VALUES (
  '0eb4f7e3-87bd-4476-9a70-b9003be9d96a',
  'c1cebcba-f790-4d53-b047-0ee3f23cf843',
  'f9b40d20-052f-4c8a-8fa7-c32b87ce1d35',
  'Modern Modular TV Stand with Shelves (Oak Wood, Crimson Red)',
  'TV -OAK-0115',
  1,
  9500,
  0,
  0,
  9500
);
INSERT INTO invoice_items (id, invoice_id, product_id, product_name, sku, quantity, unit_price, discount_percent, discount_amount, line_total)
VALUES (
  '5acab786-7a84-412c-9d7c-dd497878844a',
  'c1cebcba-f790-4d53-b047-0ee3f23cf843',
  'f217098c-fa6f-48b1-83cf-ace92a7afcb2',
  'Royal 3-Seater Sofa (Rose Wood, Crimson Red)',
  'SOF-ROS-0006',
  2,
  94500,
  0,
  0,
  189000
);
INSERT INTO invoice_items (id, invoice_id, product_id, product_name, sku, quantity, unit_price, discount_percent, discount_amount, line_total)
VALUES (
  'd8ac4b53-6b84-451f-9488-ec2be332fffe',
  'c1cebcba-f790-4d53-b047-0ee3f23cf843',
  '96113491-acab-4db5-90a3-8fc4e240b7f6',
  'Royal Recliner Sofa (Oak Wood, Ocean Blue)',
  'SOF-OAK-0003',
  1,
  79000,
  5,
  3950,
  75050
);
INSERT INTO payments (id, invoice_id, method, amount, reference, created_at) VALUES ('974cc537-3da7-4511-8a2d-8b0cdd2e5013', 'c1cebcba-f790-4d53-b047-0ee3f23cf843', 'card', 123380, 'TXN-SPLIT-CARD', '2026-04-24T11:49:00.000Z');
INSERT INTO payments (id, invoice_id, method, amount, reference, created_at) VALUES ('8fc62002-df3e-44be-a8c0-22754f543e16', 'c1cebcba-f790-4d53-b047-0ee3f23cf843', 'upi', 185070, 'TXN-SPLIT-UPI', '2026-04-24T11:49:00.000Z');

-- Invoice TF-1072
INSERT INTO invoices (id, store_id, invoice_number, customer_name, customer_phone, customer_address, subtotal, discount_amount, delivery_charge, installation_charge, round_off, grand_total, payment_method, payment_status, created_by, created_at)
VALUES (
  '3caf27a1-2a82-4e07-a864-092687f8097d',
  '29f4e073-bc1d-4071-ae3a-c8718a90f998',
  'TF-1072',
  'Guest',
  '',
  '',
  142200,
  0,
  0,
  0,
  0,
  142200,
  'bank_transfer',
  'completed',
  '33333333-3333-4333-a333-333333333333',
  '2026-04-24T10:32:00.000Z'
);
INSERT INTO invoice_items (id, invoice_id, product_id, product_name, sku, quantity, unit_price, discount_percent, discount_amount, line_total)
VALUES (
  '24f9bce6-ded4-475c-9796-d4aef8de8ffe',
  '3caf27a1-2a82-4e07-a864-092687f8097d',
  'cd429820-3fc2-45f2-b8f6-41fb496abdae',
  'Comfort Solid Wood Computer Desk (Engineered Wood, Crimson Red)',
  'STU-ENG-0176',
  1,
  6000,
  5,
  300,
  5700
);
INSERT INTO invoice_items (id, invoice_id, product_id, product_name, sku, quantity, unit_price, discount_percent, discount_amount, line_total)
VALUES (
  '5cd4fd08-0aeb-48c1-af44-c2eba300a1fd',
  '3caf27a1-2a82-4e07-a864-092687f8097d',
  'b822937d-8c5a-4709-8617-a158829a5e65',
  'Classic 6-Seater Wooden Dining Table (Sheesham Wood, Teak Finish)',
  'DIN-SHE-0049',
  2,
  52000,
  0,
  0,
  104000
);
INSERT INTO invoice_items (id, invoice_id, product_id, product_name, sku, quantity, unit_price, discount_percent, discount_amount, line_total)
VALUES (
  '2602162d-32f1-451c-a37e-bad7b9f10502',
  '3caf27a1-2a82-4e07-a864-092687f8097d',
  'd3bd37b5-7bce-4187-973c-bf99478a81d4',
  'Royal Round Accent Coffee Table (Teak Wood, Ivory White)',
  'COF-TEA-0132',
  1,
  13500,
  0,
  0,
  13500
);
INSERT INTO invoice_items (id, invoice_id, product_id, product_name, sku, quantity, unit_price, discount_percent, discount_amount, line_total)
VALUES (
  'b540ecd2-104c-4edc-89e6-e75d3bb64183',
  '3caf27a1-2a82-4e07-a864-092687f8097d',
  '08c32db4-7ba0-4c92-9312-42a452c31ae1',
  'Heritage Floor Standing TV Console (Teak Wood, Warm Beige)',
  'TV -TEA-0105',
  2,
  9500,
  0,
  0,
  19000
);
INSERT INTO payments (id, invoice_id, method, amount, reference, created_at) VALUES ('e668ede9-6516-4ad9-b652-1e75029a9196', '3caf27a1-2a82-4e07-a864-092687f8097d', 'bank_transfer', 142200, 'TXN-TF-1072', '2026-04-24T10:32:00.000Z');

-- Invoice TF-1073
INSERT INTO invoices (id, store_id, invoice_number, customer_name, customer_phone, customer_address, subtotal, discount_amount, delivery_charge, installation_charge, round_off, grand_total, payment_method, payment_status, created_by, created_at)
VALUES (
  '8be03691-98d9-43c4-8b1a-c13a6279c4c4',
  '29f4e073-bc1d-4071-ae3a-c8718a90f998',
  'TF-1073',
  'Yash Pal',
  '9848451205',
  'H.No. 39, Gali No. 3, Colony Road, Chennai, Tamil Nadu',
  168125,
  0,
  1200,
  0,
  0,
  169325,
  'card',
  'completed',
  '22222222-2222-4222-a222-222222222222',
  '2026-04-25T06:17:00.000Z'
);
INSERT INTO invoice_items (id, invoice_id, product_id, product_name, sku, quantity, unit_price, discount_percent, discount_amount, line_total)
VALUES (
  '47e7ce66-c202-44b2-840e-7364b4e3c544',
  '8be03691-98d9-43c4-8b1a-c13a6279c4c4',
  '3b887fdc-e681-4eb9-a8f9-ed3a55c5f4af',
  'Classic Ladder Bookshelf Display Unit (Engineered Wood, Warm Beige)',
  'BOO-ENG-0287',
  1,
  17500,
  5,
  875,
  16625
);
INSERT INTO invoice_items (id, invoice_id, product_id, product_name, sku, quantity, unit_price, discount_percent, discount_amount, line_total)
VALUES (
  'e406776b-d7ca-4b76-820c-dceb20cf8992',
  '8be03691-98d9-43c4-8b1a-c13a6279c4c4',
  '1c7e1a57-845e-47a1-8c12-ba41436fcc6f',
  'Eco-sustain Orthopedic Memory Foam Mattress (Sheesham Wood, Charcoal Grey)',
  'MAT-SHE-0181',
  2,
  57500,
  0,
  0,
  115000
);
INSERT INTO invoice_items (id, invoice_id, product_id, product_name, sku, quantity, unit_price, discount_percent, discount_amount, line_total)
VALUES (
  '54beb60d-55e7-4a15-aff6-b6cee120bc4b',
  '8be03691-98d9-43c4-8b1a-c13a6279c4c4',
  '4f77337e-94b5-491e-896d-0bbf04244fc3',
  'Luxurious Wall Mounted TV Cabinet (Sheesham Wood, Walnut Brown)',
  'TV -SHE-0116',
  1,
  36500,
  0,
  0,
  36500
);
INSERT INTO payments (id, invoice_id, method, amount, reference, created_at) VALUES ('2f24133a-d226-475e-9bf9-e81d36d17a88', '8be03691-98d9-43c4-8b1a-c13a6279c4c4', 'card', 169325, 'TXN-TF-1073', '2026-04-25T06:17:00.000Z');

-- Invoice TF-1074
INSERT INTO invoices (id, store_id, invoice_number, customer_name, customer_phone, customer_address, subtotal, discount_amount, delivery_charge, installation_charge, round_off, grand_total, payment_method, payment_status, created_by, created_at)
VALUES (
  '9b6211d1-9d25-4c74-b3ed-f9040dccc201',
  '29f4e073-bc1d-4071-ae3a-c8718a90f998',
  'TF-1074',
  'Vivek Oberoi',
  '9856941302',
  'H.No. 38, Gali No. 2, Colony Road, Bangalore, Karnataka',
  84075,
  0,
  0,
  0,
  0,
  84075,
  'upi',
  'completed',
  '11111111-1111-4111-a111-111111111111',
  '2026-04-25T14:56:00.000Z'
);
INSERT INTO invoice_items (id, invoice_id, product_id, product_name, sku, quantity, unit_price, discount_percent, discount_amount, line_total)
VALUES (
  '6faf897c-e12e-493a-8adb-a0b12cff5f5b',
  '9b6211d1-9d25-4c74-b3ed-f9040dccc201',
  'd592303c-95ab-40b8-80dd-b41558eee2be',
  'Modern Open Walk-in Closet Organizer (Engineered Wood, Warm Beige)',
  'WAR-ENG-0152',
  1,
  88500,
  5,
  4425,
  84075
);
INSERT INTO payments (id, invoice_id, method, amount, reference, created_at) VALUES ('2890c32c-5fdc-4f80-ae59-c22414d43c62', '9b6211d1-9d25-4c74-b3ed-f9040dccc201', 'upi', 84075, 'TXN-TF-1074', '2026-04-25T14:56:00.000Z');

-- Invoice TF-1075
INSERT INTO invoices (id, store_id, invoice_number, customer_name, customer_phone, customer_address, subtotal, discount_amount, delivery_charge, installation_charge, round_off, grand_total, payment_method, payment_status, created_by, created_at)
VALUES (
  'eef90555-dbb1-4324-b726-cd6b481e93b9',
  '29f4e073-bc1d-4071-ae3a-c8718a90f998',
  'TF-1075',
  'Vikram Seth',
  '9840068596',
  'H.No. 37, Gali No. 1, Colony Road, Secunderabad, Telangana',
  46550,
  0,
  0,
  0,
  0,
  46550,
  'cash',
  'cancelled',
  '33333333-3333-4333-a333-333333333333',
  '2026-04-25T09:56:00.000Z'
);
INSERT INTO invoice_items (id, invoice_id, product_id, product_name, sku, quantity, unit_price, discount_percent, discount_amount, line_total)
VALUES (
  '4c0d84c2-4a2e-4442-8242-d682e3bce201',
  'eef90555-dbb1-4324-b726-cd6b481e93b9',
  '6386c70a-0d45-4665-9097-fee54a630fac',
  'Comfort Single Motor Power Recliner (Engineered Wood, Crimson Red)',
  'REC-ENG-0239',
  1,
  49000,
  5,
  2450,
  46550
);

-- Invoice TF-1076
INSERT INTO invoices (id, store_id, invoice_number, customer_name, customer_phone, customer_address, subtotal, discount_amount, delivery_charge, installation_charge, round_off, grand_total, payment_method, payment_status, created_by, created_at)
VALUES (
  '3af7b3f8-f58b-471f-abb3-a7765e819bee',
  '29f4e073-bc1d-4071-ae3a-c8718a90f998',
  'TF-1076',
  'Guest',
  '',
  '',
  146875,
  0,
  0,
  0,
  0,
  146875,
  'split',
  'completed',
  '22222222-2222-4222-a222-222222222222',
  '2026-04-25T13:36:00.000Z'
);
INSERT INTO invoice_items (id, invoice_id, product_id, product_name, sku, quantity, unit_price, discount_percent, discount_amount, line_total)
VALUES (
  '7c02e5e6-d346-4163-9dd1-e37b81fe92d0',
  '3af7b3f8-f58b-471f-abb3-a7765e819bee',
  '14537655-6121-48ab-8427-6db88b953b18',
  'Eco-sustain Extendable Dining Table (Rose Wood, Ebony Black)',
  'DIN-ROS-0056',
  1,
  39500,
  5,
  1975,
  37525
);
INSERT INTO invoice_items (id, invoice_id, product_id, product_name, sku, quantity, unit_price, discount_percent, discount_amount, line_total)
VALUES (
  'e1158d6c-a7ab-43a0-80a1-c4d9dae4f917',
  '3af7b3f8-f58b-471f-abb3-a7765e819bee',
  'efb65228-fb21-44f6-b8b6-6a70f38350c8',
  'Modern Wall Mounted TV Cabinet (Sheesham Wood, Ocean Blue)',
  'TV -SHE-0110',
  2,
  13500,
  0,
  0,
  27000
);
INSERT INTO invoice_items (id, invoice_id, product_id, product_name, sku, quantity, unit_price, discount_percent, discount_amount, line_total)
VALUES (
  'b61a9ae1-32e3-46ca-92df-b9e3efa14678',
  '3af7b3f8-f58b-471f-abb3-a7765e819bee',
  'dc4ff223-2415-466f-a521-baeb9025d167',
  'Comfort Executive Study Desk with Drawers (Rose Wood, Warm Beige)',
  'STU-ROS-0174',
  1,
  10500,
  0,
  0,
  10500
);
INSERT INTO invoice_items (id, invoice_id, product_id, product_name, sku, quantity, unit_price, discount_percent, discount_amount, line_total)
VALUES (
  '376f9ab5-67fe-4889-ac62-9661d6c3efa0',
  '3af7b3f8-f58b-471f-abb3-a7765e819bee',
  'd962ea49-1145-464e-ab65-42de5c30bf2c',
  'Imperial Multi-drawer Utility Cabinet (Engineered Wood, Walnut Brown)',
  'STO-ENG-0273',
  2,
  25000,
  0,
  0,
  50000
);
INSERT INTO invoice_items (id, invoice_id, product_id, product_name, sku, quantity, unit_price, discount_percent, discount_amount, line_total)
VALUES (
  'e66f0f0b-6d50-4feb-aa25-95d6a02c441f',
  '3af7b3f8-f58b-471f-abb3-a7765e819bee',
  '72d25ea9-c043-4738-9bbe-5a6b42ce5ee6',
  'Classic Rattan Outdoor Swing Chair (Oak Wood, Crimson Red)',
  'OUT-OAK-0251',
  1,
  23000,
  5,
  1150,
  21850
);
INSERT INTO payments (id, invoice_id, method, amount, reference, created_at) VALUES ('d0369fac-ec16-44ef-b71e-9400dd698a68', '3af7b3f8-f58b-471f-abb3-a7765e819bee', 'card', 58750, 'TXN-SPLIT-CARD', '2026-04-25T13:36:00.000Z');
INSERT INTO payments (id, invoice_id, method, amount, reference, created_at) VALUES ('a01211ec-79fa-4061-996f-ced7eb79268d', '3af7b3f8-f58b-471f-abb3-a7765e819bee', 'upi', 88125, 'TXN-SPLIT-UPI', '2026-04-25T13:36:00.000Z');

-- Invoice TF-1077
INSERT INTO invoices (id, store_id, invoice_number, customer_name, customer_phone, customer_address, subtotal, discount_amount, delivery_charge, installation_charge, round_off, grand_total, payment_method, payment_status, created_by, created_at)
VALUES (
  'd32fcc99-6271-4063-91a3-9c09a9fa1e23',
  '29f4e073-bc1d-4071-ae3a-c8718a90f998',
  'TF-1077',
  'Sneha Rao',
  '9838919308',
  'H.No. 35, Gali No. 4, Colony Road, Visakhapatnam, Andhra Pradesh',
  237400,
  0,
  0,
  500,
  0,
  237900,
  'bank_transfer',
  'completed',
  '11111111-1111-4111-a111-111111111111',
  '2026-04-25T07:53:00.000Z'
);
INSERT INTO invoice_items (id, invoice_id, product_id, product_name, sku, quantity, unit_price, discount_percent, discount_amount, line_total)
VALUES (
  '639b7e4c-2aad-4c17-9672-3e231460e9ac',
  'd32fcc99-6271-4063-91a3-9c09a9fa1e23',
  'c1771c62-acea-49f4-99d5-7cc40f440a36',
  'Eco-sustain Solid Wood Dining Chair (Sheesham Wood, Teak Finish)',
  'DIN-SHE-0074',
  1,
  12000,
  5,
  600,
  11400
);
INSERT INTO invoice_items (id, invoice_id, product_id, product_name, sku, quantity, unit_price, discount_percent, discount_amount, line_total)
VALUES (
  '20796b57-686c-48f4-a697-aa9e4a7fa45a',
  'd32fcc99-6271-4063-91a3-9c09a9fa1e23',
  '7a07cc87-60d2-485a-8002-f09c437fe2d1',
  'Comfort Modular 4-Door Wardrobe (Mahogany, Ocean Blue)',
  'WAR-MAH-0151',
  2,
  91500,
  0,
  0,
  183000
);
INSERT INTO invoice_items (id, invoice_id, product_id, product_name, sku, quantity, unit_price, discount_percent, discount_amount, line_total)
VALUES (
  'e9f9d9e7-7753-4a97-be67-b98569c22fde',
  'd32fcc99-6271-4063-91a3-9c09a9fa1e23',
  '202ef786-0c84-48d3-82cd-f74a4b54cc72',
  'Royal Ladder Bookshelf Display Unit (Engineered Wood, Teak Finish)',
  'BOO-ENG-0290',
  1,
  10000,
  0,
  0,
  10000
);
INSERT INTO invoice_items (id, invoice_id, product_id, product_name, sku, quantity, unit_price, discount_percent, discount_amount, line_total)
VALUES (
  '389de2f5-4ae7-4a95-9038-8a2b57f891e5',
  'd32fcc99-6271-4063-91a3-9c09a9fa1e23',
  '7ba1bbf5-147c-4942-bd03-6d07e55db083',
  'Eco-sustain Compact Student Desk (Mahogany, Ebony Black)',
  'STU-MAH-0169',
  2,
  16500,
  0,
  0,
  33000
);
INSERT INTO payments (id, invoice_id, method, amount, reference, created_at) VALUES ('d113f6a2-4d8c-4f9c-9572-f29d13a33288', 'd32fcc99-6271-4063-91a3-9c09a9fa1e23', 'bank_transfer', 237900, 'TXN-TF-1077', '2026-04-25T07:53:00.000Z');

-- Invoice TF-1078
INSERT INTO invoices (id, store_id, invoice_number, customer_name, customer_phone, customer_address, subtotal, discount_amount, delivery_charge, installation_charge, round_off, grand_total, payment_method, payment_status, created_by, created_at)
VALUES (
  '9434b507-03db-468c-8ea8-0c9dda322b2c',
  '29f4e073-bc1d-4071-ae3a-c8718a90f998',
  'TF-1078',
  'Siddharth Sen',
  '9818468602',
  'H.No. 34, Gali No. 3, Colony Road, Vijayawada, Andhra Pradesh',
  254575,
  0,
  0,
  0,
  0,
  254575,
  'card',
  'completed',
  '33333333-3333-4333-a333-333333333333',
  '2026-04-26T09:57:00.000Z'
);
INSERT INTO invoice_items (id, invoice_id, product_id, product_name, sku, quantity, unit_price, discount_percent, discount_amount, line_total)
VALUES (
  '36c528c9-a41f-47b6-acf5-d4cbd06728d5',
  '9434b507-03db-468c-8ea8-0c9dda322b2c',
  '14858145-d9df-494d-a77d-ebcd2119d317',
  'Premium King Size Bed with Storage (Engineered Wood, Teak Finish)',
  'BED-ENG-0026',
  1,
  68500,
  5,
  3425,
  65075
);
INSERT INTO invoice_items (id, invoice_id, product_id, product_name, sku, quantity, unit_price, discount_percent, discount_amount, line_total)
VALUES (
  '72a55225-6a84-4fce-978b-cc0f0aedd40b',
  '9434b507-03db-468c-8ea8-0c9dda322b2c',
  '683ad21e-1aa2-472d-b66a-1720d1f62971',
  'Premium 4-Seater Glass Top Dining Table (Rose Wood, Ivory White)',
  'DIN-ROS-0046',
  2,
  83000,
  0,
  0,
  166000
);
INSERT INTO invoice_items (id, invoice_id, product_id, product_name, sku, quantity, unit_price, discount_percent, discount_amount, line_total)
VALUES (
  'ce147ea5-2e36-4db5-8f92-6549e913751c',
  '9434b507-03db-468c-8ea8-0c9dda322b2c',
  '47e7106e-10d8-4b20-8774-9074af7b2be1',
  'Royal 5-Tier Open Bookshelf Console (Sheesham Wood, Ivory White)',
  'BOO-SHE-0291',
  1,
  23500,
  0,
  0,
  23500
);
INSERT INTO payments (id, invoice_id, method, amount, reference, created_at) VALUES ('7f262141-da45-4c58-be80-2b6713b735b2', '9434b507-03db-468c-8ea8-0c9dda322b2c', 'card', 254575, 'TXN-TF-1078', '2026-04-26T09:57:00.000Z');

-- Invoice TF-1079
INSERT INTO invoices (id, store_id, invoice_number, customer_name, customer_phone, customer_address, subtotal, discount_amount, delivery_charge, installation_charge, round_off, grand_total, payment_method, payment_status, created_by, created_at)
VALUES (
  '55026596-d527-466f-84f4-2cde6446cb59',
  '29f4e073-bc1d-4071-ae3a-c8718a90f998',
  'TF-1079',
  'Sarita Mishra',
  '9868630921',
  'H.No. 33, Gali No. 2, Colony Road, Chennai, Tamil Nadu',
  42175,
  0,
  0,
  0,
  0,
  42175,
  'upi',
  'completed',
  '22222222-2222-4222-a222-222222222222',
  '2026-04-26T05:05:00.000Z'
);
INSERT INTO invoice_items (id, invoice_id, product_id, product_name, sku, quantity, unit_price, discount_percent, discount_amount, line_total)
VALUES (
  'e67f79b0-e5ee-4e9d-a131-5a40ba243fb9',
  '55026596-d527-466f-84f4-2cde6446cb59',
  '65816cb2-634c-42bb-912e-c302f7d948de',
  'Royal Glass Top Coffee Table (Engineered Wood, Charcoal Grey)',
  'COF-ENG-0134',
  1,
  6500,
  5,
  325,
  6175
);
INSERT INTO invoice_items (id, invoice_id, product_id, product_name, sku, quantity, unit_price, discount_percent, discount_amount, line_total)
VALUES (
  '0fa8dcb6-3c07-4a6c-8414-f4d38a58d383',
  '55026596-d527-466f-84f4-2cde6446cb59',
  '2c84a2a1-1b4f-4366-8e11-43df5f4b9044',
  'Eco-sustain Executive Study Desk with Drawers (Engineered Wood, Charcoal Grey)',
  'STU-ENG-0166',
  2,
  18000,
  0,
  0,
  36000
);
INSERT INTO payments (id, invoice_id, method, amount, reference, created_at) VALUES ('b6ec1fe0-f75e-4b45-9389-acdd86e0bacd', '55026596-d527-466f-84f4-2cde6446cb59', 'upi', 42175, 'TXN-TF-1079', '2026-04-26T05:05:00.000Z');

-- Invoice TF-1080
INSERT INTO invoices (id, store_id, invoice_number, customer_name, customer_phone, customer_address, subtotal, discount_amount, delivery_charge, installation_charge, round_off, grand_total, payment_method, payment_status, created_by, created_at)
VALUES (
  '34787c2d-f47f-48c1-9f51-23025af905da',
  '29f4e073-bc1d-4071-ae3a-c8718a90f998',
  'TF-1080',
  'Guest',
  '',
  '',
  23750,
  712.5,
  1200,
  0,
  0.5,
  24238,
  'cash',
  'completed',
  '11111111-1111-4111-a111-111111111111',
  '2026-04-26T05:45:00.000Z'
);
INSERT INTO invoice_items (id, invoice_id, product_id, product_name, sku, quantity, unit_price, discount_percent, discount_amount, line_total)
VALUES (
  'c2f762e9-3bfe-4dff-9081-8c2f6e6f9ff1',
  '34787c2d-f47f-48c1-9f51-23025af905da',
  'd962ea49-1145-464e-ab65-42de5c30bf2c',
  'Imperial Multi-drawer Utility Cabinet (Engineered Wood, Walnut Brown)',
  'STO-ENG-0273',
  1,
  25000,
  5,
  1250,
  23750
);
INSERT INTO payments (id, invoice_id, method, amount, reference, created_at) VALUES ('14dde4fe-78d1-4e83-bc8a-3aa4e32640fb', '34787c2d-f47f-48c1-9f51-23025af905da', 'cash', 24238, 'TXN-TF-1080', '2026-04-26T05:45:00.000Z');

-- Invoice TF-1081
INSERT INTO invoices (id, store_id, invoice_number, customer_name, customer_phone, customer_address, subtotal, discount_amount, delivery_charge, installation_charge, round_off, grand_total, payment_method, payment_status, created_by, created_at)
VALUES (
  '6aafcfbe-4157-4c2e-b842-7255d22bc51a',
  '29f4e073-bc1d-4071-ae3a-c8718a90f998',
  'TF-1081',
  'Sandeep Hegde',
  '9810965696',
  'H.No. 31, Gali No. 5, Colony Road, Secunderabad, Telangana',
  475950,
  0,
  0,
  0,
  0,
  475950,
  'split',
  'completed',
  '33333333-3333-4333-a333-333333333333',
  '2026-04-26T09:47:00.000Z'
);
INSERT INTO invoice_items (id, invoice_id, product_id, product_name, sku, quantity, unit_price, discount_percent, discount_amount, line_total)
VALUES (
  '99db4744-62fa-4b48-ac3c-9afed61f17fd',
  '6aafcfbe-4157-4c2e-b842-7255d22bc51a',
  'fc52567c-cacd-4bb1-a8e9-ef018872a34f',
  'Luxurious 3-Seater Sofa (Mahogany, Walnut Brown)',
  'SOF-MAH-0001',
  1,
  102000,
  5,
  5100,
  96900
);
INSERT INTO invoice_items (id, invoice_id, product_id, product_name, sku, quantity, unit_price, discount_percent, discount_amount, line_total)
VALUES (
  '84e42583-8778-416c-88c1-57fc59fbb007',
  '6aafcfbe-4157-4c2e-b842-7255d22bc51a',
  '66d0f462-e8d2-4221-9f49-d5cfe3ad553e',
  'Imperial Single Motor Power Recliner (Rose Wood, Ebony Black)',
  'REC-ROS-0227',
  2,
  39000,
  0,
  0,
  78000
);
INSERT INTO invoice_items (id, invoice_id, product_id, product_name, sku, quantity, unit_price, discount_percent, discount_amount, line_total)
VALUES (
  'fcb35079-4153-47d5-ae60-76803e234936',
  '6aafcfbe-4157-4c2e-b842-7255d22bc51a',
  '96113491-acab-4db5-90a3-8fc4e240b7f6',
  'Royal Recliner Sofa (Oak Wood, Ocean Blue)',
  'SOF-OAK-0003',
  1,
  79000,
  0,
  0,
  79000
);
INSERT INTO invoice_items (id, invoice_id, product_id, product_name, sku, quantity, unit_price, discount_percent, discount_amount, line_total)
VALUES (
  '69fc9809-8e6a-4ea5-88c6-801d8d93816c',
  '6aafcfbe-4157-4c2e-b842-7255d22bc51a',
  '9207f17d-d6b1-4d88-bf9c-e69d0dc30b30',
  'Premium Single Bed (Mahogany, Walnut Brown)',
  'BED-MAH-0023',
  2,
  92500,
  0,
  0,
  185000
);
INSERT INTO invoice_items (id, invoice_id, product_id, product_name, sku, quantity, unit_price, discount_percent, discount_amount, line_total)
VALUES (
  '052c4fde-a274-4bb6-a512-be1ef4165f31',
  '6aafcfbe-4157-4c2e-b842-7255d22bc51a',
  '6049902d-6b43-4578-8eb4-cfb603455a07',
  'Comfort Marble Top Dining Table (Oak Wood, Charcoal Grey)',
  'DIN-OAK-0051',
  1,
  39000,
  5,
  1950,
  37050
);
INSERT INTO payments (id, invoice_id, method, amount, reference, created_at) VALUES ('f37907da-e7a4-48e7-8d34-822171b900d5', '6aafcfbe-4157-4c2e-b842-7255d22bc51a', 'card', 190380, 'TXN-SPLIT-CARD', '2026-04-26T09:47:00.000Z');
INSERT INTO payments (id, invoice_id, method, amount, reference, created_at) VALUES ('fe29f7ec-2922-4fdc-abf7-16f70318a07b', '6aafcfbe-4157-4c2e-b842-7255d22bc51a', 'upi', 285570, 'TXN-SPLIT-UPI', '2026-04-26T09:47:00.000Z');

-- Invoice TF-1082
INSERT INTO invoices (id, store_id, invoice_number, customer_name, customer_phone, customer_address, subtotal, discount_amount, delivery_charge, installation_charge, round_off, grand_total, payment_method, payment_status, created_by, created_at)
VALUES (
  '1b6b67c0-fd2f-4240-a698-9f9302381b6f',
  '29f4e073-bc1d-4071-ae3a-c8718a90f998',
  'TF-1082',
  'Ravi Shankar',
  '9840315284',
  'H.No. 30, Gali No. 4, Colony Road, Hyderabad, Telangana',
  146400,
  0,
  0,
  0,
  0,
  146400,
  'bank_transfer',
  'completed',
  '22222222-2222-4222-a222-222222222222',
  '2026-04-26T04:32:00.000Z'
);
INSERT INTO invoice_items (id, invoice_id, product_id, product_name, sku, quantity, unit_price, discount_percent, discount_amount, line_total)
VALUES (
  '98de78e6-814d-41b9-8ca3-4b4176b15362',
  '1b6b67c0-fd2f-4240-a698-9f9302381b6f',
  'b822937d-8c5a-4709-8617-a158829a5e65',
  'Classic 6-Seater Wooden Dining Table (Sheesham Wood, Teak Finish)',
  'DIN-SHE-0049',
  1,
  52000,
  5,
  2600,
  49400
);
INSERT INTO invoice_items (id, invoice_id, product_id, product_name, sku, quantity, unit_price, discount_percent, discount_amount, line_total)
VALUES (
  '8d35adca-355e-424c-b860-4f5d1f9aa225',
  '1b6b67c0-fd2f-4240-a698-9f9302381b6f',
  'd308b0b6-147b-458f-8f54-a63c002b9c42',
  'Minimalist Modular TV Stand with Shelves (Teak Wood, Crimson Red)',
  'TV -TEA-0118',
  2,
  15500,
  0,
  0,
  31000
);
INSERT INTO invoice_items (id, invoice_id, product_id, product_name, sku, quantity, unit_price, discount_percent, discount_amount, line_total)
VALUES (
  '156bab50-5628-4470-ab23-fe744651509c',
  '1b6b67c0-fd2f-4240-a698-9f9302381b6f',
  'f4d27558-4a15-48b2-9959-7f7cce45559c',
  'Royal Wooden Sideboard Credenza (Mahogany, Ocean Blue)',
  'STO-MAH-0263',
  1,
  24000,
  0,
  0,
  24000
);
INSERT INTO invoice_items (id, invoice_id, product_id, product_name, sku, quantity, unit_price, discount_percent, discount_amount, line_total)
VALUES (
  'd13ab204-22b0-4784-a916-8ad621b7ad96',
  '1b6b67c0-fd2f-4240-a698-9f9302381b6f',
  '4ae17f3f-dacf-4f0b-9eeb-fc0d3835fe91',
  'Modern Dual Comfort Latex Mattress (Mahogany, Walnut Brown)',
  'MAT-MAH-0198',
  2,
  21000,
  0,
  0,
  42000
);
INSERT INTO payments (id, invoice_id, method, amount, reference, created_at) VALUES ('cf7da835-b3fa-4502-944e-71ac1ac9a400', '1b6b67c0-fd2f-4240-a698-9f9302381b6f', 'bank_transfer', 146400, 'TXN-TF-1082', '2026-04-26T04:32:00.000Z');

-- Invoice TF-1083
INSERT INTO invoices (id, store_id, invoice_number, customer_name, customer_phone, customer_address, subtotal, discount_amount, delivery_charge, installation_charge, round_off, grand_total, payment_method, payment_status, created_by, created_at)
VALUES (
  '21a4caa2-a40c-4dad-8f83-2f0c865dae3a',
  '29f4e073-bc1d-4071-ae3a-c8718a90f998',
  'TF-1083',
  'Ramesh Chandra',
  '9858264637',
  'H.No. 29, Gali No. 3, Colony Road, Visakhapatnam, Andhra Pradesh',
  220750,
  0,
  0,
  0,
  0,
  220750,
  'card',
  'completed',
  '11111111-1111-4111-a111-111111111111',
  '2026-04-26T08:16:00.000Z'
);
INSERT INTO invoice_items (id, invoice_id, product_id, product_name, sku, quantity, unit_price, discount_percent, discount_amount, line_total)
VALUES (
  'd8656496-4c69-4391-b12a-a3e51d696988',
  '21a4caa2-a40c-4dad-8f83-2f0c865dae3a',
  'd31dd9f8-ee67-431a-92f6-23449a91be2a',
  'Royal Wooden Nesting Tables (Oak Wood, Ebony Black)',
  'COF-OAK-0125',
  1,
  15000,
  5,
  750,
  14250
);
INSERT INTO invoice_items (id, invoice_id, product_id, product_name, sku, quantity, unit_price, discount_percent, discount_amount, line_total)
VALUES (
  'e55e5e6d-a1dd-4179-b9a0-887c683eb601',
  '21a4caa2-a40c-4dad-8f83-2f0c865dae3a',
  '9953998f-b02f-48ea-b8d6-53da3fdeb0ab',
  'Eco-sustain Open Walk-in Closet Organizer (Sheesham Wood, Crimson Red)',
  'WAR-SHE-0144',
  2,
  76000,
  0,
  0,
  152000
);
INSERT INTO invoice_items (id, invoice_id, product_id, product_name, sku, quantity, unit_price, discount_percent, discount_amount, line_total)
VALUES (
  '63b688be-070a-4ae8-8a14-9768ee563944',
  '21a4caa2-a40c-4dad-8f83-2f0c865dae3a',
  '56f48d47-d20f-4396-a9d8-83d5e69913a6',
  'Minimalist Manual Rocking Recliner Lounge Chair (Teak Wood, Crimson Red)',
  'REC-TEA-0225',
  1,
  54500,
  0,
  0,
  54500
);
INSERT INTO payments (id, invoice_id, method, amount, reference, created_at) VALUES ('0a596fb1-0078-43fc-a3c6-9528a4ca1ba8', '21a4caa2-a40c-4dad-8f83-2f0c865dae3a', 'card', 220750, 'TXN-TF-1083', '2026-04-26T08:16:00.000Z');

-- Invoice TF-1084
INSERT INTO invoices (id, store_id, invoice_number, customer_name, customer_phone, customer_address, subtotal, discount_amount, delivery_charge, installation_charge, round_off, grand_total, payment_method, payment_status, created_by, created_at)
VALUES (
  '63e32e4b-8b29-479e-b1ac-b9f2ae204526',
  '29f4e073-bc1d-4071-ae3a-c8718a90f998',
  'TF-1084',
  'Guest',
  '',
  '',
  67000,
  0,
  0,
  0,
  0,
  67000,
  'upi',
  'completed',
  '33333333-3333-4333-a333-333333333333',
  '2026-04-27T07:05:00.000Z'
);
INSERT INTO invoice_items (id, invoice_id, product_id, product_name, sku, quantity, unit_price, discount_percent, discount_amount, line_total)
VALUES (
  'b34065b1-98f6-4508-879e-d1a4f72a553a',
  '63e32e4b-8b29-479e-b1ac-b9f2ae204526',
  'f22b5c8c-e06e-4b9b-88ed-f46837e41e9a',
  'Eco-sustain Wooden Nesting Tables (Mahogany, Ebony Black)',
  'COF-MAH-0137',
  1,
  20000,
  5,
  1000,
  19000
);
INSERT INTO invoice_items (id, invoice_id, product_id, product_name, sku, quantity, unit_price, discount_percent, discount_amount, line_total)
VALUES (
  'ec64ebec-9c00-4fc3-bee4-256059318836',
  '63e32e4b-8b29-479e-b1ac-b9f2ae204526',
  'b0e89ba0-ba90-445e-ae35-c8ca81e8b940',
  'Luxurious Floor Standing TV Console (Teak Wood, Walnut Brown)',
  'TV -TEA-0111',
  2,
  24000,
  0,
  0,
  48000
);
INSERT INTO payments (id, invoice_id, method, amount, reference, created_at) VALUES ('5f65d71b-5ae9-4030-b14b-5314d6c3b82b', '63e32e4b-8b29-479e-b1ac-b9f2ae204526', 'upi', 67000, 'TXN-TF-1084', '2026-04-27T07:05:00.000Z');

-- Invoice TF-1085
INSERT INTO invoices (id, store_id, invoice_number, customer_name, customer_phone, customer_address, subtotal, discount_amount, delivery_charge, installation_charge, round_off, grand_total, payment_method, payment_status, created_by, created_at)
VALUES (
  'e139b3c0-c325-4860-9636-20b91be14b39',
  '29f4e073-bc1d-4071-ae3a-c8718a90f998',
  'TF-1085',
  'Priya Pillai',
  '9828052305',
  'H.No. 27, Gali No. 1, Colony Road, Chennai, Tamil Nadu',
  26125,
  0,
  0,
  0,
  0,
  26125,
  'cash',
  'completed',
  '22222222-2222-4222-a222-222222222222',
  '2026-04-27T09:57:00.000Z'
);
INSERT INTO invoice_items (id, invoice_id, product_id, product_name, sku, quantity, unit_price, discount_percent, discount_amount, line_total)
VALUES (
  'a883a2d2-aee6-416e-b2d5-c10b264ab154',
  'e139b3c0-c325-4860-9636-20b91be14b39',
  '9da5d4c4-6bcc-42df-a639-598e5d4f24c8',
  'Royal Wall Mounted TV Cabinet (Mahogany, Ivory White)',
  'TV -MAH-0119',
  1,
  27500,
  5,
  1375,
  26125
);
INSERT INTO payments (id, invoice_id, method, amount, reference, created_at) VALUES ('d507fc72-22d3-4b39-97ee-ddd94239aae9', 'e139b3c0-c325-4860-9636-20b91be14b39', 'cash', 26125, 'TXN-TF-1085', '2026-04-27T09:57:00.000Z');

-- Invoice TF-1086
INSERT INTO invoices (id, store_id, invoice_number, customer_name, customer_phone, customer_address, subtotal, discount_amount, delivery_charge, installation_charge, round_off, grand_total, payment_method, payment_status, created_by, created_at)
VALUES (
  '509569a0-d4ca-44c0-a0ef-aeb5e660b93b',
  '29f4e073-bc1d-4071-ae3a-c8718a90f998',
  'TF-1086',
  'Pranav Kulkarni',
  '9850118715',
  'H.No. 26, Gali No. 5, Colony Road, Bangalore, Karnataka',
  487250,
  0,
  0,
  500,
  0,
  487750,
  'split',
  'completed',
  '11111111-1111-4111-a111-111111111111',
  '2026-04-27T10:34:00.000Z'
);
INSERT INTO invoice_items (id, invoice_id, product_id, product_name, sku, quantity, unit_price, discount_percent, discount_amount, line_total)
VALUES (
  'c1dc1aaf-73a8-4695-82af-ca22a097f703',
  '509569a0-d4ca-44c0-a0ef-aeb5e660b93b',
  '4285c79a-d18c-4d32-b4d5-6a9248d5b034',
  'Premium Mesh Medium-Back Office Chair (Sheesham Wood, Warm Beige)',
  'OFF-SHE-0091',
  1,
  8500,
  5,
  425,
  8075
);
INSERT INTO invoice_items (id, invoice_id, product_id, product_name, sku, quantity, unit_price, discount_percent, discount_amount, line_total)
VALUES (
  'c371084d-78a3-4810-9fe9-47b6f97c6813',
  '509569a0-d4ca-44c0-a0ef-aeb5e660b93b',
  '08e84681-f48f-465c-b99d-9d483907701f',
  'Classic Extendable Dining Table (Oak Wood, Charcoal Grey)',
  'DIN-OAK-0048',
  2,
  98000,
  0,
  0,
  196000
);
INSERT INTO invoice_items (id, invoice_id, product_id, product_name, sku, quantity, unit_price, discount_percent, discount_amount, line_total)
VALUES (
  'e4d6b2e0-7530-4a06-8a98-f374d38a2f5d',
  '509569a0-d4ca-44c0-a0ef-aeb5e660b93b',
  'ef85eb68-37c4-473c-a529-f2c5a38bfe9c',
  'Comfort Marble Top Dining Table (Teak Wood, Walnut Brown)',
  'DIN-TEA-0043',
  1,
  43000,
  0,
  0,
  43000
);
INSERT INTO invoice_items (id, invoice_id, product_id, product_name, sku, quantity, unit_price, discount_percent, discount_amount, line_total)
VALUES (
  'b55454b1-c96f-4815-b9eb-c500dbdb758b',
  '509569a0-d4ca-44c0-a0ef-aeb5e660b93b',
  '96113491-acab-4db5-90a3-8fc4e240b7f6',
  'Royal Recliner Sofa (Oak Wood, Ocean Blue)',
  'SOF-OAK-0003',
  2,
  79000,
  0,
  0,
  158000
);
INSERT INTO invoice_items (id, invoice_id, product_id, product_name, sku, quantity, unit_price, discount_percent, discount_amount, line_total)
VALUES (
  '2a8cb1f3-b77d-49d4-be8d-6835b0e40f63',
  '509569a0-d4ca-44c0-a0ef-aeb5e660b93b',
  '102b3b42-75e5-49da-909c-99d3b3d12961',
  'Modern Open Walk-in Closet Organizer (Engineered Wood, Crimson Red)',
  'WAR-ENG-0160',
  1,
  86500,
  5,
  4325,
  82175
);
INSERT INTO payments (id, invoice_id, method, amount, reference, created_at) VALUES ('541fa69a-3fe1-4e96-b6b3-de1adb5cfb64', '509569a0-d4ca-44c0-a0ef-aeb5e660b93b', 'card', 195100, 'TXN-SPLIT-CARD', '2026-04-27T10:34:00.000Z');
INSERT INTO payments (id, invoice_id, method, amount, reference, created_at) VALUES ('1edb2219-80ea-46d2-9152-4f55ec0aaeae', '509569a0-d4ca-44c0-a0ef-aeb5e660b93b', 'upi', 292650, 'TXN-SPLIT-UPI', '2026-04-27T10:34:00.000Z');

-- Invoice TF-1087
INSERT INTO invoices (id, store_id, invoice_number, customer_name, customer_phone, customer_address, subtotal, discount_amount, delivery_charge, installation_charge, round_off, grand_total, payment_method, payment_status, created_by, created_at)
VALUES (
  '89ab61f4-3758-4148-91b6-62a156a4da5a',
  '29f4e073-bc1d-4071-ae3a-c8718a90f998',
  'TF-1087',
  'Neha Deshmukh',
  '9815059315',
  'H.No. 25, Gali No. 4, Colony Road, Secunderabad, Telangana',
  123075,
  0,
  1200,
  0,
  0,
  124275,
  'bank_transfer',
  'completed',
  '33333333-3333-4333-a333-333333333333',
  '2026-04-27T11:52:00.000Z'
);
INSERT INTO invoice_items (id, invoice_id, product_id, product_name, sku, quantity, unit_price, discount_percent, discount_amount, line_total)
VALUES (
  'b0b64434-d47d-4a49-8f0b-d47d976fa9f3',
  '89ab61f4-3758-4148-91b6-62a156a4da5a',
  'c1800dec-cb8a-4d2d-926e-bb685c5b9366',
  'Premium 5-Tier Open Bookshelf Console (Sheesham Wood, Walnut Brown)',
  'BOO-SHE-0288',
  1,
  18500,
  5,
  925,
  17575
);
INSERT INTO invoice_items (id, invoice_id, product_id, product_name, sku, quantity, unit_price, discount_percent, discount_amount, line_total)
VALUES (
  '146373a1-6a93-4d87-a144-5caeb1aa0414',
  '89ab61f4-3758-4148-91b6-62a156a4da5a',
  'ae23d07d-ad6c-4b81-945e-5df3d4fa0e52',
  'Minimalist Cushioned Dining Chair (Teak Wood, Ebony Black)',
  'DIN-TEA-0065',
  2,
  10500,
  0,
  0,
  21000
);
INSERT INTO invoice_items (id, invoice_id, product_id, product_name, sku, quantity, unit_price, discount_percent, discount_amount, line_total)
VALUES (
  'c4e57d20-faee-4d18-bb24-843cb8681911',
  '89ab61f4-3758-4148-91b6-62a156a4da5a',
  'db1e6b86-8df5-44d2-9b37-7bf7cfef7d9c',
  'Heritage Single Motor Power Recliner (Sheesham Wood, Walnut Brown)',
  'REC-SHE-0230',
  1,
  53500,
  0,
  0,
  53500
);
INSERT INTO invoice_items (id, invoice_id, product_id, product_name, sku, quantity, unit_price, discount_percent, discount_amount, line_total)
VALUES (
  '0404e2f6-a0aa-4e77-82ad-14e130976146',
  '89ab61f4-3758-4148-91b6-62a156a4da5a',
  'd308b0b6-147b-458f-8f54-a63c002b9c42',
  'Minimalist Modular TV Stand with Shelves (Teak Wood, Crimson Red)',
  'TV -TEA-0118',
  2,
  15500,
  0,
  0,
  31000
);
INSERT INTO payments (id, invoice_id, method, amount, reference, created_at) VALUES ('0adcd99e-02eb-48c4-846a-1bc1768ddb7b', '89ab61f4-3758-4148-91b6-62a156a4da5a', 'bank_transfer', 124275, 'TXN-TF-1087', '2026-04-27T11:52:00.000Z');

-- Invoice TF-1088
INSERT INTO invoices (id, store_id, invoice_number, customer_name, customer_phone, customer_address, subtotal, discount_amount, delivery_charge, installation_charge, round_off, grand_total, payment_method, payment_status, created_by, created_at)
VALUES (
  'ae4f103b-f965-4a93-834e-bd9673a3d03f',
  '29f4e073-bc1d-4071-ae3a-c8718a90f998',
  'TF-1088',
  'Guest',
  '',
  '',
  202275,
  0,
  0,
  0,
  0,
  202275,
  'card',
  'completed',
  '22222222-2222-4222-a222-222222222222',
  '2026-04-27T08:28:00.000Z'
);
INSERT INTO invoice_items (id, invoice_id, product_id, product_name, sku, quantity, unit_price, discount_percent, discount_amount, line_total)
VALUES (
  '545e3e61-48c3-40ef-8fa2-393de0995b35',
  'ae4f103b-f965-4a93-834e-bd9673a3d03f',
  '74983340-bd60-4201-9ba5-a933fa636b18',
  'Classic Single Motor Power Recliner (Oak Wood, Teak Finish)',
  'REC-OAK-0221',
  1,
  54500,
  5,
  2725,
  51775
);
INSERT INTO invoice_items (id, invoice_id, product_id, product_name, sku, quantity, unit_price, discount_percent, discount_amount, line_total)
VALUES (
  'fcce65ae-f749-427f-b37d-2e739b0dca13',
  'ae4f103b-f965-4a93-834e-bd9673a3d03f',
  'b6a6fd11-7b41-4135-a9dc-47447b75c11e',
  'Premium Extendable Dining Table (Sheesham Wood, Teak Finish)',
  'DIN-SHE-0044',
  2,
  60500,
  0,
  0,
  121000
);
INSERT INTO invoice_items (id, invoice_id, product_id, product_name, sku, quantity, unit_price, discount_percent, discount_amount, line_total)
VALUES (
  '4c045934-ee9a-4862-8911-6854345bb28a',
  'ae4f103b-f965-4a93-834e-bd9673a3d03f',
  'db89899f-757e-4b53-be2c-35e7e16cbde0',
  'Comfort Dressing Table with LED Mirror (Engineered Wood, Ivory White)',
  'DRE-ENG-0204',
  1,
  29500,
  0,
  0,
  29500
);
INSERT INTO payments (id, invoice_id, method, amount, reference, created_at) VALUES ('2738755f-31cd-4c6e-87fb-78dba4e4bffd', 'ae4f103b-f965-4a93-834e-bd9673a3d03f', 'card', 202275, 'TXN-TF-1088', '2026-04-27T08:28:00.000Z');

-- Invoice TF-1089
INSERT INTO invoices (id, store_id, invoice_number, customer_name, customer_phone, customer_address, subtotal, discount_amount, delivery_charge, installation_charge, round_off, grand_total, payment_method, payment_status, created_by, created_at)
VALUES (
  '871ee337-7bd7-418f-bd3a-a0a85e3d179a',
  '29f4e073-bc1d-4071-ae3a-c8718a90f998',
  'TF-1089',
  'Kavitha Hegde',
  '9893566191',
  'H.No. 23, Gali No. 2, Colony Road, Visakhapatnam, Andhra Pradesh',
  123950,
  0,
  0,
  0,
  0,
  123950,
  'upi',
  'completed',
  '11111111-1111-4111-a111-111111111111',
  '2026-04-28T07:12:00.000Z'
);
INSERT INTO invoice_items (id, invoice_id, product_id, product_name, sku, quantity, unit_price, discount_percent, discount_amount, line_total)
VALUES (
  '24ada913-2631-4118-a7e2-683dbb8c77ca',
  '871ee337-7bd7-418f-bd3a-a0a85e3d179a',
  '724c1e89-0847-4bc1-90b0-beaf17d8b73a',
  'Modern 5-Tier Open Bookshelf Console (Teak Wood, Ebony Black)',
  'BOO-TEA-0285',
  1,
  21000,
  5,
  1050,
  19950
);
INSERT INTO invoice_items (id, invoice_id, product_id, product_name, sku, quantity, unit_price, discount_percent, discount_amount, line_total)
VALUES (
  'd48cfb20-6fd2-4ec6-9581-2a3191b22bf6',
  '871ee337-7bd7-418f-bd3a-a0a85e3d179a',
  '3ab4294b-9d2f-44e7-9b67-90c6b5592459',
  'Classic 6-Seater Wooden Dining Table (Engineered Wood, Ebony Black)',
  'DIN-ENG-0057',
  2,
  52000,
  0,
  0,
  104000
);
INSERT INTO payments (id, invoice_id, method, amount, reference, created_at) VALUES ('00bdcf2b-0779-428e-9bb7-08f142d89dc3', '871ee337-7bd7-418f-bd3a-a0a85e3d179a', 'upi', 123950, 'TXN-TF-1089', '2026-04-28T07:12:00.000Z');

-- Invoice TF-1090
INSERT INTO invoices (id, store_id, invoice_number, customer_name, customer_phone, customer_address, subtotal, discount_amount, delivery_charge, installation_charge, round_off, grand_total, payment_method, payment_status, created_by, created_at)
VALUES (
  'a13064e9-a9f7-4b19-90e7-2a59c9b0a80e',
  '29f4e073-bc1d-4071-ae3a-c8718a90f998',
  'TF-1090',
  'Karthik Swami',
  '9890572317',
  'H.No. 22, Gali No. 1, Colony Road, Vijayawada, Andhra Pradesh',
  102600,
  3078,
  0,
  0,
  0,
  99522,
  'cash',
  'completed',
  '33333333-3333-4333-a333-333333333333',
  '2026-04-28T09:44:00.000Z'
);
INSERT INTO invoice_items (id, invoice_id, product_id, product_name, sku, quantity, unit_price, discount_percent, discount_amount, line_total)
VALUES (
  'c62b9fea-0587-4965-8048-b5e8d234ee5b',
  'a13064e9-a9f7-4b19-90e7-2a59c9b0a80e',
  'a09469f6-5572-4ce5-a8d2-e75635388f2f',
  'Royal 3-Door Wardrobe with Mirror (Teak Wood, Ebony Black)',
  'WAR-TEA-0153',
  1,
  108000,
  5,
  5400,
  102600
);
INSERT INTO payments (id, invoice_id, method, amount, reference, created_at) VALUES ('0789f916-31de-4e7c-ba98-ae1e814cda6d', 'a13064e9-a9f7-4b19-90e7-2a59c9b0a80e', 'cash', 99522, 'TXN-TF-1090', '2026-04-28T09:44:00.000Z');

-- Invoice TF-1091
INSERT INTO invoices (id, store_id, invoice_number, customer_name, customer_phone, customer_address, subtotal, discount_amount, delivery_charge, installation_charge, round_off, grand_total, payment_method, payment_status, created_by, created_at)
VALUES (
  '82044e4d-5494-425a-87e5-1e9a207d6619',
  '29f4e073-bc1d-4071-ae3a-c8718a90f998',
  'TF-1091',
  'Jyoti Prasad',
  '9823482531',
  'H.No. 21, Gali No. 5, Colony Road, Chennai, Tamil Nadu',
  79650,
  0,
  0,
  0,
  0,
  79650,
  'split',
  'completed',
  '22222222-2222-4222-a222-222222222222',
  '2026-04-28T07:17:00.000Z'
);
INSERT INTO invoice_items (id, invoice_id, product_id, product_name, sku, quantity, unit_price, discount_percent, discount_amount, line_total)
VALUES (
  '89adfcf6-879f-4b95-be17-016cd01494a3',
  '82044e4d-5494-425a-87e5-1e9a207d6619',
  'ee99f9f7-63f9-4a30-928c-91b9e66f6c58',
  'Minimalist High Back Chair (Rose Wood, Warm Beige)',
  'DIN-ROS-0067',
  1,
  12000,
  5,
  600,
  11400
);
INSERT INTO invoice_items (id, invoice_id, product_id, product_name, sku, quantity, unit_price, discount_percent, discount_amount, line_total)
VALUES (
  '7bfdb65a-c759-48b7-9973-1e3c39adcaea',
  '82044e4d-5494-425a-87e5-1e9a207d6619',
  '936e386c-5292-4d9e-b355-0b3edc7505c0',
  'Comfort High Back Chair (Teak Wood, Ebony Black)',
  'DIN-TEA-0063',
  2,
  8500,
  0,
  0,
  17000
);
INSERT INTO invoice_items (id, invoice_id, product_id, product_name, sku, quantity, unit_price, discount_percent, discount_amount, line_total)
VALUES (
  'd49ccd33-be6c-4f30-a1a3-458d700e056a',
  '82044e4d-5494-425a-87e5-1e9a207d6619',
  'd3bd37b5-7bce-4187-973c-bf99478a81d4',
  'Royal Round Accent Coffee Table (Teak Wood, Ivory White)',
  'COF-TEA-0132',
  1,
  13500,
  0,
  0,
  13500
);
INSERT INTO invoice_items (id, invoice_id, product_id, product_name, sku, quantity, unit_price, discount_percent, discount_amount, line_total)
VALUES (
  '6d335c0d-6b4f-490e-90e7-2bb450a3975a',
  '82044e4d-5494-425a-87e5-1e9a207d6619',
  'c15172cd-9d83-4a72-877a-c120dd8d1b38',
  'Royal Dressing Table with LED Mirror (Engineered Wood, Teak Finish)',
  'DRE-ENG-0216',
  2,
  16500,
  0,
  0,
  33000
);
INSERT INTO invoice_items (id, invoice_id, product_id, product_name, sku, quantity, unit_price, discount_percent, discount_amount, line_total)
VALUES (
  '1c6d22e4-d4fd-4ae5-88b7-65427c59972d',
  '82044e4d-5494-425a-87e5-1e9a207d6619',
  '54b6a8a9-4c1a-4c85-a9bc-10786fcb9b61',
  'Eco-sustain Round Accent Coffee Table (Rose Wood, Ocean Blue)',
  'COF-ROS-0136',
  1,
  5000,
  5,
  250,
  4750
);
INSERT INTO payments (id, invoice_id, method, amount, reference, created_at) VALUES ('bacdf37d-227f-499e-9d14-2be49cb557ca', '82044e4d-5494-425a-87e5-1e9a207d6619', 'card', 31860, 'TXN-SPLIT-CARD', '2026-04-28T07:17:00.000Z');
INSERT INTO payments (id, invoice_id, method, amount, reference, created_at) VALUES ('258618be-0fa6-43a7-a0dd-c0349e6dd9b2', '82044e4d-5494-425a-87e5-1e9a207d6619', 'upi', 47790, 'TXN-SPLIT-UPI', '2026-04-28T07:17:00.000Z');

-- Invoice TF-1092
INSERT INTO invoices (id, store_id, invoice_number, customer_name, customer_phone, customer_address, subtotal, discount_amount, delivery_charge, installation_charge, round_off, grand_total, payment_method, payment_status, created_by, created_at)
VALUES (
  '56891d7f-b393-4fed-af1b-56b6a426e38c',
  '29f4e073-bc1d-4071-ae3a-c8718a90f998',
  'TF-1092',
  'Guest',
  '',
  '',
  183450,
  0,
  0,
  0,
  0,
  183450,
  'bank_transfer',
  'completed',
  '11111111-1111-4111-a111-111111111111',
  '2026-04-28T06:38:00.000Z'
);
INSERT INTO invoice_items (id, invoice_id, product_id, product_name, sku, quantity, unit_price, discount_percent, discount_amount, line_total)
VALUES (
  '4ffbfa16-372c-4146-b290-170f0be23afc',
  '56891d7f-b393-4fed-af1b-56b6a426e38c',
  '724c1e89-0847-4bc1-90b0-beaf17d8b73a',
  'Modern 5-Tier Open Bookshelf Console (Teak Wood, Ebony Black)',
  'BOO-TEA-0285',
  1,
  21000,
  5,
  1050,
  19950
);
INSERT INTO invoice_items (id, invoice_id, product_id, product_name, sku, quantity, unit_price, discount_percent, discount_amount, line_total)
VALUES (
  '5bc7c3a3-8ef1-4677-94ab-8ef9db564652',
  '56891d7f-b393-4fed-af1b-56b6a426e38c',
  '597dfa12-759f-487a-9605-0ce7f962be7f',
  'Modern Massage Recliner Chair (Oak Wood, Warm Beige)',
  'REC-OAK-0223',
  2,
  52500,
  0,
  0,
  105000
);
INSERT INTO invoice_items (id, invoice_id, product_id, product_name, sku, quantity, unit_price, discount_percent, discount_amount, line_total)
VALUES (
  '86c6c9d1-246d-42bc-94c5-e8163155c092',
  '56891d7f-b393-4fed-af1b-56b6a426e38c',
  '1e2db180-eac0-41f5-a95c-847c1fa0b20a',
  'Eco-sustain Wooden Sideboard Credenza (Rose Wood, Ivory White)',
  'STO-ROS-0278',
  1,
  20500,
  0,
  0,
  20500
);
INSERT INTO invoice_items (id, invoice_id, product_id, product_name, sku, quantity, unit_price, discount_percent, discount_amount, line_total)
VALUES (
  'c85bc371-df2f-4195-94c4-24c46a1743cf',
  '56891d7f-b393-4fed-af1b-56b6a426e38c',
  '55b103bb-657e-4a60-a57f-276b49971487',
  'Minimalist Closed Glass-door Library Cabinet (Teak Wood, Teak Finish)',
  'BOO-TEA-0295',
  2,
  19000,
  0,
  0,
  38000
);
INSERT INTO payments (id, invoice_id, method, amount, reference, created_at) VALUES ('f44b56b0-b8e9-4ed7-977b-cee9cda0c138', '56891d7f-b393-4fed-af1b-56b6a426e38c', 'bank_transfer', 183450, 'TXN-TF-1092', '2026-04-28T06:38:00.000Z');

-- Invoice TF-1093
INSERT INTO invoices (id, store_id, invoice_number, customer_name, customer_phone, customer_address, subtotal, discount_amount, delivery_charge, installation_charge, round_off, grand_total, payment_method, payment_status, created_by, created_at)
VALUES (
  '6e599c1e-378a-4e44-96f6-a13aa568dee9',
  '29f4e073-bc1d-4071-ae3a-c8718a90f998',
  'TF-1093',
  'Harish Rao',
  '9868884495',
  'H.No. 19, Gali No. 3, Colony Road, Secunderabad, Telangana',
  135375,
  0,
  0,
  0,
  0,
  135375,
  'card',
  'completed',
  '33333333-3333-4333-a333-333333333333',
  '2026-04-28T09:27:00.000Z'
);
INSERT INTO invoice_items (id, invoice_id, product_id, product_name, sku, quantity, unit_price, discount_percent, discount_amount, line_total)
VALUES (
  '54a26471-7e64-4c3e-afd3-64413d80b3ff',
  '6e599c1e-378a-4e44-96f6-a13aa568dee9',
  '0793a00d-be8e-4b20-8c5a-53abf1fc26c5',
  'Classic Wall Folding Laptop Desk (Mahogany, Warm Beige)',
  'STU-MAH-0167',
  1,
  22500,
  5,
  1125,
  21375
);
INSERT INTO invoice_items (id, invoice_id, product_id, product_name, sku, quantity, unit_price, discount_percent, discount_amount, line_total)
VALUES (
  '20c90259-3e47-48c0-b817-fc210042d834',
  '6e599c1e-378a-4e44-96f6-a13aa568dee9',
  '482e6765-ec8f-4de4-ba26-c5254f4d1766',
  'Imperial Wall Mounted TV Cabinet (Oak Wood, Ocean Blue)',
  'TV -OAK-0107',
  2,
  26000,
  0,
  0,
  52000
);
INSERT INTO invoice_items (id, invoice_id, product_id, product_name, sku, quantity, unit_price, discount_percent, discount_amount, line_total)
VALUES (
  'df2d7f02-06d2-4ac6-b1ea-955e7a39d2f1',
  '6e599c1e-378a-4e44-96f6-a13aa568dee9',
  'cdfea8d1-e377-4e2a-86a8-301988e8ba9f',
  'Minimalist Extendable Dining Table (Sheesham Wood, Crimson Red)',
  'DIN-SHE-0052',
  1,
  62000,
  0,
  0,
  62000
);
INSERT INTO payments (id, invoice_id, method, amount, reference, created_at) VALUES ('d572f5af-4084-4f10-823c-67dd68f554a1', '6e599c1e-378a-4e44-96f6-a13aa568dee9', 'card', 135375, 'TXN-TF-1093', '2026-04-28T09:27:00.000Z');

-- Invoice TF-1094
INSERT INTO invoices (id, store_id, invoice_number, customer_name, customer_phone, customer_address, subtotal, discount_amount, delivery_charge, installation_charge, round_off, grand_total, payment_method, payment_status, created_by, created_at)
VALUES (
  'b5059675-3acc-4f51-8fbc-8312dfa24822',
  '29f4e073-bc1d-4071-ae3a-c8718a90f998',
  'TF-1094',
  'Divya Nair',
  '9818611162',
  'H.No. 18, Gali No. 2, Colony Road, Hyderabad, Telangana',
  95850,
  0,
  1200,
  0,
  0,
  97050,
  'upi',
  'completed',
  '22222222-2222-4222-a222-222222222222',
  '2026-04-28T11:15:00.000Z'
);
INSERT INTO invoice_items (id, invoice_id, product_id, product_name, sku, quantity, unit_price, discount_percent, discount_amount, line_total)
VALUES (
  '277ea123-fefd-44fb-ad0b-e60328ba690d',
  'b5059675-3acc-4f51-8fbc-8312dfa24822',
  'ef85eb68-37c4-473c-a529-f2c5a38bfe9c',
  'Comfort Marble Top Dining Table (Teak Wood, Walnut Brown)',
  'DIN-TEA-0043',
  1,
  43000,
  5,
  2150,
  40850
);
INSERT INTO invoice_items (id, invoice_id, product_id, product_name, sku, quantity, unit_price, discount_percent, discount_amount, line_total)
VALUES (
  '7093bfef-0e37-468a-a2ad-1f4c21cd01f3',
  'b5059675-3acc-4f51-8fbc-8312dfa24822',
  '4a044722-9ba3-4f4f-a335-8aeac80f46d2',
  'Minimalist Executive Study Desk with Drawers (Teak Wood, Crimson Red)',
  'STU-TEA-0178',
  2,
  27500,
  0,
  0,
  55000
);
INSERT INTO payments (id, invoice_id, method, amount, reference, created_at) VALUES ('022d8003-e34f-44ca-b0cb-ebc1e82bdaed', 'b5059675-3acc-4f51-8fbc-8312dfa24822', 'upi', 97050, 'TXN-TF-1094', '2026-04-28T11:15:00.000Z');

-- Invoice TF-1095
INSERT INTO invoices (id, store_id, invoice_number, customer_name, customer_phone, customer_address, subtotal, discount_amount, delivery_charge, installation_charge, round_off, grand_total, payment_method, payment_status, created_by, created_at)
VALUES (
  '8a82d910-e031-48f3-896c-293d1fb4e932',
  '29f4e073-bc1d-4071-ae3a-c8718a90f998',
  'TF-1095',
  'Deepak Reddy',
  '9824860093',
  'H.No. 17, Gali No. 1, Colony Road, Visakhapatnam, Andhra Pradesh',
  11400,
  0,
  0,
  500,
  0,
  11900,
  'cash',
  'completed',
  '11111111-1111-4111-a111-111111111111',
  '2026-04-29T13:55:00.000Z'
);
INSERT INTO invoice_items (id, invoice_id, product_id, product_name, sku, quantity, unit_price, discount_percent, discount_amount, line_total)
VALUES (
  'a702aa5f-f890-41a9-9a1c-d7eddd66eb75',
  '8a82d910-e031-48f3-896c-293d1fb4e932',
  'cb469098-20af-41f4-ac4d-3be8ea9f8eb0',
  'Luxurious Glass Top Coffee Table (Teak Wood, Teak Finish)',
  'COF-TEA-0122',
  1,
  12000,
  5,
  600,
  11400
);
INSERT INTO payments (id, invoice_id, method, amount, reference, created_at) VALUES ('aaf97e2c-42ce-41d4-b9bb-8fd657d0442d', '8a82d910-e031-48f3-896c-293d1fb4e932', 'cash', 11900, 'TXN-TF-1095', '2026-04-29T13:55:00.000Z');

-- Invoice TF-1096
INSERT INTO invoices (id, store_id, invoice_number, customer_name, customer_phone, customer_address, subtotal, discount_amount, delivery_charge, installation_charge, round_off, grand_total, payment_method, payment_status, created_by, created_at)
VALUES (
  '75e9285c-c60c-4899-bb9f-be2ad8420960',
  '29f4e073-bc1d-4071-ae3a-c8718a90f998',
  'TF-1096',
  'Guest',
  '',
  '',
  209600,
  0,
  0,
  0,
  0,
  209600,
  'split',
  'completed',
  '33333333-3333-4333-a333-333333333333',
  '2026-04-29T11:47:00.000Z'
);
INSERT INTO invoice_items (id, invoice_id, product_id, product_name, sku, quantity, unit_price, discount_percent, discount_amount, line_total)
VALUES (
  '7e73b662-ee9a-4a83-b2ea-f09f4386c418',
  '75e9285c-c60c-4899-bb9f-be2ad8420960',
  '7ebe0fab-8fbb-4849-a3a4-bc98d3be315b',
  'Royal Compact Dresser Cabinet (Teak Wood, Teak Finish)',
  'DRE-TEA-0202',
  1,
  23000,
  5,
  1150,
  21850
);
INSERT INTO invoice_items (id, invoice_id, product_id, product_name, sku, quantity, unit_price, discount_percent, discount_amount, line_total)
VALUES (
  'ec057eeb-b54b-4e35-9522-85fc223713cb',
  '75e9285c-c60c-4899-bb9f-be2ad8420960',
  '1a0955b9-fd9c-4c64-b0f8-57b92b6ea77d',
  'Classic Pocket Spring Premium Mattress (Mahogany, Ebony Black)',
  'MAT-MAH-0191',
  2,
  10000,
  0,
  0,
  20000
);
INSERT INTO invoice_items (id, invoice_id, product_id, product_name, sku, quantity, unit_price, discount_percent, discount_amount, line_total)
VALUES (
  '50116eec-27a2-49c1-8064-ddfdbb21d083',
  '75e9285c-c60c-4899-bb9f-be2ad8420960',
  '08e84681-f48f-465c-b99d-9d483907701f',
  'Classic Extendable Dining Table (Oak Wood, Charcoal Grey)',
  'DIN-OAK-0048',
  1,
  98000,
  0,
  0,
  98000
);
INSERT INTO invoice_items (id, invoice_id, product_id, product_name, sku, quantity, unit_price, discount_percent, discount_amount, line_total)
VALUES (
  '51d1878e-9a41-4732-bdbe-886279395ef0',
  '75e9285c-c60c-4899-bb9f-be2ad8420960',
  '6c74f543-e182-41e1-86d9-59fc02b2ddc9',
  'Imperial Single Motor Power Recliner (Engineered Wood, Warm Beige)',
  'REC-ENG-0233',
  2,
  23000,
  0,
  0,
  46000
);
INSERT INTO invoice_items (id, invoice_id, product_id, product_name, sku, quantity, unit_price, discount_percent, discount_amount, line_total)
VALUES (
  '5e5e8388-96bb-4748-9bb4-8d5948858fe4',
  '75e9285c-c60c-4899-bb9f-be2ad8420960',
  '6810fb29-f093-4331-96c3-2d791089fd93',
  'Comfort Multi-drawer Utility Cabinet (Mahogany, Ocean Blue)',
  'STO-MAH-0264',
  1,
  25000,
  5,
  1250,
  23750
);
INSERT INTO payments (id, invoice_id, method, amount, reference, created_at) VALUES ('57a952f6-ca55-4382-bafd-6eae627643b2', '75e9285c-c60c-4899-bb9f-be2ad8420960', 'card', 83840, 'TXN-SPLIT-CARD', '2026-04-29T11:47:00.000Z');
INSERT INTO payments (id, invoice_id, method, amount, reference, created_at) VALUES ('7a0aabae-836f-4b4d-9379-3c339eef946c', '75e9285c-c60c-4899-bb9f-be2ad8420960', 'upi', 125760, 'TXN-SPLIT-UPI', '2026-04-29T11:47:00.000Z');

-- Invoice TF-1097
INSERT INTO invoices (id, store_id, invoice_number, customer_name, customer_phone, customer_address, subtotal, discount_amount, delivery_charge, installation_charge, round_off, grand_total, payment_method, payment_status, created_by, created_at)
VALUES (
  '3bda9a7a-18d6-42ee-9751-6d86e8f61cbe',
  '29f4e073-bc1d-4071-ae3a-c8718a90f998',
  'TF-1097',
  'Ananya Iyer',
  '9823827129',
  'H.No. 15, Gali No. 4, Colony Road, Chennai, Tamil Nadu',
  248100,
  0,
  0,
  0,
  0,
  248100,
  'bank_transfer',
  'completed',
  '22222222-2222-4222-a222-222222222222',
  '2026-04-29T10:54:00.000Z'
);
INSERT INTO invoice_items (id, invoice_id, product_id, product_name, sku, quantity, unit_price, discount_percent, discount_amount, line_total)
VALUES (
  '66e502e0-6789-41bb-96f8-264d4575b223',
  '3bda9a7a-18d6-42ee-9751-6d86e8f61cbe',
  '58703e79-1d72-4dc6-914c-0846583de93c',
  'Eco-sustain 6-Seater Wooden Dining Table (Teak Wood, Ivory White)',
  'DIN-TEA-0041',
  1,
  88000,
  5,
  4400,
  83600
);
INSERT INTO invoice_items (id, invoice_id, product_id, product_name, sku, quantity, unit_price, discount_percent, discount_amount, line_total)
VALUES (
  '42a142a5-6d54-406d-a43e-e80e403b12e9',
  '3bda9a7a-18d6-42ee-9751-6d86e8f61cbe',
  'd1bfa1d2-939f-437f-a810-2b16376ba4a8',
  'Luxurious Orthopedic Memory Foam Mattress (Teak Wood, Teak Finish)',
  'MAT-TEA-0184',
  2,
  24000,
  0,
  0,
  48000
);
INSERT INTO invoice_items (id, invoice_id, product_id, product_name, sku, quantity, unit_price, discount_percent, discount_amount, line_total)
VALUES (
  '9e88a6a1-44e1-4199-8732-02d72be4fa92',
  '3bda9a7a-18d6-42ee-9751-6d86e8f61cbe',
  '1280de43-e6cc-42f2-98a3-76c7934f4b5c',
  'Comfort Marble Top Dining Table (Rose Wood, Ebony Black)',
  'DIN-ROS-0047',
  1,
  103500,
  0,
  0,
  103500
);
INSERT INTO invoice_items (id, invoice_id, product_id, product_name, sku, quantity, unit_price, discount_percent, discount_amount, line_total)
VALUES (
  '800eb67a-ca57-4f48-be65-782fc3ba04c7',
  '3bda9a7a-18d6-42ee-9751-6d86e8f61cbe',
  '65816cb2-634c-42bb-912e-c302f7d948de',
  'Royal Glass Top Coffee Table (Engineered Wood, Charcoal Grey)',
  'COF-ENG-0134',
  2,
  6500,
  0,
  0,
  13000
);
INSERT INTO payments (id, invoice_id, method, amount, reference, created_at) VALUES ('7e925bf1-8b0c-4221-bf88-3746daff3609', '3bda9a7a-18d6-42ee-9751-6d86e8f61cbe', 'bank_transfer', 248100, 'TXN-TF-1097', '2026-04-29T10:54:00.000Z');

-- Invoice TF-1098
INSERT INTO invoices (id, store_id, invoice_number, customer_name, customer_phone, customer_address, subtotal, discount_amount, delivery_charge, installation_charge, round_off, grand_total, payment_method, payment_status, created_by, created_at)
VALUES (
  '54937edd-cea6-48a3-a10c-917ca0c24c76',
  '29f4e073-bc1d-4071-ae3a-c8718a90f998',
  'TF-1098',
  'Amit Kumar',
  '9873793254',
  'H.No. 14, Gali No. 3, Colony Road, Bangalore, Karnataka',
  201375,
  0,
  0,
  0,
  0,
  201375,
  'card',
  'completed',
  '11111111-1111-4111-a111-111111111111',
  '2026-04-29T08:02:00.000Z'
);
INSERT INTO invoice_items (id, invoice_id, product_id, product_name, sku, quantity, unit_price, discount_percent, discount_amount, line_total)
VALUES (
  'abe274e5-5eda-44a4-9fcc-30fc80cb5817',
  '54937edd-cea6-48a3-a10c-917ca0c24c76',
  '0793a00d-be8e-4b20-8c5a-53abf1fc26c5',
  'Classic Wall Folding Laptop Desk (Mahogany, Warm Beige)',
  'STU-MAH-0167',
  1,
  22500,
  5,
  1125,
  21375
);
INSERT INTO invoice_items (id, invoice_id, product_id, product_name, sku, quantity, unit_price, discount_percent, discount_amount, line_total)
VALUES (
  '569a8049-0305-4b0e-b852-a4a5c0a9fc52',
  '54937edd-cea6-48a3-a10c-917ca0c24c76',
  'c5ee55e3-bf0b-44b9-85fc-e9582b35f9a8',
  'Royal Garden Patio Bistro Set (Oak Wood, Ocean Blue)',
  'OUT-OAK-0241',
  2,
  78000,
  0,
  0,
  156000
);
INSERT INTO invoice_items (id, invoice_id, product_id, product_name, sku, quantity, unit_price, discount_percent, discount_amount, line_total)
VALUES (
  '3064256c-ede9-4f72-8842-ed81d0157071',
  '54937edd-cea6-48a3-a10c-917ca0c24c76',
  '886b9486-1403-4699-8c8b-1a0fa25ddedf',
  'Royal Wall Folding Laptop Desk (Sheesham Wood, Teak Finish)',
  'STU-SHE-0163',
  1,
  24000,
  0,
  0,
  24000
);
INSERT INTO payments (id, invoice_id, method, amount, reference, created_at) VALUES ('85ac4e8c-09c8-4c8c-9ab0-ce1b7395a4a9', '54937edd-cea6-48a3-a10c-917ca0c24c76', 'card', 201375, 'TXN-TF-1098', '2026-04-29T08:02:00.000Z');

-- Invoice TF-1099
INSERT INTO invoices (id, store_id, invoice_number, customer_name, customer_phone, customer_address, subtotal, discount_amount, delivery_charge, installation_charge, round_off, grand_total, payment_method, payment_status, created_by, created_at)
VALUES (
  'e02898eb-9485-4fdf-989e-c26c5845bede',
  '29f4e073-bc1d-4071-ae3a-c8718a90f998',
  'TF-1099',
  'Aditya Patel',
  '9848946144',
  'H.No. 13, Gali No. 2, Colony Road, Secunderabad, Telangana',
  73400,
  0,
  0,
  0,
  0,
  73400,
  'upi',
  'completed',
  '33333333-3333-4333-a333-333333333333',
  '2026-04-29T08:30:00.000Z'
);
INSERT INTO invoice_items (id, invoice_id, product_id, product_name, sku, quantity, unit_price, discount_percent, discount_amount, line_total)
VALUES (
  '7bfbad4c-51c6-47e5-9148-92c49cd208ca',
  'e02898eb-9485-4fdf-989e-c26c5845bede',
  'b55e330c-b9f7-41d6-81cd-40b8253c85ec',
  'Luxurious Pocket Spring Premium Mattress (Rose Wood, Charcoal Grey)',
  'MAT-ROS-0200',
  1,
  12000,
  5,
  600,
  11400
);
INSERT INTO invoice_items (id, invoice_id, product_id, product_name, sku, quantity, unit_price, discount_percent, discount_amount, line_total)
VALUES (
  'd7e86b60-3721-4423-9a4c-d7ed265fd9a7',
  'e02898eb-9485-4fdf-989e-c26c5845bede',
  '5b911b0d-4efd-45d7-b7d2-fe94a0d7d033',
  'Comfort Wooden Sun Lounger Bed (Engineered Wood, Ocean Blue)',
  'OUT-ENG-0243',
  2,
  31000,
  0,
  0,
  62000
);
INSERT INTO payments (id, invoice_id, method, amount, reference, created_at) VALUES ('a069d170-e6a8-4784-a627-990209db3fea', 'e02898eb-9485-4fdf-989e-c26c5845bede', 'upi', 73400, 'TXN-TF-1099', '2026-04-29T08:30:00.000Z');

-- Invoice TF-1100
INSERT INTO invoices (id, store_id, invoice_number, customer_name, customer_phone, customer_address, subtotal, discount_amount, delivery_charge, installation_charge, round_off, grand_total, payment_method, payment_status, created_by, created_at)
VALUES (
  '42a813f5-43d1-47d3-84c5-56c71e23f83c',
  '29f4e073-bc1d-4071-ae3a-c8718a90f998',
  'TF-1100',
  'Guest',
  '',
  '',
  38475,
  1154.25,
  0,
  0,
  0.25,
  37321,
  'cash',
  'cancelled',
  '22222222-2222-4222-a222-222222222222',
  '2026-04-29T07:21:00.000Z'
);
INSERT INTO invoice_items (id, invoice_id, product_id, product_name, sku, quantity, unit_price, discount_percent, discount_amount, line_total)
VALUES (
  '2d3ba0a1-a8cb-4a9b-9cc8-797c0971f0fa',
  '42a813f5-43d1-47d3-84c5-56c71e23f83c',
  '0493c5d8-0fe3-44cf-97dc-8b1faa8dc55a',
  'Eco-sustain Marble Top Dining Table (Engineered Wood, Ebony Black)',
  'DIN-ENG-0059',
  1,
  40500,
  5,
  2025,
  38475
);

-- Invoice TF-1101
INSERT INTO invoices (id, store_id, invoice_number, customer_name, customer_phone, customer_address, subtotal, discount_amount, delivery_charge, installation_charge, round_off, grand_total, payment_method, payment_status, created_by, created_at)
VALUES (
  '1783393f-4412-4f52-9796-2a746414afc6',
  '29f4e073-bc1d-4071-ae3a-c8718a90f998',
  'TF-1101',
  'Sandeep Hegde 199',
  '9825297492',
  'H.No. 35, Gali No. 5, Colony Road, Secunderabad, Telangana',
  226050,
  0,
  1200,
  0,
  0,
  227250,
  'split',
  'completed',
  '11111111-1111-4111-a111-111111111111',
  '2026-04-30T05:18:00.000Z'
);
INSERT INTO invoice_items (id, invoice_id, product_id, product_name, sku, quantity, unit_price, discount_percent, discount_amount, line_total)
VALUES (
  '6aeee1c8-8e95-4e93-a071-7ff4f537d9b0',
  '1783393f-4412-4f52-9796-2a746414afc6',
  '482e6765-ec8f-4de4-ba26-c5254f4d1766',
  'Imperial Wall Mounted TV Cabinet (Oak Wood, Ocean Blue)',
  'TV -OAK-0107',
  1,
  26000,
  5,
  1300,
  24700
);
INSERT INTO invoice_items (id, invoice_id, product_id, product_name, sku, quantity, unit_price, discount_percent, discount_amount, line_total)
VALUES (
  'e53c4a21-7fa6-42be-b5ce-17c7fef882f3',
  '1783393f-4412-4f52-9796-2a746414afc6',
  'cdfea8d1-e377-4e2a-86a8-301988e8ba9f',
  'Minimalist Extendable Dining Table (Sheesham Wood, Crimson Red)',
  'DIN-SHE-0052',
  2,
  62000,
  0,
  0,
  124000
);
INSERT INTO invoice_items (id, invoice_id, product_id, product_name, sku, quantity, unit_price, discount_percent, discount_amount, line_total)
VALUES (
  'e3790a92-c2dc-4909-902e-b76d32d2a7a6',
  '1783393f-4412-4f52-9796-2a746414afc6',
  '72d25ea9-c043-4738-9bbe-5a6b42ce5ee6',
  'Classic Rattan Outdoor Swing Chair (Oak Wood, Crimson Red)',
  'OUT-OAK-0251',
  1,
  23000,
  0,
  0,
  23000
);
INSERT INTO invoice_items (id, invoice_id, product_id, product_name, sku, quantity, unit_price, discount_percent, discount_amount, line_total)
VALUES (
  '54eb0cbb-6041-4b1e-bc7a-4c23c08bc9b6',
  '1783393f-4412-4f52-9796-2a746414afc6',
  'f077b01f-75f1-46ed-a171-4c4e6bb6abbb',
  'Comfort Closed Glass-door Library Cabinet (Mahogany, Crimson Red)',
  'BOO-MAH-0283',
  2,
  21000,
  0,
  0,
  42000
);
INSERT INTO invoice_items (id, invoice_id, product_id, product_name, sku, quantity, unit_price, discount_percent, discount_amount, line_total)
VALUES (
  '10a6cb03-bf9f-4e03-b524-fc7d2930eea7',
  '1783393f-4412-4f52-9796-2a746414afc6',
  'afad88ca-7631-419b-bb19-b3cdc6079db6',
  'Classic Rattan Accent Chair (Mahogany, Ocean Blue)',
  'DIN-MAH-0080',
  1,
  13000,
  5,
  650,
  12350
);
INSERT INTO payments (id, invoice_id, method, amount, reference, created_at) VALUES ('22c19b45-5ca6-440a-b451-f63dc107ed5b', '1783393f-4412-4f52-9796-2a746414afc6', 'card', 90900, 'TXN-SPLIT-CARD', '2026-04-30T05:18:00.000Z');
INSERT INTO payments (id, invoice_id, method, amount, reference, created_at) VALUES ('cd8c58f2-6801-4235-98d5-47288ecb904e', '1783393f-4412-4f52-9796-2a746414afc6', 'upi', 136350, 'TXN-SPLIT-UPI', '2026-04-30T05:18:00.000Z');

-- Invoice TF-1102
INSERT INTO invoices (id, store_id, invoice_number, customer_name, customer_phone, customer_address, subtotal, discount_amount, delivery_charge, installation_charge, round_off, grand_total, payment_method, payment_status, created_by, created_at)
VALUES (
  '6dbe1942-1c95-447e-a353-8d4e07a7d535',
  '29f4e073-bc1d-4071-ae3a-c8718a90f998',
  'TF-1102',
  'Ravi Shankar 198',
  '9894872019',
  'H.No. 34, Gali No. 4, Colony Road, Hyderabad, Telangana',
  356175,
  0,
  0,
  0,
  0,
  356175,
  'bank_transfer',
  'completed',
  '33333333-3333-4333-a333-333333333333',
  '2026-04-30T07:04:00.000Z'
);
INSERT INTO invoice_items (id, invoice_id, product_id, product_name, sku, quantity, unit_price, discount_percent, discount_amount, line_total)
VALUES (
  'c1b36d8b-8380-440c-b657-090722ec8317',
  '6dbe1942-1c95-447e-a353-8d4e07a7d535',
  '48c1d0bb-e99d-476f-a202-e963a97af61d',
  'Imperial Orthopedic Memory Foam Mattress (Mahogany, Teak Finish)',
  'MAT-MAH-0187',
  1,
  56500,
  5,
  2825,
  53675
);
INSERT INTO invoice_items (id, invoice_id, product_id, product_name, sku, quantity, unit_price, discount_percent, discount_amount, line_total)
VALUES (
  '69ad57d2-c9bd-4349-8bd8-7ee5d58a4a3a',
  '6dbe1942-1c95-447e-a353-8d4e07a7d535',
  'd72e3e5d-1eda-47f2-83c5-c2487d3f2b2b',
  'Luxurious Massage Recliner Chair (Engineered Wood, Ebony Black)',
  'REC-ENG-0238',
  2,
  52000,
  0,
  0,
  104000
);
INSERT INTO invoice_items (id, invoice_id, product_id, product_name, sku, quantity, unit_price, discount_percent, discount_amount, line_total)
VALUES (
  '00e02bf7-bf9b-4963-b41d-8bdffc36dfdf',
  '6dbe1942-1c95-447e-a353-8d4e07a7d535',
  '3abd833a-7296-402a-a7f2-ae66f2432e12',
  'Comfort Queen Size Wooden Bed (Mahogany, Warm Beige)',
  'BED-MAH-0032',
  1,
  55500,
  0,
  0,
  55500
);
INSERT INTO invoice_items (id, invoice_id, product_id, product_name, sku, quantity, unit_price, discount_percent, discount_amount, line_total)
VALUES (
  '60bba3d3-d531-48c3-934e-bf25ed837e42',
  '6dbe1942-1c95-447e-a353-8d4e07a7d535',
  '4b1e45c0-e517-4f15-ae56-751d67906568',
  'Heritage 4-Seater Glass Top Dining Table (Sheesham Wood, Crimson Red)',
  'DIN-SHE-0054',
  2,
  71500,
  0,
  0,
  143000
);
INSERT INTO payments (id, invoice_id, method, amount, reference, created_at) VALUES ('004558c9-5026-433f-a1c0-c929359cebab', '6dbe1942-1c95-447e-a353-8d4e07a7d535', 'bank_transfer', 356175, 'TXN-TF-1102', '2026-04-30T07:04:00.000Z');

-- Invoice TF-1103
INSERT INTO invoices (id, store_id, invoice_number, customer_name, customer_phone, customer_address, subtotal, discount_amount, delivery_charge, installation_charge, round_off, grand_total, payment_method, payment_status, created_by, created_at)
VALUES (
  '045c367e-8e1e-4809-8d75-fb0eb4311522',
  '29f4e073-bc1d-4071-ae3a-c8718a90f998',
  'TF-1103',
  'Ramesh Chandra 197',
  '9858545174',
  'H.No. 33, Gali No. 3, Colony Road, Visakhapatnam, Andhra Pradesh',
  92600,
  0,
  0,
  0,
  0,
  92600,
  'card',
  'completed',
  '22222222-2222-4222-a222-222222222222',
  '2026-04-30T13:49:00.000Z'
);
INSERT INTO invoice_items (id, invoice_id, product_id, product_name, sku, quantity, unit_price, discount_percent, discount_amount, line_total)
VALUES (
  '6df9026a-65f0-4bb4-a2a4-afb9860c3712',
  '045c367e-8e1e-4809-8d75-fb0eb4311522',
  '7c0e27c9-91f2-4b65-9f64-ccf61986bbdc',
  'Modern Manual Rocking Recliner Lounge Chair (Oak Wood, Ebony Black)',
  'REC-OAK-0234',
  1,
  18000,
  5,
  900,
  17100
);
INSERT INTO invoice_items (id, invoice_id, product_id, product_name, sku, quantity, unit_price, discount_percent, discount_amount, line_total)
VALUES (
  'bff1fce9-117c-43db-b869-9adb70473547',
  '045c367e-8e1e-4809-8d75-fb0eb4311522',
  '018e8419-7505-4845-8b4b-c442cdda4e72',
  'Imperial Executive Leather High-Back (Sheesham Wood, Teak Finish)',
  'OFF-SHE-0094',
  2,
  6000,
  0,
  0,
  12000
);
INSERT INTO invoice_items (id, invoice_id, product_id, product_name, sku, quantity, unit_price, discount_percent, discount_amount, line_total)
VALUES (
  '1bfcf3ef-3312-4ba4-b31f-e0189878e147',
  '045c367e-8e1e-4809-8d75-fb0eb4311522',
  '8de78dd0-d3a4-483c-a38f-a53b884915ea',
  'Heritage Wooden Sun Lounger Bed (Rose Wood, Walnut Brown)',
  'OUT-ROS-0255',
  1,
  63500,
  0,
  0,
  63500
);
INSERT INTO payments (id, invoice_id, method, amount, reference, created_at) VALUES ('aa4f1a49-6fa1-4e13-9050-aed191a88bae', '045c367e-8e1e-4809-8d75-fb0eb4311522', 'card', 92600, 'TXN-TF-1103', '2026-04-30T13:49:00.000Z');

-- Invoice TF-1104
INSERT INTO invoices (id, store_id, invoice_number, customer_name, customer_phone, customer_address, subtotal, discount_amount, delivery_charge, installation_charge, round_off, grand_total, payment_method, payment_status, created_by, created_at)
VALUES (
  '8c995ea6-ff57-49ef-b586-5dedc48f4256',
  '29f4e073-bc1d-4071-ae3a-c8718a90f998',
  'TF-1104',
  'Guest',
  '',
  '',
  228700,
  0,
  0,
  500,
  0,
  229200,
  'upi',
  'completed',
  '11111111-1111-4111-a111-111111111111',
  '2026-04-30T06:26:00.000Z'
);
INSERT INTO invoice_items (id, invoice_id, product_id, product_name, sku, quantity, unit_price, discount_percent, discount_amount, line_total)
VALUES (
  '7cd147ae-9c15-4326-a20e-c3db07fe95c2',
  '8c995ea6-ff57-49ef-b586-5dedc48f4256',
  '27169ec6-331f-40e9-9bdf-64b723992789',
  'Minimalist Pocket Spring Premium Mattress (Engineered Wood, Crimson Red)',
  'MAT-ENG-0185',
  1,
  46000,
  5,
  2300,
  43700
);
INSERT INTO invoice_items (id, invoice_id, product_id, product_name, sku, quantity, unit_price, discount_percent, discount_amount, line_total)
VALUES (
  'f57737ae-b361-45a7-af2c-10176a9614ca',
  '8c995ea6-ff57-49ef-b586-5dedc48f4256',
  '9207f17d-d6b1-4d88-bf9c-e69d0dc30b30',
  'Premium Single Bed (Mahogany, Walnut Brown)',
  'BED-MAH-0023',
  2,
  92500,
  0,
  0,
  185000
);
INSERT INTO payments (id, invoice_id, method, amount, reference, created_at) VALUES ('e7f08a3b-92ad-4a05-8679-b51450b7f44f', '8c995ea6-ff57-49ef-b586-5dedc48f4256', 'upi', 229200, 'TXN-TF-1104', '2026-04-30T06:26:00.000Z');

-- Invoice TF-1105
INSERT INTO invoices (id, store_id, invoice_number, customer_name, customer_phone, customer_address, subtotal, discount_amount, delivery_charge, installation_charge, round_off, grand_total, payment_method, payment_status, created_by, created_at)
VALUES (
  '1dc83187-44d6-45c6-86f7-c3e729febe88',
  '29f4e073-bc1d-4071-ae3a-c8718a90f998',
  'TF-1105',
  'Priya Pillai 195',
  '9887324926',
  'H.No. 31, Gali No. 1, Colony Road, Chennai, Tamil Nadu',
  36575,
  0,
  0,
  0,
  0,
  36575,
  'cash',
  'completed',
  '33333333-3333-4333-a333-333333333333',
  '2026-04-30T05:15:00.000Z'
);
INSERT INTO invoice_items (id, invoice_id, product_id, product_name, sku, quantity, unit_price, discount_percent, discount_amount, line_total)
VALUES (
  '1ce73d46-485e-40b2-87e9-7e9a84066690',
  '1dc83187-44d6-45c6-86f7-c3e729febe88',
  '51b04775-aa17-42b6-b6ad-7d25120f20e3',
  'Premium King Size Bed with Storage (Engineered Wood, Ivory White)',
  'BED-ENG-0031',
  1,
  38500,
  5,
  1925,
  36575
);
INSERT INTO payments (id, invoice_id, method, amount, reference, created_at) VALUES ('28d7e17f-a9dc-4e18-83cf-ea9a3b306c38', '1dc83187-44d6-45c6-86f7-c3e729febe88', 'cash', 36575, 'TXN-TF-1105', '2026-04-30T05:15:00.000Z');

-- Invoice TF-1106
INSERT INTO invoices (id, store_id, invoice_number, customer_name, customer_phone, customer_address, subtotal, discount_amount, delivery_charge, installation_charge, round_off, grand_total, payment_method, payment_status, created_by, created_at)
VALUES (
  '3790f67c-d52a-47f7-bb0d-93add2af53f5',
  '29f4e073-bc1d-4071-ae3a-c8718a90f998',
  'TF-1106',
  'Pranav Kulkarni 194',
  '9862387221',
  'H.No. 30, Gali No. 5, Colony Road, Bangalore, Karnataka',
  230175,
  0,
  0,
  0,
  0,
  230175,
  'split',
  'completed',
  '22222222-2222-4222-a222-222222222222',
  '2026-05-01T10:12:00.000Z'
);
INSERT INTO invoice_items (id, invoice_id, product_id, product_name, sku, quantity, unit_price, discount_percent, discount_amount, line_total)
VALUES (
  '37918209-79c7-46d2-ab65-a8ccb27c1010',
  '3790f67c-d52a-47f7-bb0d-93add2af53f5',
  '6049902d-6b43-4578-8eb4-cfb603455a07',
  'Comfort Marble Top Dining Table (Oak Wood, Charcoal Grey)',
  'DIN-OAK-0051',
  1,
  39000,
  5,
  1950,
  37050
);
INSERT INTO invoice_items (id, invoice_id, product_id, product_name, sku, quantity, unit_price, discount_percent, discount_amount, line_total)
VALUES (
  '7cba92f6-74fb-43c8-acd3-831e41e2f8ae',
  '3790f67c-d52a-47f7-bb0d-93add2af53f5',
  '4f7c59bc-c4cc-4fad-827d-ca989a2a96f7',
  'Classic Compact Dresser Cabinet (Rose Wood, Ivory White)',
  'DRE-ROS-0217',
  2,
  17000,
  0,
  0,
  34000
);
INSERT INTO invoice_items (id, invoice_id, product_id, product_name, sku, quantity, unit_price, discount_percent, discount_amount, line_total)
VALUES (
  'a900a34a-ab54-4609-b92f-d2b19a7ac404',
  '3790f67c-d52a-47f7-bb0d-93add2af53f5',
  '102b3b42-75e5-49da-909c-99d3b3d12961',
  'Modern Open Walk-in Closet Organizer (Engineered Wood, Crimson Red)',
  'WAR-ENG-0160',
  1,
  86500,
  0,
  0,
  86500
);
INSERT INTO invoice_items (id, invoice_id, product_id, product_name, sku, quantity, unit_price, discount_percent, discount_amount, line_total)
VALUES (
  '1b99710a-5bf0-4ce9-a6e9-1f44a109607b',
  '3790f67c-d52a-47f7-bb0d-93add2af53f5',
  'dd88417a-f687-4859-a0c7-7bfa3233750c',
  'Minimalist Massage Recliner Chair (Teak Wood, Crimson Red)',
  'REC-TEA-0226',
  2,
  28000,
  0,
  0,
  56000
);
INSERT INTO invoice_items (id, invoice_id, product_id, product_name, sku, quantity, unit_price, discount_percent, discount_amount, line_total)
VALUES (
  '6ba30af0-04e0-476b-b8cd-67c2b41229a9',
  '3790f67c-d52a-47f7-bb0d-93add2af53f5',
  '3b887fdc-e681-4eb9-a8f9-ed3a55c5f4af',
  'Classic Ladder Bookshelf Display Unit (Engineered Wood, Warm Beige)',
  'BOO-ENG-0287',
  1,
  17500,
  5,
  875,
  16625
);
INSERT INTO payments (id, invoice_id, method, amount, reference, created_at) VALUES ('5d860bbb-3e1e-41c0-9b99-cf451ae0005c', '3790f67c-d52a-47f7-bb0d-93add2af53f5', 'card', 92070, 'TXN-SPLIT-CARD', '2026-05-01T10:12:00.000Z');
INSERT INTO payments (id, invoice_id, method, amount, reference, created_at) VALUES ('20388faa-721b-4761-bbda-354ab6c18b03', '3790f67c-d52a-47f7-bb0d-93add2af53f5', 'upi', 138105, 'TXN-SPLIT-UPI', '2026-05-01T10:12:00.000Z');

-- Invoice TF-1107
INSERT INTO invoices (id, store_id, invoice_number, customer_name, customer_phone, customer_address, subtotal, discount_amount, delivery_charge, installation_charge, round_off, grand_total, payment_method, payment_status, created_by, created_at)
VALUES (
  '72d0327c-093e-4f18-b2c1-04649e6d18a3',
  '29f4e073-bc1d-4071-ae3a-c8718a90f998',
  'TF-1107',
  'Neha Deshmukh 193',
  '9858197312',
  'H.No. 29, Gali No. 4, Colony Road, Secunderabad, Telangana',
  173175,
  0,
  0,
  0,
  0,
  173175,
  'bank_transfer',
  'completed',
  '11111111-1111-4111-a111-111111111111',
  '2026-05-01T07:41:00.000Z'
);
INSERT INTO invoice_items (id, invoice_id, product_id, product_name, sku, quantity, unit_price, discount_percent, discount_amount, line_total)
VALUES (
  'fb17dc62-bb5f-4003-a379-18760890fff7',
  '72d0327c-093e-4f18-b2c1-04649e6d18a3',
  'c3bdab85-df81-4821-bebc-d23000ed008b',
  'Eco-sustain Poster Bed (Oak Wood, Ocean Blue)',
  'BED-OAK-0024',
  1,
  36500,
  5,
  1825,
  34675
);
INSERT INTO invoice_items (id, invoice_id, product_id, product_name, sku, quantity, unit_price, discount_percent, discount_amount, line_total)
VALUES (
  '8beecd2f-c3bf-4f53-9b71-34e739787114',
  '72d0327c-093e-4f18-b2c1-04649e6d18a3',
  '72d25ea9-c043-4738-9bbe-5a6b42ce5ee6',
  'Classic Rattan Outdoor Swing Chair (Oak Wood, Crimson Red)',
  'OUT-OAK-0251',
  2,
  23000,
  0,
  0,
  46000
);
INSERT INTO invoice_items (id, invoice_id, product_id, product_name, sku, quantity, unit_price, discount_percent, discount_amount, line_total)
VALUES (
  '49442b32-18fc-4231-a325-c30ddff7bbe8',
  '72d0327c-093e-4f18-b2c1-04649e6d18a3',
  'dda8aa9f-e176-4f99-81c9-82dfef9a761a',
  'Luxurious Executive Leather High-Back (Rose Wood, Ocean Blue)',
  'OFF-ROS-0098',
  1,
  15500,
  0,
  0,
  15500
);
INSERT INTO invoice_items (id, invoice_id, product_id, product_name, sku, quantity, unit_price, discount_percent, discount_amount, line_total)
VALUES (
  'a1f9a606-0e69-46c4-80f7-e5cbc4d8bc79',
  '72d0327c-093e-4f18-b2c1-04649e6d18a3',
  '51b04775-aa17-42b6-b6ad-7d25120f20e3',
  'Premium King Size Bed with Storage (Engineered Wood, Ivory White)',
  'BED-ENG-0031',
  2,
  38500,
  0,
  0,
  77000
);
INSERT INTO payments (id, invoice_id, method, amount, reference, created_at) VALUES ('c135d26e-6579-48b1-93b8-ba218118d5df', '72d0327c-093e-4f18-b2c1-04649e6d18a3', 'bank_transfer', 173175, 'TXN-TF-1107', '2026-05-01T07:41:00.000Z');

-- Invoice TF-1108
INSERT INTO invoices (id, store_id, invoice_number, customer_name, customer_phone, customer_address, subtotal, discount_amount, delivery_charge, installation_charge, round_off, grand_total, payment_method, payment_status, created_by, created_at)
VALUES (
  'abdca21f-2301-4626-b2c3-40adb2c91d28',
  '29f4e073-bc1d-4071-ae3a-c8718a90f998',
  'TF-1108',
  'Guest',
  '',
  '',
  76150,
  0,
  1200,
  0,
  0,
  77350,
  'card',
  'completed',
  '33333333-3333-4333-a333-333333333333',
  '2026-05-01T09:03:00.000Z'
);
INSERT INTO invoice_items (id, invoice_id, product_id, product_name, sku, quantity, unit_price, discount_percent, discount_amount, line_total)
VALUES (
  '46c151fb-b006-41d3-ba49-87388ddb2344',
  'abdca21f-2301-4626-b2c3-40adb2c91d28',
  '17d5f609-078e-468b-8895-272902a0b255',
  'Royal Garden Patio Bistro Set (Engineered Wood, Ivory White)',
  'OUT-ENG-0250',
  1,
  27000,
  5,
  1350,
  25650
);
INSERT INTO invoice_items (id, invoice_id, product_id, product_name, sku, quantity, unit_price, discount_percent, discount_amount, line_total)
VALUES (
  '2a42d6d7-f586-4440-b9bb-a6dbb0a90817',
  'abdca21f-2301-4626-b2c3-40adb2c91d28',
  'eacf107d-bd00-4ef8-af77-17bd57ed7e07',
  'Modern Ladder Bookshelf Display Unit (Mahogany, Crimson Red)',
  'BOO-MAH-0296',
  2,
  10500,
  0,
  0,
  21000
);
INSERT INTO invoice_items (id, invoice_id, product_id, product_name, sku, quantity, unit_price, discount_percent, discount_amount, line_total)
VALUES (
  '8b0996e8-54ab-4150-8149-dfe11e250c2d',
  'abdca21f-2301-4626-b2c3-40adb2c91d28',
  'ca58ecf2-a452-4fc6-8224-a40a5f4cc238',
  'Premium Sofa Cum Bed (Oak Wood, Charcoal Grey)',
  'SOF-OAK-0010',
  1,
  29500,
  0,
  0,
  29500
);
INSERT INTO payments (id, invoice_id, method, amount, reference, created_at) VALUES ('8ab8eef5-093c-49e5-97d5-ce8e47b3a83a', 'abdca21f-2301-4626-b2c3-40adb2c91d28', 'card', 77350, 'TXN-TF-1108', '2026-05-01T09:03:00.000Z');

-- Invoice TF-1109
INSERT INTO invoices (id, store_id, invoice_number, customer_name, customer_phone, customer_address, subtotal, discount_amount, delivery_charge, installation_charge, round_off, grand_total, payment_method, payment_status, created_by, created_at)
VALUES (
  'd970a0a0-0d95-40b1-b317-7851b1840038',
  '29f4e073-bc1d-4071-ae3a-c8718a90f998',
  'TF-1109',
  'Kavitha Hegde 191',
  '9892131323',
  'H.No. 27, Gali No. 2, Colony Road, Visakhapatnam, Andhra Pradesh',
  29950,
  0,
  0,
  0,
  0,
  29950,
  'upi',
  'completed',
  '22222222-2222-4222-a222-222222222222',
  '2026-05-01T07:01:00.000Z'
);
INSERT INTO invoice_items (id, invoice_id, product_id, product_name, sku, quantity, unit_price, discount_percent, discount_amount, line_total)
VALUES (
  'ba74bde2-e4f9-42e9-971c-c89c5773da89',
  'd970a0a0-0d95-40b1-b317-7851b1840038',
  '724c1e89-0847-4bc1-90b0-beaf17d8b73a',
  'Modern 5-Tier Open Bookshelf Console (Teak Wood, Ebony Black)',
  'BOO-TEA-0285',
  1,
  21000,
  5,
  1050,
  19950
);
INSERT INTO invoice_items (id, invoice_id, product_id, product_name, sku, quantity, unit_price, discount_percent, discount_amount, line_total)
VALUES (
  '3ca2b80a-1852-4d87-bacd-869a9ed10922',
  'd970a0a0-0d95-40b1-b317-7851b1840038',
  '67b0a3a5-4efb-4541-95fe-e1f0b749842f',
  'Luxurious Cushioned Dining Chair (Teak Wood, Ocean Blue)',
  'DIN-TEA-0077',
  2,
  5000,
  0,
  0,
  10000
);
INSERT INTO payments (id, invoice_id, method, amount, reference, created_at) VALUES ('4e472cc8-fc67-4cd1-8a98-21a223877e55', 'd970a0a0-0d95-40b1-b317-7851b1840038', 'upi', 29950, 'TXN-TF-1109', '2026-05-01T07:01:00.000Z');

-- Invoice TF-1110
INSERT INTO invoices (id, store_id, invoice_number, customer_name, customer_phone, customer_address, subtotal, discount_amount, delivery_charge, installation_charge, round_off, grand_total, payment_method, payment_status, created_by, created_at)
VALUES (
  '4e724633-3dc9-4e1a-8c9f-5067513a92f7',
  '29f4e073-bc1d-4071-ae3a-c8718a90f998',
  'TF-1110',
  'Karthik Swami 190',
  '9887343983',
  'H.No. 26, Gali No. 1, Colony Road, Vijayawada, Andhra Pradesh',
  19000,
  570,
  0,
  0,
  0,
  18430,
  'cash',
  'completed',
  '11111111-1111-4111-a111-111111111111',
  '2026-05-01T06:48:00.000Z'
);
INSERT INTO invoice_items (id, invoice_id, product_id, product_name, sku, quantity, unit_price, discount_percent, discount_amount, line_total)
VALUES (
  'c88f5d36-9e2d-4c4e-a43a-225e35d8758b',
  '4e724633-3dc9-4e1a-8c9f-5067513a92f7',
  'b7ccc90e-8841-40bc-bdd5-ea6ce759dba4',
  'Comfort Manual Rocking Recliner Lounge Chair (Engineered Wood, Ivory White)',
  'REC-ENG-0240',
  1,
  20000,
  5,
  1000,
  19000
);
INSERT INTO payments (id, invoice_id, method, amount, reference, created_at) VALUES ('a5934730-1e98-4230-bce9-d9ae03ac78c0', '4e724633-3dc9-4e1a-8c9f-5067513a92f7', 'cash', 18430, 'TXN-TF-1110', '2026-05-01T06:48:00.000Z');

-- Invoice TF-1111
INSERT INTO invoices (id, store_id, invoice_number, customer_name, customer_phone, customer_address, subtotal, discount_amount, delivery_charge, installation_charge, round_off, grand_total, payment_method, payment_status, created_by, created_at)
VALUES (
  'de88d1e6-051f-4d79-be6c-77720ca3f015',
  '29f4e073-bc1d-4071-ae3a-c8718a90f998',
  'TF-1111',
  'Jyoti Prasad 189',
  '9852556575',
  'H.No. 25, Gali No. 5, Colony Road, Chennai, Tamil Nadu',
  345825,
  0,
  0,
  0,
  0,
  345825,
  'split',
  'completed',
  '33333333-3333-4333-a333-333333333333',
  '2026-05-01T06:43:00.000Z'
);
INSERT INTO invoice_items (id, invoice_id, product_id, product_name, sku, quantity, unit_price, discount_percent, discount_amount, line_total)
VALUES (
  '04f9e31f-11df-4069-9dfc-d04680faceea',
  'de88d1e6-051f-4d79-be6c-77720ca3f015',
  '8c52fb9b-dbb9-4364-9287-992138d747d6',
  'Imperial Dual Comfort Latex Mattress (Sheesham Wood, Crimson Red)',
  'MAT-SHE-0183',
  1,
  21500,
  5,
  1075,
  20425
);
INSERT INTO invoice_items (id, invoice_id, product_id, product_name, sku, quantity, unit_price, discount_percent, discount_amount, line_total)
VALUES (
  '377ef417-5f6e-4d5b-8b48-02a99e6a02dc',
  'de88d1e6-051f-4d79-be6c-77720ca3f015',
  'ea2b40ba-51ff-425a-ad4e-28a38cc61dc0',
  'Minimalist Orthopedic Memory Foam Mattress (Sheesham Wood, Ivory White)',
  'MAT-SHE-0199',
  2,
  63000,
  0,
  0,
  126000
);
INSERT INTO invoice_items (id, invoice_id, product_id, product_name, sku, quantity, unit_price, discount_percent, discount_amount, line_total)
VALUES (
  '8b91dd0f-450d-4771-9728-a798150c0342',
  'de88d1e6-051f-4d79-be6c-77720ca3f015',
  '1c7e1a57-845e-47a1-8c12-ba41436fcc6f',
  'Eco-sustain Orthopedic Memory Foam Mattress (Sheesham Wood, Charcoal Grey)',
  'MAT-SHE-0181',
  1,
  57500,
  0,
  0,
  57500
);
INSERT INTO invoice_items (id, invoice_id, product_id, product_name, sku, quantity, unit_price, discount_percent, discount_amount, line_total)
VALUES (
  '37cfc54f-f8e7-4a77-9b03-64e8d50b01c5',
  'de88d1e6-051f-4d79-be6c-77720ca3f015',
  'b6a6fd11-7b41-4135-a9dc-47447b75c11e',
  'Premium Extendable Dining Table (Sheesham Wood, Teak Finish)',
  'DIN-SHE-0044',
  2,
  60500,
  0,
  0,
  121000
);
INSERT INTO invoice_items (id, invoice_id, product_id, product_name, sku, quantity, unit_price, discount_percent, discount_amount, line_total)
VALUES (
  '6b8ae9a9-f317-4563-aaef-6a6d7a096848',
  'de88d1e6-051f-4d79-be6c-77720ca3f015',
  '8d07e729-4a68-4596-baa0-70c120e00461',
  'Royal Compact Student Desk (Sheesham Wood, Teak Finish)',
  'STU-SHE-0177',
  1,
  22000,
  5,
  1100,
  20900
);
INSERT INTO payments (id, invoice_id, method, amount, reference, created_at) VALUES ('fb2454fc-15f2-487e-be2b-18b767374726', 'de88d1e6-051f-4d79-be6c-77720ca3f015', 'card', 138330, 'TXN-SPLIT-CARD', '2026-05-01T06:43:00.000Z');
INSERT INTO payments (id, invoice_id, method, amount, reference, created_at) VALUES ('7a3ec4a1-8549-4129-9365-1d42165183fa', 'de88d1e6-051f-4d79-be6c-77720ca3f015', 'upi', 207495, 'TXN-SPLIT-UPI', '2026-05-01T06:43:00.000Z');

-- Invoice TF-1112
INSERT INTO invoices (id, store_id, invoice_number, customer_name, customer_phone, customer_address, subtotal, discount_amount, delivery_charge, installation_charge, round_off, grand_total, payment_method, payment_status, created_by, created_at)
VALUES (
  '17ee9ad2-2514-4ce6-9109-ef38aa49b64e',
  '29f4e073-bc1d-4071-ae3a-c8718a90f998',
  'TF-1112',
  'Guest',
  '',
  '',
  294025,
  0,
  0,
  0,
  0,
  294025,
  'bank_transfer',
  'completed',
  '22222222-2222-4222-a222-222222222222',
  '2026-05-02T05:27:00.000Z'
);
INSERT INTO invoice_items (id, invoice_id, product_id, product_name, sku, quantity, unit_price, discount_percent, discount_amount, line_total)
VALUES (
  '58a96ad0-f4a3-4acf-bdb1-9485bbaecd96',
  '17ee9ad2-2514-4ce6-9109-ef38aa49b64e',
  '14537655-6121-48ab-8427-6db88b953b18',
  'Eco-sustain Extendable Dining Table (Rose Wood, Ebony Black)',
  'DIN-ROS-0056',
  1,
  39500,
  5,
  1975,
  37525
);
INSERT INTO invoice_items (id, invoice_id, product_id, product_name, sku, quantity, unit_price, discount_percent, discount_amount, line_total)
VALUES (
  '69a2a279-1cab-4bb2-bace-9540422e12b0',
  '17ee9ad2-2514-4ce6-9109-ef38aa49b64e',
  '08e84681-f48f-465c-b99d-9d483907701f',
  'Classic Extendable Dining Table (Oak Wood, Charcoal Grey)',
  'DIN-OAK-0048',
  2,
  98000,
  0,
  0,
  196000
);
INSERT INTO invoice_items (id, invoice_id, product_id, product_name, sku, quantity, unit_price, discount_percent, discount_amount, line_total)
VALUES (
  '5b01e111-7cd0-4816-af49-1e65f2a85491',
  '17ee9ad2-2514-4ce6-9109-ef38aa49b64e',
  'c6c9baff-b6c0-4b26-840b-5ebd9022835d',
  'Royal 6-Drawer Wide Dresser chest (Mahogany, Charcoal Grey)',
  'DRE-MAH-0212',
  1,
  10500,
  0,
  0,
  10500
);
INSERT INTO invoice_items (id, invoice_id, product_id, product_name, sku, quantity, unit_price, discount_percent, discount_amount, line_total)
VALUES (
  'a7a17186-8ef1-479b-aa0c-d020e14ea545',
  '17ee9ad2-2514-4ce6-9109-ef38aa49b64e',
  '7840be5e-2be3-467f-a7e7-f6e36356b392',
  'Heritage Garden Patio Bistro Set (Oak Wood, Ebony Black)',
  'OUT-OAK-0244',
  2,
  25000,
  0,
  0,
  50000
);
INSERT INTO payments (id, invoice_id, method, amount, reference, created_at) VALUES ('bf9e4a39-a8d5-4dba-bfe9-2b61415e3434', '17ee9ad2-2514-4ce6-9109-ef38aa49b64e', 'bank_transfer', 294025, 'TXN-TF-1112', '2026-05-02T05:27:00.000Z');

-- Invoice TF-1113
INSERT INTO invoices (id, store_id, invoice_number, customer_name, customer_phone, customer_address, subtotal, discount_amount, delivery_charge, installation_charge, round_off, grand_total, payment_method, payment_status, created_by, created_at)
VALUES (
  '053bf42d-6fb0-4987-8163-7c499c3cecf4',
  '29f4e073-bc1d-4071-ae3a-c8718a90f998',
  'TF-1113',
  'Harish Rao 187',
  '9837668679',
  'H.No. 23, Gali No. 3, Colony Road, Secunderabad, Telangana',
  282800,
  0,
  0,
  500,
  0,
  283300,
  'card',
  'completed',
  '11111111-1111-4111-a111-111111111111',
  '2026-05-02T04:49:00.000Z'
);
INSERT INTO invoice_items (id, invoice_id, product_id, product_name, sku, quantity, unit_price, discount_percent, discount_amount, line_total)
VALUES (
  'f4233c0f-3b25-4ef5-b9bd-f3777a1cffe8',
  '053bf42d-6fb0-4987-8163-7c499c3cecf4',
  'b0e89ba0-ba90-445e-ae35-c8ca81e8b940',
  'Luxurious Floor Standing TV Console (Teak Wood, Walnut Brown)',
  'TV -TEA-0111',
  1,
  24000,
  5,
  1200,
  22800
);
INSERT INTO invoice_items (id, invoice_id, product_id, product_name, sku, quantity, unit_price, discount_percent, discount_amount, line_total)
VALUES (
  'aec0893b-6f5b-4160-9a35-0e3752d39b41',
  '053bf42d-6fb0-4987-8163-7c499c3cecf4',
  '9d4a4395-88b4-47c2-8523-e76b3b5587e8',
  'Royal Modular 4-Door Wardrobe (Oak Wood, Walnut Brown)',
  'WAR-OAK-0143',
  2,
  118500,
  0,
  0,
  237000
);
INSERT INTO invoice_items (id, invoice_id, product_id, product_name, sku, quantity, unit_price, discount_percent, discount_amount, line_total)
VALUES (
  '91611539-f78d-432c-afc9-109cb6c922fe',
  '053bf42d-6fb0-4987-8163-7c499c3cecf4',
  '72d25ea9-c043-4738-9bbe-5a6b42ce5ee6',
  'Classic Rattan Outdoor Swing Chair (Oak Wood, Crimson Red)',
  'OUT-OAK-0251',
  1,
  23000,
  0,
  0,
  23000
);
INSERT INTO payments (id, invoice_id, method, amount, reference, created_at) VALUES ('7853a066-3d7b-429a-b1fb-aa32ab92da9a', '053bf42d-6fb0-4987-8163-7c499c3cecf4', 'card', 283300, 'TXN-TF-1113', '2026-05-02T04:49:00.000Z');

-- Invoice TF-1114
INSERT INTO invoices (id, store_id, invoice_number, customer_name, customer_phone, customer_address, subtotal, discount_amount, delivery_charge, installation_charge, round_off, grand_total, payment_method, payment_status, created_by, created_at)
VALUES (
  'f33f43a3-152d-4bea-9a55-d68fd51a2b9a',
  '29f4e073-bc1d-4071-ae3a-c8718a90f998',
  'TF-1114',
  'Divya Nair 186',
  '9856764215',
  'H.No. 22, Gali No. 2, Colony Road, Hyderabad, Telangana',
  94225,
  0,
  0,
  0,
  0,
  94225,
  'upi',
  'completed',
  '33333333-3333-4333-a333-333333333333',
  '2026-05-02T10:12:00.000Z'
);
INSERT INTO invoice_items (id, invoice_id, product_id, product_name, sku, quantity, unit_price, discount_percent, discount_amount, line_total)
VALUES (
  '098c79d4-5576-4b8f-8c27-53eb36d27b88',
  'f33f43a3-152d-4bea-9a55-d68fd51a2b9a',
  '309401d9-0e72-4846-a4d8-48610ed27410',
  'Modern Solid Wood Dining Chair (Mahogany, Walnut Brown)',
  'DIN-MAH-0062',
  1,
  5500,
  5,
  275,
  5225
);
INSERT INTO invoice_items (id, invoice_id, product_id, product_name, sku, quantity, unit_price, discount_percent, discount_amount, line_total)
VALUES (
  'd8fefc32-593d-44fb-9c6e-cd0c8d806486',
  'f33f43a3-152d-4bea-9a55-d68fd51a2b9a',
  '04e6f2e3-71db-4095-a209-0fdf2c4ff348',
  'Modern Modular TV Stand with Shelves (Oak Wood, Charcoal Grey)',
  'TV -OAK-0112',
  2,
  44500,
  0,
  0,
  89000
);
INSERT INTO payments (id, invoice_id, method, amount, reference, created_at) VALUES ('366048e3-1df9-4b70-937f-2818d92dfeef', 'f33f43a3-152d-4bea-9a55-d68fd51a2b9a', 'upi', 94225, 'TXN-TF-1114', '2026-05-02T10:12:00.000Z');

-- Invoice TF-1115
INSERT INTO invoices (id, store_id, invoice_number, customer_name, customer_phone, customer_address, subtotal, discount_amount, delivery_charge, installation_charge, round_off, grand_total, payment_method, payment_status, created_by, created_at)
VALUES (
  '7008f934-c3f8-4526-a8b7-9af07929e628',
  '29f4e073-bc1d-4071-ae3a-c8718a90f998',
  'TF-1115',
  'Deepak Reddy 185',
  '9861874301',
  'H.No. 21, Gali No. 1, Colony Road, Visakhapatnam, Andhra Pradesh',
  43225,
  0,
  1200,
  0,
  0,
  44425,
  'cash',
  'completed',
  '22222222-2222-4222-a222-222222222222',
  '2026-05-02T08:51:00.000Z'
);
INSERT INTO invoice_items (id, invoice_id, product_id, product_name, sku, quantity, unit_price, discount_percent, discount_amount, line_total)
VALUES (
  '1d669e9e-9bcf-46a8-bb45-4d530424fb46',
  '7008f934-c3f8-4526-a8b7-9af07929e628',
  '83135fbd-1d23-4d54-837b-de9f9f1edc08',
  'Eco-sustain Poster Bed (Rose Wood, Teak Finish)',
  'BED-ROS-0029',
  1,
  45500,
  5,
  2275,
  43225
);
INSERT INTO payments (id, invoice_id, method, amount, reference, created_at) VALUES ('bcdac0f8-3628-479d-9dd6-ce2bb0b9a714', '7008f934-c3f8-4526-a8b7-9af07929e628', 'cash', 44425, 'TXN-TF-1115', '2026-05-02T08:51:00.000Z');

-- Invoice TF-1116
INSERT INTO invoices (id, store_id, invoice_number, customer_name, customer_phone, customer_address, subtotal, discount_amount, delivery_charge, installation_charge, round_off, grand_total, payment_method, payment_status, created_by, created_at)
VALUES (
  '83819ca9-f845-4710-b922-f779d1c8e741',
  '29f4e073-bc1d-4071-ae3a-c8718a90f998',
  'TF-1116',
  'Guest',
  '',
  '',
  220275,
  0,
  0,
  0,
  0,
  220275,
  'split',
  'completed',
  '11111111-1111-4111-a111-111111111111',
  '2026-05-02T09:33:00.000Z'
);
INSERT INTO invoice_items (id, invoice_id, product_id, product_name, sku, quantity, unit_price, discount_percent, discount_amount, line_total)
VALUES (
  '5d16b04f-f7a9-4cf9-b775-bd623a0638ab',
  '83819ca9-f845-4710-b922-f779d1c8e741',
  'c4c41318-93e6-40e0-a7e7-9471521e3216',
  'Luxurious Wall Mounted TV Cabinet (Rose Wood, Ocean Blue)',
  'TV -ROS-0113',
  1,
  39000,
  5,
  1950,
  37050
);
INSERT INTO invoice_items (id, invoice_id, product_id, product_name, sku, quantity, unit_price, discount_percent, discount_amount, line_total)
VALUES (
  '2ad3048f-be68-4000-b062-c2fdd3740e77',
  '83819ca9-f845-4710-b922-f779d1c8e741',
  '65fcdb5b-7aad-4606-b16a-b28e2286c58f',
  'Classic Recliner Sofa (Engineered Wood, Ebony Black)',
  'SOF-ENG-0008',
  2,
  37000,
  0,
  0,
  74000
);
INSERT INTO invoice_items (id, invoice_id, product_id, product_name, sku, quantity, unit_price, discount_percent, discount_amount, line_total)
VALUES (
  '921e2a50-95d7-4ea8-9eb5-7db327c02926',
  '83819ca9-f845-4710-b922-f779d1c8e741',
  '988b76f0-cc4f-4289-98c4-aec3b799c233',
  'Imperial Wooden Sun Lounger Bed (Sheesham Wood, Ivory White)',
  'OUT-SHE-0258',
  1,
  16500,
  0,
  0,
  16500
);
INSERT INTO invoice_items (id, invoice_id, product_id, product_name, sku, quantity, unit_price, discount_percent, discount_amount, line_total)
VALUES (
  '664d901d-f43c-4e4e-be8a-3af65eac236c',
  '83819ca9-f845-4710-b922-f779d1c8e741',
  'cd5bc776-f8af-47f6-9ac6-26fd88822683',
  'Modern Orthopedic Memory Foam Mattress (Engineered Wood, Charcoal Grey)',
  'MAT-ENG-0193',
  2,
  39000,
  0,
  0,
  78000
);
INSERT INTO invoice_items (id, invoice_id, product_id, product_name, sku, quantity, unit_price, discount_percent, discount_amount, line_total)
VALUES (
  'dcbd2da1-6892-4cb5-837b-a9035cc97208',
  '83819ca9-f845-4710-b922-f779d1c8e741',
  'dda8aa9f-e176-4f99-81c9-82dfef9a761a',
  'Luxurious Executive Leather High-Back (Rose Wood, Ocean Blue)',
  'OFF-ROS-0098',
  1,
  15500,
  5,
  775,
  14725
);
INSERT INTO payments (id, invoice_id, method, amount, reference, created_at) VALUES ('fa920a63-ba2d-488f-ad3b-4a7309265a03', '83819ca9-f845-4710-b922-f779d1c8e741', 'card', 88110, 'TXN-SPLIT-CARD', '2026-05-02T09:33:00.000Z');
INSERT INTO payments (id, invoice_id, method, amount, reference, created_at) VALUES ('eb343297-e2f8-48b3-81e2-69397d76fefa', '83819ca9-f845-4710-b922-f779d1c8e741', 'upi', 132165, 'TXN-SPLIT-UPI', '2026-05-02T09:33:00.000Z');

-- Invoice TF-1117
INSERT INTO invoices (id, store_id, invoice_number, customer_name, customer_phone, customer_address, subtotal, discount_amount, delivery_charge, installation_charge, round_off, grand_total, payment_method, payment_status, created_by, created_at)
VALUES (
  'c128be08-3ede-42ca-bd4b-9a5278f74ae4',
  '29f4e073-bc1d-4071-ae3a-c8718a90f998',
  'TF-1117',
  'Ananya Iyer 183',
  '9819027883',
  'H.No. 19, Gali No. 4, Colony Road, Chennai, Tamil Nadu',
  416325,
  0,
  0,
  0,
  0,
  416325,
  'bank_transfer',
  'completed',
  '33333333-3333-4333-a333-333333333333',
  '2026-05-03T04:46:00.000Z'
);
INSERT INTO invoice_items (id, invoice_id, product_id, product_name, sku, quantity, unit_price, discount_percent, discount_amount, line_total)
VALUES (
  '66d0896a-898b-45f8-9d50-acd85c8b4f17',
  'c128be08-3ede-42ca-bd4b-9a5278f74ae4',
  '7383b85e-d118-4855-93d4-0b86c77b26f2',
  'Classic Garden Patio Bistro Set (Mahogany, Warm Beige)',
  'OUT-MAH-0259',
  1,
  73500,
  5,
  3675,
  69825
);
INSERT INTO invoice_items (id, invoice_id, product_id, product_name, sku, quantity, unit_price, discount_percent, discount_amount, line_total)
VALUES (
  'b0308367-ba13-4201-9f85-4b0ae26e431d',
  'c128be08-3ede-42ca-bd4b-9a5278f74ae4',
  'e981ecd4-f45c-412e-b741-cdae67530aaf',
  'Premium Queen Size Wooden Bed (Oak Wood, Charcoal Grey)',
  'BED-OAK-0037',
  2,
  46500,
  0,
  0,
  93000
);
INSERT INTO invoice_items (id, invoice_id, product_id, product_name, sku, quantity, unit_price, discount_percent, discount_amount, line_total)
VALUES (
  'd8ff04ea-0c32-46c1-8cb4-eb8e2a99a9ec',
  'c128be08-3ede-42ca-bd4b-9a5278f74ae4',
  'c1800dec-cb8a-4d2d-926e-bb685c5b9366',
  'Premium 5-Tier Open Bookshelf Console (Sheesham Wood, Walnut Brown)',
  'BOO-SHE-0288',
  1,
  18500,
  0,
  0,
  18500
);
INSERT INTO invoice_items (id, invoice_id, product_id, product_name, sku, quantity, unit_price, discount_percent, discount_amount, line_total)
VALUES (
  '0ecd9a0c-31fa-467b-abcd-6780492119d8',
  'c128be08-3ede-42ca-bd4b-9a5278f74ae4',
  '5a47b543-0e83-4610-9794-e48996ce966c',
  'Minimalist Sofa Cum Bed (Mahogany, Warm Beige)',
  'SOF-MAH-0020',
  2,
  117500,
  0,
  0,
  235000
);
INSERT INTO payments (id, invoice_id, method, amount, reference, created_at) VALUES ('33c8b4cb-d6c8-4aa4-87bd-0df4bfd07730', 'c128be08-3ede-42ca-bd4b-9a5278f74ae4', 'bank_transfer', 416325, 'TXN-TF-1117', '2026-05-03T04:46:00.000Z');

-- Invoice TF-1118
INSERT INTO invoices (id, store_id, invoice_number, customer_name, customer_phone, customer_address, subtotal, discount_amount, delivery_charge, installation_charge, round_off, grand_total, payment_method, payment_status, created_by, created_at)
VALUES (
  'db53819d-793c-4646-9cd1-4d8f2d563a1f',
  '29f4e073-bc1d-4071-ae3a-c8718a90f998',
  'TF-1118',
  'Amit Kumar 182',
  '9822544382',
  'H.No. 18, Gali No. 3, Colony Road, Bangalore, Karnataka',
  136875,
  0,
  0,
  0,
  0,
  136875,
  'card',
  'completed',
  '22222222-2222-4222-a222-222222222222',
  '2026-05-03T07:08:00.000Z'
);
INSERT INTO invoice_items (id, invoice_id, product_id, product_name, sku, quantity, unit_price, discount_percent, discount_amount, line_total)
VALUES (
  '2615c363-a887-44ee-92c1-3f7e7da99645',
  'db53819d-793c-4646-9cd1-4d8f2d563a1f',
  'dd675736-ed52-4b59-a191-b810835af4ea',
  'Classic Single Bed (Mahogany, Teak Finish)',
  'BED-MAH-0028',
  1,
  42500,
  5,
  2125,
  40375
);
INSERT INTO invoice_items (id, invoice_id, product_id, product_name, sku, quantity, unit_price, discount_percent, discount_amount, line_total)
VALUES (
  '46eb3a79-5ddb-4edf-ab46-0f2c0384a66f',
  'db53819d-793c-4646-9cd1-4d8f2d563a1f',
  '869a74f7-e587-447c-b8c9-e073f3d7ba83',
  'Classic Chesterfield Sofa (Teak Wood, Charcoal Grey)',
  'SOF-TEA-0019',
  2,
  34500,
  0,
  0,
  69000
);
INSERT INTO invoice_items (id, invoice_id, product_id, product_name, sku, quantity, unit_price, discount_percent, discount_amount, line_total)
VALUES (
  'fec157c2-e7b3-4063-ac3b-9a64f1723a66',
  'db53819d-793c-4646-9cd1-4d8f2d563a1f',
  '2305ee30-451d-47a1-9df9-d45de9e0d40e',
  'Classic 6-Drawer Wide Dresser chest (Mahogany, Ebony Black)',
  'DRE-MAH-0203',
  1,
  27500,
  0,
  0,
  27500
);
INSERT INTO payments (id, invoice_id, method, amount, reference, created_at) VALUES ('499086c5-a3f4-4c99-934e-f8a52bff6cf3', 'db53819d-793c-4646-9cd1-4d8f2d563a1f', 'card', 136875, 'TXN-TF-1118', '2026-05-03T07:08:00.000Z');

-- Invoice TF-1119
INSERT INTO invoices (id, store_id, invoice_number, customer_name, customer_phone, customer_address, subtotal, discount_amount, delivery_charge, installation_charge, round_off, grand_total, payment_method, payment_status, created_by, created_at)
VALUES (
  '91ef39ed-8f92-4b03-be85-7551680a1471',
  '29f4e073-bc1d-4071-ae3a-c8718a90f998',
  'TF-1119',
  'Aditya Patel 181',
  '9816947281',
  'H.No. 17, Gali No. 2, Colony Road, Secunderabad, Telangana',
  32475,
  0,
  0,
  0,
  0,
  32475,
  'upi',
  'completed',
  '11111111-1111-4111-a111-111111111111',
  '2026-05-03T08:13:00.000Z'
);
INSERT INTO invoice_items (id, invoice_id, product_id, product_name, sku, quantity, unit_price, discount_percent, discount_amount, line_total)
VALUES (
  '8d8ff749-53ff-4e9c-bcd3-6406f69b5a21',
  '91ef39ed-8f92-4b03-be85-7551680a1471',
  '1e2db180-eac0-41f5-a95c-847c1fa0b20a',
  'Eco-sustain Wooden Sideboard Credenza (Rose Wood, Ivory White)',
  'STO-ROS-0278',
  1,
  20500,
  5,
  1025,
  19475
);
INSERT INTO invoice_items (id, invoice_id, product_id, product_name, sku, quantity, unit_price, discount_percent, discount_amount, line_total)
VALUES (
  'ff1e9ed3-af37-4281-a369-f6ba4741ccb7',
  '91ef39ed-8f92-4b03-be85-7551680a1471',
  'db934a58-986a-4cf0-9883-fdff9c444d3a',
  'Luxurious Solid Wood Computer Desk (Oak Wood, Ocean Blue)',
  'STU-OAK-0168',
  2,
  6500,
  0,
  0,
  13000
);
INSERT INTO payments (id, invoice_id, method, amount, reference, created_at) VALUES ('e3c25ad8-6c11-4004-b33c-4ccbcab5a48c', '91ef39ed-8f92-4b03-be85-7551680a1471', 'upi', 32475, 'TXN-TF-1119', '2026-05-03T08:13:00.000Z');

-- Invoice TF-1120
INSERT INTO invoices (id, store_id, invoice_number, customer_name, customer_phone, customer_address, subtotal, discount_amount, delivery_charge, installation_charge, round_off, grand_total, payment_method, payment_status, created_by, created_at)
VALUES (
  '8a545690-1624-40c8-9dec-cc68f24c1257',
  '29f4e073-bc1d-4071-ae3a-c8718a90f998',
  'TF-1120',
  'Guest',
  '',
  '',
  19475,
  584.25,
  0,
  0,
  0.25,
  18891,
  'cash',
  'completed',
  '33333333-3333-4333-a333-333333333333',
  '2026-05-03T08:47:00.000Z'
);
INSERT INTO invoice_items (id, invoice_id, product_id, product_name, sku, quantity, unit_price, discount_percent, discount_amount, line_total)
VALUES (
  '1da28e63-ef34-46dd-bbe3-acaa4da36fd2',
  '8a545690-1624-40c8-9dec-cc68f24c1257',
  'ab550dda-419e-448d-9695-7ebf11a2f361',
  'Eco-sustain Rattan Outdoor Swing Chair (Rose Wood, Walnut Brown)',
  'OUT-ROS-0245',
  1,
  20500,
  5,
  1025,
  19475
);
INSERT INTO payments (id, invoice_id, method, amount, reference, created_at) VALUES ('66c2cbf6-b430-48e9-a86a-c351c9a07d43', '8a545690-1624-40c8-9dec-cc68f24c1257', 'cash', 18891, 'TXN-TF-1120', '2026-05-03T08:47:00.000Z');

-- Invoice TF-1121
INSERT INTO invoices (id, store_id, invoice_number, customer_name, customer_phone, customer_address, subtotal, discount_amount, delivery_charge, installation_charge, round_off, grand_total, payment_method, payment_status, created_by, created_at)
VALUES (
  '5ef6651a-a1e7-4583-ae1a-261a73ecf7e6',
  '29f4e073-bc1d-4071-ae3a-c8718a90f998',
  'TF-1121',
  'Vijay Mallya 179',
  '9861302581',
  'H.No. 15, Gali No. 5, Colony Road, Visakhapatnam, Andhra Pradesh',
  313375,
  0,
  0,
  0,
  0,
  313375,
  'split',
  'completed',
  '22222222-2222-4222-a222-222222222222',
  '2026-05-03T14:28:00.000Z'
);
INSERT INTO invoice_items (id, invoice_id, product_id, product_name, sku, quantity, unit_price, discount_percent, discount_amount, line_total)
VALUES (
  '472dd338-755f-4bbf-825d-47553a6e2dfa',
  '5ef6651a-a1e7-4583-ae1a-261a73ecf7e6',
  '2a70887d-c393-4b67-b917-9dbce13f8239',
  'Imperial Pocket Spring Premium Mattress (Engineered Wood, Warm Beige)',
  'MAT-ENG-0188',
  1,
  47000,
  5,
  2350,
  44650
);
INSERT INTO invoice_items (id, invoice_id, product_id, product_name, sku, quantity, unit_price, discount_percent, discount_amount, line_total)
VALUES (
  'f3955f95-a59a-47e6-8831-6442868e5eda',
  '5ef6651a-a1e7-4583-ae1a-261a73ecf7e6',
  'ea2b40ba-51ff-425a-ad4e-28a38cc61dc0',
  'Minimalist Orthopedic Memory Foam Mattress (Sheesham Wood, Ivory White)',
  'MAT-SHE-0199',
  2,
  63000,
  0,
  0,
  126000
);
INSERT INTO invoice_items (id, invoice_id, product_id, product_name, sku, quantity, unit_price, discount_percent, discount_amount, line_total)
VALUES (
  'aa2c7816-e2f6-4394-b78d-01cdff5bf22e',
  '5ef6651a-a1e7-4583-ae1a-261a73ecf7e6',
  '67b0a3a5-4efb-4541-95fe-e1f0b749842f',
  'Luxurious Cushioned Dining Chair (Teak Wood, Ocean Blue)',
  'DIN-TEA-0077',
  1,
  5000,
  0,
  0,
  5000
);
INSERT INTO invoice_items (id, invoice_id, product_id, product_name, sku, quantity, unit_price, discount_percent, discount_amount, line_total)
VALUES (
  '27888f82-ad0b-45da-8005-1e0bcc9bccc7',
  '5ef6651a-a1e7-4583-ae1a-261a73ecf7e6',
  'd72e3e5d-1eda-47f2-83c5-c2487d3f2b2b',
  'Luxurious Massage Recliner Chair (Engineered Wood, Ebony Black)',
  'REC-ENG-0238',
  2,
  52000,
  0,
  0,
  104000
);
INSERT INTO invoice_items (id, invoice_id, product_id, product_name, sku, quantity, unit_price, discount_percent, discount_amount, line_total)
VALUES (
  'da6e37e8-a446-4b02-996a-b5331ce0617d',
  '5ef6651a-a1e7-4583-ae1a-261a73ecf7e6',
  '45b029af-1b46-4141-84a7-5a0a282002d9',
  'Comfort Wall Mounted TV Cabinet (Engineered Wood, Crimson Red)',
  'TV -ENG-0104',
  1,
  35500,
  5,
  1775,
  33725
);
INSERT INTO payments (id, invoice_id, method, amount, reference, created_at) VALUES ('6af37426-7778-480f-91bd-9823f4cff418', '5ef6651a-a1e7-4583-ae1a-261a73ecf7e6', 'card', 125350, 'TXN-SPLIT-CARD', '2026-05-03T14:28:00.000Z');
INSERT INTO payments (id, invoice_id, method, amount, reference, created_at) VALUES ('9903520c-4e33-4b01-8cd2-d8ff13c06038', '5ef6651a-a1e7-4583-ae1a-261a73ecf7e6', 'upi', 188025, 'TXN-SPLIT-UPI', '2026-05-03T14:28:00.000Z');

-- Invoice TF-1122
INSERT INTO invoices (id, store_id, invoice_number, customer_name, customer_phone, customer_address, subtotal, discount_amount, delivery_charge, installation_charge, round_off, grand_total, payment_method, payment_status, created_by, created_at)
VALUES (
  'd9c40d5d-8bf6-4d2d-89f2-b97bb71fed72',
  '29f4e073-bc1d-4071-ae3a-c8718a90f998',
  'TF-1122',
  'Zeeshan Khan 178',
  '9827491267',
  'H.No. 14, Gali No. 4, Colony Road, Vijayawada, Andhra Pradesh',
  135475,
  0,
  1200,
  500,
  0,
  137175,
  'bank_transfer',
  'completed',
  '11111111-1111-4111-a111-111111111111',
  '2026-05-03T07:40:00.000Z'
);
INSERT INTO invoice_items (id, invoice_id, product_id, product_name, sku, quantity, unit_price, discount_percent, discount_amount, line_total)
VALUES (
  '1561e338-7660-450f-a1a7-b38f54c7ef5a',
  'd9c40d5d-8bf6-4d2d-89f2-b97bb71fed72',
  '9db7520c-6881-4de3-9ec8-86be4c0694c6',
  'Classic Rattan Outdoor Swing Chair (Teak Wood, Charcoal Grey)',
  'OUT-TEA-0248',
  1,
  40500,
  5,
  2025,
  38475
);
INSERT INTO invoice_items (id, invoice_id, product_id, product_name, sku, quantity, unit_price, discount_percent, discount_amount, line_total)
VALUES (
  'bd0dcf85-da57-4c4d-8abc-8eed55df677f',
  'd9c40d5d-8bf6-4d2d-89f2-b97bb71fed72',
  '565ae41d-77f4-4e7b-9327-33d684cb45de',
  'Imperial Compact Dresser Cabinet (Teak Wood, Teak Finish)',
  'DRE-TEA-0208',
  2,
  10500,
  0,
  0,
  21000
);
INSERT INTO invoice_items (id, invoice_id, product_id, product_name, sku, quantity, unit_price, discount_percent, discount_amount, line_total)
VALUES (
  'f3319f77-cf23-4d25-bbc0-27350c1c3008',
  'd9c40d5d-8bf6-4d2d-89f2-b97bb71fed72',
  '18bb3c0b-e13e-4df5-800f-24c29a3bbed9',
  'Eco-sustain King Size Bed with Storage (Engineered Wood, Warm Beige)',
  'BED-ENG-0036',
  1,
  18000,
  0,
  0,
  18000
);
INSERT INTO invoice_items (id, invoice_id, product_id, product_name, sku, quantity, unit_price, discount_percent, discount_amount, line_total)
VALUES (
  '0d27a7ee-4e90-4b07-8552-c51e271f214c',
  'd9c40d5d-8bf6-4d2d-89f2-b97bb71fed72',
  'aeacc6db-6372-421c-b55c-3bcc0f97ef15',
  'Imperial Modular TV Stand with Shelves (Sheesham Wood, Ivory White)',
  'TV -SHE-0103',
  2,
  29000,
  0,
  0,
  58000
);
INSERT INTO payments (id, invoice_id, method, amount, reference, created_at) VALUES ('871a08c1-1103-493b-a13e-9d09caa0660d', 'd9c40d5d-8bf6-4d2d-89f2-b97bb71fed72', 'bank_transfer', 137175, 'TXN-TF-1122', '2026-05-03T07:40:00.000Z');

-- Invoice TF-1123
INSERT INTO invoices (id, store_id, invoice_number, customer_name, customer_phone, customer_address, subtotal, discount_amount, delivery_charge, installation_charge, round_off, grand_total, payment_method, payment_status, created_by, created_at)
VALUES (
  '47ac4c87-1269-4190-b3e9-a2e919696e3a',
  '29f4e073-bc1d-4071-ae3a-c8718a90f998',
  'TF-1123',
  'Yash Pal 177',
  '9856739358',
  'H.No. 13, Gali No. 3, Colony Road, Chennai, Tamil Nadu',
  188425,
  0,
  0,
  0,
  0,
  188425,
  'card',
  'completed',
  '33333333-3333-4333-a333-333333333333',
  '2026-05-04T13:55:00.000Z'
);
INSERT INTO invoice_items (id, invoice_id, product_id, product_name, sku, quantity, unit_price, discount_percent, discount_amount, line_total)
VALUES (
  '4cad3269-c212-4ef4-aaa3-a5b0cbd05a8b',
  '47ac4c87-1269-4190-b3e9-a2e919696e3a',
  'de5a441f-fdb0-484e-939b-3294a89ddd1f',
  'Minimalist 3-Door Wardrobe with Mirror (Sheesham Wood, Ivory White)',
  'WAR-SHE-0149',
  1,
  91500,
  5,
  4575,
  86925
);
INSERT INTO invoice_items (id, invoice_id, product_id, product_name, sku, quantity, unit_price, discount_percent, discount_amount, line_total)
VALUES (
  'eeef4686-1d16-48a1-ad0a-9cf1efe58179',
  '47ac4c87-1269-4190-b3e9-a2e919696e3a',
  '869a74f7-e587-447c-b8c9-e073f3d7ba83',
  'Classic Chesterfield Sofa (Teak Wood, Charcoal Grey)',
  'SOF-TEA-0019',
  2,
  34500,
  0,
  0,
  69000
);
INSERT INTO invoice_items (id, invoice_id, product_id, product_name, sku, quantity, unit_price, discount_percent, discount_amount, line_total)
VALUES (
  '3abcb60e-ab61-4354-bfe8-97402fb2059f',
  '47ac4c87-1269-4190-b3e9-a2e919696e3a',
  'ea4e9179-3ad2-409b-84b5-55444060bc57',
  'Modern Massage Recliner Chair (Teak Wood, Charcoal Grey)',
  'REC-TEA-0235',
  1,
  32500,
  0,
  0,
  32500
);
INSERT INTO payments (id, invoice_id, method, amount, reference, created_at) VALUES ('27b8afe5-57b7-4863-aa25-8b3fe08892ed', '47ac4c87-1269-4190-b3e9-a2e919696e3a', 'card', 188425, 'TXN-TF-1123', '2026-05-04T13:55:00.000Z');

-- Invoice TF-1124
INSERT INTO invoices (id, store_id, invoice_number, customer_name, customer_phone, customer_address, subtotal, discount_amount, delivery_charge, installation_charge, round_off, grand_total, payment_method, payment_status, created_by, created_at)
VALUES (
  'd572ee2e-24f7-4107-82f1-92ab3ff2918f',
  '29f4e073-bc1d-4071-ae3a-c8718a90f998',
  'TF-1124',
  'Guest',
  '',
  '',
  114050,
  0,
  0,
  0,
  0,
  114050,
  'upi',
  'completed',
  '22222222-2222-4222-a222-222222222222',
  '2026-05-04T10:27:00.000Z'
);
INSERT INTO invoice_items (id, invoice_id, product_id, product_name, sku, quantity, unit_price, discount_percent, discount_amount, line_total)
VALUES (
  'dfe5f63f-f7d3-462e-b019-f13b40cbb2a3',
  'd572ee2e-24f7-4107-82f1-92ab3ff2918f',
  '6049902d-6b43-4578-8eb4-cfb603455a07',
  'Comfort Marble Top Dining Table (Oak Wood, Charcoal Grey)',
  'DIN-OAK-0051',
  1,
  39000,
  5,
  1950,
  37050
);
INSERT INTO invoice_items (id, invoice_id, product_id, product_name, sku, quantity, unit_price, discount_percent, discount_amount, line_total)
VALUES (
  '9715def3-8a1f-41d1-bf3f-9ddb8259f671',
  'd572ee2e-24f7-4107-82f1-92ab3ff2918f',
  '269baf12-2c80-46b8-9fc2-6550d3452bf9',
  'Premium Floor Standing TV Console (Teak Wood, Ocean Blue)',
  'TV -TEA-0114',
  2,
  38500,
  0,
  0,
  77000
);
INSERT INTO payments (id, invoice_id, method, amount, reference, created_at) VALUES ('1085b81f-83e7-4e4a-ba7b-9de8e7ad9856', 'd572ee2e-24f7-4107-82f1-92ab3ff2918f', 'upi', 114050, 'TXN-TF-1124', '2026-05-04T10:27:00.000Z');

-- Invoice TF-1125
INSERT INTO invoices (id, store_id, invoice_number, customer_name, customer_phone, customer_address, subtotal, discount_amount, delivery_charge, installation_charge, round_off, grand_total, payment_method, payment_status, created_by, created_at)
VALUES (
  '5fbf2443-db9f-47f6-9f34-a6162f39d854',
  '29f4e073-bc1d-4071-ae3a-c8718a90f998',
  'TF-1125',
  'Vikram Seth 175',
  '9896432779',
  'H.No. 99, Gali No. 1, Colony Road, Secunderabad, Telangana',
  19000,
  0,
  0,
  0,
  0,
  19000,
  'cash',
  'cancelled',
  '11111111-1111-4111-a111-111111111111',
  '2026-05-04T13:27:00.000Z'
);
INSERT INTO invoice_items (id, invoice_id, product_id, product_name, sku, quantity, unit_price, discount_percent, discount_amount, line_total)
VALUES (
  '342f6e88-885c-4274-8cd0-6fc65d43f89c',
  '5fbf2443-db9f-47f6-9f34-a6162f39d854',
  'f22b5c8c-e06e-4b9b-88ed-f46837e41e9a',
  'Eco-sustain Wooden Nesting Tables (Mahogany, Ebony Black)',
  'COF-MAH-0137',
  1,
  20000,
  5,
  1000,
  19000
);

-- Invoice TF-1126
INSERT INTO invoices (id, store_id, invoice_number, customer_name, customer_phone, customer_address, subtotal, discount_amount, delivery_charge, installation_charge, round_off, grand_total, payment_method, payment_status, created_by, created_at)
VALUES (
  'bb57a545-6975-4e1e-8150-cb6116e57965',
  '29f4e073-bc1d-4071-ae3a-c8718a90f998',
  'TF-1126',
  'Suresh Prabhu 174',
  '9876331797',
  'H.No. 98, Gali No. 5, Colony Road, Hyderabad, Telangana',
  329475,
  0,
  0,
  0,
  0,
  329475,
  'split',
  'completed',
  '33333333-3333-4333-a333-333333333333',
  '2026-05-04T11:44:00.000Z'
);
INSERT INTO invoice_items (id, invoice_id, product_id, product_name, sku, quantity, unit_price, discount_percent, discount_amount, line_total)
VALUES (
  '512c2f7d-619b-4b56-bc88-bb38ad5f243d',
  'bb57a545-6975-4e1e-8150-cb6116e57965',
  '9f572dd5-cbbe-4acf-b7c6-cd9904cfeaf4',
  'Luxurious 2-Door Sliding Wardrobe (Engineered Wood, Ebony Black)',
  'WAR-ENG-0142',
  1,
  21500,
  5,
  1075,
  20425
);
INSERT INTO invoice_items (id, invoice_id, product_id, product_name, sku, quantity, unit_price, discount_percent, discount_amount, line_total)
VALUES (
  '71b31aff-10f3-44a3-9e75-ed9b12fc5947',
  'bb57a545-6975-4e1e-8150-cb6116e57965',
  'c5ee55e3-bf0b-44b9-85fc-e9582b35f9a8',
  'Royal Garden Patio Bistro Set (Oak Wood, Ocean Blue)',
  'OUT-OAK-0241',
  2,
  78000,
  0,
  0,
  156000
);
INSERT INTO invoice_items (id, invoice_id, product_id, product_name, sku, quantity, unit_price, discount_percent, discount_amount, line_total)
VALUES (
  '6c69c4c1-4124-4481-b058-85e51c942ff4',
  'bb57a545-6975-4e1e-8150-cb6116e57965',
  'e2a346ed-dbcd-4755-91ba-c6bed535d05e',
  'Imperial Shoe Storage Bench Rack (Rose Wood, Warm Beige)',
  'STO-ROS-0277',
  1,
  9500,
  0,
  0,
  9500
);
INSERT INTO invoice_items (id, invoice_id, product_id, product_name, sku, quantity, unit_price, discount_percent, discount_amount, line_total)
VALUES (
  'f75db54c-5311-4c42-862b-a1f3df18fa18',
  'bb57a545-6975-4e1e-8150-cb6116e57965',
  'd7b96116-6403-43a6-b7f3-f6392d813c27',
  'Royal 6-Seater Wooden Dining Table (Sheesham Wood, Teak Finish)',
  'DIN-SHE-0053',
  2,
  48500,
  0,
  0,
  97000
);
INSERT INTO invoice_items (id, invoice_id, product_id, product_name, sku, quantity, unit_price, discount_percent, discount_amount, line_total)
VALUES (
  'aee11e2d-e2d0-4419-8c47-c39b1e246107',
  'bb57a545-6975-4e1e-8150-cb6116e57965',
  '3a5f9708-fb43-44c9-b68f-8bc8d123070d',
  'Minimalist Open Walk-in Closet Organizer (Rose Wood, Ebony Black)',
  'WAR-ROS-0148',
  1,
  49000,
  5,
  2450,
  46550
);
INSERT INTO payments (id, invoice_id, method, amount, reference, created_at) VALUES ('71bd7b78-2076-4a31-a892-503e93a07f14', 'bb57a545-6975-4e1e-8150-cb6116e57965', 'card', 131790, 'TXN-SPLIT-CARD', '2026-05-04T11:44:00.000Z');
INSERT INTO payments (id, invoice_id, method, amount, reference, created_at) VALUES ('8788f375-ebca-4e85-b2e1-7854225057eb', 'bb57a545-6975-4e1e-8150-cb6116e57965', 'upi', 197685, 'TXN-SPLIT-UPI', '2026-05-04T11:44:00.000Z');

-- Invoice TF-1127
INSERT INTO invoices (id, store_id, invoice_number, customer_name, customer_phone, customer_address, subtotal, discount_amount, delivery_charge, installation_charge, round_off, grand_total, payment_method, payment_status, created_by, created_at)
VALUES (
  '4b7cd4ad-b40a-4646-a7f5-ea7f2fc0562b',
  '29f4e073-bc1d-4071-ae3a-c8718a90f998',
  'TF-1127',
  'Sneha Rao 173',
  '9839676677',
  'H.No. 97, Gali No. 4, Colony Road, Visakhapatnam, Andhra Pradesh',
  199100,
  0,
  0,
  0,
  0,
  199100,
  'bank_transfer',
  'completed',
  '22222222-2222-4222-a222-222222222222',
  '2026-05-04T11:40:00.000Z'
);
INSERT INTO invoice_items (id, invoice_id, product_id, product_name, sku, quantity, unit_price, discount_percent, discount_amount, line_total)
VALUES (
  '78f27bcc-b7ed-477b-bd4e-e22897fb3709',
  '4b7cd4ad-b40a-4646-a7f5-ea7f2fc0562b',
  '18bb3c0b-e13e-4df5-800f-24c29a3bbed9',
  'Eco-sustain King Size Bed with Storage (Engineered Wood, Warm Beige)',
  'BED-ENG-0036',
  1,
  18000,
  5,
  900,
  17100
);
INSERT INTO invoice_items (id, invoice_id, product_id, product_name, sku, quantity, unit_price, discount_percent, discount_amount, line_total)
VALUES (
  'ae1f6a05-1a34-4acd-899b-45df2ac04461',
  '4b7cd4ad-b40a-4646-a7f5-ea7f2fc0562b',
  '0f5c5087-0b28-4e8e-a90a-3ba6054e1159',
  'Luxurious Compact Dresser Cabinet (Oak Wood, Warm Beige)',
  'DRE-OAK-0211',
  2,
  36500,
  0,
  0,
  73000
);
INSERT INTO invoice_items (id, invoice_id, product_id, product_name, sku, quantity, unit_price, discount_percent, discount_amount, line_total)
VALUES (
  '2c4f94ff-153c-4c74-be3c-d57a0413f5db',
  '4b7cd4ad-b40a-4646-a7f5-ea7f2fc0562b',
  '6e164385-59ea-48a3-a6e2-78525d973ccb',
  'Classic Single Bed (Teak Wood, Crimson Red)',
  'BED-TEA-0033',
  1,
  61000,
  0,
  0,
  61000
);
INSERT INTO invoice_items (id, invoice_id, product_id, product_name, sku, quantity, unit_price, discount_percent, discount_amount, line_total)
VALUES (
  '5c2e85fb-6ea2-4c75-87b8-a2bdb1de8fed',
  '4b7cd4ad-b40a-4646-a7f5-ea7f2fc0562b',
  'd1bfa1d2-939f-437f-a810-2b16376ba4a8',
  'Luxurious Orthopedic Memory Foam Mattress (Teak Wood, Teak Finish)',
  'MAT-TEA-0184',
  2,
  24000,
  0,
  0,
  48000
);
INSERT INTO payments (id, invoice_id, method, amount, reference, created_at) VALUES ('b96a8022-7947-436d-b336-aae53b5cdf62', '4b7cd4ad-b40a-4646-a7f5-ea7f2fc0562b', 'bank_transfer', 199100, 'TXN-TF-1127', '2026-05-04T11:40:00.000Z');

-- Invoice TF-1128
INSERT INTO invoices (id, store_id, invoice_number, customer_name, customer_phone, customer_address, subtotal, discount_amount, delivery_charge, installation_charge, round_off, grand_total, payment_method, payment_status, created_by, created_at)
VALUES (
  '41808b5e-c630-4c38-b57b-56100b623e13',
  '29f4e073-bc1d-4071-ae3a-c8718a90f998',
  'TF-1128',
  'Guest',
  '',
  '',
  169975,
  0,
  0,
  0,
  0,
  169975,
  'card',
  'completed',
  '11111111-1111-4111-a111-111111111111',
  '2026-05-05T12:17:00.000Z'
);
INSERT INTO invoice_items (id, invoice_id, product_id, product_name, sku, quantity, unit_price, discount_percent, discount_amount, line_total)
VALUES (
  '270d66bd-bb57-484e-8080-a239ca5beaf0',
  '41808b5e-c630-4c38-b57b-56100b623e13',
  '2630ffc9-3ee7-4216-b0bd-0bb6d21b3fa2',
  'Imperial Manual Rocking Recliner Lounge Chair (Sheesham Wood, Ocean Blue)',
  'REC-SHE-0237',
  1,
  70500,
  5,
  3525,
  66975
);
INSERT INTO invoice_items (id, invoice_id, product_id, product_name, sku, quantity, unit_price, discount_percent, discount_amount, line_total)
VALUES (
  '5d0e8447-3b46-45c4-93cf-003fcf19a787',
  '41808b5e-c630-4c38-b57b-56100b623e13',
  '695475e4-b4a1-49fe-848c-471c08aea77c',
  'Imperial Modular TV Stand with Shelves (Sheesham Wood, Teak Finish)',
  'TV -SHE-0106',
  2,
  45000,
  0,
  0,
  90000
);
INSERT INTO invoice_items (id, invoice_id, product_id, product_name, sku, quantity, unit_price, discount_percent, discount_amount, line_total)
VALUES (
  '858316a5-1cc5-4e7f-a4b6-c2cf5f668b1f',
  '41808b5e-c630-4c38-b57b-56100b623e13',
  'afad88ca-7631-419b-bb19-b3cdc6079db6',
  'Classic Rattan Accent Chair (Mahogany, Ocean Blue)',
  'DIN-MAH-0080',
  1,
  13000,
  0,
  0,
  13000
);
INSERT INTO payments (id, invoice_id, method, amount, reference, created_at) VALUES ('9313a247-c0e7-4d1a-a07c-45ecdf7bf165', '41808b5e-c630-4c38-b57b-56100b623e13', 'card', 169975, 'TXN-TF-1128', '2026-05-05T12:17:00.000Z');

-- Invoice TF-1129
INSERT INTO invoices (id, store_id, invoice_number, customer_name, customer_phone, customer_address, subtotal, discount_amount, delivery_charge, installation_charge, round_off, grand_total, payment_method, payment_status, created_by, created_at)
VALUES (
  '60035da9-9b0c-4c9e-98f0-96b03360c72f',
  '29f4e073-bc1d-4071-ae3a-c8718a90f998',
  'TF-1129',
  'Sarita Mishra 171',
  '9840388077',
  'H.No. 95, Gali No. 2, Colony Road, Chennai, Tamil Nadu',
  65950,
  0,
  1200,
  0,
  0,
  67150,
  'upi',
  'completed',
  '33333333-3333-4333-a333-333333333333',
  '2026-05-05T12:27:00.000Z'
);
INSERT INTO invoice_items (id, invoice_id, product_id, product_name, sku, quantity, unit_price, discount_percent, discount_amount, line_total)
VALUES (
  'af917546-26e8-495a-a945-fe26c421d2bd',
  '60035da9-9b0c-4c9e-98f0-96b03360c72f',
  'f077b01f-75f1-46ed-a171-4c4e6bb6abbb',
  'Comfort Closed Glass-door Library Cabinet (Mahogany, Crimson Red)',
  'BOO-MAH-0283',
  1,
  21000,
  5,
  1050,
  19950
);
INSERT INTO invoice_items (id, invoice_id, product_id, product_name, sku, quantity, unit_price, discount_percent, discount_amount, line_total)
VALUES (
  '73228744-9d25-4020-bcc9-b5716b4ee25a',
  '60035da9-9b0c-4c9e-98f0-96b03360c72f',
  '297e6588-3660-4997-98ba-33db9f93f15b',
  'Minimalist Closed Glass-door Library Cabinet (Engineered Wood, Warm Beige)',
  'BOO-ENG-0289',
  2,
  23000,
  0,
  0,
  46000
);
INSERT INTO payments (id, invoice_id, method, amount, reference, created_at) VALUES ('0f21d98f-3f9e-473e-860a-36af44f51ad8', '60035da9-9b0c-4c9e-98f0-96b03360c72f', 'upi', 67150, 'TXN-TF-1129', '2026-05-05T12:27:00.000Z');

-- Invoice TF-1130
INSERT INTO invoices (id, store_id, invoice_number, customer_name, customer_phone, customer_address, subtotal, discount_amount, delivery_charge, installation_charge, round_off, grand_total, payment_method, payment_status, created_by, created_at)
VALUES (
  '7081fd0e-f4e2-4a3e-b139-cdb9ab1fb8c3',
  '29f4e073-bc1d-4071-ae3a-c8718a90f998',
  'TF-1130',
  'Sanjay Dutt 170',
  '9821219438',
  'H.No. 94, Gali No. 1, Colony Road, Bangalore, Karnataka',
  25650,
  769.5,
  0,
  0,
  0.5,
  24881,
  'cash',
  'completed',
  '22222222-2222-4222-a222-222222222222',
  '2026-05-05T12:01:00.000Z'
);
INSERT INTO invoice_items (id, invoice_id, product_id, product_name, sku, quantity, unit_price, discount_percent, discount_amount, line_total)
VALUES (
  '8df4b2f9-55bd-41aa-88b6-1d660c43874b',
  '7081fd0e-f4e2-4a3e-b139-cdb9ab1fb8c3',
  '335432cc-b09b-4970-9a6b-4c45ae51415b',
  'Comfort Visitor Stool Chair (Engineered Wood, Ocean Blue)',
  'OFF-ENG-0088',
  1,
  27000,
  5,
  1350,
  25650
);
INSERT INTO payments (id, invoice_id, method, amount, reference, created_at) VALUES ('03b89bfb-c135-42cc-923d-a73c72602f7b', '7081fd0e-f4e2-4a3e-b139-cdb9ab1fb8c3', 'cash', 24881, 'TXN-TF-1130', '2026-05-05T12:01:00.000Z');

-- Invoice TF-1131
INSERT INTO invoices (id, store_id, invoice_number, customer_name, customer_phone, customer_address, subtotal, discount_amount, delivery_charge, installation_charge, round_off, grand_total, payment_method, payment_status, created_by, created_at)
VALUES (
  '7556e305-dabc-4e83-a788-c5c90c7c3ccc',
  '29f4e073-bc1d-4071-ae3a-c8718a90f998',
  'TF-1131',
  'Sandeep Hegde 169',
  '9840570019',
  'H.No. 93, Gali No. 5, Colony Road, Secunderabad, Telangana',
  118175,
  0,
  0,
  500,
  0,
  118675,
  'split',
  'completed',
  '11111111-1111-4111-a111-111111111111',
  '2026-05-05T08:15:00.000Z'
);
INSERT INTO invoice_items (id, invoice_id, product_id, product_name, sku, quantity, unit_price, discount_percent, discount_amount, line_total)
VALUES (
  'c3df29b9-797a-483f-b660-6de2010c3684',
  '7556e305-dabc-4e83-a788-c5c90c7c3ccc',
  '482e6765-ec8f-4de4-ba26-c5254f4d1766',
  'Imperial Wall Mounted TV Cabinet (Oak Wood, Ocean Blue)',
  'TV -OAK-0107',
  1,
  26000,
  5,
  1300,
  24700
);
INSERT INTO invoice_items (id, invoice_id, product_id, product_name, sku, quantity, unit_price, discount_percent, discount_amount, line_total)
VALUES (
  'aa701098-bd37-453c-9e34-a7d828e9e8d1',
  '7556e305-dabc-4e83-a788-c5c90c7c3ccc',
  '693d6f47-226e-4d1c-8e02-1266784e08c8',
  'Royal Glass Top Coffee Table (Oak Wood, Warm Beige)',
  'COF-OAK-0126',
  2,
  11500,
  0,
  0,
  23000
);
INSERT INTO invoice_items (id, invoice_id, product_id, product_name, sku, quantity, unit_price, discount_percent, discount_amount, line_total)
VALUES (
  'a381db7d-2f01-4bb5-9530-810634baa2ea',
  '7556e305-dabc-4e83-a788-c5c90c7c3ccc',
  '1d070939-2b6c-434f-9689-87c7e063d8f1',
  'Modern Cushioned Dining Chair (Teak Wood, Walnut Brown)',
  'DIN-TEA-0073',
  1,
  4000,
  0,
  0,
  4000
);
INSERT INTO invoice_items (id, invoice_id, product_id, product_name, sku, quantity, unit_price, discount_percent, discount_amount, line_total)
VALUES (
  '120abe3e-9e93-45f6-b0a9-f4b8b82002df',
  '7556e305-dabc-4e83-a788-c5c90c7c3ccc',
  '4bb32b27-e36f-4ad8-b9db-a4d600af3699',
  'Eco-sustain Wall Folding Laptop Desk (Engineered Wood, Warm Beige)',
  'STU-ENG-0179',
  2,
  14000,
  0,
  0,
  28000
);
INSERT INTO invoice_items (id, invoice_id, product_id, product_name, sku, quantity, unit_price, discount_percent, discount_amount, line_total)
VALUES (
  '7d9ee19a-a142-463b-9dfc-5b9081186118',
  '7556e305-dabc-4e83-a788-c5c90c7c3ccc',
  '9db7520c-6881-4de3-9ec8-86be4c0694c6',
  'Classic Rattan Outdoor Swing Chair (Teak Wood, Charcoal Grey)',
  'OUT-TEA-0248',
  1,
  40500,
  5,
  2025,
  38475
);
INSERT INTO payments (id, invoice_id, method, amount, reference, created_at) VALUES ('96b725ea-c524-4e89-875f-41c5a7eccf7a', '7556e305-dabc-4e83-a788-c5c90c7c3ccc', 'card', 47470, 'TXN-SPLIT-CARD', '2026-05-05T08:15:00.000Z');
INSERT INTO payments (id, invoice_id, method, amount, reference, created_at) VALUES ('020c2b2a-397e-402e-89ae-630d874c95b3', '7556e305-dabc-4e83-a788-c5c90c7c3ccc', 'upi', 71205, 'TXN-SPLIT-UPI', '2026-05-05T08:15:00.000Z');

-- Invoice TF-1132
INSERT INTO invoices (id, store_id, invoice_number, customer_name, customer_phone, customer_address, subtotal, discount_amount, delivery_charge, installation_charge, round_off, grand_total, payment_method, payment_status, created_by, created_at)
VALUES (
  'eabdfcb9-bc78-45ed-9fd5-8766430594bc',
  '29f4e073-bc1d-4071-ae3a-c8718a90f998',
  'TF-1132',
  'Guest',
  '',
  '',
  365000,
  0,
  0,
  0,
  0,
  365000,
  'bank_transfer',
  'completed',
  '33333333-3333-4333-a333-333333333333',
  '2026-05-05T09:13:00.000Z'
);
INSERT INTO invoice_items (id, invoice_id, product_id, product_name, sku, quantity, unit_price, discount_percent, discount_amount, line_total)
VALUES (
  '341be3fa-d96b-4a77-ad6c-195d5080e56f',
  'eabdfcb9-bc78-45ed-9fd5-8766430594bc',
  'b7ccc90e-8841-40bc-bdd5-ea6ce759dba4',
  'Comfort Manual Rocking Recliner Lounge Chair (Engineered Wood, Ivory White)',
  'REC-ENG-0240',
  1,
  20000,
  5,
  1000,
  19000
);
INSERT INTO invoice_items (id, invoice_id, product_id, product_name, sku, quantity, unit_price, discount_percent, discount_amount, line_total)
VALUES (
  'c97c92cf-8ca4-40db-ba02-db335f79c0b5',
  'eabdfcb9-bc78-45ed-9fd5-8766430594bc',
  '9d4a4395-88b4-47c2-8523-e76b3b5587e8',
  'Royal Modular 4-Door Wardrobe (Oak Wood, Walnut Brown)',
  'WAR-OAK-0143',
  2,
  118500,
  0,
  0,
  237000
);
INSERT INTO invoice_items (id, invoice_id, product_id, product_name, sku, quantity, unit_price, discount_percent, discount_amount, line_total)
VALUES (
  '7ca1854b-ab36-4bc9-8f00-969249b743e2',
  'eabdfcb9-bc78-45ed-9fd5-8766430594bc',
  '0fd1f89f-28d1-4530-a20f-30e848b85844',
  'Modern 3-Seater Sofa (Sheesham Wood, Teak Finish)',
  'SOF-SHE-0016',
  1,
  66000,
  0,
  0,
  66000
);
INSERT INTO invoice_items (id, invoice_id, product_id, product_name, sku, quantity, unit_price, discount_percent, discount_amount, line_total)
VALUES (
  '123025cd-2baa-4ee5-8619-8edac964da54',
  'eabdfcb9-bc78-45ed-9fd5-8766430594bc',
  '9f572dd5-cbbe-4acf-b7c6-cd9904cfeaf4',
  'Luxurious 2-Door Sliding Wardrobe (Engineered Wood, Ebony Black)',
  'WAR-ENG-0142',
  2,
  21500,
  0,
  0,
  43000
);
INSERT INTO payments (id, invoice_id, method, amount, reference, created_at) VALUES ('cdd38a44-3b9c-4051-8388-3a206361da47', 'eabdfcb9-bc78-45ed-9fd5-8766430594bc', 'bank_transfer', 365000, 'TXN-TF-1132', '2026-05-05T09:13:00.000Z');

-- Invoice TF-1133
INSERT INTO invoices (id, store_id, invoice_number, customer_name, customer_phone, customer_address, subtotal, discount_amount, delivery_charge, installation_charge, round_off, grand_total, payment_method, payment_status, created_by, created_at)
VALUES (
  'a23f91fb-49a1-4cc8-8878-9d13ecb6d06a',
  '29f4e073-bc1d-4071-ae3a-c8718a90f998',
  'TF-1133',
  'Ramesh Chandra 167',
  '9862579640',
  'H.No. 91, Gali No. 3, Colony Road, Visakhapatnam, Andhra Pradesh',
  56900,
  0,
  0,
  0,
  0,
  56900,
  'card',
  'completed',
  '22222222-2222-4222-a222-222222222222',
  '2026-05-05T13:23:00.000Z'
);
INSERT INTO invoice_items (id, invoice_id, product_id, product_name, sku, quantity, unit_price, discount_percent, discount_amount, line_total)
VALUES (
  'b926202a-fada-4342-820e-2e0d6e076d20',
  'a23f91fb-49a1-4cc8-8878-9d13ecb6d06a',
  '8d07e729-4a68-4596-baa0-70c120e00461',
  'Royal Compact Student Desk (Sheesham Wood, Teak Finish)',
  'STU-SHE-0177',
  1,
  22000,
  5,
  1100,
  20900
);
INSERT INTO invoice_items (id, invoice_id, product_id, product_name, sku, quantity, unit_price, discount_percent, discount_amount, line_total)
VALUES (
  '302ffbc7-bada-4f87-9ffe-f2f93c343420',
  'a23f91fb-49a1-4cc8-8878-9d13ecb6d06a',
  '1911edb0-4fb5-49db-a8d9-b30659cd18d4',
  'Royal Storage Trunk Coffee Table (Oak Wood, Walnut Brown)',
  'COF-OAK-0123',
  2,
  6000,
  0,
  0,
  12000
);
INSERT INTO invoice_items (id, invoice_id, product_id, product_name, sku, quantity, unit_price, discount_percent, discount_amount, line_total)
VALUES (
  'f35e69f7-4995-413b-a9a2-da4028b3b37f',
  'a23f91fb-49a1-4cc8-8878-9d13ecb6d06a',
  'd1bfa1d2-939f-437f-a810-2b16376ba4a8',
  'Luxurious Orthopedic Memory Foam Mattress (Teak Wood, Teak Finish)',
  'MAT-TEA-0184',
  1,
  24000,
  0,
  0,
  24000
);
INSERT INTO payments (id, invoice_id, method, amount, reference, created_at) VALUES ('85e68b8e-fc84-48cc-885d-807e595daa9d', 'a23f91fb-49a1-4cc8-8878-9d13ecb6d06a', 'card', 56900, 'TXN-TF-1133', '2026-05-05T13:23:00.000Z');

-- Invoice TF-1134
INSERT INTO invoices (id, store_id, invoice_number, customer_name, customer_phone, customer_address, subtotal, discount_amount, delivery_charge, installation_charge, round_off, grand_total, payment_method, payment_status, created_by, created_at)
VALUES (
  'f7f3a467-d119-47ad-9157-af238f451d10',
  '29f4e073-bc1d-4071-ae3a-c8718a90f998',
  'TF-1134',
  'Rahul Verma 166',
  '9839448058',
  'H.No. 90, Gali No. 2, Colony Road, Vijayawada, Andhra Pradesh',
  44875,
  0,
  0,
  0,
  0,
  44875,
  'upi',
  'completed',
  '11111111-1111-4111-a111-111111111111',
  '2026-05-06T05:23:00.000Z'
);
INSERT INTO invoice_items (id, invoice_id, product_id, product_name, sku, quantity, unit_price, discount_percent, discount_amount, line_total)
VALUES (
  '2cd886d9-dd6b-4aa5-a786-7de8fa39cf7e',
  'f7f3a467-d119-47ad-9157-af238f451d10',
  'aabd3d3c-81bf-41ca-97c5-417d512c2000',
  'Premium Ergonomic Task Chair (Mahogany, Walnut Brown)',
  'OFF-MAH-0089',
  1,
  32500,
  5,
  1625,
  30875
);
INSERT INTO invoice_items (id, invoice_id, product_id, product_name, sku, quantity, unit_price, discount_percent, discount_amount, line_total)
VALUES (
  '2d636265-f79d-40f6-927f-a701c43eb7be',
  'f7f3a467-d119-47ad-9157-af238f451d10',
  '5c01fcaa-b59d-4ee2-8c81-400342c9a9da',
  'Comfort Multi-drawer Utility Cabinet (Oak Wood, Teak Finish)',
  'STO-OAK-0261',
  2,
  7000,
  0,
  0,
  14000
);
INSERT INTO payments (id, invoice_id, method, amount, reference, created_at) VALUES ('12560125-2051-4040-ac1d-d547827d031b', 'f7f3a467-d119-47ad-9157-af238f451d10', 'upi', 44875, 'TXN-TF-1134', '2026-05-06T05:23:00.000Z');

-- Invoice TF-1135
INSERT INTO invoices (id, store_id, invoice_number, customer_name, customer_phone, customer_address, subtotal, discount_amount, delivery_charge, installation_charge, round_off, grand_total, payment_method, payment_status, created_by, created_at)
VALUES (
  '49eefc19-1823-4462-82c8-074eb1d950e9',
  '29f4e073-bc1d-4071-ae3a-c8718a90f998',
  'TF-1135',
  'Priya Pillai 165',
  '9845887634',
  'H.No. 89, Gali No. 1, Colony Road, Chennai, Tamil Nadu',
  9975,
  0,
  0,
  0,
  0,
  9975,
  'cash',
  'completed',
  '33333333-3333-4333-a333-333333333333',
  '2026-05-06T12:00:00.000Z'
);
INSERT INTO invoice_items (id, invoice_id, product_id, product_name, sku, quantity, unit_price, discount_percent, discount_amount, line_total)
VALUES (
  '262b6d36-8f4f-4fa7-8bfd-2a901c552480',
  '49eefc19-1823-4462-82c8-074eb1d950e9',
  '0a7e4b67-6321-4356-8ca2-1d6e897aee14',
  'Heritage 5-Tier Open Bookshelf Console (Sheesham Wood, Ebony Black)',
  'BOO-SHE-0300',
  1,
  10500,
  5,
  525,
  9975
);
INSERT INTO payments (id, invoice_id, method, amount, reference, created_at) VALUES ('16801dec-3ac4-4fcc-a515-db60664a8709', '49eefc19-1823-4462-82c8-074eb1d950e9', 'cash', 9975, 'TXN-TF-1135', '2026-05-06T12:00:00.000Z');

-- Invoice TF-1136
INSERT INTO invoices (id, store_id, invoice_number, customer_name, customer_phone, customer_address, subtotal, discount_amount, delivery_charge, installation_charge, round_off, grand_total, payment_method, payment_status, created_by, created_at)
VALUES (
  '89a40a88-18e1-4811-871f-4ef1778013d7',
  '29f4e073-bc1d-4071-ae3a-c8718a90f998',
  'TF-1136',
  'Guest',
  '',
  '',
  361775,
  0,
  1200,
  0,
  0,
  362975,
  'split',
  'completed',
  '22222222-2222-4222-a222-222222222222',
  '2026-05-06T12:24:00.000Z'
);
INSERT INTO invoice_items (id, invoice_id, product_id, product_name, sku, quantity, unit_price, discount_percent, discount_amount, line_total)
VALUES (
  '082752b6-7aaa-42e7-b9aa-352f0bb12771',
  '89a40a88-18e1-4811-871f-4ef1778013d7',
  'a368cbb3-53c0-4fae-b6ec-f32a581d4f7a',
  'Modern 4-Seater Glass Top Dining Table (Sheesham Wood, Ivory White)',
  'DIN-SHE-0042',
  1,
  24000,
  5,
  1200,
  22800
);
INSERT INTO invoice_items (id, invoice_id, product_id, product_name, sku, quantity, unit_price, discount_percent, discount_amount, line_total)
VALUES (
  'f92ae795-4e0a-4f34-94fe-671093820c95',
  '89a40a88-18e1-4811-871f-4ef1778013d7',
  '03b4a8ea-a727-4547-a037-7cb2828bd872',
  'Comfort Mesh Medium-Back Office Chair (Mahogany, Charcoal Grey)',
  'OFF-MAH-0095',
  2,
  28500,
  0,
  0,
  57000
);
INSERT INTO invoice_items (id, invoice_id, product_id, product_name, sku, quantity, unit_price, discount_percent, discount_amount, line_total)
VALUES (
  '473c2ea1-2721-4e17-8d4a-2a9427c7d304',
  '89a40a88-18e1-4811-871f-4ef1778013d7',
  '96113491-acab-4db5-90a3-8fc4e240b7f6',
  'Royal Recliner Sofa (Oak Wood, Ocean Blue)',
  'SOF-OAK-0003',
  1,
  79000,
  0,
  0,
  79000
);
INSERT INTO invoice_items (id, invoice_id, product_id, product_name, sku, quantity, unit_price, discount_percent, discount_amount, line_total)
VALUES (
  'cd26c6f7-36f6-4b6e-828b-328ba90bbfe4',
  '89a40a88-18e1-4811-871f-4ef1778013d7',
  'a020b182-141b-464e-a7d1-8d966e6512a1',
  'Luxurious Sofa Cum Bed (Sheesham Wood, Ocean Blue)',
  'SOF-SHE-0005',
  2,
  96500,
  0,
  0,
  193000
);
INSERT INTO invoice_items (id, invoice_id, product_id, product_name, sku, quantity, unit_price, discount_percent, discount_amount, line_total)
VALUES (
  'b76f944c-5715-43ce-be68-dfb36d82bddb',
  '89a40a88-18e1-4811-871f-4ef1778013d7',
  'c6c9baff-b6c0-4b26-840b-5ebd9022835d',
  'Royal 6-Drawer Wide Dresser chest (Mahogany, Charcoal Grey)',
  'DRE-MAH-0212',
  1,
  10500,
  5,
  525,
  9975
);
INSERT INTO payments (id, invoice_id, method, amount, reference, created_at) VALUES ('63126537-e347-42b1-9705-3f596489e9bf', '89a40a88-18e1-4811-871f-4ef1778013d7', 'card', 145190, 'TXN-SPLIT-CARD', '2026-05-06T12:24:00.000Z');
INSERT INTO payments (id, invoice_id, method, amount, reference, created_at) VALUES ('283e9d44-885f-457f-8e47-34c58475f2d0', '89a40a88-18e1-4811-871f-4ef1778013d7', 'upi', 217785, 'TXN-SPLIT-UPI', '2026-05-06T12:24:00.000Z');

-- Invoice TF-1137
INSERT INTO invoices (id, store_id, invoice_number, customer_name, customer_phone, customer_address, subtotal, discount_amount, delivery_charge, installation_charge, round_off, grand_total, payment_method, payment_status, created_by, created_at)
VALUES (
  '62d7a6e9-cd50-432c-8676-6fa5bee89e1d',
  '29f4e073-bc1d-4071-ae3a-c8718a90f998',
  'TF-1137',
  'Neha Deshmukh 163',
  '9881533659',
  'H.No. 87, Gali No. 4, Colony Road, Secunderabad, Telangana',
  214500,
  0,
  0,
  0,
  0,
  214500,
  'bank_transfer',
  'completed',
  '11111111-1111-4111-a111-111111111111',
  '2026-05-06T10:56:00.000Z'
);
INSERT INTO invoice_items (id, invoice_id, product_id, product_name, sku, quantity, unit_price, discount_percent, discount_amount, line_total)
VALUES (
  'dd892a6c-5c8c-4c70-9f0f-04940627d9af',
  '62d7a6e9-cd50-432c-8676-6fa5bee89e1d',
  '1ffc0d53-7cbf-4a45-9195-85b74571e2a3',
  'Heritage Garden Patio Bistro Set (Rose Wood, Ivory White)',
  'OUT-ROS-0256',
  1,
  20000,
  5,
  1000,
  19000
);
INSERT INTO invoice_items (id, invoice_id, product_id, product_name, sku, quantity, unit_price, discount_percent, discount_amount, line_total)
VALUES (
  '4196246a-c905-4bcd-8071-4e6c233f4098',
  '62d7a6e9-cd50-432c-8676-6fa5bee89e1d',
  '565ae41d-77f4-4e7b-9327-33d684cb45de',
  'Imperial Compact Dresser Cabinet (Teak Wood, Teak Finish)',
  'DRE-TEA-0208',
  2,
  10500,
  0,
  0,
  21000
);
INSERT INTO invoice_items (id, invoice_id, product_id, product_name, sku, quantity, unit_price, discount_percent, discount_amount, line_total)
VALUES (
  'ed414f17-6aa2-4b25-8d8c-fcc1d2e1f8c0',
  '62d7a6e9-cd50-432c-8676-6fa5bee89e1d',
  'c15172cd-9d83-4a72-877a-c120dd8d1b38',
  'Royal Dressing Table with LED Mirror (Engineered Wood, Teak Finish)',
  'DRE-ENG-0216',
  1,
  16500,
  0,
  0,
  16500
);
INSERT INTO invoice_items (id, invoice_id, product_id, product_name, sku, quantity, unit_price, discount_percent, discount_amount, line_total)
VALUES (
  'ddc24767-2933-4b06-86c4-95265ad7458e',
  '62d7a6e9-cd50-432c-8676-6fa5bee89e1d',
  '96113491-acab-4db5-90a3-8fc4e240b7f6',
  'Royal Recliner Sofa (Oak Wood, Ocean Blue)',
  'SOF-OAK-0003',
  2,
  79000,
  0,
  0,
  158000
);
INSERT INTO payments (id, invoice_id, method, amount, reference, created_at) VALUES ('8ddcfb98-ae33-4c05-b45a-25f0c3964672', '62d7a6e9-cd50-432c-8676-6fa5bee89e1d', 'bank_transfer', 214500, 'TXN-TF-1137', '2026-05-06T10:56:00.000Z');

-- Invoice TF-1138
INSERT INTO invoices (id, store_id, invoice_number, customer_name, customer_phone, customer_address, subtotal, discount_amount, delivery_charge, installation_charge, round_off, grand_total, payment_method, payment_status, created_by, created_at)
VALUES (
  '6b88b3aa-8b8a-4b45-a2b3-8fb2113252e4',
  '29f4e073-bc1d-4071-ae3a-c8718a90f998',
  'TF-1138',
  'Manoj Gowda 162',
  '9824922628',
  'H.No. 86, Gali No. 3, Colony Road, Hyderabad, Telangana',
  96500,
  0,
  0,
  0,
  0,
  96500,
  'card',
  'completed',
  '33333333-3333-4333-a333-333333333333',
  '2026-05-06T08:35:00.000Z'
);
INSERT INTO invoice_items (id, invoice_id, product_id, product_name, sku, quantity, unit_price, discount_percent, discount_amount, line_total)
VALUES (
  '4ffdccae-e056-47d5-8465-8857aa9807c7',
  '6b88b3aa-8b8a-4b45-a2b3-8fb2113252e4',
  '1a0955b9-fd9c-4c64-b0f8-57b92b6ea77d',
  'Classic Pocket Spring Premium Mattress (Mahogany, Ebony Black)',
  'MAT-MAH-0191',
  1,
  10000,
  5,
  500,
  9500
);
INSERT INTO invoice_items (id, invoice_id, product_id, product_name, sku, quantity, unit_price, discount_percent, discount_amount, line_total)
VALUES (
  '1906513d-69c3-4e9c-b1f1-21a45cd78815',
  '6b88b3aa-8b8a-4b45-a2b3-8fb2113252e4',
  '08268210-083f-460e-a5ba-412e3d59cc4c',
  'Modern Compact Dresser Cabinet (Sheesham Wood, Crimson Red)',
  'DRE-SHE-0220',
  2,
  22000,
  0,
  0,
  44000
);
INSERT INTO invoice_items (id, invoice_id, product_id, product_name, sku, quantity, unit_price, discount_percent, discount_amount, line_total)
VALUES (
  '57db9d39-b229-4e71-917b-7c750dd09bc3',
  '6b88b3aa-8b8a-4b45-a2b3-8fb2113252e4',
  'ef85eb68-37c4-473c-a529-f2c5a38bfe9c',
  'Comfort Marble Top Dining Table (Teak Wood, Walnut Brown)',
  'DIN-TEA-0043',
  1,
  43000,
  0,
  0,
  43000
);
INSERT INTO payments (id, invoice_id, method, amount, reference, created_at) VALUES ('fcf02f07-fb31-4f0c-9a74-40b931d3203b', '6b88b3aa-8b8a-4b45-a2b3-8fb2113252e4', 'card', 96500, 'TXN-TF-1138', '2026-05-06T08:35:00.000Z');

-- Invoice TF-1139
INSERT INTO invoices (id, store_id, invoice_number, customer_name, customer_phone, customer_address, subtotal, discount_amount, delivery_charge, installation_charge, round_off, grand_total, payment_method, payment_status, created_by, created_at)
VALUES (
  '3ea1313e-bf56-4acb-b27b-d0f996c82878',
  '29f4e073-bc1d-4071-ae3a-c8718a90f998',
  'TF-1139',
  'Kavitha Hegde 161',
  '9842920655',
  'H.No. 85, Gali No. 2, Colony Road, Visakhapatnam, Andhra Pradesh',
  40850,
  0,
  0,
  0,
  0,
  40850,
  'upi',
  'completed',
  '22222222-2222-4222-a222-222222222222',
  '2026-05-07T13:07:00.000Z'
);
INSERT INTO invoice_items (id, invoice_id, product_id, product_name, sku, quantity, unit_price, discount_percent, discount_amount, line_total)
VALUES (
  '1ea2407a-7650-43db-815f-7960abbf440d',
  '3ea1313e-bf56-4acb-b27b-d0f996c82878',
  '7ebe0fab-8fbb-4849-a3a4-bc98d3be315b',
  'Royal Compact Dresser Cabinet (Teak Wood, Teak Finish)',
  'DRE-TEA-0202',
  1,
  23000,
  5,
  1150,
  21850
);
INSERT INTO invoice_items (id, invoice_id, product_id, product_name, sku, quantity, unit_price, discount_percent, discount_amount, line_total)
VALUES (
  '42513bfd-cc3e-41d6-ada8-8818911d0751',
  '3ea1313e-bf56-4acb-b27b-d0f996c82878',
  'd016867f-446b-4b95-b58b-d1e2a6e1cb10',
  'Royal High Back Chair (Oak Wood, Charcoal Grey)',
  'DIN-OAK-0079',
  2,
  9500,
  0,
  0,
  19000
);
INSERT INTO payments (id, invoice_id, method, amount, reference, created_at) VALUES ('bd9e361e-a001-4c34-8576-aa457a120a9f', '3ea1313e-bf56-4acb-b27b-d0f996c82878', 'upi', 40850, 'TXN-TF-1139', '2026-05-07T13:07:00.000Z');

-- Invoice TF-1140
INSERT INTO invoices (id, store_id, invoice_number, customer_name, customer_phone, customer_address, subtotal, discount_amount, delivery_charge, installation_charge, round_off, grand_total, payment_method, payment_status, created_by, created_at)
VALUES (
  'bdc394e3-2d21-46cb-b973-e249369d00c3',
  '29f4e073-bc1d-4071-ae3a-c8718a90f998',
  'TF-1140',
  'Guest',
  '',
  '',
  93100,
  2793,
  0,
  500,
  0,
  90807,
  'cash',
  'completed',
  '11111111-1111-4111-a111-111111111111',
  '2026-05-07T15:06:00.000Z'
);
INSERT INTO invoice_items (id, invoice_id, product_id, product_name, sku, quantity, unit_price, discount_percent, discount_amount, line_total)
VALUES (
  '397116ee-9496-4daf-a6d0-d213258b0c82',
  'bdc394e3-2d21-46cb-b973-e249369d00c3',
  '466e196d-8bba-44fa-8cc1-3b2b5a487d8e',
  'Luxurious 2-Door Sliding Wardrobe (Oak Wood, Ebony Black)',
  'WAR-OAK-0150',
  1,
  98000,
  5,
  4900,
  93100
);
INSERT INTO payments (id, invoice_id, method, amount, reference, created_at) VALUES ('e8fb369e-5b7a-42fe-bdfa-b79eda766dfd', 'bdc394e3-2d21-46cb-b973-e249369d00c3', 'cash', 90807, 'TXN-TF-1140', '2026-05-07T15:06:00.000Z');

-- Invoice TF-1141
INSERT INTO invoices (id, store_id, invoice_number, customer_name, customer_phone, customer_address, subtotal, discount_amount, delivery_charge, installation_charge, round_off, grand_total, payment_method, payment_status, created_by, created_at)
VALUES (
  'afe9a9a0-e362-4fbd-8c21-6292fca10b47',
  '29f4e073-bc1d-4071-ae3a-c8718a90f998',
  'TF-1141',
  'Jyoti Prasad 159',
  '9831942494',
  'H.No. 83, Gali No. 5, Colony Road, Chennai, Tamil Nadu',
  382200,
  0,
  0,
  0,
  0,
  382200,
  'split',
  'completed',
  '33333333-3333-4333-a333-333333333333',
  '2026-05-07T04:45:00.000Z'
);
INSERT INTO invoice_items (id, invoice_id, product_id, product_name, sku, quantity, unit_price, discount_percent, discount_amount, line_total)
VALUES (
  '26ee117e-b9a7-4589-ba50-208afa44fe5c',
  'afe9a9a0-e362-4fbd-8c21-6292fca10b47',
  '8bccf5ee-498a-43f4-b17b-4ce046652fd3',
  'Luxurious Compact Dresser Cabinet (Oak Wood, Ocean Blue)',
  'DRE-OAK-0205',
  1,
  17500,
  5,
  875,
  16625
);
INSERT INTO invoice_items (id, invoice_id, product_id, product_name, sku, quantity, unit_price, discount_percent, discount_amount, line_total)
VALUES (
  'd532f452-04d9-4fa9-9dbf-2fd3d9e5a866',
  'afe9a9a0-e362-4fbd-8c21-6292fca10b47',
  '0fd1f89f-28d1-4530-a20f-30e848b85844',
  'Modern 3-Seater Sofa (Sheesham Wood, Teak Finish)',
  'SOF-SHE-0016',
  2,
  66000,
  0,
  0,
  132000
);
INSERT INTO invoice_items (id, invoice_id, product_id, product_name, sku, quantity, unit_price, discount_percent, discount_amount, line_total)
VALUES (
  '1d290818-dd44-4c01-b664-21cb78f59b31',
  'afe9a9a0-e362-4fbd-8c21-6292fca10b47',
  '9207f17d-d6b1-4d88-bf9c-e69d0dc30b30',
  'Premium Single Bed (Mahogany, Walnut Brown)',
  'BED-MAH-0023',
  1,
  92500,
  0,
  0,
  92500
);
INSERT INTO invoice_items (id, invoice_id, product_id, product_name, sku, quantity, unit_price, discount_percent, discount_amount, line_total)
VALUES (
  'eeae2da9-190a-4cf0-b03a-affa7a188a4a',
  'afe9a9a0-e362-4fbd-8c21-6292fca10b47',
  '8f73e299-b8fd-4c1a-b2be-ab67ea0c8fce',
  'Imperial Wooden Sun Lounger Bed (Oak Wood, Teak Finish)',
  'OUT-OAK-0249',
  2,
  28500,
  0,
  0,
  57000
);
INSERT INTO invoice_items (id, invoice_id, product_id, product_name, sku, quantity, unit_price, discount_percent, discount_amount, line_total)
VALUES (
  'c4dbe5e9-f711-40e2-aaea-b1facaf52c27',
  'afe9a9a0-e362-4fbd-8c21-6292fca10b47',
  'd592303c-95ab-40b8-80dd-b41558eee2be',
  'Modern Open Walk-in Closet Organizer (Engineered Wood, Warm Beige)',
  'WAR-ENG-0152',
  1,
  88500,
  5,
  4425,
  84075
);
INSERT INTO payments (id, invoice_id, method, amount, reference, created_at) VALUES ('d66e498d-b78e-420d-9ec6-3afac138fe87', 'afe9a9a0-e362-4fbd-8c21-6292fca10b47', 'card', 152880, 'TXN-SPLIT-CARD', '2026-05-07T04:45:00.000Z');
INSERT INTO payments (id, invoice_id, method, amount, reference, created_at) VALUES ('26460b15-073f-4a53-bcf9-668ab0ccf7c7', 'afe9a9a0-e362-4fbd-8c21-6292fca10b47', 'upi', 229320, 'TXN-SPLIT-UPI', '2026-05-07T04:45:00.000Z');

-- Invoice TF-1142
INSERT INTO invoices (id, store_id, invoice_number, customer_name, customer_phone, customer_address, subtotal, discount_amount, delivery_charge, installation_charge, round_off, grand_total, payment_method, payment_status, created_by, created_at)
VALUES (
  '7c753027-69c2-4b23-be18-95d9385ae881',
  '29f4e073-bc1d-4071-ae3a-c8718a90f998',
  'TF-1142',
  'Ishaan Gupta 158',
  '9839844892',
  'H.No. 82, Gali No. 4, Colony Road, Bangalore, Karnataka',
  163975,
  0,
  0,
  0,
  0,
  163975,
  'bank_transfer',
  'completed',
  '22222222-2222-4222-a222-222222222222',
  '2026-05-07T04:32:00.000Z'
);
INSERT INTO invoice_items (id, invoice_id, product_id, product_name, sku, quantity, unit_price, discount_percent, discount_amount, line_total)
VALUES (
  '79359343-9a01-4d74-93a2-2ab60db41a7b',
  '7c753027-69c2-4b23-be18-95d9385ae881',
  '0a7e4b67-6321-4356-8ca2-1d6e897aee14',
  'Heritage 5-Tier Open Bookshelf Console (Sheesham Wood, Ebony Black)',
  'BOO-SHE-0300',
  1,
  10500,
  5,
  525,
  9975
);
INSERT INTO invoice_items (id, invoice_id, product_id, product_name, sku, quantity, unit_price, discount_percent, discount_amount, line_total)
VALUES (
  '6c090e47-dd2f-4058-aa59-ac9191c5c9c1',
  '7c753027-69c2-4b23-be18-95d9385ae881',
  'd72e3e5d-1eda-47f2-83c5-c2487d3f2b2b',
  'Luxurious Massage Recliner Chair (Engineered Wood, Ebony Black)',
  'REC-ENG-0238',
  2,
  52000,
  0,
  0,
  104000
);
INSERT INTO invoice_items (id, invoice_id, product_id, product_name, sku, quantity, unit_price, discount_percent, discount_amount, line_total)
VALUES (
  'f447ea13-df6b-422c-a5ad-aab278f9db8b',
  '7c753027-69c2-4b23-be18-95d9385ae881',
  'dac7e591-f2c0-4dfe-9b77-54d1d0e28210',
  'Heritage Floor Standing TV Console (Rose Wood, Teak Finish)',
  'TV -ROS-0102',
  1,
  33000,
  0,
  0,
  33000
);
INSERT INTO invoice_items (id, invoice_id, product_id, product_name, sku, quantity, unit_price, discount_percent, discount_amount, line_total)
VALUES (
  '7928bcf2-7cfa-4876-929b-b5445affcf8a',
  '7c753027-69c2-4b23-be18-95d9385ae881',
  '15d86dcb-5df7-40ea-8d9a-ef921e8afc7f',
  'Luxurious Wooden Sideboard Credenza (Teak Wood, Charcoal Grey)',
  'STO-TEA-0266',
  2,
  8500,
  0,
  0,
  17000
);
INSERT INTO payments (id, invoice_id, method, amount, reference, created_at) VALUES ('aa413059-c7e3-4480-be4a-3bd21c817ac4', '7c753027-69c2-4b23-be18-95d9385ae881', 'bank_transfer', 163975, 'TXN-TF-1142', '2026-05-07T04:32:00.000Z');

-- Invoice TF-1143
INSERT INTO invoices (id, store_id, invoice_number, customer_name, customer_phone, customer_address, subtotal, discount_amount, delivery_charge, installation_charge, round_off, grand_total, payment_method, payment_status, created_by, created_at)
VALUES (
  '53d5838c-0d4e-4752-b065-af19e0ed0e45',
  '29f4e073-bc1d-4071-ae3a-c8718a90f998',
  'TF-1143',
  'Harish Rao 157',
  '9818539764',
  'H.No. 81, Gali No. 3, Colony Road, Secunderabad, Telangana',
  161100,
  0,
  1200,
  0,
  0,
  162300,
  'card',
  'completed',
  '11111111-1111-4111-a111-111111111111',
  '2026-05-07T12:52:00.000Z'
);
INSERT INTO invoice_items (id, invoice_id, product_id, product_name, sku, quantity, unit_price, discount_percent, discount_amount, line_total)
VALUES (
  '659712b9-fb49-403a-8e9b-7818eee7101d',
  '53d5838c-0d4e-4752-b065-af19e0ed0e45',
  '7e92cf55-0bd4-4ad7-979a-0fe86acf3799',
  'Heritage Rattan Accent Chair (Mahogany, Ocean Blue)',
  'DIN-MAH-0068',
  1,
  8000,
  5,
  400,
  7600
);
INSERT INTO invoice_items (id, invoice_id, product_id, product_name, sku, quantity, unit_price, discount_percent, discount_amount, line_total)
VALUES (
  '3fdfa2c7-db43-49ef-84e2-6bfb3f3fc0d6',
  '53d5838c-0d4e-4752-b065-af19e0ed0e45',
  '7840be5e-2be3-467f-a7e7-f6e36356b392',
  'Heritage Garden Patio Bistro Set (Oak Wood, Ebony Black)',
  'OUT-OAK-0244',
  2,
  25000,
  0,
  0,
  50000
);
INSERT INTO invoice_items (id, invoice_id, product_id, product_name, sku, quantity, unit_price, discount_percent, discount_amount, line_total)
VALUES (
  '4b43f5bc-3571-4929-8c5b-4db4dcbea52d',
  '53d5838c-0d4e-4752-b065-af19e0ed0e45',
  '1280de43-e6cc-42f2-98a3-76c7934f4b5c',
  'Comfort Marble Top Dining Table (Rose Wood, Ebony Black)',
  'DIN-ROS-0047',
  1,
  103500,
  0,
  0,
  103500
);
INSERT INTO payments (id, invoice_id, method, amount, reference, created_at) VALUES ('49058f0f-8b28-48a3-befb-c4c9b36e6286', '53d5838c-0d4e-4752-b065-af19e0ed0e45', 'card', 162300, 'TXN-TF-1143', '2026-05-07T12:52:00.000Z');

-- Invoice TF-1144
INSERT INTO invoices (id, store_id, invoice_number, customer_name, customer_phone, customer_address, subtotal, discount_amount, delivery_charge, installation_charge, round_off, grand_total, payment_method, payment_status, created_by, created_at)
VALUES (
  '62e2f2f3-fdb4-495c-9013-8335e921c0fc',
  '29f4e073-bc1d-4071-ae3a-c8718a90f998',
  'TF-1144',
  'Guest',
  '',
  '',
  51075,
  0,
  0,
  0,
  0,
  51075,
  'upi',
  'completed',
  '33333333-3333-4333-a333-333333333333',
  '2026-05-07T08:45:00.000Z'
);
INSERT INTO invoice_items (id, invoice_id, product_id, product_name, sku, quantity, unit_price, discount_percent, discount_amount, line_total)
VALUES (
  '974ddba0-cddb-4fa3-ad1a-a6f9bfece882',
  '62e2f2f3-fdb4-495c-9013-8335e921c0fc',
  '799edafc-8805-4002-b273-a99da333aa00',
  'Premium Ladder Bookshelf Display Unit (Mahogany, Teak Finish)',
  'BOO-MAH-0299',
  1,
  8500,
  5,
  425,
  8075
);
INSERT INTO invoice_items (id, invoice_id, product_id, product_name, sku, quantity, unit_price, discount_percent, discount_amount, line_total)
VALUES (
  'fd20562c-3239-4eb6-b4ce-1ebdd10400db',
  '62e2f2f3-fdb4-495c-9013-8335e921c0fc',
  '8c52fb9b-dbb9-4364-9287-992138d747d6',
  'Imperial Dual Comfort Latex Mattress (Sheesham Wood, Crimson Red)',
  'MAT-SHE-0183',
  2,
  21500,
  0,
  0,
  43000
);
INSERT INTO payments (id, invoice_id, method, amount, reference, created_at) VALUES ('d77be2ee-6df8-4d7a-a4aa-03eef828380d', '62e2f2f3-fdb4-495c-9013-8335e921c0fc', 'upi', 51075, 'TXN-TF-1144', '2026-05-07T08:45:00.000Z');

-- Invoice TF-1145
INSERT INTO invoices (id, store_id, invoice_number, customer_name, customer_phone, customer_address, subtotal, discount_amount, delivery_charge, installation_charge, round_off, grand_total, payment_method, payment_status, created_by, created_at)
VALUES (
  '417a16f1-6978-4428-b2f2-89a781fcbbfd',
  '29f4e073-bc1d-4071-ae3a-c8718a90f998',
  'TF-1145',
  'Deepak Reddy 155',
  '9841858281',
  'H.No. 79, Gali No. 1, Colony Road, Visakhapatnam, Andhra Pradesh',
  5700,
  0,
  0,
  0,
  0,
  5700,
  'cash',
  'completed',
  '22222222-2222-4222-a222-222222222222',
  '2026-05-08T13:18:00.000Z'
);
INSERT INTO invoice_items (id, invoice_id, product_id, product_name, sku, quantity, unit_price, discount_percent, discount_amount, line_total)
VALUES (
  '3dda60ec-7c13-4244-b035-ffae757e3351',
  '417a16f1-6978-4428-b2f2-89a781fcbbfd',
  '1911edb0-4fb5-49db-a8d9-b30659cd18d4',
  'Royal Storage Trunk Coffee Table (Oak Wood, Walnut Brown)',
  'COF-OAK-0123',
  1,
  6000,
  5,
  300,
  5700
);
INSERT INTO payments (id, invoice_id, method, amount, reference, created_at) VALUES ('2976026c-1e67-4527-a908-9207b0ef0017', '417a16f1-6978-4428-b2f2-89a781fcbbfd', 'cash', 5700, 'TXN-TF-1145', '2026-05-08T13:18:00.000Z');

-- Invoice TF-1146
INSERT INTO invoices (id, store_id, invoice_number, customer_name, customer_phone, customer_address, subtotal, discount_amount, delivery_charge, installation_charge, round_off, grand_total, payment_method, payment_status, created_by, created_at)
VALUES (
  'f177fdb5-60ef-4861-8286-5660655acc8f',
  '29f4e073-bc1d-4071-ae3a-c8718a90f998',
  'TF-1146',
  'Arjun Rao 154',
  '9897921232',
  'H.No. 78, Gali No. 5, Colony Road, Vijayawada, Andhra Pradesh',
  222925,
  0,
  0,
  0,
  0,
  222925,
  'split',
  'completed',
  '11111111-1111-4111-a111-111111111111',
  '2026-05-08T09:38:00.000Z'
);
INSERT INTO invoice_items (id, invoice_id, product_id, product_name, sku, quantity, unit_price, discount_percent, discount_amount, line_total)
VALUES (
  '8c8140b9-cb80-43c4-88dd-cddfcd5936c7',
  'f177fdb5-60ef-4861-8286-5660655acc8f',
  '0793a00d-be8e-4b20-8c5a-53abf1fc26c5',
  'Classic Wall Folding Laptop Desk (Mahogany, Warm Beige)',
  'STU-MAH-0167',
  1,
  22500,
  5,
  1125,
  21375
);
INSERT INTO invoice_items (id, invoice_id, product_id, product_name, sku, quantity, unit_price, discount_percent, discount_amount, line_total)
VALUES (
  'a50c324a-5518-4811-9ce1-84a69c809921',
  'f177fdb5-60ef-4861-8286-5660655acc8f',
  '48c1d0bb-e99d-476f-a202-e963a97af61d',
  'Imperial Orthopedic Memory Foam Mattress (Mahogany, Teak Finish)',
  'MAT-MAH-0187',
  2,
  56500,
  0,
  0,
  113000
);
INSERT INTO invoice_items (id, invoice_id, product_id, product_name, sku, quantity, unit_price, discount_percent, discount_amount, line_total)
VALUES (
  '0354267c-d75b-4e72-b9ee-752865171883',
  'f177fdb5-60ef-4861-8286-5660655acc8f',
  '9825f632-103b-4099-bc2a-ac6abc48f3e4',
  'Premium Dressing Table with LED Mirror (Mahogany, Walnut Brown)',
  'DRE-MAH-0210',
  1,
  34500,
  0,
  0,
  34500
);
INSERT INTO invoice_items (id, invoice_id, product_id, product_name, sku, quantity, unit_price, discount_percent, discount_amount, line_total)
VALUES (
  'a0430f69-5b11-47be-9abb-2bc549bcfa07',
  'f177fdb5-60ef-4861-8286-5660655acc8f',
  'e9b65f20-afc6-4f19-9fc3-4c66b614b4c8',
  'Minimalist Ergonomic Task Chair (Teak Wood, Charcoal Grey)',
  'OFF-TEA-0097',
  2,
  18000,
  0,
  0,
  36000
);
INSERT INTO invoice_items (id, invoice_id, product_id, product_name, sku, quantity, unit_price, discount_percent, discount_amount, line_total)
VALUES (
  '3f1d2869-722f-4edd-a500-e8cbab6bf044',
  'f177fdb5-60ef-4861-8286-5660655acc8f',
  'bb0bd4e1-20da-459e-b27c-f27c0ee651fc',
  'Royal Multi-drawer Utility Cabinet (Oak Wood, Warm Beige)',
  'STO-OAK-0279',
  1,
  19000,
  5,
  950,
  18050
);
INSERT INTO payments (id, invoice_id, method, amount, reference, created_at) VALUES ('14352c48-f36a-475d-88a3-5d95932b6afe', 'f177fdb5-60ef-4861-8286-5660655acc8f', 'card', 89170, 'TXN-SPLIT-CARD', '2026-05-08T09:38:00.000Z');
INSERT INTO payments (id, invoice_id, method, amount, reference, created_at) VALUES ('a3e6d89e-b1a0-4ddc-9525-9c15b71769e1', 'f177fdb5-60ef-4861-8286-5660655acc8f', 'upi', 133755, 'TXN-SPLIT-UPI', '2026-05-08T09:38:00.000Z');

-- Invoice TF-1147
INSERT INTO invoices (id, store_id, invoice_number, customer_name, customer_phone, customer_address, subtotal, discount_amount, delivery_charge, installation_charge, round_off, grand_total, payment_method, payment_status, created_by, created_at)
VALUES (
  'a17265b4-8987-491b-b7f0-ae8809d8e7e7',
  '29f4e073-bc1d-4071-ae3a-c8718a90f998',
  'TF-1147',
  'Ananya Iyer 153',
  '9888325668',
  'H.No. 77, Gali No. 4, Colony Road, Chennai, Tamil Nadu',
  375900,
  0,
  0,
  0,
  0,
  375900,
  'bank_transfer',
  'completed',
  '33333333-3333-4333-a333-333333333333',
  '2026-05-08T11:40:00.000Z'
);
INSERT INTO invoice_items (id, invoice_id, product_id, product_name, sku, quantity, unit_price, discount_percent, discount_amount, line_total)
VALUES (
  '2f76ebb0-23b4-4a55-9044-61af8e7f9683',
  'a17265b4-8987-491b-b7f0-ae8809d8e7e7',
  'ee99f9f7-63f9-4a30-928c-91b9e66f6c58',
  'Minimalist High Back Chair (Rose Wood, Warm Beige)',
  'DIN-ROS-0067',
  1,
  12000,
  5,
  600,
  11400
);
INSERT INTO invoice_items (id, invoice_id, product_id, product_name, sku, quantity, unit_price, discount_percent, discount_amount, line_total)
VALUES (
  '6a699485-7df2-462b-b574-527a6aa1cece',
  'a17265b4-8987-491b-b7f0-ae8809d8e7e7',
  'ec134a51-3e2c-4b12-9bfc-4867ba09c6a5',
  'Heritage 4-Seater Glass Top Dining Table (Engineered Wood, Walnut Brown)',
  'DIN-ENG-0058',
  2,
  88500,
  0,
  0,
  177000
);
INSERT INTO invoice_items (id, invoice_id, product_id, product_name, sku, quantity, unit_price, discount_percent, discount_amount, line_total)
VALUES (
  'ca42de39-bde1-4f09-a7b5-f9d17e702bcc',
  'a17265b4-8987-491b-b7f0-ae8809d8e7e7',
  '0793a00d-be8e-4b20-8c5a-53abf1fc26c5',
  'Classic Wall Folding Laptop Desk (Mahogany, Warm Beige)',
  'STU-MAH-0167',
  1,
  22500,
  0,
  0,
  22500
);
INSERT INTO invoice_items (id, invoice_id, product_id, product_name, sku, quantity, unit_price, discount_percent, discount_amount, line_total)
VALUES (
  '80a9eee8-927e-4a13-81eb-4b7c3781ba20',
  'a17265b4-8987-491b-b7f0-ae8809d8e7e7',
  '6ce1e169-d77c-4d4e-aa9a-60a4f1a1c1af',
  'Comfort Garden Patio Bistro Set (Rose Wood, Ocean Blue)',
  'OUT-ROS-0253',
  2,
  82500,
  0,
  0,
  165000
);
INSERT INTO payments (id, invoice_id, method, amount, reference, created_at) VALUES ('20d0e5cd-e259-450b-818e-b3b632a65762', 'a17265b4-8987-491b-b7f0-ae8809d8e7e7', 'bank_transfer', 375900, 'TXN-TF-1147', '2026-05-08T11:40:00.000Z');

-- Invoice TF-1148
INSERT INTO invoices (id, store_id, invoice_number, customer_name, customer_phone, customer_address, subtotal, discount_amount, delivery_charge, installation_charge, round_off, grand_total, payment_method, payment_status, created_by, created_at)
VALUES (
  '979a81d2-6def-4c43-9a37-a76fb7478884',
  '29f4e073-bc1d-4071-ae3a-c8718a90f998',
  'TF-1148',
  'Guest',
  '',
  '',
  57275,
  0,
  0,
  0,
  0,
  57275,
  'card',
  'completed',
  '22222222-2222-4222-a222-222222222222',
  '2026-05-08T08:56:00.000Z'
);
INSERT INTO invoice_items (id, invoice_id, product_id, product_name, sku, quantity, unit_price, discount_percent, discount_amount, line_total)
VALUES (
  'c788bf9d-6cfe-4422-a483-18c252fbce32',
  '979a81d2-6def-4c43-9a37-a76fb7478884',
  '4a5acb6e-f5d1-47ce-9597-f46560dcf9cb',
  'Luxurious Round Accent Coffee Table (Mahogany, Charcoal Grey)',
  'COF-MAH-0124',
  1,
  4500,
  5,
  225,
  4275
);
INSERT INTO invoice_items (id, invoice_id, product_id, product_name, sku, quantity, unit_price, discount_percent, discount_amount, line_total)
VALUES (
  'e08585f2-d9a0-4fec-951a-780aa53f7f18',
  '979a81d2-6def-4c43-9a37-a76fb7478884',
  '9daca54c-237b-4c01-ba37-ee062d75517c',
  'Modern 5-Tier Open Bookshelf Console (Sheesham Wood, Warm Beige)',
  'BOO-SHE-0297',
  2,
  14000,
  0,
  0,
  28000
);
INSERT INTO invoice_items (id, invoice_id, product_id, product_name, sku, quantity, unit_price, discount_percent, discount_amount, line_total)
VALUES (
  '389f778e-aeca-4416-8aa3-dd3c580a877f',
  '979a81d2-6def-4c43-9a37-a76fb7478884',
  'd962ea49-1145-464e-ab65-42de5c30bf2c',
  'Imperial Multi-drawer Utility Cabinet (Engineered Wood, Walnut Brown)',
  'STO-ENG-0273',
  1,
  25000,
  0,
  0,
  25000
);
INSERT INTO payments (id, invoice_id, method, amount, reference, created_at) VALUES ('22fcd79c-ab64-4076-96c3-06e85199a97f', '979a81d2-6def-4c43-9a37-a76fb7478884', 'card', 57275, 'TXN-TF-1148', '2026-05-08T08:56:00.000Z');

-- Invoice TF-1149
INSERT INTO invoices (id, store_id, invoice_number, customer_name, customer_phone, customer_address, subtotal, discount_amount, delivery_charge, installation_charge, round_off, grand_total, payment_method, payment_status, created_by, created_at)
VALUES (
  '4e051fd9-d14a-4d6c-88d1-e44a5c14f5e5',
  '29f4e073-bc1d-4071-ae3a-c8718a90f998',
  'TF-1149',
  'Aditya Patel 151',
  '9818410126',
  'H.No. 75, Gali No. 2, Colony Road, Secunderabad, Telangana',
  53975,
  0,
  0,
  500,
  0,
  54475,
  'upi',
  'completed',
  '11111111-1111-4111-a111-111111111111',
  '2026-05-08T06:27:00.000Z'
);
INSERT INTO invoice_items (id, invoice_id, product_id, product_name, sku, quantity, unit_price, discount_percent, discount_amount, line_total)
VALUES (
  'e648459f-80cb-4ea0-81d3-4f9dc88de187',
  '4e051fd9-d14a-4d6c-88d1-e44a5c14f5e5',
  '0a7e4b67-6321-4356-8ca2-1d6e897aee14',
  'Heritage 5-Tier Open Bookshelf Console (Sheesham Wood, Ebony Black)',
  'BOO-SHE-0300',
  1,
  10500,
  5,
  525,
  9975
);
INSERT INTO invoice_items (id, invoice_id, product_id, product_name, sku, quantity, unit_price, discount_percent, discount_amount, line_total)
VALUES (
  '071502da-6ee1-4317-885c-8ffe04a71791',
  '4e051fd9-d14a-4d6c-88d1-e44a5c14f5e5',
  '08268210-083f-460e-a5ba-412e3d59cc4c',
  'Modern Compact Dresser Cabinet (Sheesham Wood, Crimson Red)',
  'DRE-SHE-0220',
  2,
  22000,
  0,
  0,
  44000
);
INSERT INTO payments (id, invoice_id, method, amount, reference, created_at) VALUES ('c33aee4e-d18d-4781-bb80-f2103f35e40c', '4e051fd9-d14a-4d6c-88d1-e44a5c14f5e5', 'upi', 54475, 'TXN-TF-1149', '2026-05-08T06:27:00.000Z');

-- Invoice TF-1150
INSERT INTO invoices (id, store_id, invoice_number, customer_name, customer_phone, customer_address, subtotal, discount_amount, delivery_charge, installation_charge, round_off, grand_total, payment_method, payment_status, created_by, created_at)
VALUES (
  '721094d1-d75c-467f-b0bb-74e189daa9f9',
  '29f4e073-bc1d-4071-ae3a-c8718a90f998',
  'TF-1150',
  'Aarav Sharma 150',
  '9866312380',
  'H.No. 74, Gali No. 1, Colony Road, Hyderabad, Telangana',
  76000,
  2280,
  1200,
  0,
  0,
  74920,
  'cash',
  'cancelled',
  '33333333-3333-4333-a333-333333333333',
  '2026-05-08T08:03:00.000Z'
);
INSERT INTO invoice_items (id, invoice_id, product_id, product_name, sku, quantity, unit_price, discount_percent, discount_amount, line_total)
VALUES (
  '014e41ce-02f0-49c2-861d-2c7d3b39fc09',
  '721094d1-d75c-467f-b0bb-74e189daa9f9',
  '47105cfc-d71b-430f-87b2-d643130dcd41',
  'Luxurious Upholstered Bed Platform (Oak Wood, Warm Beige)',
  'BED-OAK-0035',
  1,
  80000,
  5,
  4000,
  76000
);

-- Invoice TF-1151
INSERT INTO invoices (id, store_id, invoice_number, customer_name, customer_phone, customer_address, subtotal, discount_amount, delivery_charge, installation_charge, round_off, grand_total, payment_method, payment_status, created_by, created_at)
VALUES (
  '01132966-0b60-48a9-be0e-c1184947b034',
  '29f4e073-bc1d-4071-ae3a-c8718a90f998',
  'TF-1151',
  'Vijay Mallya 149',
  '9877892184',
  'H.No. 73, Gali No. 5, Colony Road, Visakhapatnam, Andhra Pradesh',
  271700,
  0,
  0,
  0,
  0,
  271700,
  'split',
  'completed',
  '22222222-2222-4222-a222-222222222222',
  '2026-05-09T10:56:00.000Z'
);
INSERT INTO invoice_items (id, invoice_id, product_id, product_name, sku, quantity, unit_price, discount_percent, discount_amount, line_total)
VALUES (
  'd31697f2-89f3-417e-b4d2-2bf8b1799267',
  '01132966-0b60-48a9-be0e-c1184947b034',
  'b55e330c-b9f7-41d6-81cd-40b8253c85ec',
  'Luxurious Pocket Spring Premium Mattress (Rose Wood, Charcoal Grey)',
  'MAT-ROS-0200',
  1,
  12000,
  5,
  600,
  11400
);
INSERT INTO invoice_items (id, invoice_id, product_id, product_name, sku, quantity, unit_price, discount_percent, discount_amount, line_total)
VALUES (
  '23132499-a932-4703-83b7-24ab3c56c88e',
  '01132966-0b60-48a9-be0e-c1184947b034',
  '20befa31-26ef-4be3-a898-103d0b6bd679',
  'Imperial Marble Top Dining Table (Mahogany, Walnut Brown)',
  'DIN-MAH-0055',
  2,
  101500,
  0,
  0,
  203000
);
INSERT INTO invoice_items (id, invoice_id, product_id, product_name, sku, quantity, unit_price, discount_percent, discount_amount, line_total)
VALUES (
  'd09f8b9a-16d7-42f6-b2b4-ef6c618f4b4f',
  '01132966-0b60-48a9-be0e-c1184947b034',
  'd1bfa1d2-939f-437f-a810-2b16376ba4a8',
  'Luxurious Orthopedic Memory Foam Mattress (Teak Wood, Teak Finish)',
  'MAT-TEA-0184',
  1,
  24000,
  0,
  0,
  24000
);
INSERT INTO invoice_items (id, invoice_id, product_id, product_name, sku, quantity, unit_price, discount_percent, discount_amount, line_total)
VALUES (
  '91a3823f-a826-49c1-905b-743665a87e2c',
  '01132966-0b60-48a9-be0e-c1184947b034',
  'cc1fe24a-9fbf-4ebd-b146-9926bc4dcdf4',
  'Luxurious Mesh Medium-Back Office Chair (Teak Wood, Ebony Black)',
  'OFF-TEA-0099',
  2,
  10000,
  0,
  0,
  20000
);
INSERT INTO invoice_items (id, invoice_id, product_id, product_name, sku, quantity, unit_price, discount_percent, discount_amount, line_total)
VALUES (
  '49f59756-3a19-4c1e-9532-14637dec1c33',
  '01132966-0b60-48a9-be0e-c1184947b034',
  '26e97e22-a9a9-4748-b43f-4f06ff43b1cc',
  'Classic Cushioned Dining Chair (Mahogany, Warm Beige)',
  'DIN-MAH-0069',
  1,
  14000,
  5,
  700,
  13300
);
INSERT INTO payments (id, invoice_id, method, amount, reference, created_at) VALUES ('8d7e7f7c-bb7f-4851-bb06-e525e36f00f2', '01132966-0b60-48a9-be0e-c1184947b034', 'card', 108680, 'TXN-SPLIT-CARD', '2026-05-09T10:56:00.000Z');
INSERT INTO payments (id, invoice_id, method, amount, reference, created_at) VALUES ('3400af42-d4b8-43e2-af33-d1f1a9c34331', '01132966-0b60-48a9-be0e-c1184947b034', 'upi', 163020, 'TXN-SPLIT-UPI', '2026-05-09T10:56:00.000Z');

-- Invoice TF-1152
INSERT INTO invoices (id, store_id, invoice_number, customer_name, customer_phone, customer_address, subtotal, discount_amount, delivery_charge, installation_charge, round_off, grand_total, payment_method, payment_status, created_by, created_at)
VALUES (
  '9e98c80a-42f4-4b89-8e43-ddd54ff71ac6',
  '29f4e073-bc1d-4071-ae3a-c8718a90f998',
  'TF-1152',
  'Guest',
  '',
  '',
  188775,
  0,
  0,
  0,
  0,
  188775,
  'bank_transfer',
  'completed',
  '11111111-1111-4111-a111-111111111111',
  '2026-05-09T08:25:00.000Z'
);
INSERT INTO invoice_items (id, invoice_id, product_id, product_name, sku, quantity, unit_price, discount_percent, discount_amount, line_total)
VALUES (
  '7e7f43cb-bfb2-47ab-818a-cf3f021dec89',
  '9e98c80a-42f4-4b89-8e43-ddd54ff71ac6',
  '9c0f27c3-56a3-4c37-af63-2aa734d19353',
  'Imperial Visitor Stool Chair (Mahogany, Ocean Blue)',
  'OFF-MAH-0084',
  1,
  34500,
  5,
  1725,
  32775
);
INSERT INTO invoice_items (id, invoice_id, product_id, product_name, sku, quantity, unit_price, discount_percent, discount_amount, line_total)
VALUES (
  '4effb0db-289b-4d1a-9c20-2056fcb10c3f',
  '9e98c80a-42f4-4b89-8e43-ddd54ff71ac6',
  '7ba1bbf5-147c-4942-bd03-6d07e55db083',
  'Eco-sustain Compact Student Desk (Mahogany, Ebony Black)',
  'STU-MAH-0169',
  2,
  16500,
  0,
  0,
  33000
);
INSERT INTO invoice_items (id, invoice_id, product_id, product_name, sku, quantity, unit_price, discount_percent, discount_amount, line_total)
VALUES (
  '3f6235e5-68f2-4d19-9609-62041384e99a',
  '9e98c80a-42f4-4b89-8e43-ddd54ff71ac6',
  '786e7a3f-ba93-4ac2-b981-00c03f0be352',
  'Luxurious Modular 4-Door Wardrobe (Sheesham Wood, Ebony Black)',
  'WAR-SHE-0147',
  1,
  75000,
  0,
  0,
  75000
);
INSERT INTO invoice_items (id, invoice_id, product_id, product_name, sku, quantity, unit_price, discount_percent, discount_amount, line_total)
VALUES (
  'daf929e7-6d3e-45bb-ab1b-d7ebe4b44d90',
  '9e98c80a-42f4-4b89-8e43-ddd54ff71ac6',
  'b0e89ba0-ba90-445e-ae35-c8ca81e8b940',
  'Luxurious Floor Standing TV Console (Teak Wood, Walnut Brown)',
  'TV -TEA-0111',
  2,
  24000,
  0,
  0,
  48000
);
INSERT INTO payments (id, invoice_id, method, amount, reference, created_at) VALUES ('a2a19a04-70ce-4792-96c9-0c179f9ec757', '9e98c80a-42f4-4b89-8e43-ddd54ff71ac6', 'bank_transfer', 188775, 'TXN-TF-1152', '2026-05-09T08:25:00.000Z');

-- Invoice TF-1153
INSERT INTO invoices (id, store_id, invoice_number, customer_name, customer_phone, customer_address, subtotal, discount_amount, delivery_charge, installation_charge, round_off, grand_total, payment_method, payment_status, created_by, created_at)
VALUES (
  'f810d24d-b8e8-4e1b-9685-b3c93cc94edd',
  '29f4e073-bc1d-4071-ae3a-c8718a90f998',
  'TF-1153',
  'Yash Pal 147',
  '9869857654',
  'H.No. 71, Gali No. 3, Colony Road, Chennai, Tamil Nadu',
  151050,
  0,
  0,
  0,
  0,
  151050,
  'card',
  'completed',
  '33333333-3333-4333-a333-333333333333',
  '2026-05-09T09:26:00.000Z'
);
INSERT INTO invoice_items (id, invoice_id, product_id, product_name, sku, quantity, unit_price, discount_percent, discount_amount, line_total)
VALUES (
  '084c2f66-0c9b-4648-9d41-aacce37b9fa4',
  'f810d24d-b8e8-4e1b-9685-b3c93cc94edd',
  '138586f2-81ee-460c-ae17-a1294ae23278',
  'Comfort Shoe Storage Bench Rack (Sheesham Wood, Walnut Brown)',
  'STO-SHE-0268',
  1,
  9000,
  5,
  450,
  8550
);
INSERT INTO invoice_items (id, invoice_id, product_id, product_name, sku, quantity, unit_price, discount_percent, discount_amount, line_total)
VALUES (
  '1fefa456-1120-4ed8-b94e-cca4588389f7',
  'f810d24d-b8e8-4e1b-9685-b3c93cc94edd',
  'a21415de-5300-413b-bc5e-11991a807006',
  'Minimalist Rattan Outdoor Swing Chair (Mahogany, Charcoal Grey)',
  'OUT-MAH-0242',
  2,
  65500,
  0,
  0,
  131000
);
INSERT INTO invoice_items (id, invoice_id, product_id, product_name, sku, quantity, unit_price, discount_percent, discount_amount, line_total)
VALUES (
  '5c587b2f-a9ab-4466-906f-26615b38c9b4',
  'f810d24d-b8e8-4e1b-9685-b3c93cc94edd',
  'f2067464-b2d6-4ce3-aeb7-e6960c4c9388',
  'Eco-sustain Dressing Table with LED Mirror (Rose Wood, Walnut Brown)',
  'DRE-ROS-0219',
  1,
  11500,
  0,
  0,
  11500
);
INSERT INTO payments (id, invoice_id, method, amount, reference, created_at) VALUES ('08f34886-a6b1-4dbe-83e9-76c0c6ec2942', 'f810d24d-b8e8-4e1b-9685-b3c93cc94edd', 'card', 151050, 'TXN-TF-1153', '2026-05-09T09:26:00.000Z');

-- Invoice TF-1154
INSERT INTO invoices (id, store_id, invoice_number, customer_name, customer_phone, customer_address, subtotal, discount_amount, delivery_charge, installation_charge, round_off, grand_total, payment_method, payment_status, created_by, created_at)
VALUES (
  '5c8b50d5-f366-41d5-8a00-2c15cba951c4',
  '29f4e073-bc1d-4071-ae3a-c8718a90f998',
  'TF-1154',
  'Vivek Oberoi 146',
  '9891793751',
  'H.No. 70, Gali No. 2, Colony Road, Bangalore, Karnataka',
  240975,
  0,
  0,
  0,
  0,
  240975,
  'upi',
  'completed',
  '22222222-2222-4222-a222-222222222222',
  '2026-05-09T10:16:00.000Z'
);
INSERT INTO invoice_items (id, invoice_id, product_id, product_name, sku, quantity, unit_price, discount_percent, discount_amount, line_total)
VALUES (
  '7b93db2c-c894-48b1-a524-cd6b44e9847a',
  '5c8b50d5-f366-41d5-8a00-2c15cba951c4',
  'dc4ff223-2415-466f-a521-baeb9025d167',
  'Comfort Executive Study Desk with Drawers (Rose Wood, Warm Beige)',
  'STU-ROS-0174',
  1,
  10500,
  5,
  525,
  9975
);
INSERT INTO invoice_items (id, invoice_id, product_id, product_name, sku, quantity, unit_price, discount_percent, discount_amount, line_total)
VALUES (
  '530d16a8-1f4a-4ed8-9b96-71829074fc32',
  '5c8b50d5-f366-41d5-8a00-2c15cba951c4',
  'e4513259-363d-4f87-a80b-f9895dc0963f',
  'Comfort 2-Door Sliding Wardrobe (Oak Wood, Ivory White)',
  'WAR-OAK-0158',
  2,
  115500,
  0,
  0,
  231000
);
INSERT INTO payments (id, invoice_id, method, amount, reference, created_at) VALUES ('ea27695e-d93a-4ad7-a8f1-a99d6de04934', '5c8b50d5-f366-41d5-8a00-2c15cba951c4', 'upi', 240975, 'TXN-TF-1154', '2026-05-09T10:16:00.000Z');

-- Invoice TF-1155
INSERT INTO invoices (id, store_id, invoice_number, customer_name, customer_phone, customer_address, subtotal, discount_amount, delivery_charge, installation_charge, round_off, grand_total, payment_method, payment_status, created_by, created_at)
VALUES (
  'e92926eb-d828-4242-9303-3a84242b413c',
  '29f4e073-bc1d-4071-ae3a-c8718a90f998',
  'TF-1155',
  'Vikram Seth 145',
  '9866935649',
  'H.No. 69, Gali No. 1, Colony Road, Secunderabad, Telangana',
  22800,
  0,
  0,
  0,
  0,
  22800,
  'cash',
  'completed',
  '11111111-1111-4111-a111-111111111111',
  '2026-05-09T08:54:00.000Z'
);
INSERT INTO invoice_items (id, invoice_id, product_id, product_name, sku, quantity, unit_price, discount_percent, discount_amount, line_total)
VALUES (
  'cff99bde-25ea-4efb-9043-3562bca50e54',
  'e92926eb-d828-4242-9303-3a84242b413c',
  '7d9f3fe3-ab91-4396-a6f7-d7485895bccf',
  'Luxurious Ladder Bookshelf Display Unit (Sheesham Wood, Crimson Red)',
  'BOO-SHE-0281',
  1,
  24000,
  5,
  1200,
  22800
);
INSERT INTO payments (id, invoice_id, method, amount, reference, created_at) VALUES ('aa158187-130c-43a5-9416-47ef6dc8b023', 'e92926eb-d828-4242-9303-3a84242b413c', 'cash', 22800, 'TXN-TF-1155', '2026-05-09T08:54:00.000Z');

-- Invoice TF-1156
INSERT INTO invoices (id, store_id, invoice_number, customer_name, customer_phone, customer_address, subtotal, discount_amount, delivery_charge, installation_charge, round_off, grand_total, payment_method, payment_status, created_by, created_at)
VALUES (
  'a1b59f0c-cf88-44c8-bba6-1f10c766ab22',
  '29f4e073-bc1d-4071-ae3a-c8718a90f998',
  'TF-1156',
  'Guest',
  '',
  '',
  129800,
  0,
  0,
  0,
  0,
  129800,
  'split',
  'completed',
  '33333333-3333-4333-a333-333333333333',
  '2026-05-10T06:58:00.000Z'
);
INSERT INTO invoice_items (id, invoice_id, product_id, product_name, sku, quantity, unit_price, discount_percent, discount_amount, line_total)
VALUES (
  'c03bf223-8b32-4f2b-838b-5b30110adf83',
  'a1b59f0c-cf88-44c8-bba6-1f10c766ab22',
  'b27d2f49-3866-4d81-ba17-09524c7a0d91',
  'Royal Solid Wood Dining Chair (Teak Wood, Walnut Brown)',
  'DIN-TEA-0078',
  1,
  10500,
  5,
  525,
  9975
);
INSERT INTO invoice_items (id, invoice_id, product_id, product_name, sku, quantity, unit_price, discount_percent, discount_amount, line_total)
VALUES (
  '69af6bcd-2f6a-48aa-a6c4-0db7d59599a5',
  'a1b59f0c-cf88-44c8-bba6-1f10c766ab22',
  '1f830695-350d-41b6-a4b3-9d85595b1a0c',
  'Eco-sustain Solid Wood Dining Chair (Oak Wood, Ivory White)',
  'DIN-OAK-0070',
  2,
  8500,
  0,
  0,
  17000
);
INSERT INTO invoice_items (id, invoice_id, product_id, product_name, sku, quantity, unit_price, discount_percent, discount_amount, line_total)
VALUES (
  'd3e8a64e-1b04-4647-b513-931f919480b8',
  'a1b59f0c-cf88-44c8-bba6-1f10c766ab22',
  '9f572dd5-cbbe-4acf-b7c6-cd9904cfeaf4',
  'Luxurious 2-Door Sliding Wardrobe (Engineered Wood, Ebony Black)',
  'WAR-ENG-0142',
  1,
  21500,
  0,
  0,
  21500
);
INSERT INTO invoice_items (id, invoice_id, product_id, product_name, sku, quantity, unit_price, discount_percent, discount_amount, line_total)
VALUES (
  '29cdc264-5a38-4d10-b3f5-26bbdcd5a1b9',
  'a1b59f0c-cf88-44c8-bba6-1f10c766ab22',
  'ca58ecf2-a452-4fc6-8224-a40a5f4cc238',
  'Premium Sofa Cum Bed (Oak Wood, Charcoal Grey)',
  'SOF-OAK-0010',
  2,
  29500,
  0,
  0,
  59000
);
INSERT INTO invoice_items (id, invoice_id, product_id, product_name, sku, quantity, unit_price, discount_percent, discount_amount, line_total)
VALUES (
  '23e8b685-c6f3-4935-861d-3d06f22c068c',
  'a1b59f0c-cf88-44c8-bba6-1f10c766ab22',
  '86a14d36-7b5e-4b2e-9a9a-257ac8b520d7',
  'Classic Pocket Spring Premium Mattress (Sheesham Wood, Crimson Red)',
  'MAT-SHE-0194',
  1,
  23500,
  5,
  1175,
  22325
);
INSERT INTO payments (id, invoice_id, method, amount, reference, created_at) VALUES ('d7f4456c-a94b-41fe-b41d-99ae8c4fc0c9', 'a1b59f0c-cf88-44c8-bba6-1f10c766ab22', 'card', 51920, 'TXN-SPLIT-CARD', '2026-05-10T06:58:00.000Z');
INSERT INTO payments (id, invoice_id, method, amount, reference, created_at) VALUES ('776396b4-8994-41cf-9736-1d232430901d', 'a1b59f0c-cf88-44c8-bba6-1f10c766ab22', 'upi', 77880, 'TXN-SPLIT-UPI', '2026-05-10T06:58:00.000Z');

-- Invoice TF-1157
INSERT INTO invoices (id, store_id, invoice_number, customer_name, customer_phone, customer_address, subtotal, discount_amount, delivery_charge, installation_charge, round_off, grand_total, payment_method, payment_status, created_by, created_at)
VALUES (
  '3da17486-a346-4f49-a546-b732ea2988fb',
  '29f4e073-bc1d-4071-ae3a-c8718a90f998',
  'TF-1157',
  'Sneha Rao 143',
  '9828077332',
  'H.No. 67, Gali No. 4, Colony Road, Visakhapatnam, Andhra Pradesh',
  199625,
  0,
  1200,
  0,
  0,
  200825,
  'bank_transfer',
  'completed',
  '22222222-2222-4222-a222-222222222222',
  '2026-05-10T09:41:00.000Z'
);
INSERT INTO invoice_items (id, invoice_id, product_id, product_name, sku, quantity, unit_price, discount_percent, discount_amount, line_total)
VALUES (
  '1427a0bd-55df-4495-9ddd-532ecb431eda',
  '3da17486-a346-4f49-a546-b732ea2988fb',
  '4d3dbd05-9bce-40cd-8688-cae53cd77efd',
  'Eco-sustain High Back Chair (Teak Wood, Ebony Black)',
  'DIN-TEA-0071',
  1,
  7500,
  5,
  375,
  7125
);
INSERT INTO invoice_items (id, invoice_id, product_id, product_name, sku, quantity, unit_price, discount_percent, discount_amount, line_total)
VALUES (
  'a153c503-0a61-4dd9-9f30-70e70a867cde',
  '3da17486-a346-4f49-a546-b732ea2988fb',
  'f22b5c8c-e06e-4b9b-88ed-f46837e41e9a',
  'Eco-sustain Wooden Nesting Tables (Mahogany, Ebony Black)',
  'COF-MAH-0137',
  2,
  20000,
  0,
  0,
  40000
);
INSERT INTO invoice_items (id, invoice_id, product_id, product_name, sku, quantity, unit_price, discount_percent, discount_amount, line_total)
VALUES (
  '230eb3b0-bff1-47ad-aa32-60041941a70d',
  '3da17486-a346-4f49-a546-b732ea2988fb',
  '5a47b543-0e83-4610-9794-e48996ce966c',
  'Minimalist Sofa Cum Bed (Mahogany, Warm Beige)',
  'SOF-MAH-0020',
  1,
  117500,
  0,
  0,
  117500
);
INSERT INTO invoice_items (id, invoice_id, product_id, product_name, sku, quantity, unit_price, discount_percent, discount_amount, line_total)
VALUES (
  'a2ce117f-5a72-43f9-bb44-d7155f929ba1',
  '3da17486-a346-4f49-a546-b732ea2988fb',
  '3b887fdc-e681-4eb9-a8f9-ed3a55c5f4af',
  'Classic Ladder Bookshelf Display Unit (Engineered Wood, Warm Beige)',
  'BOO-ENG-0287',
  2,
  17500,
  0,
  0,
  35000
);
INSERT INTO payments (id, invoice_id, method, amount, reference, created_at) VALUES ('40c91b09-6178-4010-be76-9514a828e9c8', '3da17486-a346-4f49-a546-b732ea2988fb', 'bank_transfer', 200825, 'TXN-TF-1157', '2026-05-10T09:41:00.000Z');

-- Invoice TF-1158
INSERT INTO invoices (id, store_id, invoice_number, customer_name, customer_phone, customer_address, subtotal, discount_amount, delivery_charge, installation_charge, round_off, grand_total, payment_method, payment_status, created_by, created_at)
VALUES (
  '1639d657-27bf-4380-9b8d-88da0ae90509',
  '29f4e073-bc1d-4071-ae3a-c8718a90f998',
  'TF-1158',
  'Siddharth Sen 142',
  '9818759034',
  'H.No. 66, Gali No. 3, Colony Road, Vijayawada, Andhra Pradesh',
  240900,
  0,
  0,
  500,
  0,
  241400,
  'card',
  'completed',
  '11111111-1111-4111-a111-111111111111',
  '2026-05-10T13:41:00.000Z'
);
INSERT INTO invoice_items (id, invoice_id, product_id, product_name, sku, quantity, unit_price, discount_percent, discount_amount, line_total)
VALUES (
  '38eea5aa-6889-43a9-9bae-fffce9f54ad4',
  '1639d657-27bf-4380-9b8d-88da0ae90509',
  '4585c91f-6d5e-4e31-8fae-a27af5b2c83e',
  'Heritage 6-Seater Wooden Dining Table (Engineered Wood, Warm Beige)',
  'DIN-ENG-0045',
  1,
  72000,
  5,
  3600,
  68400
);
INSERT INTO invoice_items (id, invoice_id, product_id, product_name, sku, quantity, unit_price, discount_percent, discount_amount, line_total)
VALUES (
  'e5fb263c-6a0a-4667-b588-40fd40dde23e',
  '1639d657-27bf-4380-9b8d-88da0ae90509',
  'd2c54b74-2104-4ce6-add7-b23b40f66c37',
  'Heritage Shoe Storage Bench Rack (Sheesham Wood, Charcoal Grey)',
  'STO-SHE-0265',
  2,
  27000,
  0,
  0,
  54000
);
INSERT INTO invoice_items (id, invoice_id, product_id, product_name, sku, quantity, unit_price, discount_percent, discount_amount, line_total)
VALUES (
  '0f533cb2-e4e9-4d36-af98-0735c59cc688',
  '1639d657-27bf-4380-9b8d-88da0ae90509',
  '9d4a4395-88b4-47c2-8523-e76b3b5587e8',
  'Royal Modular 4-Door Wardrobe (Oak Wood, Walnut Brown)',
  'WAR-OAK-0143',
  1,
  118500,
  0,
  0,
  118500
);
INSERT INTO payments (id, invoice_id, method, amount, reference, created_at) VALUES ('57fdad93-c61a-4112-8a64-872b813acbc9', '1639d657-27bf-4380-9b8d-88da0ae90509', 'card', 241400, 'TXN-TF-1158', '2026-05-10T13:41:00.000Z');

-- Invoice TF-1159
INSERT INTO invoices (id, store_id, invoice_number, customer_name, customer_phone, customer_address, subtotal, discount_amount, delivery_charge, installation_charge, round_off, grand_total, payment_method, payment_status, created_by, created_at)
VALUES (
  'ebbb7713-ffdf-47a8-b3d2-fe3d3c9de0db',
  '29f4e073-bc1d-4071-ae3a-c8718a90f998',
  'TF-1159',
  'Sarita Mishra 141',
  '9887264602',
  'H.No. 65, Gali No. 2, Colony Road, Chennai, Tamil Nadu',
  137125,
  0,
  0,
  0,
  0,
  137125,
  'upi',
  'completed',
  '33333333-3333-4333-a333-333333333333',
  '2026-05-10T09:22:00.000Z'
);
INSERT INTO invoice_items (id, invoice_id, product_id, product_name, sku, quantity, unit_price, discount_percent, discount_amount, line_total)
VALUES (
  '3818c90e-5e37-4294-96a2-4acad0f90351',
  'ebbb7713-ffdf-47a8-b3d2-fe3d3c9de0db',
  '9da5d4c4-6bcc-42df-a639-598e5d4f24c8',
  'Royal Wall Mounted TV Cabinet (Mahogany, Ivory White)',
  'TV -MAH-0119',
  1,
  27500,
  5,
  1375,
  26125
);
INSERT INTO invoice_items (id, invoice_id, product_id, product_name, sku, quantity, unit_price, discount_percent, discount_amount, line_total)
VALUES (
  '6ebfe7bb-bc82-43ce-961d-77c84a192dcb',
  'ebbb7713-ffdf-47a8-b3d2-fe3d3c9de0db',
  '3abd833a-7296-402a-a7f2-ae66f2432e12',
  'Comfort Queen Size Wooden Bed (Mahogany, Warm Beige)',
  'BED-MAH-0032',
  2,
  55500,
  0,
  0,
  111000
);
INSERT INTO payments (id, invoice_id, method, amount, reference, created_at) VALUES ('b318839e-a441-474b-9f47-ee9963505679', 'ebbb7713-ffdf-47a8-b3d2-fe3d3c9de0db', 'upi', 137125, 'TXN-TF-1159', '2026-05-10T09:22:00.000Z');

-- Invoice TF-1160
INSERT INTO invoices (id, store_id, invoice_number, customer_name, customer_phone, customer_address, subtotal, discount_amount, delivery_charge, installation_charge, round_off, grand_total, payment_method, payment_status, created_by, created_at)
VALUES (
  'f725e6af-9eef-4639-85a1-bf6e12f6f2fe',
  '29f4e073-bc1d-4071-ae3a-c8718a90f998',
  'TF-1160',
  'Guest',
  '',
  '',
  26600,
  798,
  0,
  0,
  0,
  25802,
  'cash',
  'completed',
  '22222222-2222-4222-a222-222222222222',
  '2026-05-10T09:37:00.000Z'
);
INSERT INTO invoice_items (id, invoice_id, product_id, product_name, sku, quantity, unit_price, discount_percent, discount_amount, line_total)
VALUES (
  'cca72030-34f5-4702-91ed-7f3559d76d66',
  'f725e6af-9eef-4639-85a1-bf6e12f6f2fe',
  '445501a4-f6d2-441a-8fc1-e9986b57ade7',
  'Royal Multi-drawer Utility Cabinet (Rose Wood, Ocean Blue)',
  'STO-ROS-0270',
  1,
  28000,
  5,
  1400,
  26600
);
INSERT INTO payments (id, invoice_id, method, amount, reference, created_at) VALUES ('554c6557-747b-4061-863d-07a990e8ed53', 'f725e6af-9eef-4639-85a1-bf6e12f6f2fe', 'cash', 25802, 'TXN-TF-1160', '2026-05-10T09:37:00.000Z');

-- Invoice TF-1161
INSERT INTO invoices (id, store_id, invoice_number, customer_name, customer_phone, customer_address, subtotal, discount_amount, delivery_charge, installation_charge, round_off, grand_total, payment_method, payment_status, created_by, created_at)
VALUES (
  '2a5ab7f4-4604-4521-9904-70b58e76c4e3',
  '29f4e073-bc1d-4071-ae3a-c8718a90f998',
  'TF-1161',
  'Sandeep Hegde 139',
  '9855796967',
  'H.No. 63, Gali No. 5, Colony Road, Secunderabad, Telangana',
  303500,
  0,
  0,
  0,
  0,
  303500,
  'split',
  'completed',
  '11111111-1111-4111-a111-111111111111',
  '2026-05-10T05:25:00.000Z'
);
INSERT INTO invoice_items (id, invoice_id, product_id, product_name, sku, quantity, unit_price, discount_percent, discount_amount, line_total)
VALUES (
  'cb13dc19-74eb-4dd4-9b0d-3f20daf6b7ef',
  '2a5ab7f4-4604-4521-9904-70b58e76c4e3',
  '565ae41d-77f4-4e7b-9327-33d684cb45de',
  'Imperial Compact Dresser Cabinet (Teak Wood, Teak Finish)',
  'DRE-TEA-0208',
  1,
  10500,
  5,
  525,
  9975
);
INSERT INTO invoice_items (id, invoice_id, product_id, product_name, sku, quantity, unit_price, discount_percent, discount_amount, line_total)
VALUES (
  'be323c28-80ff-43f0-b322-76232286d088',
  '2a5ab7f4-4604-4521-9904-70b58e76c4e3',
  'dd675736-ed52-4b59-a191-b810835af4ea',
  'Classic Single Bed (Mahogany, Teak Finish)',
  'BED-MAH-0028',
  2,
  42500,
  0,
  0,
  85000
);
INSERT INTO invoice_items (id, invoice_id, product_id, product_name, sku, quantity, unit_price, discount_percent, discount_amount, line_total)
VALUES (
  '122871b7-f43e-468e-a27c-e521b37470c8',
  '2a5ab7f4-4604-4521-9904-70b58e76c4e3',
  '0f5c5087-0b28-4e8e-a90a-3ba6054e1159',
  'Luxurious Compact Dresser Cabinet (Oak Wood, Warm Beige)',
  'DRE-OAK-0211',
  1,
  36500,
  0,
  0,
  36500
);
INSERT INTO invoice_items (id, invoice_id, product_id, product_name, sku, quantity, unit_price, discount_percent, discount_amount, line_total)
VALUES (
  'e46bba02-8744-4192-86ef-798b7e9c7d1e',
  '2a5ab7f4-4604-4521-9904-70b58e76c4e3',
  '4585c91f-6d5e-4e31-8fae-a27af5b2c83e',
  'Heritage 6-Seater Wooden Dining Table (Engineered Wood, Warm Beige)',
  'DIN-ENG-0045',
  2,
  72000,
  0,
  0,
  144000
);
INSERT INTO invoice_items (id, invoice_id, product_id, product_name, sku, quantity, unit_price, discount_percent, discount_amount, line_total)
VALUES (
  'e5cd1c6b-758d-4a86-abef-77589c42c390',
  '2a5ab7f4-4604-4521-9904-70b58e76c4e3',
  'ca58ecf2-a452-4fc6-8224-a40a5f4cc238',
  'Premium Sofa Cum Bed (Oak Wood, Charcoal Grey)',
  'SOF-OAK-0010',
  1,
  29500,
  5,
  1475,
  28025
);
INSERT INTO payments (id, invoice_id, method, amount, reference, created_at) VALUES ('7f5404c7-0591-4239-9909-f94f874c5416', '2a5ab7f4-4604-4521-9904-70b58e76c4e3', 'card', 121400, 'TXN-SPLIT-CARD', '2026-05-10T05:25:00.000Z');
INSERT INTO payments (id, invoice_id, method, amount, reference, created_at) VALUES ('f840d9ff-20dd-434e-845d-24a7a4223091', '2a5ab7f4-4604-4521-9904-70b58e76c4e3', 'upi', 182100, 'TXN-SPLIT-UPI', '2026-05-10T05:25:00.000Z');

-- Invoice TF-1162
INSERT INTO invoices (id, store_id, invoice_number, customer_name, customer_phone, customer_address, subtotal, discount_amount, delivery_charge, installation_charge, round_off, grand_total, payment_method, payment_status, created_by, created_at)
VALUES (
  '1b3adeee-ee7a-4540-b18f-8c939e54a5d5',
  '29f4e073-bc1d-4071-ae3a-c8718a90f998',
  'TF-1162',
  'Ravi Shankar 138',
  '9837157954',
  'H.No. 62, Gali No. 4, Colony Road, Hyderabad, Telangana',
  207150,
  0,
  0,
  0,
  0,
  207150,
  'bank_transfer',
  'completed',
  '33333333-3333-4333-a333-333333333333',
  '2026-05-11T12:03:00.000Z'
);
INSERT INTO invoice_items (id, invoice_id, product_id, product_name, sku, quantity, unit_price, discount_percent, discount_amount, line_total)
VALUES (
  '3afc6d2a-4292-4c7e-8042-cebf9cf6c2e3',
  '1b3adeee-ee7a-4540-b18f-8c939e54a5d5',
  '22c06e1b-64db-486f-a1b4-724b8e94b149',
  'Comfort Chesterfield Sofa (Sheesham Wood, Crimson Red)',
  'SOF-SHE-0009',
  1,
  107000,
  5,
  5350,
  101650
);
INSERT INTO invoice_items (id, invoice_id, product_id, product_name, sku, quantity, unit_price, discount_percent, discount_amount, line_total)
VALUES (
  '594ef5aa-03f3-45dc-bde2-75edc1118b5f',
  '1b3adeee-ee7a-4540-b18f-8c939e54a5d5',
  '7840be5e-2be3-467f-a7e7-f6e36356b392',
  'Heritage Garden Patio Bistro Set (Oak Wood, Ebony Black)',
  'OUT-OAK-0244',
  2,
  25000,
  0,
  0,
  50000
);
INSERT INTO invoice_items (id, invoice_id, product_id, product_name, sku, quantity, unit_price, discount_percent, discount_amount, line_total)
VALUES (
  'b204fb50-c1bf-41d9-912f-c0a3f25c22b9',
  '1b3adeee-ee7a-4540-b18f-8c939e54a5d5',
  '8bccf5ee-498a-43f4-b17b-4ce046652fd3',
  'Luxurious Compact Dresser Cabinet (Oak Wood, Ocean Blue)',
  'DRE-OAK-0205',
  1,
  17500,
  0,
  0,
  17500
);
INSERT INTO invoice_items (id, invoice_id, product_id, product_name, sku, quantity, unit_price, discount_percent, discount_amount, line_total)
VALUES (
  '149254f0-7878-467c-80d9-f4795772d011',
  '1b3adeee-ee7a-4540-b18f-8c939e54a5d5',
  'a1241166-b936-416e-9501-41e19bc2ae03',
  'Minimalist Wooden Nesting Tables (Oak Wood, Walnut Brown)',
  'COF-OAK-0121',
  2,
  19000,
  0,
  0,
  38000
);
INSERT INTO payments (id, invoice_id, method, amount, reference, created_at) VALUES ('0e6289be-5a6b-4f9d-9849-bc0132a55e17', '1b3adeee-ee7a-4540-b18f-8c939e54a5d5', 'bank_transfer', 207150, 'TXN-TF-1162', '2026-05-11T12:03:00.000Z');

-- Invoice TF-1163
INSERT INTO invoices (id, store_id, invoice_number, customer_name, customer_phone, customer_address, subtotal, discount_amount, delivery_charge, installation_charge, round_off, grand_total, payment_method, payment_status, created_by, created_at)
VALUES (
  '08604318-7245-4db9-9dd5-04cfb1192cda',
  '29f4e073-bc1d-4071-ae3a-c8718a90f998',
  'TF-1163',
  'Ramesh Chandra 137',
  '9814762118',
  'H.No. 61, Gali No. 3, Colony Road, Visakhapatnam, Andhra Pradesh',
  118625,
  0,
  0,
  0,
  0,
  118625,
  'card',
  'completed',
  '22222222-2222-4222-a222-222222222222',
  '2026-05-11T11:55:00.000Z'
);
INSERT INTO invoice_items (id, invoice_id, product_id, product_name, sku, quantity, unit_price, discount_percent, discount_amount, line_total)
VALUES (
  '6dea2cc7-7b56-492c-89ac-c3f6e8a3b447',
  '08604318-7245-4db9-9dd5-04cfb1192cda',
  'ad43dc01-66f1-487c-9f06-f2bc3648b2f0',
  'Luxurious King Size Bed with Storage (Mahogany, Warm Beige)',
  'BED-MAH-0021',
  1,
  17500,
  5,
  875,
  16625
);
INSERT INTO invoice_items (id, invoice_id, product_id, product_name, sku, quantity, unit_price, discount_percent, discount_amount, line_total)
VALUES (
  'ef094ab7-4563-4270-9a50-f42da059949f',
  '08604318-7245-4db9-9dd5-04cfb1192cda',
  '3cb2f9d4-4241-4be3-9eaa-509c83bb8f9e',
  'Minimalist Wooden Sideboard Credenza (Teak Wood, Ebony Black)',
  'STO-TEA-0269',
  2,
  23500,
  0,
  0,
  47000
);
INSERT INTO invoice_items (id, invoice_id, product_id, product_name, sku, quantity, unit_price, discount_percent, discount_amount, line_total)
VALUES (
  'b1661bfe-f27f-4ea7-bb82-5acd9923d351',
  '08604318-7245-4db9-9dd5-04cfb1192cda',
  'e5e8c18e-63a3-4746-bd07-08c73514992a',
  'Comfort Pocket Spring Premium Mattress (Teak Wood, Ivory White)',
  'MAT-TEA-0182',
  1,
  55000,
  0,
  0,
  55000
);
INSERT INTO payments (id, invoice_id, method, amount, reference, created_at) VALUES ('4a084f01-aea2-4563-bef2-cdce335eeae1', '08604318-7245-4db9-9dd5-04cfb1192cda', 'card', 118625, 'TXN-TF-1163', '2026-05-11T11:55:00.000Z');

-- Invoice TF-1164
INSERT INTO invoices (id, store_id, invoice_number, customer_name, customer_phone, customer_address, subtotal, discount_amount, delivery_charge, installation_charge, round_off, grand_total, payment_method, payment_status, created_by, created_at)
VALUES (
  '610d0993-8ee7-4b28-ae36-4a8cea2c3cb8',
  '29f4e073-bc1d-4071-ae3a-c8718a90f998',
  'TF-1164',
  'Guest',
  '',
  '',
  74825,
  0,
  1200,
  0,
  0,
  76025,
  'upi',
  'completed',
  '11111111-1111-4111-a111-111111111111',
  '2026-05-11T11:46:00.000Z'
);
INSERT INTO invoice_items (id, invoice_id, product_id, product_name, sku, quantity, unit_price, discount_percent, discount_amount, line_total)
VALUES (
  '3b368072-6df8-4558-9550-c1a0f28353a1',
  '610d0993-8ee7-4b28-ae36-4a8cea2c3cb8',
  'dece08e4-fdc8-4e4a-8014-9259722efd67',
  'Luxurious Recliner Sofa (Mahogany, Teak Finish)',
  'SOF-MAH-0018',
  1,
  33500,
  5,
  1675,
  31825
);
INSERT INTO invoice_items (id, invoice_id, product_id, product_name, sku, quantity, unit_price, discount_percent, discount_amount, line_total)
VALUES (
  'c3db88f4-65f4-4c70-9803-e4b0ddf66137',
  '610d0993-8ee7-4b28-ae36-4a8cea2c3cb8',
  '9f572dd5-cbbe-4acf-b7c6-cd9904cfeaf4',
  'Luxurious 2-Door Sliding Wardrobe (Engineered Wood, Ebony Black)',
  'WAR-ENG-0142',
  2,
  21500,
  0,
  0,
  43000
);
INSERT INTO payments (id, invoice_id, method, amount, reference, created_at) VALUES ('9694adb0-004f-4dfb-b357-30d2fcff9e53', '610d0993-8ee7-4b28-ae36-4a8cea2c3cb8', 'upi', 76025, 'TXN-TF-1164', '2026-05-11T11:46:00.000Z');

-- Invoice TF-1165
INSERT INTO invoices (id, store_id, invoice_number, customer_name, customer_phone, customer_address, subtotal, discount_amount, delivery_charge, installation_charge, round_off, grand_total, payment_method, payment_status, created_by, created_at)
VALUES (
  '3218fdd4-411d-4946-8a31-2a0b56e8d88d',
  '29f4e073-bc1d-4071-ae3a-c8718a90f998',
  'TF-1165',
  'Priya Pillai 135',
  '9875302099',
  'H.No. 59, Gali No. 1, Colony Road, Chennai, Tamil Nadu',
  38475,
  0,
  0,
  0,
  0,
  38475,
  'cash',
  'completed',
  '33333333-3333-4333-a333-333333333333',
  '2026-05-11T10:17:00.000Z'
);
INSERT INTO invoice_items (id, invoice_id, product_id, product_name, sku, quantity, unit_price, discount_percent, discount_amount, line_total)
VALUES (
  '9d7ab7be-c5d3-45db-8e9d-7df4061f7ea6',
  '3218fdd4-411d-4946-8a31-2a0b56e8d88d',
  '9db7520c-6881-4de3-9ec8-86be4c0694c6',
  'Classic Rattan Outdoor Swing Chair (Teak Wood, Charcoal Grey)',
  'OUT-TEA-0248',
  1,
  40500,
  5,
  2025,
  38475
);
INSERT INTO payments (id, invoice_id, method, amount, reference, created_at) VALUES ('80f13f05-2dd4-4396-8b43-315eedbda810', '3218fdd4-411d-4946-8a31-2a0b56e8d88d', 'cash', 38475, 'TXN-TF-1165', '2026-05-11T10:17:00.000Z');

-- Invoice TF-1166
INSERT INTO invoices (id, store_id, invoice_number, customer_name, customer_phone, customer_address, subtotal, discount_amount, delivery_charge, installation_charge, round_off, grand_total, payment_method, payment_status, created_by, created_at)
VALUES (
  '63e8f851-a067-49e8-9d66-417fc3ec0f70',
  '29f4e073-bc1d-4071-ae3a-c8718a90f998',
  'TF-1166',
  'Pranav Kulkarni 134',
  '9825985966',
  'H.No. 58, Gali No. 5, Colony Road, Bangalore, Karnataka',
  168275,
  0,
  0,
  0,
  0,
  168275,
  'split',
  'completed',
  '22222222-2222-4222-a222-222222222222',
  '2026-05-11T06:34:00.000Z'
);
INSERT INTO invoice_items (id, invoice_id, product_id, product_name, sku, quantity, unit_price, discount_percent, discount_amount, line_total)
VALUES (
  'df177c6a-4684-4f5c-9183-949bf18b703e',
  '63e8f851-a067-49e8-9d66-417fc3ec0f70',
  '2630ffc9-3ee7-4216-b0bd-0bb6d21b3fa2',
  'Imperial Manual Rocking Recliner Lounge Chair (Sheesham Wood, Ocean Blue)',
  'REC-SHE-0237',
  1,
  70500,
  5,
  3525,
  66975
);
INSERT INTO invoice_items (id, invoice_id, product_id, product_name, sku, quantity, unit_price, discount_percent, discount_amount, line_total)
VALUES (
  '32282721-b73f-4d79-b0f3-0fcef2078036',
  '63e8f851-a067-49e8-9d66-417fc3ec0f70',
  '7d33530d-ad06-4337-b8c8-cb33996a0d3f',
  'Royal Dual Comfort Latex Mattress (Mahogany, Teak Finish)',
  'MAT-MAH-0186',
  2,
  12000,
  0,
  0,
  24000
);
INSERT INTO invoice_items (id, invoice_id, product_id, product_name, sku, quantity, unit_price, discount_percent, discount_amount, line_total)
VALUES (
  'a7c05845-cdfe-4814-a00c-c83026f11fac',
  '63e8f851-a067-49e8-9d66-417fc3ec0f70',
  '9da5d4c4-6bcc-42df-a639-598e5d4f24c8',
  'Royal Wall Mounted TV Cabinet (Mahogany, Ivory White)',
  'TV -MAH-0119',
  1,
  27500,
  0,
  0,
  27500
);
INSERT INTO invoice_items (id, invoice_id, product_id, product_name, sku, quantity, unit_price, discount_percent, discount_amount, line_total)
VALUES (
  '2d91de52-c2b2-479d-b9dd-b7bddb1a6c37',
  '63e8f851-a067-49e8-9d66-417fc3ec0f70',
  '29849c42-d367-49a3-859d-5f65b92da389',
  'Premium Glass Top Coffee Table (Mahogany, Ivory White)',
  'COF-MAH-0130',
  2,
  13500,
  0,
  0,
  27000
);
INSERT INTO invoice_items (id, invoice_id, product_id, product_name, sku, quantity, unit_price, discount_percent, discount_amount, line_total)
VALUES (
  '20978fc2-ec93-4db9-8790-7505e628b982',
  '63e8f851-a067-49e8-9d66-417fc3ec0f70',
  'f4d27558-4a15-48b2-9959-7f7cce45559c',
  'Royal Wooden Sideboard Credenza (Mahogany, Ocean Blue)',
  'STO-MAH-0263',
  1,
  24000,
  5,
  1200,
  22800
);
INSERT INTO payments (id, invoice_id, method, amount, reference, created_at) VALUES ('3f99e4fa-38bb-437c-88ff-e2213e1de38d', '63e8f851-a067-49e8-9d66-417fc3ec0f70', 'card', 67310, 'TXN-SPLIT-CARD', '2026-05-11T06:34:00.000Z');
INSERT INTO payments (id, invoice_id, method, amount, reference, created_at) VALUES ('fec8a495-7b62-41f4-a624-cc986f802cef', '63e8f851-a067-49e8-9d66-417fc3ec0f70', 'upi', 100965, 'TXN-SPLIT-UPI', '2026-05-11T06:34:00.000Z');

-- Invoice TF-1167
INSERT INTO invoices (id, store_id, invoice_number, customer_name, customer_phone, customer_address, subtotal, discount_amount, delivery_charge, installation_charge, round_off, grand_total, payment_method, payment_status, created_by, created_at)
VALUES (
  'b200200f-8a19-4b4a-9b12-04d1135ce77d',
  '29f4e073-bc1d-4071-ae3a-c8718a90f998',
  'TF-1167',
  'Neha Deshmukh 133',
  '9842131759',
  'H.No. 57, Gali No. 4, Colony Road, Secunderabad, Telangana',
  132200,
  0,
  0,
  500,
  0,
  132700,
  'bank_transfer',
  'completed',
  '11111111-1111-4111-a111-111111111111',
  '2026-05-12T04:39:00.000Z'
);
INSERT INTO invoice_items (id, invoice_id, product_id, product_name, sku, quantity, unit_price, discount_percent, discount_amount, line_total)
VALUES (
  '8958df8e-7340-4e67-ad85-d9ec20f7b9ce',
  'b200200f-8a19-4b4a-9b12-04d1135ce77d',
  '018e8419-7505-4845-8b4b-c442cdda4e72',
  'Imperial Executive Leather High-Back (Sheesham Wood, Teak Finish)',
  'OFF-SHE-0094',
  1,
  6000,
  5,
  300,
  5700
);
INSERT INTO invoice_items (id, invoice_id, product_id, product_name, sku, quantity, unit_price, discount_percent, discount_amount, line_total)
VALUES (
  '4f23a044-6226-4a6b-89ef-19fb51433df4',
  'b200200f-8a19-4b4a-9b12-04d1135ce77d',
  '637df026-9f25-4715-a8ae-0d6e4b9a29e8',
  'Heritage Closed Glass-door Library Cabinet (Rose Wood, Warm Beige)',
  'BOO-ROS-0298',
  2,
  24000,
  0,
  0,
  48000
);
INSERT INTO invoice_items (id, invoice_id, product_id, product_name, sku, quantity, unit_price, discount_percent, discount_amount, line_total)
VALUES (
  'ef7db595-734a-45c2-82c1-cafb1ce497f1',
  'b200200f-8a19-4b4a-9b12-04d1135ce77d',
  'c1800dec-cb8a-4d2d-926e-bb685c5b9366',
  'Premium 5-Tier Open Bookshelf Console (Sheesham Wood, Walnut Brown)',
  'BOO-SHE-0288',
  1,
  18500,
  0,
  0,
  18500
);
INSERT INTO invoice_items (id, invoice_id, product_id, product_name, sku, quantity, unit_price, discount_percent, discount_amount, line_total)
VALUES (
  '920c4ca3-f039-48a0-b43c-b2308d9af7a9',
  'b200200f-8a19-4b4a-9b12-04d1135ce77d',
  '2e57a82c-d824-4ec3-8af9-c460f570fc38',
  'Classic L-Shape Sofa Sectional (Teak Wood, Ivory White)',
  'SOF-TEA-0017',
  2,
  30000,
  0,
  0,
  60000
);
INSERT INTO payments (id, invoice_id, method, amount, reference, created_at) VALUES ('3252c4d8-f748-48ce-9f98-433f89bee1da', 'b200200f-8a19-4b4a-9b12-04d1135ce77d', 'bank_transfer', 132700, 'TXN-TF-1167', '2026-05-12T04:39:00.000Z');

-- Invoice TF-1168
INSERT INTO invoices (id, store_id, invoice_number, customer_name, customer_phone, customer_address, subtotal, discount_amount, delivery_charge, installation_charge, round_off, grand_total, payment_method, payment_status, created_by, created_at)
VALUES (
  'f1f10d63-da7d-4306-b1a4-bb6ecf750795',
  '29f4e073-bc1d-4071-ae3a-c8718a90f998',
  'TF-1168',
  'Guest',
  '',
  '',
  171675,
  0,
  0,
  0,
  0,
  171675,
  'card',
  'completed',
  '33333333-3333-4333-a333-333333333333',
  '2026-05-12T05:06:00.000Z'
);
INSERT INTO invoice_items (id, invoice_id, product_id, product_name, sku, quantity, unit_price, discount_percent, discount_amount, line_total)
VALUES (
  'ab97a78a-708e-4732-8542-288dfb4048a4',
  'f1f10d63-da7d-4306-b1a4-bb6ecf750795',
  'a020b182-141b-464e-a7d1-8d966e6512a1',
  'Luxurious Sofa Cum Bed (Sheesham Wood, Ocean Blue)',
  'SOF-SHE-0005',
  1,
  96500,
  5,
  4825,
  91675
);
INSERT INTO invoice_items (id, invoice_id, product_id, product_name, sku, quantity, unit_price, discount_percent, discount_amount, line_total)
VALUES (
  'b4b6eb83-f3ff-47ff-af15-d27975a51461',
  'f1f10d63-da7d-4306-b1a4-bb6ecf750795',
  'e345bac0-7cc8-4cc3-9e52-a741a6cf2b12',
  'Luxurious Dual Comfort Latex Mattress (Rose Wood, Crimson Red)',
  'MAT-ROS-0189',
  2,
  28000,
  0,
  0,
  56000
);
INSERT INTO invoice_items (id, invoice_id, product_id, product_name, sku, quantity, unit_price, discount_percent, discount_amount, line_total)
VALUES (
  'e9189dae-2265-4439-bf5f-dffb9291057d',
  'f1f10d63-da7d-4306-b1a4-bb6ecf750795',
  '886b9486-1403-4699-8c8b-1a0fa25ddedf',
  'Royal Wall Folding Laptop Desk (Sheesham Wood, Teak Finish)',
  'STU-SHE-0163',
  1,
  24000,
  0,
  0,
  24000
);
INSERT INTO payments (id, invoice_id, method, amount, reference, created_at) VALUES ('2cf36407-784a-466e-837a-d7137ffeee08', 'f1f10d63-da7d-4306-b1a4-bb6ecf750795', 'card', 171675, 'TXN-TF-1168', '2026-05-12T05:06:00.000Z');

-- Invoice TF-1169
INSERT INTO invoices (id, store_id, invoice_number, customer_name, customer_phone, customer_address, subtotal, discount_amount, delivery_charge, installation_charge, round_off, grand_total, payment_method, payment_status, created_by, created_at)
VALUES (
  '75af9e59-0e75-4019-8311-b0c940b1f99b',
  '29f4e073-bc1d-4071-ae3a-c8718a90f998',
  'TF-1169',
  'Kavitha Hegde 131',
  '9838285879',
  'H.No. 55, Gali No. 2, Colony Road, Visakhapatnam, Andhra Pradesh',
  50225,
  0,
  0,
  0,
  0,
  50225,
  'upi',
  'completed',
  '22222222-2222-4222-a222-222222222222',
  '2026-05-12T09:23:00.000Z'
);
INSERT INTO invoice_items (id, invoice_id, product_id, product_name, sku, quantity, unit_price, discount_percent, discount_amount, line_total)
VALUES (
  'ec51f412-4cfe-4261-9864-5febddebc0d4',
  '75af9e59-0e75-4019-8311-b0c940b1f99b',
  '309401d9-0e72-4846-a4d8-48610ed27410',
  'Modern Solid Wood Dining Chair (Mahogany, Walnut Brown)',
  'DIN-MAH-0062',
  1,
  5500,
  5,
  275,
  5225
);
INSERT INTO invoice_items (id, invoice_id, product_id, product_name, sku, quantity, unit_price, discount_percent, discount_amount, line_total)
VALUES (
  '2733da2f-489e-428e-a482-612bad58d4ee',
  '75af9e59-0e75-4019-8311-b0c940b1f99b',
  '0793a00d-be8e-4b20-8c5a-53abf1fc26c5',
  'Classic Wall Folding Laptop Desk (Mahogany, Warm Beige)',
  'STU-MAH-0167',
  2,
  22500,
  0,
  0,
  45000
);
INSERT INTO payments (id, invoice_id, method, amount, reference, created_at) VALUES ('b1e1627b-a856-453a-82d4-aa14392df8bf', '75af9e59-0e75-4019-8311-b0c940b1f99b', 'upi', 50225, 'TXN-TF-1169', '2026-05-12T09:23:00.000Z');

-- Invoice TF-1170
INSERT INTO invoices (id, store_id, invoice_number, customer_name, customer_phone, customer_address, subtotal, discount_amount, delivery_charge, installation_charge, round_off, grand_total, payment_method, payment_status, created_by, created_at)
VALUES (
  '7f770b52-cf81-4484-b2b8-9e7b45aef0df',
  '29f4e073-bc1d-4071-ae3a-c8718a90f998',
  'TF-1170',
  'Karthik Swami 130',
  '9845191974',
  'H.No. 54, Gali No. 1, Colony Road, Vijayawada, Andhra Pradesh',
  66975,
  2009.25,
  0,
  0,
  0.25,
  64966,
  'cash',
  'completed',
  '11111111-1111-4111-a111-111111111111',
  '2026-05-12T07:12:00.000Z'
);
INSERT INTO invoice_items (id, invoice_id, product_id, product_name, sku, quantity, unit_price, discount_percent, discount_amount, line_total)
VALUES (
  '037f2ae2-366c-4abb-8092-9b9b46313c62',
  '7f770b52-cf81-4484-b2b8-9e7b45aef0df',
  '2630ffc9-3ee7-4216-b0bd-0bb6d21b3fa2',
  'Imperial Manual Rocking Recliner Lounge Chair (Sheesham Wood, Ocean Blue)',
  'REC-SHE-0237',
  1,
  70500,
  5,
  3525,
  66975
);
INSERT INTO payments (id, invoice_id, method, amount, reference, created_at) VALUES ('841a2f6a-b066-4d60-8cf1-951ada182f78', '7f770b52-cf81-4484-b2b8-9e7b45aef0df', 'cash', 64966, 'TXN-TF-1170', '2026-05-12T07:12:00.000Z');

-- Invoice TF-1171
INSERT INTO invoices (id, store_id, invoice_number, customer_name, customer_phone, customer_address, subtotal, discount_amount, delivery_charge, installation_charge, round_off, grand_total, payment_method, payment_status, created_by, created_at)
VALUES (
  '0e0cf3cb-8cc7-4790-8564-50a6f4a9a92a',
  '29f4e073-bc1d-4071-ae3a-c8718a90f998',
  'TF-1171',
  'Jyoti Prasad 129',
  '9839342665',
  'H.No. 53, Gali No. 5, Colony Road, Chennai, Tamil Nadu',
  379050,
  0,
  1200,
  0,
  0,
  380250,
  'split',
  'completed',
  '33333333-3333-4333-a333-333333333333',
  '2026-05-12T13:52:00.000Z'
);
INSERT INTO invoice_items (id, invoice_id, product_id, product_name, sku, quantity, unit_price, discount_percent, discount_amount, line_total)
VALUES (
  '998a1220-a066-4d23-9afe-cc3143f599a3',
  '0e0cf3cb-8cc7-4790-8564-50a6f4a9a92a',
  'ae31918e-2957-4d40-b94d-78f04b09337d',
  'Luxurious 2-Door Sliding Wardrobe (Oak Wood, Ocean Blue)',
  'WAR-OAK-0154',
  1,
  120000,
  5,
  6000,
  114000
);
INSERT INTO invoice_items (id, invoice_id, product_id, product_name, sku, quantity, unit_price, discount_percent, discount_amount, line_total)
VALUES (
  '1f298ae6-7fdf-431b-ae5e-6a0b822eabf7',
  '0e0cf3cb-8cc7-4790-8564-50a6f4a9a92a',
  '2763336d-b6de-4bf1-9030-9592fced7f5f',
  'Classic 3-Door Wardrobe with Mirror (Rose Wood, Charcoal Grey)',
  'WAR-ROS-0141',
  2,
  36000,
  0,
  0,
  72000
);
INSERT INTO invoice_items (id, invoice_id, product_id, product_name, sku, quantity, unit_price, discount_percent, discount_amount, line_total)
VALUES (
  '42a4e3bf-449e-4831-9f0f-ad4e19636b67',
  '0e0cf3cb-8cc7-4790-8564-50a6f4a9a92a',
  '936e386c-5292-4d9e-b355-0b3edc7505c0',
  'Comfort High Back Chair (Teak Wood, Ebony Black)',
  'DIN-TEA-0063',
  1,
  8500,
  0,
  0,
  8500
);
INSERT INTO invoice_items (id, invoice_id, product_id, product_name, sku, quantity, unit_price, discount_percent, discount_amount, line_total)
VALUES (
  '0f399164-f2a1-4aad-b8c6-7a249a55c4dc',
  '0e0cf3cb-8cc7-4790-8564-50a6f4a9a92a',
  '58703e79-1d72-4dc6-914c-0846583de93c',
  'Eco-sustain 6-Seater Wooden Dining Table (Teak Wood, Ivory White)',
  'DIN-TEA-0041',
  2,
  88000,
  0,
  0,
  176000
);
INSERT INTO invoice_items (id, invoice_id, product_id, product_name, sku, quantity, unit_price, discount_percent, discount_amount, line_total)
VALUES (
  '36e957b0-53e6-4162-8834-f0d1d208f71e',
  '0e0cf3cb-8cc7-4790-8564-50a6f4a9a92a',
  '249a0f8e-bb21-425f-bb7c-f8c77f73e7f5',
  'Comfort Compact Student Desk (Oak Wood, Charcoal Grey)',
  'STU-OAK-0161',
  1,
  9000,
  5,
  450,
  8550
);
INSERT INTO payments (id, invoice_id, method, amount, reference, created_at) VALUES ('97397cc2-27ea-4598-b16b-c32b266b3332', '0e0cf3cb-8cc7-4790-8564-50a6f4a9a92a', 'card', 152100, 'TXN-SPLIT-CARD', '2026-05-12T13:52:00.000Z');
INSERT INTO payments (id, invoice_id, method, amount, reference, created_at) VALUES ('b54f3aed-5939-4596-ac58-ff9af5db179f', '0e0cf3cb-8cc7-4790-8564-50a6f4a9a92a', 'upi', 228150, 'TXN-SPLIT-UPI', '2026-05-12T13:52:00.000Z');

-- Invoice TF-1172
INSERT INTO invoices (id, store_id, invoice_number, customer_name, customer_phone, customer_address, subtotal, discount_amount, delivery_charge, installation_charge, round_off, grand_total, payment_method, payment_status, created_by, created_at)
VALUES (
  '73f31602-fb22-4f22-a8f0-680d64f99e5f',
  '29f4e073-bc1d-4071-ae3a-c8718a90f998',
  'TF-1172',
  'Guest',
  '',
  '',
  286350,
  0,
  0,
  0,
  0,
  286350,
  'bank_transfer',
  'completed',
  '22222222-2222-4222-a222-222222222222',
  '2026-05-12T04:33:00.000Z'
);
INSERT INTO invoice_items (id, invoice_id, product_id, product_name, sku, quantity, unit_price, discount_percent, discount_amount, line_total)
VALUES (
  '09beee78-9039-42af-9df8-b6938de4d1c9',
  '73f31602-fb22-4f22-a8f0-680d64f99e5f',
  '683ad21e-1aa2-472d-b66a-1720d1f62971',
  'Premium 4-Seater Glass Top Dining Table (Rose Wood, Ivory White)',
  'DIN-ROS-0046',
  1,
  83000,
  5,
  4150,
  78850
);
INSERT INTO invoice_items (id, invoice_id, product_id, product_name, sku, quantity, unit_price, discount_percent, discount_amount, line_total)
VALUES (
  '983a98ef-d018-494a-92f2-c4a300ff2192',
  '73f31602-fb22-4f22-a8f0-680d64f99e5f',
  'c4c41318-93e6-40e0-a7e7-9471521e3216',
  'Luxurious Wall Mounted TV Cabinet (Rose Wood, Ocean Blue)',
  'TV -ROS-0113',
  2,
  39000,
  0,
  0,
  78000
);
INSERT INTO invoice_items (id, invoice_id, product_id, product_name, sku, quantity, unit_price, discount_percent, discount_amount, line_total)
VALUES (
  'ed0cd6d3-45bc-42ee-bb1a-362807defa5c',
  '73f31602-fb22-4f22-a8f0-680d64f99e5f',
  '597dfa12-759f-487a-9605-0ce7f962be7f',
  'Modern Massage Recliner Chair (Oak Wood, Warm Beige)',
  'REC-OAK-0223',
  1,
  52500,
  0,
  0,
  52500
);
INSERT INTO invoice_items (id, invoice_id, product_id, product_name, sku, quantity, unit_price, discount_percent, discount_amount, line_total)
VALUES (
  'b3675328-7fec-4ed5-831e-22d8a90019e5',
  '73f31602-fb22-4f22-a8f0-680d64f99e5f',
  '51b04775-aa17-42b6-b6ad-7d25120f20e3',
  'Premium King Size Bed with Storage (Engineered Wood, Ivory White)',
  'BED-ENG-0031',
  2,
  38500,
  0,
  0,
  77000
);
INSERT INTO payments (id, invoice_id, method, amount, reference, created_at) VALUES ('1d8e3200-9c45-4018-8e9e-2c3a759e695f', '73f31602-fb22-4f22-a8f0-680d64f99e5f', 'bank_transfer', 286350, 'TXN-TF-1172', '2026-05-12T04:33:00.000Z');

-- Invoice TF-1173
INSERT INTO invoices (id, store_id, invoice_number, customer_name, customer_phone, customer_address, subtotal, discount_amount, delivery_charge, installation_charge, round_off, grand_total, payment_method, payment_status, created_by, created_at)
VALUES (
  '59ea2368-0e3e-47d6-b31a-60337867837d',
  '29f4e073-bc1d-4071-ae3a-c8718a90f998',
  'TF-1173',
  'Harish Rao 127',
  '9849531854',
  'H.No. 51, Gali No. 3, Colony Road, Secunderabad, Telangana',
  33075,
  0,
  0,
  0,
  0,
  33075,
  'card',
  'completed',
  '11111111-1111-4111-a111-111111111111',
  '2026-05-13T06:14:00.000Z'
);
INSERT INTO invoice_items (id, invoice_id, product_id, product_name, sku, quantity, unit_price, discount_percent, discount_amount, line_total)
VALUES (
  '4832c20a-0d7e-4bbc-a055-70a7ae387086',
  '59ea2368-0e3e-47d6-b31a-60337867837d',
  '4285c79a-d18c-4d32-b4d5-6a9248d5b034',
  'Premium Mesh Medium-Back Office Chair (Sheesham Wood, Warm Beige)',
  'OFF-SHE-0091',
  1,
  8500,
  5,
  425,
  8075
);
INSERT INTO invoice_items (id, invoice_id, product_id, product_name, sku, quantity, unit_price, discount_percent, discount_amount, line_total)
VALUES (
  'fc7db7e7-d2be-48be-a1be-f996f0169d61',
  '59ea2368-0e3e-47d6-b31a-60337867837d',
  '309401d9-0e72-4846-a4d8-48610ed27410',
  'Modern Solid Wood Dining Chair (Mahogany, Walnut Brown)',
  'DIN-MAH-0062',
  2,
  5500,
  0,
  0,
  11000
);
INSERT INTO invoice_items (id, invoice_id, product_id, product_name, sku, quantity, unit_price, discount_percent, discount_amount, line_total)
VALUES (
  'e9ff861b-cc02-48b4-add5-536d85e71368',
  '59ea2368-0e3e-47d6-b31a-60337867837d',
  '4bb32b27-e36f-4ad8-b9db-a4d600af3699',
  'Eco-sustain Wall Folding Laptop Desk (Engineered Wood, Warm Beige)',
  'STU-ENG-0179',
  1,
  14000,
  0,
  0,
  14000
);
INSERT INTO payments (id, invoice_id, method, amount, reference, created_at) VALUES ('e3167828-28fb-49fd-8d5c-86d013860cc8', '59ea2368-0e3e-47d6-b31a-60337867837d', 'card', 33075, 'TXN-TF-1173', '2026-05-13T06:14:00.000Z');

-- Invoice TF-1174
INSERT INTO invoices (id, store_id, invoice_number, customer_name, customer_phone, customer_address, subtotal, discount_amount, delivery_charge, installation_charge, round_off, grand_total, payment_method, payment_status, created_by, created_at)
VALUES (
  'dcadf455-b6e1-484c-abde-d632a6e2afa8',
  '29f4e073-bc1d-4071-ae3a-c8718a90f998',
  'TF-1174',
  'Divya Nair 126',
  '9863195997',
  'H.No. 50, Gali No. 2, Colony Road, Hyderabad, Telangana',
  57625,
  0,
  0,
  0,
  0,
  57625,
  'upi',
  'completed',
  '33333333-3333-4333-a333-333333333333',
  '2026-05-13T09:04:00.000Z'
);
INSERT INTO invoice_items (id, invoice_id, product_id, product_name, sku, quantity, unit_price, discount_percent, discount_amount, line_total)
VALUES (
  '8f06454d-2733-498a-b2c6-2c295d5d5151',
  'dcadf455-b6e1-484c-abde-d632a6e2afa8',
  '3b887fdc-e681-4eb9-a8f9-ed3a55c5f4af',
  'Classic Ladder Bookshelf Display Unit (Engineered Wood, Warm Beige)',
  'BOO-ENG-0287',
  1,
  17500,
  5,
  875,
  16625
);
INSERT INTO invoice_items (id, invoice_id, product_id, product_name, sku, quantity, unit_price, discount_percent, discount_amount, line_total)
VALUES (
  'aa965b8a-f582-401e-a8df-ec46b604cc99',
  'dcadf455-b6e1-484c-abde-d632a6e2afa8',
  '1e2db180-eac0-41f5-a95c-847c1fa0b20a',
  'Eco-sustain Wooden Sideboard Credenza (Rose Wood, Ivory White)',
  'STO-ROS-0278',
  2,
  20500,
  0,
  0,
  41000
);
INSERT INTO payments (id, invoice_id, method, amount, reference, created_at) VALUES ('7122d211-cb8d-46f7-b6fb-fa13ad85ced6', 'dcadf455-b6e1-484c-abde-d632a6e2afa8', 'upi', 57625, 'TXN-TF-1174', '2026-05-13T09:04:00.000Z');

-- Invoice TF-1175
INSERT INTO invoices (id, store_id, invoice_number, customer_name, customer_phone, customer_address, subtotal, discount_amount, delivery_charge, installation_charge, round_off, grand_total, payment_method, payment_status, created_by, created_at)
VALUES (
  'b9f13e9f-ad66-48bb-aca4-95410f33f93f',
  '29f4e073-bc1d-4071-ae3a-c8718a90f998',
  'TF-1175',
  'Deepak Reddy 125',
  '9851846391',
  'H.No. 49, Gali No. 1, Colony Road, Visakhapatnam, Andhra Pradesh',
  9975,
  0,
  0,
  0,
  0,
  9975,
  'cash',
  'cancelled',
  '22222222-2222-4222-a222-222222222222',
  '2026-05-13T08:52:00.000Z'
);
INSERT INTO invoice_items (id, invoice_id, product_id, product_name, sku, quantity, unit_price, discount_percent, discount_amount, line_total)
VALUES (
  '2a4d7eef-a465-44b0-9a83-7d8289682ea6',
  'b9f13e9f-ad66-48bb-aca4-95410f33f93f',
  'dc4ff223-2415-466f-a521-baeb9025d167',
  'Comfort Executive Study Desk with Drawers (Rose Wood, Warm Beige)',
  'STU-ROS-0174',
  1,
  10500,
  5,
  525,
  9975
);

-- Invoice TF-1176
INSERT INTO invoices (id, store_id, invoice_number, customer_name, customer_phone, customer_address, subtotal, discount_amount, delivery_charge, installation_charge, round_off, grand_total, payment_method, payment_status, created_by, created_at)
VALUES (
  '90773154-023a-4903-b609-c321afb4df43',
  '29f4e073-bc1d-4071-ae3a-c8718a90f998',
  'TF-1176',
  'Guest',
  '',
  '',
  184925,
  0,
  0,
  500,
  0,
  185425,
  'split',
  'completed',
  '11111111-1111-4111-a111-111111111111',
  '2026-05-13T04:42:00.000Z'
);
INSERT INTO invoice_items (id, invoice_id, product_id, product_name, sku, quantity, unit_price, discount_percent, discount_amount, line_total)
VALUES (
  'c477d2bc-a4f8-40bd-a4c9-bb926640a7b4',
  '90773154-023a-4903-b609-c321afb4df43',
  'dac7e591-f2c0-4dfe-9b77-54d1d0e28210',
  'Heritage Floor Standing TV Console (Rose Wood, Teak Finish)',
  'TV -ROS-0102',
  1,
  33000,
  5,
  1650,
  31350
);
INSERT INTO invoice_items (id, invoice_id, product_id, product_name, sku, quantity, unit_price, discount_percent, discount_amount, line_total)
VALUES (
  '2b4e7186-d690-41e6-bf21-98d763a2eb9f',
  '90773154-023a-4903-b609-c321afb4df43',
  '6386c70a-0d45-4665-9097-fee54a630fac',
  'Comfort Single Motor Power Recliner (Engineered Wood, Crimson Red)',
  'REC-ENG-0239',
  2,
  49000,
  0,
  0,
  98000
);
INSERT INTO invoice_items (id, invoice_id, product_id, product_name, sku, quantity, unit_price, discount_percent, discount_amount, line_total)
VALUES (
  '3a254c3a-0ed3-4ec2-b996-e89eecf740cd',
  '90773154-023a-4903-b609-c321afb4df43',
  '9c66da03-0ee6-4b1b-a9ec-f53da69d5a91',
  'Royal Visitor Stool Chair (Mahogany, Ivory White)',
  'OFF-MAH-0096',
  1,
  20000,
  0,
  0,
  20000
);
INSERT INTO invoice_items (id, invoice_id, product_id, product_name, sku, quantity, unit_price, discount_percent, discount_amount, line_total)
VALUES (
  'd100838b-697c-44c2-bf43-e31d41252d28',
  '90773154-023a-4903-b609-c321afb4df43',
  '249a0f8e-bb21-425f-bb7c-f8c77f73e7f5',
  'Comfort Compact Student Desk (Oak Wood, Charcoal Grey)',
  'STU-OAK-0161',
  2,
  9000,
  0,
  0,
  18000
);
INSERT INTO invoice_items (id, invoice_id, product_id, product_name, sku, quantity, unit_price, discount_percent, discount_amount, line_total)
VALUES (
  '653065e2-6bf5-467c-b13c-474165a6c927',
  '90773154-023a-4903-b609-c321afb4df43',
  '0ad575b6-f822-4798-bc2e-7508555b0061',
  'Premium 6-Drawer Wide Dresser chest (Rose Wood, Walnut Brown)',
  'DRE-ROS-0209',
  1,
  18500,
  5,
  925,
  17575
);
INSERT INTO payments (id, invoice_id, method, amount, reference, created_at) VALUES ('e9143ab2-1291-4cf1-a0fd-f33c758f0aa1', '90773154-023a-4903-b609-c321afb4df43', 'card', 74170, 'TXN-SPLIT-CARD', '2026-05-13T04:42:00.000Z');
INSERT INTO payments (id, invoice_id, method, amount, reference, created_at) VALUES ('5faec684-a7ee-4293-833b-143243378479', '90773154-023a-4903-b609-c321afb4df43', 'upi', 111255, 'TXN-SPLIT-UPI', '2026-05-13T04:42:00.000Z');

-- Invoice TF-1177
INSERT INTO invoices (id, store_id, invoice_number, customer_name, customer_phone, customer_address, subtotal, discount_amount, delivery_charge, installation_charge, round_off, grand_total, payment_method, payment_status, created_by, created_at)
VALUES (
  'e665d7c8-47be-456f-9cc3-4ca40611c8f7',
  '29f4e073-bc1d-4071-ae3a-c8718a90f998',
  'TF-1177',
  'Ananya Iyer 123',
  '9851973271',
  'H.No. 47, Gali No. 4, Colony Road, Chennai, Tamil Nadu',
  236475,
  0,
  0,
  0,
  0,
  236475,
  'bank_transfer',
  'completed',
  '33333333-3333-4333-a333-333333333333',
  '2026-05-13T14:58:00.000Z'
);
INSERT INTO invoice_items (id, invoice_id, product_id, product_name, sku, quantity, unit_price, discount_percent, discount_amount, line_total)
VALUES (
  '76aa9fd3-ab44-42bf-83f5-1d8b241e4f4f',
  'e665d7c8-47be-456f-9cc3-4ca40611c8f7',
  'ff86d0e1-e886-4ed0-b8a0-726b93277dcc',
  'Comfort Extendable Dining Table (Teak Wood, Ocean Blue)',
  'DIN-TEA-0060',
  1,
  70500,
  5,
  3525,
  66975
);
INSERT INTO invoice_items (id, invoice_id, product_id, product_name, sku, quantity, unit_price, discount_percent, discount_amount, line_total)
VALUES (
  '2874189f-6df4-454e-a4b2-6c9e4a08846a',
  'e665d7c8-47be-456f-9cc3-4ca40611c8f7',
  '0fd1f89f-28d1-4530-a20f-30e848b85844',
  'Modern 3-Seater Sofa (Sheesham Wood, Teak Finish)',
  'SOF-SHE-0016',
  2,
  66000,
  0,
  0,
  132000
);
INSERT INTO invoice_items (id, invoice_id, product_id, product_name, sku, quantity, unit_price, discount_percent, discount_amount, line_total)
VALUES (
  'cfa991ea-320b-4781-b12c-d2bfb11e1a54',
  'e665d7c8-47be-456f-9cc3-4ca40611c8f7',
  'e2448723-33eb-4f33-ad36-53f5141545fd',
  'Luxurious Ladder Bookshelf Display Unit (Mahogany, Teak Finish)',
  'BOO-MAH-0293',
  1,
  22500,
  0,
  0,
  22500
);
INSERT INTO invoice_items (id, invoice_id, product_id, product_name, sku, quantity, unit_price, discount_percent, discount_amount, line_total)
VALUES (
  '24056d44-a88b-4f29-a165-c02fbc62c2b3',
  'e665d7c8-47be-456f-9cc3-4ca40611c8f7',
  '90faf84f-c744-46a5-99ba-6d9d478400d3',
  'Modern Executive Leather High-Back (Teak Wood, Ivory White)',
  'OFF-TEA-0086',
  2,
  7500,
  0,
  0,
  15000
);
INSERT INTO payments (id, invoice_id, method, amount, reference, created_at) VALUES ('b98c0fe9-ba78-4f0a-b103-35ed2111d21b', 'e665d7c8-47be-456f-9cc3-4ca40611c8f7', 'bank_transfer', 236475, 'TXN-TF-1177', '2026-05-13T14:58:00.000Z');

-- Invoice TF-1178
INSERT INTO invoices (id, store_id, invoice_number, customer_name, customer_phone, customer_address, subtotal, discount_amount, delivery_charge, installation_charge, round_off, grand_total, payment_method, payment_status, created_by, created_at)
VALUES (
  '546efa04-4f1d-42da-9276-c54e9838c50a',
  '29f4e073-bc1d-4071-ae3a-c8718a90f998',
  'TF-1178',
  'Amit Kumar 122',
  '9815829047',
  'H.No. 46, Gali No. 3, Colony Road, Bangalore, Karnataka',
  88475,
  0,
  1200,
  0,
  0,
  89675,
  'card',
  'completed',
  '22222222-2222-4222-a222-222222222222',
  '2026-05-14T09:07:00.000Z'
);
INSERT INTO invoice_items (id, invoice_id, product_id, product_name, sku, quantity, unit_price, discount_percent, discount_amount, line_total)
VALUES (
  'fc727e33-e2ba-4e2a-b23e-f2a1478aa12f',
  '546efa04-4f1d-42da-9276-c54e9838c50a',
  'eacf107d-bd00-4ef8-af77-17bd57ed7e07',
  'Modern Ladder Bookshelf Display Unit (Mahogany, Crimson Red)',
  'BOO-MAH-0296',
  1,
  10500,
  5,
  525,
  9975
);
INSERT INTO invoice_items (id, invoice_id, product_id, product_name, sku, quantity, unit_price, discount_percent, discount_amount, line_total)
VALUES (
  '5f502699-74f4-4d3d-a890-6129a6718110',
  '546efa04-4f1d-42da-9276-c54e9838c50a',
  '9c0f27c3-56a3-4c37-af63-2aa734d19353',
  'Imperial Visitor Stool Chair (Mahogany, Ocean Blue)',
  'OFF-MAH-0084',
  2,
  34500,
  0,
  0,
  69000
);
INSERT INTO invoice_items (id, invoice_id, product_id, product_name, sku, quantity, unit_price, discount_percent, discount_amount, line_total)
VALUES (
  'd8b4ef30-6131-4017-b5c1-aabba5aa8e44',
  '546efa04-4f1d-42da-9276-c54e9838c50a',
  'e2a346ed-dbcd-4755-91ba-c6bed535d05e',
  'Imperial Shoe Storage Bench Rack (Rose Wood, Warm Beige)',
  'STO-ROS-0277',
  1,
  9500,
  0,
  0,
  9500
);
INSERT INTO payments (id, invoice_id, method, amount, reference, created_at) VALUES ('9c5e7ac4-ba0d-4e3d-bcfe-82c7e244c4c3', '546efa04-4f1d-42da-9276-c54e9838c50a', 'card', 89675, 'TXN-TF-1178', '2026-05-14T09:07:00.000Z');

-- Invoice TF-1179
INSERT INTO invoices (id, store_id, invoice_number, customer_name, customer_phone, customer_address, subtotal, discount_amount, delivery_charge, installation_charge, round_off, grand_total, payment_method, payment_status, created_by, created_at)
VALUES (
  '60cabe3d-d578-4b1c-90e6-45cb5bdb5477',
  '29f4e073-bc1d-4071-ae3a-c8718a90f998',
  'TF-1179',
  'Aditya Patel 121',
  '9896876583',
  'H.No. 45, Gali No. 2, Colony Road, Secunderabad, Telangana',
  56550,
  0,
  0,
  0,
  0,
  56550,
  'upi',
  'completed',
  '11111111-1111-4111-a111-111111111111',
  '2026-05-14T07:30:00.000Z'
);
INSERT INTO invoice_items (id, invoice_id, product_id, product_name, sku, quantity, unit_price, discount_percent, discount_amount, line_total)
VALUES (
  '27d51b63-df68-4907-830c-64aa80f85833',
  '60cabe3d-d578-4b1c-90e6-45cb5bdb5477',
  'ca7f69c3-2090-4f81-b600-c5c1d58e0d87',
  'Comfort Dual Comfort Latex Mattress (Rose Wood, Teak Finish)',
  'MAT-ROS-0195',
  1,
  9000,
  5,
  450,
  8550
);
INSERT INTO invoice_items (id, invoice_id, product_id, product_name, sku, quantity, unit_price, discount_percent, discount_amount, line_total)
VALUES (
  'fd3732c9-4f74-4408-8e00-6a6fe0989228',
  '60cabe3d-d578-4b1c-90e6-45cb5bdb5477',
  'd1bfa1d2-939f-437f-a810-2b16376ba4a8',
  'Luxurious Orthopedic Memory Foam Mattress (Teak Wood, Teak Finish)',
  'MAT-TEA-0184',
  2,
  24000,
  0,
  0,
  48000
);
INSERT INTO payments (id, invoice_id, method, amount, reference, created_at) VALUES ('34f4991f-8969-49c1-9cf2-feccb6322cdf', '60cabe3d-d578-4b1c-90e6-45cb5bdb5477', 'upi', 56550, 'TXN-TF-1179', '2026-05-14T07:30:00.000Z');

-- Invoice TF-1180
INSERT INTO invoices (id, store_id, invoice_number, customer_name, customer_phone, customer_address, subtotal, discount_amount, delivery_charge, installation_charge, round_off, grand_total, payment_method, payment_status, created_by, created_at)
VALUES (
  'e7e2ef76-2878-4edd-933f-ab259d0b38cb',
  '29f4e073-bc1d-4071-ae3a-c8718a90f998',
  'TF-1180',
  'Guest',
  '',
  '',
  12825,
  384.75,
  0,
  0,
  -0.25,
  12440,
  'cash',
  'completed',
  '33333333-3333-4333-a333-333333333333',
  '2026-05-14T10:04:00.000Z'
);
INSERT INTO invoice_items (id, invoice_id, product_id, product_name, sku, quantity, unit_price, discount_percent, discount_amount, line_total)
VALUES (
  'a476d790-c0f5-4e3b-9858-f9bbdaf54c22',
  'e7e2ef76-2878-4edd-933f-ab259d0b38cb',
  'd3bd37b5-7bce-4187-973c-bf99478a81d4',
  'Royal Round Accent Coffee Table (Teak Wood, Ivory White)',
  'COF-TEA-0132',
  1,
  13500,
  5,
  675,
  12825
);
INSERT INTO payments (id, invoice_id, method, amount, reference, created_at) VALUES ('3c4e61ff-2741-414c-80a4-2e34627647f5', 'e7e2ef76-2878-4edd-933f-ab259d0b38cb', 'cash', 12440, 'TXN-TF-1180', '2026-05-14T10:04:00.000Z');

-- Invoice TF-1181
INSERT INTO invoices (id, store_id, invoice_number, customer_name, customer_phone, customer_address, subtotal, discount_amount, delivery_charge, installation_charge, round_off, grand_total, payment_method, payment_status, created_by, created_at)
VALUES (
  '26475aa6-4d10-424d-b9b8-245ed75c6be7',
  '29f4e073-bc1d-4071-ae3a-c8718a90f998',
  'TF-1181',
  'Vijay Mallya 119',
  '9817816500',
  'H.No. 43, Gali No. 5, Colony Road, Visakhapatnam, Andhra Pradesh',
  404850,
  0,
  0,
  0,
  0,
  404850,
  'split',
  'completed',
  '22222222-2222-4222-a222-222222222222',
  '2026-05-14T08:11:00.000Z'
);
INSERT INTO invoice_items (id, invoice_id, product_id, product_name, sku, quantity, unit_price, discount_percent, discount_amount, line_total)
VALUES (
  'f7c82bfb-bd06-49e2-9762-e4a6bef612e0',
  '26475aa6-4d10-424d-b9b8-245ed75c6be7',
  'a21415de-5300-413b-bc5e-11991a807006',
  'Minimalist Rattan Outdoor Swing Chair (Mahogany, Charcoal Grey)',
  'OUT-MAH-0242',
  1,
  65500,
  5,
  3275,
  62225
);
INSERT INTO invoice_items (id, invoice_id, product_id, product_name, sku, quantity, unit_price, discount_percent, discount_amount, line_total)
VALUES (
  '5602fa37-9492-4b21-bfad-9aef4f5c96eb',
  '26475aa6-4d10-424d-b9b8-245ed75c6be7',
  'ca81f1db-6b79-4b6a-9bcd-d9ce601ddb8b',
  'Imperial Chesterfield Sofa (Engineered Wood, Ocean Blue)',
  'SOF-ENG-0004',
  2,
  89500,
  0,
  0,
  179000
);
INSERT INTO invoice_items (id, invoice_id, product_id, product_name, sku, quantity, unit_price, discount_percent, discount_amount, line_total)
VALUES (
  'fa5ac840-b60d-4bd9-96d0-3786a2dc98f4',
  '26475aa6-4d10-424d-b9b8-245ed75c6be7',
  '18bb3c0b-e13e-4df5-800f-24c29a3bbed9',
  'Eco-sustain King Size Bed with Storage (Engineered Wood, Warm Beige)',
  'BED-ENG-0036',
  1,
  18000,
  0,
  0,
  18000
);
INSERT INTO invoice_items (id, invoice_id, product_id, product_name, sku, quantity, unit_price, discount_percent, discount_amount, line_total)
VALUES (
  'a59fa193-b03c-4048-beaa-f5a9e9dd2a58',
  '26475aa6-4d10-424d-b9b8-245ed75c6be7',
  '24e59f2a-fc44-477a-b47c-a4c9026d1810',
  'Classic Poster Bed (Oak Wood, Walnut Brown)',
  'BED-OAK-0034',
  2,
  17000,
  0,
  0,
  34000
);
INSERT INTO invoice_items (id, invoice_id, product_id, product_name, sku, quantity, unit_price, discount_percent, discount_amount, line_total)
VALUES (
  '354d68a6-e02f-46b0-a7e9-b68ec5342f27',
  '26475aa6-4d10-424d-b9b8-245ed75c6be7',
  '5a47b543-0e83-4610-9794-e48996ce966c',
  'Minimalist Sofa Cum Bed (Mahogany, Warm Beige)',
  'SOF-MAH-0020',
  1,
  117500,
  5,
  5875,
  111625
);
INSERT INTO payments (id, invoice_id, method, amount, reference, created_at) VALUES ('0072b893-373e-494e-8b7f-9c88f6509db1', '26475aa6-4d10-424d-b9b8-245ed75c6be7', 'card', 161940, 'TXN-SPLIT-CARD', '2026-05-14T08:11:00.000Z');
INSERT INTO payments (id, invoice_id, method, amount, reference, created_at) VALUES ('ea345cd1-b530-4ebd-842b-c16888053762', '26475aa6-4d10-424d-b9b8-245ed75c6be7', 'upi', 242910, 'TXN-SPLIT-UPI', '2026-05-14T08:11:00.000Z');

-- Invoice TF-1182
INSERT INTO invoices (id, store_id, invoice_number, customer_name, customer_phone, customer_address, subtotal, discount_amount, delivery_charge, installation_charge, round_off, grand_total, payment_method, payment_status, created_by, created_at)
VALUES (
  '9d4198dd-b9b7-492f-8431-92e2ee76ed8d',
  '29f4e073-bc1d-4071-ae3a-c8718a90f998',
  'TF-1182',
  'Zeeshan Khan 118',
  '9860117743',
  'H.No. 42, Gali No. 4, Colony Road, Vijayawada, Andhra Pradesh',
  252500,
  0,
  0,
  0,
  0,
  252500,
  'bank_transfer',
  'completed',
  '11111111-1111-4111-a111-111111111111',
  '2026-05-14T09:47:00.000Z'
);
INSERT INTO invoice_items (id, invoice_id, product_id, product_name, sku, quantity, unit_price, discount_percent, discount_amount, line_total)
VALUES (
  '5c25d010-ebaf-4ef2-b1f9-923704286988',
  '9d4198dd-b9b7-492f-8431-92e2ee76ed8d',
  '9c66da03-0ee6-4b1b-a9ec-f53da69d5a91',
  'Royal Visitor Stool Chair (Mahogany, Ivory White)',
  'OFF-MAH-0096',
  1,
  20000,
  5,
  1000,
  19000
);
INSERT INTO invoice_items (id, invoice_id, product_id, product_name, sku, quantity, unit_price, discount_percent, discount_amount, line_total)
VALUES (
  '9aa6d8e5-a7c4-4ab2-919b-46c9786cad9c',
  '9d4198dd-b9b7-492f-8431-92e2ee76ed8d',
  '96113491-acab-4db5-90a3-8fc4e240b7f6',
  'Royal Recliner Sofa (Oak Wood, Ocean Blue)',
  'SOF-OAK-0003',
  2,
  79000,
  0,
  0,
  158000
);
INSERT INTO invoice_items (id, invoice_id, product_id, product_name, sku, quantity, unit_price, discount_percent, discount_amount, line_total)
VALUES (
  '21cacbfe-a9a5-4109-ba22-eada7598f21c',
  '9d4198dd-b9b7-492f-8431-92e2ee76ed8d',
  '86a14d36-7b5e-4b2e-9a9a-257ac8b520d7',
  'Classic Pocket Spring Premium Mattress (Sheesham Wood, Crimson Red)',
  'MAT-SHE-0194',
  1,
  23500,
  0,
  0,
  23500
);
INSERT INTO invoice_items (id, invoice_id, product_id, product_name, sku, quantity, unit_price, discount_percent, discount_amount, line_total)
VALUES (
  'a8052518-950f-4820-812e-b558ea953be0',
  '9d4198dd-b9b7-492f-8431-92e2ee76ed8d',
  '482e6765-ec8f-4de4-ba26-c5254f4d1766',
  'Imperial Wall Mounted TV Cabinet (Oak Wood, Ocean Blue)',
  'TV -OAK-0107',
  2,
  26000,
  0,
  0,
  52000
);
INSERT INTO payments (id, invoice_id, method, amount, reference, created_at) VALUES ('a754a50b-6114-42bf-b24d-2a712ad949c7', '9d4198dd-b9b7-492f-8431-92e2ee76ed8d', 'bank_transfer', 252500, 'TXN-TF-1182', '2026-05-14T09:47:00.000Z');

-- Invoice TF-1183
INSERT INTO invoices (id, store_id, invoice_number, customer_name, customer_phone, customer_address, subtotal, discount_amount, delivery_charge, installation_charge, round_off, grand_total, payment_method, payment_status, created_by, created_at)
VALUES (
  'c75e5301-09eb-4baf-9314-89cfe2b0f037',
  '29f4e073-bc1d-4071-ae3a-c8718a90f998',
  'TF-1183',
  'Yash Pal 117',
  '9858821082',
  'H.No. 41, Gali No. 3, Colony Road, Chennai, Tamil Nadu',
  114500,
  0,
  0,
  0,
  0,
  114500,
  'card',
  'completed',
  '33333333-3333-4333-a333-333333333333',
  '2026-05-14T09:33:00.000Z'
);
INSERT INTO invoice_items (id, invoice_id, product_id, product_name, sku, quantity, unit_price, discount_percent, discount_amount, line_total)
VALUES (
  '7f9ad627-5885-4bd4-ad43-a00b44b20f4d',
  'c75e5301-09eb-4baf-9314-89cfe2b0f037',
  '47105cfc-d71b-430f-87b2-d643130dcd41',
  'Luxurious Upholstered Bed Platform (Oak Wood, Warm Beige)',
  'BED-OAK-0035',
  1,
  80000,
  5,
  4000,
  76000
);
INSERT INTO invoice_items (id, invoice_id, product_id, product_name, sku, quantity, unit_price, discount_percent, discount_amount, line_total)
VALUES (
  'ba12dbbd-b960-4dd7-9edc-dd6d16c0403a',
  'c75e5301-09eb-4baf-9314-89cfe2b0f037',
  '192fc844-339e-4f31-aeb6-eb3ee716131a',
  'Eco-sustain Ergonomic Task Chair (Engineered Wood, Crimson Red)',
  'OFF-ENG-0093',
  2,
  7500,
  0,
  0,
  15000
);
INSERT INTO invoice_items (id, invoice_id, product_id, product_name, sku, quantity, unit_price, discount_percent, discount_amount, line_total)
VALUES (
  'c8c576f7-9c13-4321-891a-31d36a60b438',
  'c75e5301-09eb-4baf-9314-89cfe2b0f037',
  '47e7106e-10d8-4b20-8774-9074af7b2be1',
  'Royal 5-Tier Open Bookshelf Console (Sheesham Wood, Ivory White)',
  'BOO-SHE-0291',
  1,
  23500,
  0,
  0,
  23500
);
INSERT INTO payments (id, invoice_id, method, amount, reference, created_at) VALUES ('6555c63b-16aa-4618-9e24-84096d3a7f94', 'c75e5301-09eb-4baf-9314-89cfe2b0f037', 'card', 114500, 'TXN-TF-1183', '2026-05-14T09:33:00.000Z');

-- Invoice TF-1184
INSERT INTO invoices (id, store_id, invoice_number, customer_name, customer_phone, customer_address, subtotal, discount_amount, delivery_charge, installation_charge, round_off, grand_total, payment_method, payment_status, created_by, created_at)
VALUES (
  '660dc742-d471-428f-ba2d-fc3cf77495be',
  '29f4e073-bc1d-4071-ae3a-c8718a90f998',
  'TF-1184',
  'Guest',
  '',
  '',
  78700,
  0,
  0,
  0,
  0,
  78700,
  'upi',
  'completed',
  '22222222-2222-4222-a222-222222222222',
  '2026-05-15T11:45:00.000Z'
);
INSERT INTO invoice_items (id, invoice_id, product_id, product_name, sku, quantity, unit_price, discount_percent, discount_amount, line_total)
VALUES (
  '87b1a057-6d04-457f-a88b-283bde2e9cd2',
  '660dc742-d471-428f-ba2d-fc3cf77495be',
  '27169ec6-331f-40e9-9bdf-64b723992789',
  'Minimalist Pocket Spring Premium Mattress (Engineered Wood, Crimson Red)',
  'MAT-ENG-0185',
  1,
  46000,
  5,
  2300,
  43700
);
INSERT INTO invoice_items (id, invoice_id, product_id, product_name, sku, quantity, unit_price, discount_percent, discount_amount, line_total)
VALUES (
  '6bd479c2-1942-460a-8e7d-2bd7d362f23c',
  '660dc742-d471-428f-ba2d-fc3cf77495be',
  'bfda9dd9-7fcc-4dd7-950e-32671de12197',
  'Eco-sustain Glass Top Coffee Table (Engineered Wood, Teak Finish)',
  'COF-ENG-0138',
  2,
  17500,
  0,
  0,
  35000
);
INSERT INTO payments (id, invoice_id, method, amount, reference, created_at) VALUES ('39a2bdab-3496-452b-9928-08490b814738', '660dc742-d471-428f-ba2d-fc3cf77495be', 'upi', 78700, 'TXN-TF-1184', '2026-05-15T11:45:00.000Z');

-- Invoice TF-1185
INSERT INTO invoices (id, store_id, invoice_number, customer_name, customer_phone, customer_address, subtotal, discount_amount, delivery_charge, installation_charge, round_off, grand_total, payment_method, payment_status, created_by, created_at)
VALUES (
  '76a524bb-941f-4146-aa31-c1c226415240',
  '29f4e073-bc1d-4071-ae3a-c8718a90f998',
  'TF-1185',
  'Vikram Seth 115',
  '9860665844',
  'H.No. 39, Gali No. 1, Colony Road, Secunderabad, Telangana',
  22800,
  0,
  1200,
  500,
  0,
  24500,
  'cash',
  'completed',
  '11111111-1111-4111-a111-111111111111',
  '2026-05-15T06:42:00.000Z'
);
INSERT INTO invoice_items (id, invoice_id, product_id, product_name, sku, quantity, unit_price, discount_percent, discount_amount, line_total)
VALUES (
  'a94a233d-9737-49ad-ac46-0cf2354d0a61',
  '76a524bb-941f-4146-aa31-c1c226415240',
  'f4d27558-4a15-48b2-9959-7f7cce45559c',
  'Royal Wooden Sideboard Credenza (Mahogany, Ocean Blue)',
  'STO-MAH-0263',
  1,
  24000,
  5,
  1200,
  22800
);
INSERT INTO payments (id, invoice_id, method, amount, reference, created_at) VALUES ('3e683307-f563-48a9-9967-eb704ae68e2b', '76a524bb-941f-4146-aa31-c1c226415240', 'cash', 24500, 'TXN-TF-1185', '2026-05-15T06:42:00.000Z');

-- Invoice TF-1186
INSERT INTO invoices (id, store_id, invoice_number, customer_name, customer_phone, customer_address, subtotal, discount_amount, delivery_charge, installation_charge, round_off, grand_total, payment_method, payment_status, created_by, created_at)
VALUES (
  '4de3a86d-dfcf-496b-b740-c412dcd04aae',
  '29f4e073-bc1d-4071-ae3a-c8718a90f998',
  'TF-1186',
  'Suresh Prabhu 114',
  '9899322965',
  'H.No. 38, Gali No. 5, Colony Road, Hyderabad, Telangana',
  224800,
  0,
  0,
  0,
  0,
  224800,
  'split',
  'completed',
  '33333333-3333-4333-a333-333333333333',
  '2026-05-15T06:55:00.000Z'
);
INSERT INTO invoice_items (id, invoice_id, product_id, product_name, sku, quantity, unit_price, discount_percent, discount_amount, line_total)
VALUES (
  '863907c4-bfa3-4afd-800a-2bd7adb1a6f4',
  '4de3a86d-dfcf-496b-b740-c412dcd04aae',
  'c1771c62-acea-49f4-99d5-7cc40f440a36',
  'Eco-sustain Solid Wood Dining Chair (Sheesham Wood, Teak Finish)',
  'DIN-SHE-0074',
  1,
  12000,
  5,
  600,
  11400
);
INSERT INTO invoice_items (id, invoice_id, product_id, product_name, sku, quantity, unit_price, discount_percent, discount_amount, line_total)
VALUES (
  'd23c627f-7e3c-4fc0-a499-b27f13b13775',
  '4de3a86d-dfcf-496b-b740-c412dcd04aae',
  'ff86d0e1-e886-4ed0-b8a0-726b93277dcc',
  'Comfort Extendable Dining Table (Teak Wood, Ocean Blue)',
  'DIN-TEA-0060',
  2,
  70500,
  0,
  0,
  141000
);
INSERT INTO invoice_items (id, invoice_id, product_id, product_name, sku, quantity, unit_price, discount_percent, discount_amount, line_total)
VALUES (
  '3903a6f3-bc32-4fba-94d3-44703cde9d70',
  '4de3a86d-dfcf-496b-b740-c412dcd04aae',
  'd962ea49-1145-464e-ab65-42de5c30bf2c',
  'Imperial Multi-drawer Utility Cabinet (Engineered Wood, Walnut Brown)',
  'STO-ENG-0273',
  1,
  25000,
  0,
  0,
  25000
);
INSERT INTO invoice_items (id, invoice_id, product_id, product_name, sku, quantity, unit_price, discount_percent, discount_amount, line_total)
VALUES (
  '186f0aef-bbf6-4310-a0e6-efa79f9f734a',
  '4de3a86d-dfcf-496b-b740-c412dcd04aae',
  '7c0e27c9-91f2-4b65-9f64-ccf61986bbdc',
  'Modern Manual Rocking Recliner Lounge Chair (Oak Wood, Ebony Black)',
  'REC-OAK-0234',
  2,
  18000,
  0,
  0,
  36000
);
INSERT INTO invoice_items (id, invoice_id, product_id, product_name, sku, quantity, unit_price, discount_percent, discount_amount, line_total)
VALUES (
  '88748d7f-a700-44dc-b96c-fb9f16da5287',
  '4de3a86d-dfcf-496b-b740-c412dcd04aae',
  '4e04bd65-d62f-4358-9ae5-1b640f6f63a4',
  'Classic Ergonomic Task Chair (Sheesham Wood, Ebony Black)',
  'OFF-SHE-0085',
  1,
  12000,
  5,
  600,
  11400
);
INSERT INTO payments (id, invoice_id, method, amount, reference, created_at) VALUES ('7151e3b1-5377-4943-be21-baab2c8de1f8', '4de3a86d-dfcf-496b-b740-c412dcd04aae', 'card', 89920, 'TXN-SPLIT-CARD', '2026-05-15T06:55:00.000Z');
INSERT INTO payments (id, invoice_id, method, amount, reference, created_at) VALUES ('255430a5-624d-4194-a4e0-c4a95827e673', '4de3a86d-dfcf-496b-b740-c412dcd04aae', 'upi', 134880, 'TXN-SPLIT-UPI', '2026-05-15T06:55:00.000Z');

-- Invoice TF-1187
INSERT INTO invoices (id, store_id, invoice_number, customer_name, customer_phone, customer_address, subtotal, discount_amount, delivery_charge, installation_charge, round_off, grand_total, payment_method, payment_status, created_by, created_at)
VALUES (
  '30971025-1ddb-4781-b4e1-b1dd59d1d7d9',
  '29f4e073-bc1d-4071-ae3a-c8718a90f998',
  'TF-1187',
  'Sneha Rao 113',
  '9838573938',
  'H.No. 37, Gali No. 4, Colony Road, Visakhapatnam, Andhra Pradesh',
  249450,
  0,
  0,
  0,
  0,
  249450,
  'bank_transfer',
  'completed',
  '22222222-2222-4222-a222-222222222222',
  '2026-05-15T11:59:00.000Z'
);
INSERT INTO invoice_items (id, invoice_id, product_id, product_name, sku, quantity, unit_price, discount_percent, discount_amount, line_total)
VALUES (
  '834a6937-8336-4eaf-92ff-78990ebc1122',
  '30971025-1ddb-4781-b4e1-b1dd59d1d7d9',
  'b8b2bedb-190a-46cc-ad7a-a5c7f215f29d',
  'Luxurious Recliner Sofa (Rose Wood, Crimson Red)',
  'SOF-ROS-0013',
  1,
  81000,
  5,
  4050,
  76950
);
INSERT INTO invoice_items (id, invoice_id, product_id, product_name, sku, quantity, unit_price, discount_percent, discount_amount, line_total)
VALUES (
  '31fa6127-f6a8-4580-9c5d-f676b50c042f',
  '30971025-1ddb-4781-b4e1-b1dd59d1d7d9',
  'e981ecd4-f45c-412e-b741-cdae67530aaf',
  'Premium Queen Size Wooden Bed (Oak Wood, Charcoal Grey)',
  'BED-OAK-0037',
  2,
  46500,
  0,
  0,
  93000
);
INSERT INTO invoice_items (id, invoice_id, product_id, product_name, sku, quantity, unit_price, discount_percent, discount_amount, line_total)
VALUES (
  '801f0bbe-349e-4f18-be25-24598443428f',
  '30971025-1ddb-4781-b4e1-b1dd59d1d7d9',
  'db89899f-757e-4b53-be2c-35e7e16cbde0',
  'Comfort Dressing Table with LED Mirror (Engineered Wood, Ivory White)',
  'DRE-ENG-0204',
  1,
  29500,
  0,
  0,
  29500
);
INSERT INTO invoice_items (id, invoice_id, product_id, product_name, sku, quantity, unit_price, discount_percent, discount_amount, line_total)
VALUES (
  'd6097fca-0a2e-40bd-b547-fa93b88bb83c',
  '30971025-1ddb-4781-b4e1-b1dd59d1d7d9',
  '7840be5e-2be3-467f-a7e7-f6e36356b392',
  'Heritage Garden Patio Bistro Set (Oak Wood, Ebony Black)',
  'OUT-OAK-0244',
  2,
  25000,
  0,
  0,
  50000
);
INSERT INTO payments (id, invoice_id, method, amount, reference, created_at) VALUES ('4dc7ba40-3af2-446e-abad-88de06664223', '30971025-1ddb-4781-b4e1-b1dd59d1d7d9', 'bank_transfer', 249450, 'TXN-TF-1187', '2026-05-15T11:59:00.000Z');

-- Invoice TF-1188
INSERT INTO invoices (id, store_id, invoice_number, customer_name, customer_phone, customer_address, subtotal, discount_amount, delivery_charge, installation_charge, round_off, grand_total, payment_method, payment_status, created_by, created_at)
VALUES (
  '4d3288f3-df6a-42ce-8d49-5af620206ff2',
  '29f4e073-bc1d-4071-ae3a-c8718a90f998',
  'TF-1188',
  'Guest',
  '',
  '',
  63400,
  0,
  0,
  0,
  0,
  63400,
  'card',
  'completed',
  '11111111-1111-4111-a111-111111111111',
  '2026-05-15T12:08:00.000Z'
);
INSERT INTO invoice_items (id, invoice_id, product_id, product_name, sku, quantity, unit_price, discount_percent, discount_amount, line_total)
VALUES (
  '706c1653-ae2b-4a48-a00b-1116a9d2400d',
  '4d3288f3-df6a-42ce-8d49-5af620206ff2',
  '8d07e729-4a68-4596-baa0-70c120e00461',
  'Royal Compact Student Desk (Sheesham Wood, Teak Finish)',
  'STU-SHE-0177',
  1,
  22000,
  5,
  1100,
  20900
);
INSERT INTO invoice_items (id, invoice_id, product_id, product_name, sku, quantity, unit_price, discount_percent, discount_amount, line_total)
VALUES (
  '12caecee-9f4e-43be-947a-d05545ce5ba7',
  '4d3288f3-df6a-42ce-8d49-5af620206ff2',
  '4d3dbd05-9bce-40cd-8688-cae53cd77efd',
  'Eco-sustain High Back Chair (Teak Wood, Ebony Black)',
  'DIN-TEA-0071',
  2,
  7500,
  0,
  0,
  15000
);
INSERT INTO invoice_items (id, invoice_id, product_id, product_name, sku, quantity, unit_price, discount_percent, discount_amount, line_total)
VALUES (
  '5f4e8a64-f62b-448f-8c39-bc0bacd4cfa4',
  '4d3288f3-df6a-42ce-8d49-5af620206ff2',
  '9da5d4c4-6bcc-42df-a639-598e5d4f24c8',
  'Royal Wall Mounted TV Cabinet (Mahogany, Ivory White)',
  'TV -MAH-0119',
  1,
  27500,
  0,
  0,
  27500
);
INSERT INTO payments (id, invoice_id, method, amount, reference, created_at) VALUES ('edf10630-dd4e-4aff-b428-a31359ff8ed9', '4d3288f3-df6a-42ce-8d49-5af620206ff2', 'card', 63400, 'TXN-TF-1188', '2026-05-15T12:08:00.000Z');

-- Invoice TF-1189
INSERT INTO invoices (id, store_id, invoice_number, customer_name, customer_phone, customer_address, subtotal, discount_amount, delivery_charge, installation_charge, round_off, grand_total, payment_method, payment_status, created_by, created_at)
VALUES (
  '7ca12302-4788-43b1-83f1-667a1fad07ad',
  '29f4e073-bc1d-4071-ae3a-c8718a90f998',
  'TF-1189',
  'Sarita Mishra 111',
  '9890977371',
  'H.No. 35, Gali No. 2, Colony Road, Chennai, Tamil Nadu',
  42125,
  0,
  0,
  0,
  0,
  42125,
  'upi',
  'completed',
  '33333333-3333-4333-a333-333333333333',
  '2026-05-16T14:57:00.000Z'
);
INSERT INTO invoice_items (id, invoice_id, product_id, product_name, sku, quantity, unit_price, discount_percent, discount_amount, line_total)
VALUES (
  '7d7971fa-8632-48f0-b2bf-537fe3698226',
  '7ca12302-4788-43b1-83f1-667a1fad07ad',
  '90faf84f-c744-46a5-99ba-6d9d478400d3',
  'Modern Executive Leather High-Back (Teak Wood, Ivory White)',
  'OFF-TEA-0086',
  1,
  7500,
  5,
  375,
  7125
);
INSERT INTO invoice_items (id, invoice_id, product_id, product_name, sku, quantity, unit_price, discount_percent, discount_amount, line_total)
VALUES (
  '54c34e04-b8fa-44b9-aabb-02f81f41acdd',
  '7ca12302-4788-43b1-83f1-667a1fad07ad',
  'b6dab7c1-bf96-42bc-9974-72cc6dbd9c89',
  'Imperial Solid Wood Computer Desk (Mahogany, Walnut Brown)',
  'STU-MAH-0180',
  2,
  17500,
  0,
  0,
  35000
);
INSERT INTO payments (id, invoice_id, method, amount, reference, created_at) VALUES ('40311adb-f32a-4ffd-be7a-c04517d4f0c6', '7ca12302-4788-43b1-83f1-667a1fad07ad', 'upi', 42125, 'TXN-TF-1189', '2026-05-16T14:57:00.000Z');

-- Invoice TF-1190
INSERT INTO invoices (id, store_id, invoice_number, customer_name, customer_phone, customer_address, subtotal, discount_amount, delivery_charge, installation_charge, round_off, grand_total, payment_method, payment_status, created_by, created_at)
VALUES (
  'd84b7646-e3e1-40c1-a33e-c52c7e7e676d',
  '29f4e073-bc1d-4071-ae3a-c8718a90f998',
  'TF-1190',
  'Sanjay Dutt 110',
  '9883723668',
  'H.No. 34, Gali No. 1, Colony Road, Bangalore, Karnataka',
  30875,
  926.25,
  0,
  0,
  0.25,
  29949,
  'cash',
  'completed',
  '22222222-2222-4222-a222-222222222222',
  '2026-05-16T08:15:00.000Z'
);
INSERT INTO invoice_items (id, invoice_id, product_id, product_name, sku, quantity, unit_price, discount_percent, discount_amount, line_total)
VALUES (
  '485ffeb6-42a9-4eb2-a396-e57ec0a10484',
  'd84b7646-e3e1-40c1-a33e-c52c7e7e676d',
  'ea4e9179-3ad2-409b-84b5-55444060bc57',
  'Modern Massage Recliner Chair (Teak Wood, Charcoal Grey)',
  'REC-TEA-0235',
  1,
  32500,
  5,
  1625,
  30875
);
INSERT INTO payments (id, invoice_id, method, amount, reference, created_at) VALUES ('6263f982-07c4-42e6-a5c7-dc97fd97d196', 'd84b7646-e3e1-40c1-a33e-c52c7e7e676d', 'cash', 29949, 'TXN-TF-1190', '2026-05-16T08:15:00.000Z');

-- Invoice TF-1191
INSERT INTO invoices (id, store_id, invoice_number, customer_name, customer_phone, customer_address, subtotal, discount_amount, delivery_charge, installation_charge, round_off, grand_total, payment_method, payment_status, created_by, created_at)
VALUES (
  'a2922d69-6954-4250-8ee9-133f1c98dc7e',
  '29f4e073-bc1d-4071-ae3a-c8718a90f998',
  'TF-1191',
  'Sandeep Hegde 109',
  '9861830892',
  'H.No. 33, Gali No. 5, Colony Road, Secunderabad, Telangana',
  242950,
  0,
  0,
  0,
  0,
  242950,
  'split',
  'completed',
  '11111111-1111-4111-a111-111111111111',
  '2026-05-16T08:16:00.000Z'
);
INSERT INTO invoice_items (id, invoice_id, product_id, product_name, sku, quantity, unit_price, discount_percent, discount_amount, line_total)
VALUES (
  'a80883b4-1de9-4fe4-a4ea-fe226ecfeba3',
  'a2922d69-6954-4250-8ee9-133f1c98dc7e',
  'ab550dda-419e-448d-9695-7ebf11a2f361',
  'Eco-sustain Rattan Outdoor Swing Chair (Rose Wood, Walnut Brown)',
  'OUT-ROS-0245',
  1,
  20500,
  5,
  1025,
  19475
);
INSERT INTO invoice_items (id, invoice_id, product_id, product_name, sku, quantity, unit_price, discount_percent, discount_amount, line_total)
VALUES (
  'e79c9104-c24c-47a2-8bfc-568eb5742813',
  'a2922d69-6954-4250-8ee9-133f1c98dc7e',
  'e981ecd4-f45c-412e-b741-cdae67530aaf',
  'Premium Queen Size Wooden Bed (Oak Wood, Charcoal Grey)',
  'BED-OAK-0037',
  2,
  46500,
  0,
  0,
  93000
);
INSERT INTO invoice_items (id, invoice_id, product_id, product_name, sku, quantity, unit_price, discount_percent, discount_amount, line_total)
VALUES (
  '62a49793-d217-4247-8923-8b425dab2870',
  'a2922d69-6954-4250-8ee9-133f1c98dc7e',
  '7840be5e-2be3-467f-a7e7-f6e36356b392',
  'Heritage Garden Patio Bistro Set (Oak Wood, Ebony Black)',
  'OUT-OAK-0244',
  1,
  25000,
  0,
  0,
  25000
);
INSERT INTO invoice_items (id, invoice_id, product_id, product_name, sku, quantity, unit_price, discount_percent, discount_amount, line_total)
VALUES (
  '0fa69d59-3dda-4727-a204-ba66fb964e6f',
  'a2922d69-6954-4250-8ee9-133f1c98dc7e',
  '7d9f3fe3-ab91-4396-a6f7-d7485895bccf',
  'Luxurious Ladder Bookshelf Display Unit (Sheesham Wood, Crimson Red)',
  'BOO-SHE-0281',
  2,
  24000,
  0,
  0,
  48000
);
INSERT INTO invoice_items (id, invoice_id, product_id, product_name, sku, quantity, unit_price, discount_percent, discount_amount, line_total)
VALUES (
  '1a9639ed-f824-4a9d-85b9-3165a65116a7',
  'a2922d69-6954-4250-8ee9-133f1c98dc7e',
  'b6a6fd11-7b41-4135-a9dc-47447b75c11e',
  'Premium Extendable Dining Table (Sheesham Wood, Teak Finish)',
  'DIN-SHE-0044',
  1,
  60500,
  5,
  3025,
  57475
);
INSERT INTO payments (id, invoice_id, method, amount, reference, created_at) VALUES ('1cf26d8a-1c12-4e7d-9db5-025b78d24945', 'a2922d69-6954-4250-8ee9-133f1c98dc7e', 'card', 97180, 'TXN-SPLIT-CARD', '2026-05-16T08:16:00.000Z');
INSERT INTO payments (id, invoice_id, method, amount, reference, created_at) VALUES ('54737faa-f363-494a-a4b1-14b2c3928ab0', 'a2922d69-6954-4250-8ee9-133f1c98dc7e', 'upi', 145770, 'TXN-SPLIT-UPI', '2026-05-16T08:16:00.000Z');

-- Invoice TF-1192
INSERT INTO invoices (id, store_id, invoice_number, customer_name, customer_phone, customer_address, subtotal, discount_amount, delivery_charge, installation_charge, round_off, grand_total, payment_method, payment_status, created_by, created_at)
VALUES (
  'ef93c439-e9fa-4262-ba2b-e07707aecf64',
  '29f4e073-bc1d-4071-ae3a-c8718a90f998',
  'TF-1192',
  'Guest',
  '',
  '',
  543075,
  0,
  1200,
  0,
  0,
  544275,
  'bank_transfer',
  'completed',
  '33333333-3333-4333-a333-333333333333',
  '2026-05-16T06:08:00.000Z'
);
INSERT INTO invoice_items (id, invoice_id, product_id, product_name, sku, quantity, unit_price, discount_percent, discount_amount, line_total)
VALUES (
  'c732c2cc-4ab0-49ee-8061-dd7cf319d57c',
  'ef93c439-e9fa-4262-ba2b-e07707aecf64',
  'ec134a51-3e2c-4b12-9bfc-4867ba09c6a5',
  'Heritage 4-Seater Glass Top Dining Table (Engineered Wood, Walnut Brown)',
  'DIN-ENG-0058',
  1,
  88500,
  5,
  4425,
  84075
);
INSERT INTO invoice_items (id, invoice_id, product_id, product_name, sku, quantity, unit_price, discount_percent, discount_amount, line_total)
VALUES (
  '7b0eebdf-b269-4a99-ad4c-bb01191e494b',
  'ef93c439-e9fa-4262-ba2b-e07707aecf64',
  '5a47b543-0e83-4610-9794-e48996ce966c',
  'Minimalist Sofa Cum Bed (Mahogany, Warm Beige)',
  'SOF-MAH-0020',
  2,
  117500,
  0,
  0,
  235000
);
INSERT INTO invoice_items (id, invoice_id, product_id, product_name, sku, quantity, unit_price, discount_percent, discount_amount, line_total)
VALUES (
  '854254f2-a341-4829-9f6a-84422126e5c9',
  'ef93c439-e9fa-4262-ba2b-e07707aecf64',
  '5b911b0d-4efd-45d7-b7d2-fe94a0d7d033',
  'Comfort Wooden Sun Lounger Bed (Engineered Wood, Ocean Blue)',
  'OUT-ENG-0243',
  1,
  31000,
  0,
  0,
  31000
);
INSERT INTO invoice_items (id, invoice_id, product_id, product_name, sku, quantity, unit_price, discount_percent, discount_amount, line_total)
VALUES (
  '8c713966-8941-48ff-a96a-dc1b4b346433',
  'ef93c439-e9fa-4262-ba2b-e07707aecf64',
  'a020b182-141b-464e-a7d1-8d966e6512a1',
  'Luxurious Sofa Cum Bed (Sheesham Wood, Ocean Blue)',
  'SOF-SHE-0005',
  2,
  96500,
  0,
  0,
  193000
);
INSERT INTO payments (id, invoice_id, method, amount, reference, created_at) VALUES ('000a4a8c-9d9c-47bc-b9f0-5aca9df6fad0', 'ef93c439-e9fa-4262-ba2b-e07707aecf64', 'bank_transfer', 544275, 'TXN-TF-1192', '2026-05-16T06:08:00.000Z');

-- Invoice TF-1193
INSERT INTO invoices (id, store_id, invoice_number, customer_name, customer_phone, customer_address, subtotal, discount_amount, delivery_charge, installation_charge, round_off, grand_total, payment_method, payment_status, created_by, created_at)
VALUES (
  '82c8eba5-91f2-48a4-815f-9b2cf9c94fe2',
  '29f4e073-bc1d-4071-ae3a-c8718a90f998',
  'TF-1193',
  'Ramesh Chandra 107',
  '9852928763',
  'H.No. 31, Gali No. 3, Colony Road, Visakhapatnam, Andhra Pradesh',
  126700,
  0,
  0,
  0,
  0,
  126700,
  'card',
  'completed',
  '22222222-2222-4222-a222-222222222222',
  '2026-05-16T11:41:00.000Z'
);
INSERT INTO invoice_items (id, invoice_id, product_id, product_name, sku, quantity, unit_price, discount_percent, discount_amount, line_total)
VALUES (
  '75bb4cdb-475e-47e3-ac1c-ebc7a44164c0',
  '82c8eba5-91f2-48a4-815f-9b2cf9c94fe2',
  '037c3ff5-4892-4b69-aea2-cc9599432756',
  'Comfort Manual Rocking Recliner Lounge Chair (Rose Wood, Walnut Brown)',
  'REC-ROS-0228',
  1,
  26000,
  5,
  1300,
  24700
);
INSERT INTO invoice_items (id, invoice_id, product_id, product_name, sku, quantity, unit_price, discount_percent, discount_amount, line_total)
VALUES (
  '52aa50a0-7999-473a-bc83-fc362537fd3a',
  '82c8eba5-91f2-48a4-815f-9b2cf9c94fe2',
  '756929ee-e33f-4a94-a745-a9ab780dbc2e',
  'Heritage Floor Standing TV Console (Mahogany, Charcoal Grey)',
  'TV -MAH-0120',
  2,
  36500,
  0,
  0,
  73000
);
INSERT INTO invoice_items (id, invoice_id, product_id, product_name, sku, quantity, unit_price, discount_percent, discount_amount, line_total)
VALUES (
  '542f7057-d79f-438a-b89e-c7ea5f2affd1',
  '82c8eba5-91f2-48a4-815f-9b2cf9c94fe2',
  'aeacc6db-6372-421c-b55c-3bcc0f97ef15',
  'Imperial Modular TV Stand with Shelves (Sheesham Wood, Ivory White)',
  'TV -SHE-0103',
  1,
  29000,
  0,
  0,
  29000
);
INSERT INTO payments (id, invoice_id, method, amount, reference, created_at) VALUES ('c494a498-e1a4-40ee-8b69-7892b43fa395', '82c8eba5-91f2-48a4-815f-9b2cf9c94fe2', 'card', 126700, 'TXN-TF-1193', '2026-05-16T11:41:00.000Z');

-- Invoice TF-1194
INSERT INTO invoices (id, store_id, invoice_number, customer_name, customer_phone, customer_address, subtotal, discount_amount, delivery_charge, installation_charge, round_off, grand_total, payment_method, payment_status, created_by, created_at)
VALUES (
  '3d519dca-a5b8-484d-abc9-e80428a5c91c',
  '29f4e073-bc1d-4071-ae3a-c8718a90f998',
  'TF-1194',
  'Rahul Verma 106',
  '9895923414',
  'H.No. 30, Gali No. 2, Colony Road, Vijayawada, Andhra Pradesh',
  27825,
  0,
  0,
  500,
  0,
  28325,
  'upi',
  'completed',
  '11111111-1111-4111-a111-111111111111',
  '2026-05-16T12:26:00.000Z'
);
INSERT INTO invoice_items (id, invoice_id, product_id, product_name, sku, quantity, unit_price, discount_percent, discount_amount, line_total)
VALUES (
  '7b89b9d7-8312-4b59-98db-6e209954e36c',
  '3d519dca-a5b8-484d-abc9-e80428a5c91c',
  'efb65228-fb21-44f6-b8b6-6a70f38350c8',
  'Modern Wall Mounted TV Cabinet (Sheesham Wood, Ocean Blue)',
  'TV -SHE-0110',
  1,
  13500,
  5,
  675,
  12825
);
INSERT INTO invoice_items (id, invoice_id, product_id, product_name, sku, quantity, unit_price, discount_percent, discount_amount, line_total)
VALUES (
  'cf4b35df-f7a1-4f5a-8576-7668c2269c30',
  '3d519dca-a5b8-484d-abc9-e80428a5c91c',
  '4d3dbd05-9bce-40cd-8688-cae53cd77efd',
  'Eco-sustain High Back Chair (Teak Wood, Ebony Black)',
  'DIN-TEA-0071',
  2,
  7500,
  0,
  0,
  15000
);
INSERT INTO payments (id, invoice_id, method, amount, reference, created_at) VALUES ('dddb446c-d575-442c-b6d5-aac40f561141', '3d519dca-a5b8-484d-abc9-e80428a5c91c', 'upi', 28325, 'TXN-TF-1194', '2026-05-16T12:26:00.000Z');

-- Invoice TF-1195
INSERT INTO invoices (id, store_id, invoice_number, customer_name, customer_phone, customer_address, subtotal, discount_amount, delivery_charge, installation_charge, round_off, grand_total, payment_method, payment_status, created_by, created_at)
VALUES (
  '4dfaa07a-e0bf-4d60-97ec-12bb0c045d18',
  '29f4e073-bc1d-4071-ae3a-c8718a90f998',
  'TF-1195',
  'Priya Pillai 105',
  '9848919618',
  'H.No. 29, Gali No. 1, Colony Road, Chennai, Tamil Nadu',
  57950,
  0,
  0,
  0,
  0,
  57950,
  'cash',
  'completed',
  '33333333-3333-4333-a333-333333333333',
  '2026-05-17T12:32:00.000Z'
);
INSERT INTO invoice_items (id, invoice_id, product_id, product_name, sku, quantity, unit_price, discount_percent, discount_amount, line_total)
VALUES (
  '19bd9fe6-8e43-4a96-91b5-35794383d5ab',
  '4dfaa07a-e0bf-4d60-97ec-12bb0c045d18',
  '6e164385-59ea-48a3-a6e2-78525d973ccb',
  'Classic Single Bed (Teak Wood, Crimson Red)',
  'BED-TEA-0033',
  1,
  61000,
  5,
  3050,
  57950
);
INSERT INTO payments (id, invoice_id, method, amount, reference, created_at) VALUES ('ad662657-0d04-4d01-a750-e5cc3025044e', '4dfaa07a-e0bf-4d60-97ec-12bb0c045d18', 'cash', 57950, 'TXN-TF-1195', '2026-05-17T12:32:00.000Z');

-- Invoice TF-1196
INSERT INTO invoices (id, store_id, invoice_number, customer_name, customer_phone, customer_address, subtotal, discount_amount, delivery_charge, installation_charge, round_off, grand_total, payment_method, payment_status, created_by, created_at)
VALUES (
  '52a38717-6496-4393-81a2-f04dc7d10603',
  '29f4e073-bc1d-4071-ae3a-c8718a90f998',
  'TF-1196',
  'Guest',
  '',
  '',
  352650,
  0,
  0,
  0,
  0,
  352650,
  'split',
  'completed',
  '22222222-2222-4222-a222-222222222222',
  '2026-05-17T13:48:00.000Z'
);
INSERT INTO invoice_items (id, invoice_id, product_id, product_name, sku, quantity, unit_price, discount_percent, discount_amount, line_total)
VALUES (
  'fb67dde3-a268-4cff-a922-866409e633e0',
  '52a38717-6496-4393-81a2-f04dc7d10603',
  '45b029af-1b46-4141-84a7-5a0a282002d9',
  'Comfort Wall Mounted TV Cabinet (Engineered Wood, Crimson Red)',
  'TV -ENG-0104',
  1,
  35500,
  5,
  1775,
  33725
);
INSERT INTO invoice_items (id, invoice_id, product_id, product_name, sku, quantity, unit_price, discount_percent, discount_amount, line_total)
VALUES (
  '2c9ee3c9-23ae-4cdb-9a33-63951914da71',
  '52a38717-6496-4393-81a2-f04dc7d10603',
  'a60d2932-4d27-42fc-950c-b010bfc97fd9',
  'Imperial Modular 4-Door Wardrobe (Teak Wood, Ocean Blue)',
  'WAR-TEA-0155',
  2,
  86500,
  0,
  0,
  173000
);
INSERT INTO invoice_items (id, invoice_id, product_id, product_name, sku, quantity, unit_price, discount_percent, discount_amount, line_total)
VALUES (
  '9f7cf94e-9988-449f-a91a-58f399a56686',
  '52a38717-6496-4393-81a2-f04dc7d10603',
  'ee99f9f7-63f9-4a30-928c-91b9e66f6c58',
  'Minimalist High Back Chair (Rose Wood, Warm Beige)',
  'DIN-ROS-0067',
  1,
  12000,
  0,
  0,
  12000
);
INSERT INTO invoice_items (id, invoice_id, product_id, product_name, sku, quantity, unit_price, discount_percent, discount_amount, line_total)
VALUES (
  '7ac11381-5006-4afd-b657-c3d49f09b50b',
  '52a38717-6496-4393-81a2-f04dc7d10603',
  'd72e3e5d-1eda-47f2-83c5-c2487d3f2b2b',
  'Luxurious Massage Recliner Chair (Engineered Wood, Ebony Black)',
  'REC-ENG-0238',
  2,
  52000,
  0,
  0,
  104000
);
INSERT INTO invoice_items (id, invoice_id, product_id, product_name, sku, quantity, unit_price, discount_percent, discount_amount, line_total)
VALUES (
  '7f596da2-0c70-47c7-a436-2ce5ea8add00',
  '52a38717-6496-4393-81a2-f04dc7d10603',
  '964afc5e-e8fd-4384-a137-d1aae7cb9745',
  'Premium Floor Standing TV Console (Teak Wood, Walnut Brown)',
  'TV -TEA-0117',
  1,
  31500,
  5,
  1575,
  29925
);
INSERT INTO payments (id, invoice_id, method, amount, reference, created_at) VALUES ('0d92ae97-1a73-4d5e-aabc-69d3bea8afbd', '52a38717-6496-4393-81a2-f04dc7d10603', 'card', 141060, 'TXN-SPLIT-CARD', '2026-05-17T13:48:00.000Z');
INSERT INTO payments (id, invoice_id, method, amount, reference, created_at) VALUES ('de0e68ec-5798-42f1-abbd-f87bfde1f872', '52a38717-6496-4393-81a2-f04dc7d10603', 'upi', 211590, 'TXN-SPLIT-UPI', '2026-05-17T13:48:00.000Z');

-- Invoice TF-1197
INSERT INTO invoices (id, store_id, invoice_number, customer_name, customer_phone, customer_address, subtotal, discount_amount, delivery_charge, installation_charge, round_off, grand_total, payment_method, payment_status, created_by, created_at)
VALUES (
  '69d8ae54-7606-4af8-a27f-1d2a422ca304',
  '29f4e073-bc1d-4071-ae3a-c8718a90f998',
  'TF-1197',
  'Neha Deshmukh 103',
  '9817491177',
  'H.No. 27, Gali No. 4, Colony Road, Secunderabad, Telangana',
  274450,
  0,
  0,
  0,
  0,
  274450,
  'bank_transfer',
  'completed',
  '11111111-1111-4111-a111-111111111111',
  '2026-05-17T09:20:00.000Z'
);
INSERT INTO invoice_items (id, invoice_id, product_id, product_name, sku, quantity, unit_price, discount_percent, discount_amount, line_total)
VALUES (
  '4d22f2ac-5c3b-450e-bdef-bdef9966258e',
  '69d8ae54-7606-4af8-a27f-1d2a422ca304',
  '724c1e89-0847-4bc1-90b0-beaf17d8b73a',
  'Modern 5-Tier Open Bookshelf Console (Teak Wood, Ebony Black)',
  'BOO-TEA-0285',
  1,
  21000,
  5,
  1050,
  19950
);
INSERT INTO invoice_items (id, invoice_id, product_id, product_name, sku, quantity, unit_price, discount_percent, discount_amount, line_total)
VALUES (
  '75288f9b-831e-4d76-b74b-89416a87b57e',
  '69d8ae54-7606-4af8-a27f-1d2a422ca304',
  '96113491-acab-4db5-90a3-8fc4e240b7f6',
  'Royal Recliner Sofa (Oak Wood, Ocean Blue)',
  'SOF-OAK-0003',
  2,
  79000,
  0,
  0,
  158000
);
INSERT INTO invoice_items (id, invoice_id, product_id, product_name, sku, quantity, unit_price, discount_percent, discount_amount, line_total)
VALUES (
  '6bc23eb9-6f43-414a-912b-60b99b5b4707',
  '69d8ae54-7606-4af8-a27f-1d2a422ca304',
  'a9d7b538-c36d-4259-911e-dba282a186ba',
  'Classic Upholstered Bed Platform (Mahogany, Ocean Blue)',
  'BED-MAH-0030',
  1,
  76500,
  0,
  0,
  76500
);
INSERT INTO invoice_items (id, invoice_id, product_id, product_name, sku, quantity, unit_price, discount_percent, discount_amount, line_total)
VALUES (
  '539073a1-9373-4a47-bba7-19f28bf78805',
  '69d8ae54-7606-4af8-a27f-1d2a422ca304',
  '6ede8796-0c5b-4e65-8205-d36c81b71493',
  'Comfort Shoe Storage Bench Rack (Mahogany, Teak Finish)',
  'STO-MAH-0280',
  2,
  10000,
  0,
  0,
  20000
);
INSERT INTO payments (id, invoice_id, method, amount, reference, created_at) VALUES ('1f9c2412-264a-4233-9f33-28cff83a269d', '69d8ae54-7606-4af8-a27f-1d2a422ca304', 'bank_transfer', 274450, 'TXN-TF-1197', '2026-05-17T09:20:00.000Z');

-- Invoice TF-1198
INSERT INTO invoices (id, store_id, invoice_number, customer_name, customer_phone, customer_address, subtotal, discount_amount, delivery_charge, installation_charge, round_off, grand_total, payment_method, payment_status, created_by, created_at)
VALUES (
  '79b53ae1-2bea-47b7-b11c-86bba892c4fe',
  '29f4e073-bc1d-4071-ae3a-c8718a90f998',
  'TF-1198',
  'Manoj Gowda 102',
  '9833056116',
  'H.No. 26, Gali No. 3, Colony Road, Hyderabad, Telangana',
  222750,
  0,
  0,
  0,
  0,
  222750,
  'card',
  'completed',
  '33333333-3333-4333-a333-333333333333',
  '2026-05-17T04:35:00.000Z'
);
INSERT INTO invoice_items (id, invoice_id, product_id, product_name, sku, quantity, unit_price, discount_percent, discount_amount, line_total)
VALUES (
  'a49662b3-982b-4d79-94a1-9dd046e8d8a4',
  '79b53ae1-2bea-47b7-b11c-86bba892c4fe',
  '6810fb29-f093-4331-96c3-2d791089fd93',
  'Comfort Multi-drawer Utility Cabinet (Mahogany, Ocean Blue)',
  'STO-MAH-0264',
  1,
  25000,
  5,
  1250,
  23750
);
INSERT INTO invoice_items (id, invoice_id, product_id, product_name, sku, quantity, unit_price, discount_percent, discount_amount, line_total)
VALUES (
  '718d8ed0-f434-462a-ab71-64e8a2cfd074',
  '79b53ae1-2bea-47b7-b11c-86bba892c4fe',
  'a020b182-141b-464e-a7d1-8d966e6512a1',
  'Luxurious Sofa Cum Bed (Sheesham Wood, Ocean Blue)',
  'SOF-SHE-0005',
  2,
  96500,
  0,
  0,
  193000
);
INSERT INTO invoice_items (id, invoice_id, product_id, product_name, sku, quantity, unit_price, discount_percent, discount_amount, line_total)
VALUES (
  'f06cbd13-27e7-45fc-a205-74b6ad1f6700',
  '79b53ae1-2bea-47b7-b11c-86bba892c4fe',
  '018e8419-7505-4845-8b4b-c442cdda4e72',
  'Imperial Executive Leather High-Back (Sheesham Wood, Teak Finish)',
  'OFF-SHE-0094',
  1,
  6000,
  0,
  0,
  6000
);
INSERT INTO payments (id, invoice_id, method, amount, reference, created_at) VALUES ('c5019079-7c31-4b1c-847f-2401bbddc801', '79b53ae1-2bea-47b7-b11c-86bba892c4fe', 'card', 222750, 'TXN-TF-1198', '2026-05-17T04:35:00.000Z');

-- Invoice TF-1199
INSERT INTO invoices (id, store_id, invoice_number, customer_name, customer_phone, customer_address, subtotal, discount_amount, delivery_charge, installation_charge, round_off, grand_total, payment_method, payment_status, created_by, created_at)
VALUES (
  'b504e61f-26aa-4f47-b81a-da1fedec96c1',
  '29f4e073-bc1d-4071-ae3a-c8718a90f998',
  'TF-1199',
  'Kavitha Hegde 101',
  '9821278050',
  'H.No. 25, Gali No. 2, Colony Road, Visakhapatnam, Andhra Pradesh',
  46500,
  0,
  1200,
  0,
  0,
  47700,
  'upi',
  'completed',
  '22222222-2222-4222-a222-222222222222',
  '2026-05-17T07:31:00.000Z'
);
INSERT INTO invoice_items (id, invoice_id, product_id, product_name, sku, quantity, unit_price, discount_percent, discount_amount, line_total)
VALUES (
  '3093fbed-aa69-4325-a25d-276c26003812',
  'b504e61f-26aa-4f47-b81a-da1fedec96c1',
  '2e57a82c-d824-4ec3-8af9-c460f570fc38',
  'Classic L-Shape Sofa Sectional (Teak Wood, Ivory White)',
  'SOF-TEA-0017',
  1,
  30000,
  5,
  1500,
  28500
);
INSERT INTO invoice_items (id, invoice_id, product_id, product_name, sku, quantity, unit_price, discount_percent, discount_amount, line_total)
VALUES (
  'fee6cfa2-d216-4310-9a40-4a52f169dec4',
  'b504e61f-26aa-4f47-b81a-da1fedec96c1',
  '138586f2-81ee-460c-ae17-a1294ae23278',
  'Comfort Shoe Storage Bench Rack (Sheesham Wood, Walnut Brown)',
  'STO-SHE-0268',
  2,
  9000,
  0,
  0,
  18000
);
INSERT INTO payments (id, invoice_id, method, amount, reference, created_at) VALUES ('a174ca24-f009-4560-a92a-86b4e6941151', 'b504e61f-26aa-4f47-b81a-da1fedec96c1', 'upi', 47700, 'TXN-TF-1199', '2026-05-17T07:31:00.000Z');

-- Invoice TF-1200
INSERT INTO invoices (id, store_id, invoice_number, customer_name, customer_phone, customer_address, subtotal, discount_amount, delivery_charge, installation_charge, round_off, grand_total, payment_method, payment_status, created_by, created_at)
VALUES (
  'e0c03098-973e-4c9d-bb5c-a19ac484216e',
  '29f4e073-bc1d-4071-ae3a-c8718a90f998',
  'TF-1200',
  'Guest',
  '',
  '',
  5700,
  171,
  0,
  0,
  0,
  5529,
  'cash',
  'cancelled',
  '11111111-1111-4111-a111-111111111111',
  '2026-05-17T07:53:00.000Z'
);
INSERT INTO invoice_items (id, invoice_id, product_id, product_name, sku, quantity, unit_price, discount_percent, discount_amount, line_total)
VALUES (
  '7fedcec1-7e1b-476f-8be8-80de7a4bad3c',
  'e0c03098-973e-4c9d-bb5c-a19ac484216e',
  'c825fff6-bc8c-441f-becc-5e4e6f369a88',
  'Luxurious Ergonomic Task Chair (Rose Wood, Teak Finish)',
  'OFF-ROS-0081',
  1,
  6000,
  5,
  300,
  5700
);

-- Invoice TF-1201
INSERT INTO invoices (id, store_id, invoice_number, customer_name, customer_phone, customer_address, subtotal, discount_amount, delivery_charge, installation_charge, round_off, grand_total, payment_method, payment_status, created_by, created_at)
VALUES (
  'df8bd9ec-e7e4-4156-8188-ebf6f55b1578',
  '29f4e073-bc1d-4071-ae3a-c8718a90f998',
  'TF-1201',
  'Jyoti Prasad 99',
  '9833326104',
  'H.No. 23, Gali No. 5, Colony Road, Chennai, Tamil Nadu',
  482875,
  0,
  0,
  0,
  0,
  482875,
  'split',
  'completed',
  '33333333-3333-4333-a333-333333333333',
  '2026-05-18T09:16:00.000Z'
);
INSERT INTO invoice_items (id, invoice_id, product_id, product_name, sku, quantity, unit_price, discount_percent, discount_amount, line_total)
VALUES (
  '138ed552-42be-474a-bfcb-e4abe57a3bd9',
  'df8bd9ec-e7e4-4156-8188-ebf6f55b1578',
  '9db7520c-6881-4de3-9ec8-86be4c0694c6',
  'Classic Rattan Outdoor Swing Chair (Teak Wood, Charcoal Grey)',
  'OUT-TEA-0248',
  1,
  40500,
  5,
  2025,
  38475
);
INSERT INTO invoice_items (id, invoice_id, product_id, product_name, sku, quantity, unit_price, discount_percent, discount_amount, line_total)
VALUES (
  'd7e17be1-2edf-4633-9b9f-9f79dead0ca9',
  'df8bd9ec-e7e4-4156-8188-ebf6f55b1578',
  '4585c91f-6d5e-4e31-8fae-a27af5b2c83e',
  'Heritage 6-Seater Wooden Dining Table (Engineered Wood, Warm Beige)',
  'DIN-ENG-0045',
  2,
  72000,
  0,
  0,
  144000
);
INSERT INTO invoice_items (id, invoice_id, product_id, product_name, sku, quantity, unit_price, discount_percent, discount_amount, line_total)
VALUES (
  '497b7a33-3d8c-421b-82ab-4eb44ca7e3f6',
  'df8bd9ec-e7e4-4156-8188-ebf6f55b1578',
  'c5ee55e3-bf0b-44b9-85fc-e9582b35f9a8',
  'Royal Garden Patio Bistro Set (Oak Wood, Ocean Blue)',
  'OUT-OAK-0241',
  1,
  78000,
  0,
  0,
  78000
);
INSERT INTO invoice_items (id, invoice_id, product_id, product_name, sku, quantity, unit_price, discount_percent, discount_amount, line_total)
VALUES (
  'e79d70c2-3621-4e7d-950d-4142a680a277',
  'df8bd9ec-e7e4-4156-8188-ebf6f55b1578',
  'a60d2932-4d27-42fc-950c-b010bfc97fd9',
  'Imperial Modular 4-Door Wardrobe (Teak Wood, Ocean Blue)',
  'WAR-TEA-0155',
  2,
  86500,
  0,
  0,
  173000
);
INSERT INTO invoice_items (id, invoice_id, product_id, product_name, sku, quantity, unit_price, discount_percent, discount_amount, line_total)
VALUES (
  '5469ebc5-11db-45e1-9367-d22541236831',
  'df8bd9ec-e7e4-4156-8188-ebf6f55b1578',
  'd72e3e5d-1eda-47f2-83c5-c2487d3f2b2b',
  'Luxurious Massage Recliner Chair (Engineered Wood, Ebony Black)',
  'REC-ENG-0238',
  1,
  52000,
  5,
  2600,
  49400
);
INSERT INTO payments (id, invoice_id, method, amount, reference, created_at) VALUES ('8605e741-bffc-469b-ac9e-e0089bc897a5', 'df8bd9ec-e7e4-4156-8188-ebf6f55b1578', 'card', 193150, 'TXN-SPLIT-CARD', '2026-05-18T09:16:00.000Z');
INSERT INTO payments (id, invoice_id, method, amount, reference, created_at) VALUES ('9a3c6269-2967-4514-a3e8-9eadf56ad598', 'df8bd9ec-e7e4-4156-8188-ebf6f55b1578', 'upi', 289725, 'TXN-SPLIT-UPI', '2026-05-18T09:16:00.000Z');

-- Invoice TF-1202
INSERT INTO invoices (id, store_id, invoice_number, customer_name, customer_phone, customer_address, subtotal, discount_amount, delivery_charge, installation_charge, round_off, grand_total, payment_method, payment_status, created_by, created_at)
VALUES (
  '9acee03d-41da-439f-9810-7f610f1051ad',
  '29f4e073-bc1d-4071-ae3a-c8718a90f998',
  'TF-1202',
  'Ishaan Gupta 98',
  '9874898093',
  'H.No. 22, Gali No. 4, Colony Road, Bangalore, Karnataka',
  311125,
  0,
  0,
  0,
  0,
  311125,
  'bank_transfer',
  'completed',
  '22222222-2222-4222-a222-222222222222',
  '2026-05-18T10:05:00.000Z'
);
INSERT INTO invoice_items (id, invoice_id, product_id, product_name, sku, quantity, unit_price, discount_percent, discount_amount, line_total)
VALUES (
  '1f72e0ad-cf77-4414-8a3e-2ada904ed3e7',
  '9acee03d-41da-439f-9810-7f610f1051ad',
  '1c7e1a57-845e-47a1-8c12-ba41436fcc6f',
  'Eco-sustain Orthopedic Memory Foam Mattress (Sheesham Wood, Charcoal Grey)',
  'MAT-SHE-0181',
  1,
  57500,
  5,
  2875,
  54625
);
INSERT INTO invoice_items (id, invoice_id, product_id, product_name, sku, quantity, unit_price, discount_percent, discount_amount, line_total)
VALUES (
  '2731a8df-ebfd-407e-a6ce-199a4b57c4df',
  '9acee03d-41da-439f-9810-7f610f1051ad',
  'f217098c-fa6f-48b1-83cf-ace92a7afcb2',
  'Royal 3-Seater Sofa (Rose Wood, Crimson Red)',
  'SOF-ROS-0006',
  2,
  94500,
  0,
  0,
  189000
);
INSERT INTO invoice_items (id, invoice_id, product_id, product_name, sku, quantity, unit_price, discount_percent, discount_amount, line_total)
VALUES (
  '02966f9a-49cd-4db7-89e5-f589776afd67',
  '9acee03d-41da-439f-9810-7f610f1051ad',
  'c6c9baff-b6c0-4b26-840b-5ebd9022835d',
  'Royal 6-Drawer Wide Dresser chest (Mahogany, Charcoal Grey)',
  'DRE-MAH-0212',
  1,
  10500,
  0,
  0,
  10500
);
INSERT INTO invoice_items (id, invoice_id, product_id, product_name, sku, quantity, unit_price, discount_percent, discount_amount, line_total)
VALUES (
  '9fd8075b-4699-4dd0-b156-03139c8eca89',
  '9acee03d-41da-439f-9810-7f610f1051ad',
  '03b4a8ea-a727-4547-a037-7cb2828bd872',
  'Comfort Mesh Medium-Back Office Chair (Mahogany, Charcoal Grey)',
  'OFF-MAH-0095',
  2,
  28500,
  0,
  0,
  57000
);
INSERT INTO payments (id, invoice_id, method, amount, reference, created_at) VALUES ('5096924c-2b2e-438a-9f8a-05c70e669ea3', '9acee03d-41da-439f-9810-7f610f1051ad', 'bank_transfer', 311125, 'TXN-TF-1202', '2026-05-18T10:05:00.000Z');

-- Invoice TF-1203
INSERT INTO invoices (id, store_id, invoice_number, customer_name, customer_phone, customer_address, subtotal, discount_amount, delivery_charge, installation_charge, round_off, grand_total, payment_method, payment_status, created_by, created_at)
VALUES (
  'ed6a9de9-add1-4d66-9e15-4ca54a07b8ec',
  '29f4e073-bc1d-4071-ae3a-c8718a90f998',
  'TF-1203',
  'Harish Rao 97',
  '9850568780',
  'H.No. 21, Gali No. 3, Colony Road, Secunderabad, Telangana',
  140025,
  0,
  0,
  500,
  0,
  140525,
  'card',
  'completed',
  '11111111-1111-4111-a111-111111111111',
  '2026-05-18T11:25:00.000Z'
);
INSERT INTO invoice_items (id, invoice_id, product_id, product_name, sku, quantity, unit_price, discount_percent, discount_amount, line_total)
VALUES (
  'b7a2784c-bb79-41da-b83d-66857b98a1f7',
  'ed6a9de9-add1-4d66-9e15-4ca54a07b8ec',
  'f9b40d20-052f-4c8a-8fa7-c32b87ce1d35',
  'Modern Modular TV Stand with Shelves (Oak Wood, Crimson Red)',
  'TV -OAK-0115',
  1,
  9500,
  5,
  475,
  9025
);
INSERT INTO invoice_items (id, invoice_id, product_id, product_name, sku, quantity, unit_price, discount_percent, discount_amount, line_total)
VALUES (
  'f407fa63-016f-47b7-89ea-16a4ea7b1191',
  'ed6a9de9-add1-4d66-9e15-4ca54a07b8ec',
  '964afc5e-e8fd-4384-a137-d1aae7cb9745',
  'Premium Floor Standing TV Console (Teak Wood, Walnut Brown)',
  'TV -TEA-0117',
  2,
  31500,
  0,
  0,
  63000
);
INSERT INTO invoice_items (id, invoice_id, product_id, product_name, sku, quantity, unit_price, discount_percent, discount_amount, line_total)
VALUES (
  '159841fe-1290-4299-82cb-32c97782308e',
  'ed6a9de9-add1-4d66-9e15-4ca54a07b8ec',
  '66714533-af7b-4dc1-a3da-3f62a5b8e4cf',
  'Classic Poster Bed (Rose Wood, Teak Finish)',
  'BED-ROS-0039',
  1,
  68000,
  0,
  0,
  68000
);
INSERT INTO payments (id, invoice_id, method, amount, reference, created_at) VALUES ('cf3ea8b8-99cb-4909-bcb6-ea8a6e86667b', 'ed6a9de9-add1-4d66-9e15-4ca54a07b8ec', 'card', 140525, 'TXN-TF-1203', '2026-05-18T11:25:00.000Z');

-- Invoice TF-1204
INSERT INTO invoices (id, store_id, invoice_number, customer_name, customer_phone, customer_address, subtotal, discount_amount, delivery_charge, installation_charge, round_off, grand_total, payment_method, payment_status, created_by, created_at)
VALUES (
  '40ed73e0-dc50-44b8-8db7-9178f1b1f89b',
  '29f4e073-bc1d-4071-ae3a-c8718a90f998',
  'TF-1204',
  'Guest',
  '',
  '',
  203425,
  0,
  0,
  0,
  0,
  203425,
  'upi',
  'completed',
  '33333333-3333-4333-a333-333333333333',
  '2026-05-18T10:47:00.000Z'
);
INSERT INTO invoice_items (id, invoice_id, product_id, product_name, sku, quantity, unit_price, discount_percent, discount_amount, line_total)
VALUES (
  '0aa39042-37eb-4941-aca4-3389e3c7c57a',
  '40ed73e0-dc50-44b8-8db7-9178f1b1f89b',
  '9f572dd5-cbbe-4acf-b7c6-cd9904cfeaf4',
  'Luxurious 2-Door Sliding Wardrobe (Engineered Wood, Ebony Black)',
  'WAR-ENG-0142',
  1,
  21500,
  5,
  1075,
  20425
);
INSERT INTO invoice_items (id, invoice_id, product_id, product_name, sku, quantity, unit_price, discount_percent, discount_amount, line_total)
VALUES (
  '21eefb79-543e-4098-aba9-5769dcb541ae',
  '40ed73e0-dc50-44b8-8db7-9178f1b1f89b',
  '7a07cc87-60d2-485a-8002-f09c437fe2d1',
  'Comfort Modular 4-Door Wardrobe (Mahogany, Ocean Blue)',
  'WAR-MAH-0151',
  2,
  91500,
  0,
  0,
  183000
);
INSERT INTO payments (id, invoice_id, method, amount, reference, created_at) VALUES ('45a17748-10d1-46ff-a533-16731fa63e51', '40ed73e0-dc50-44b8-8db7-9178f1b1f89b', 'upi', 203425, 'TXN-TF-1204', '2026-05-18T10:47:00.000Z');

-- Invoice TF-1205
INSERT INTO invoices (id, store_id, invoice_number, customer_name, customer_phone, customer_address, subtotal, discount_amount, delivery_charge, installation_charge, round_off, grand_total, payment_method, payment_status, created_by, created_at)
VALUES (
  '9d1c82c9-7f06-4c28-823d-adf29417f228',
  '29f4e073-bc1d-4071-ae3a-c8718a90f998',
  'TF-1205',
  'Deepak Reddy 95',
  '9841095758',
  'H.No. 19, Gali No. 1, Colony Road, Visakhapatnam, Andhra Pradesh',
  18525,
  0,
  0,
  0,
  0,
  18525,
  'cash',
  'completed',
  '22222222-2222-4222-a222-222222222222',
  '2026-05-18T08:41:00.000Z'
);
INSERT INTO invoice_items (id, invoice_id, product_id, product_name, sku, quantity, unit_price, discount_percent, discount_amount, line_total)
VALUES (
  '69fd763d-c1ab-4378-acad-8b53182f2404',
  '9d1c82c9-7f06-4c28-823d-adf29417f228',
  'cd1dfc63-1e9c-4d01-9a09-8eed915a6354',
  'Minimalist 3-Door Wardrobe with Mirror (Sheesham Wood, Ebony Black)',
  'WAR-SHE-0145',
  1,
  19500,
  5,
  975,
  18525
);
INSERT INTO payments (id, invoice_id, method, amount, reference, created_at) VALUES ('b9c99e2a-6922-4012-a09c-3c7639b59104', '9d1c82c9-7f06-4c28-823d-adf29417f228', 'cash', 18525, 'TXN-TF-1205', '2026-05-18T08:41:00.000Z');

-- Invoice TF-1206
INSERT INTO invoices (id, store_id, invoice_number, customer_name, customer_phone, customer_address, subtotal, discount_amount, delivery_charge, installation_charge, round_off, grand_total, payment_method, payment_status, created_by, created_at)
VALUES (
  '46e974a3-8f00-4eb6-b0cc-02b113b96ebb',
  '29f4e073-bc1d-4071-ae3a-c8718a90f998',
  'TF-1206',
  'Arjun Rao 94',
  '9833493238',
  'H.No. 18, Gali No. 5, Colony Road, Vijayawada, Andhra Pradesh',
  280325,
  0,
  1200,
  0,
  0,
  281525,
  'split',
  'completed',
  '11111111-1111-4111-a111-111111111111',
  '2026-05-19T15:26:00.000Z'
);
INSERT INTO invoice_items (id, invoice_id, product_id, product_name, sku, quantity, unit_price, discount_percent, discount_amount, line_total)
VALUES (
  'f4849c2d-0c07-4ede-8080-b6cb40abe347',
  '46e974a3-8f00-4eb6-b0cc-02b113b96ebb',
  'db89899f-757e-4b53-be2c-35e7e16cbde0',
  'Comfort Dressing Table with LED Mirror (Engineered Wood, Ivory White)',
  'DRE-ENG-0204',
  1,
  29500,
  5,
  1475,
  28025
);
INSERT INTO invoice_items (id, invoice_id, product_id, product_name, sku, quantity, unit_price, discount_percent, discount_amount, line_total)
VALUES (
  '64cf9e06-adf6-4830-88fa-7af4e1d8b601',
  '46e974a3-8f00-4eb6-b0cc-02b113b96ebb',
  '988b76f0-cc4f-4289-98c4-aec3b799c233',
  'Imperial Wooden Sun Lounger Bed (Sheesham Wood, Ivory White)',
  'OUT-SHE-0258',
  2,
  16500,
  0,
  0,
  33000
);
INSERT INTO invoice_items (id, invoice_id, product_id, product_name, sku, quantity, unit_price, discount_percent, discount_amount, line_total)
VALUES (
  '58ec7baf-ae91-4c3b-9888-514c235430cf',
  '46e974a3-8f00-4eb6-b0cc-02b113b96ebb',
  '2305ee30-451d-47a1-9df9-d45de9e0d40e',
  'Classic 6-Drawer Wide Dresser chest (Mahogany, Ebony Black)',
  'DRE-MAH-0203',
  1,
  27500,
  0,
  0,
  27500
);
INSERT INTO invoice_items (id, invoice_id, product_id, product_name, sku, quantity, unit_price, discount_percent, discount_amount, line_total)
VALUES (
  'e7ad9d5e-2dec-40d2-ae17-ecd81fded5c0',
  '46e974a3-8f00-4eb6-b0cc-02b113b96ebb',
  'f7143768-39ca-4c15-9255-7f63f3b889f9',
  'Classic Upholstered Bed Platform (Mahogany, Warm Beige)',
  'BED-MAH-0025',
  2,
  84500,
  0,
  0,
  169000
);
INSERT INTO invoice_items (id, invoice_id, product_id, product_name, sku, quantity, unit_price, discount_percent, discount_amount, line_total)
VALUES (
  'f17f9030-3d15-4bf7-8856-97e4ac1062e3',
  '46e974a3-8f00-4eb6-b0cc-02b113b96ebb',
  'f4d27558-4a15-48b2-9959-7f7cce45559c',
  'Royal Wooden Sideboard Credenza (Mahogany, Ocean Blue)',
  'STO-MAH-0263',
  1,
  24000,
  5,
  1200,
  22800
);
INSERT INTO payments (id, invoice_id, method, amount, reference, created_at) VALUES ('efe93944-d08c-428a-b26d-355694cd583d', '46e974a3-8f00-4eb6-b0cc-02b113b96ebb', 'card', 112610, 'TXN-SPLIT-CARD', '2026-05-19T15:26:00.000Z');
INSERT INTO payments (id, invoice_id, method, amount, reference, created_at) VALUES ('7fe92de1-b4a1-4bec-9b04-22346764bebd', '46e974a3-8f00-4eb6-b0cc-02b113b96ebb', 'upi', 168915, 'TXN-SPLIT-UPI', '2026-05-19T15:26:00.000Z');

-- Invoice TF-1207
INSERT INTO invoices (id, store_id, invoice_number, customer_name, customer_phone, customer_address, subtotal, discount_amount, delivery_charge, installation_charge, round_off, grand_total, payment_method, payment_status, created_by, created_at)
VALUES (
  '94764816-5b63-4f54-90a5-6d1b7d9564df',
  '29f4e073-bc1d-4071-ae3a-c8718a90f998',
  'TF-1207',
  'Ananya Iyer 93',
  '9862133499',
  'H.No. 17, Gali No. 4, Colony Road, Chennai, Tamil Nadu',
  216650,
  0,
  0,
  0,
  0,
  216650,
  'bank_transfer',
  'completed',
  '33333333-3333-4333-a333-333333333333',
  '2026-05-19T08:58:00.000Z'
);
INSERT INTO invoice_items (id, invoice_id, product_id, product_name, sku, quantity, unit_price, discount_percent, discount_amount, line_total)
VALUES (
  'a92c2c73-41cc-4f3e-a565-ef125c340368',
  '94764816-5b63-4f54-90a5-6d1b7d9564df',
  '2a70887d-c393-4b67-b917-9dbce13f8239',
  'Imperial Pocket Spring Premium Mattress (Engineered Wood, Warm Beige)',
  'MAT-ENG-0188',
  1,
  47000,
  5,
  2350,
  44650
);
INSERT INTO invoice_items (id, invoice_id, product_id, product_name, sku, quantity, unit_price, discount_percent, discount_amount, line_total)
VALUES (
  '8ff1c5b1-9bd7-42cf-954e-3f58a971f28e',
  '94764816-5b63-4f54-90a5-6d1b7d9564df',
  '0f5c5087-0b28-4e8e-a90a-3ba6054e1159',
  'Luxurious Compact Dresser Cabinet (Oak Wood, Warm Beige)',
  'DRE-OAK-0211',
  2,
  36500,
  0,
  0,
  73000
);
INSERT INTO invoice_items (id, invoice_id, product_id, product_name, sku, quantity, unit_price, discount_percent, discount_amount, line_total)
VALUES (
  '6785318a-0dec-421e-82f2-d21efb0ded02',
  '94764816-5b63-4f54-90a5-6d1b7d9564df',
  'dd88417a-f687-4859-a0c7-7bfa3233750c',
  'Minimalist Massage Recliner Chair (Teak Wood, Crimson Red)',
  'REC-TEA-0226',
  1,
  28000,
  0,
  0,
  28000
);
INSERT INTO invoice_items (id, invoice_id, product_id, product_name, sku, quantity, unit_price, discount_percent, discount_amount, line_total)
VALUES (
  '40045707-eff0-4758-a405-8b842d54425b',
  '94764816-5b63-4f54-90a5-6d1b7d9564df',
  '45b029af-1b46-4141-84a7-5a0a282002d9',
  'Comfort Wall Mounted TV Cabinet (Engineered Wood, Crimson Red)',
  'TV -ENG-0104',
  2,
  35500,
  0,
  0,
  71000
);
INSERT INTO payments (id, invoice_id, method, amount, reference, created_at) VALUES ('88a33ccd-687d-40cf-9e80-cbdda8efe793', '94764816-5b63-4f54-90a5-6d1b7d9564df', 'bank_transfer', 216650, 'TXN-TF-1207', '2026-05-19T08:58:00.000Z');

-- Invoice TF-1208
INSERT INTO invoices (id, store_id, invoice_number, customer_name, customer_phone, customer_address, subtotal, discount_amount, delivery_charge, installation_charge, round_off, grand_total, payment_method, payment_status, created_by, created_at)
VALUES (
  'a71c5a2c-2cc9-48e6-b248-c002b275ffd7',
  '29f4e073-bc1d-4071-ae3a-c8718a90f998',
  'TF-1208',
  'Guest',
  '',
  '',
  152375,
  0,
  0,
  0,
  0,
  152375,
  'card',
  'completed',
  '22222222-2222-4222-a222-222222222222',
  '2026-05-19T10:37:00.000Z'
);
INSERT INTO invoice_items (id, invoice_id, product_id, product_name, sku, quantity, unit_price, discount_percent, discount_amount, line_total)
VALUES (
  '0522658e-ee26-47a0-b0ea-6a672becf0c9',
  'a71c5a2c-2cc9-48e6-b248-c002b275ffd7',
  'ea4e9179-3ad2-409b-84b5-55444060bc57',
  'Modern Massage Recliner Chair (Teak Wood, Charcoal Grey)',
  'REC-TEA-0235',
  1,
  32500,
  5,
  1625,
  30875
);
INSERT INTO invoice_items (id, invoice_id, product_id, product_name, sku, quantity, unit_price, discount_percent, discount_amount, line_total)
VALUES (
  '6f323b78-0b39-4e44-b1c9-49325c0a7c75',
  'a71c5a2c-2cc9-48e6-b248-c002b275ffd7',
  '269baf12-2c80-46b8-9fc2-6550d3452bf9',
  'Premium Floor Standing TV Console (Teak Wood, Ocean Blue)',
  'TV -TEA-0114',
  2,
  38500,
  0,
  0,
  77000
);
INSERT INTO invoice_items (id, invoice_id, product_id, product_name, sku, quantity, unit_price, discount_percent, discount_amount, line_total)
VALUES (
  'b4f5f6d0-1e59-4d35-a31f-b2a57b5c79bc',
  'a71c5a2c-2cc9-48e6-b248-c002b275ffd7',
  '04e6f2e3-71db-4095-a209-0fdf2c4ff348',
  'Modern Modular TV Stand with Shelves (Oak Wood, Charcoal Grey)',
  'TV -OAK-0112',
  1,
  44500,
  0,
  0,
  44500
);
INSERT INTO payments (id, invoice_id, method, amount, reference, created_at) VALUES ('ab457e91-4d50-420b-87d7-7ac3eea6543f', 'a71c5a2c-2cc9-48e6-b248-c002b275ffd7', 'card', 152375, 'TXN-TF-1208', '2026-05-19T10:37:00.000Z');

-- Invoice TF-1209
INSERT INTO invoices (id, store_id, invoice_number, customer_name, customer_phone, customer_address, subtotal, discount_amount, delivery_charge, installation_charge, round_off, grand_total, payment_method, payment_status, created_by, created_at)
VALUES (
  'd22bc4a5-6488-447b-893c-bab15b009382',
  '29f4e073-bc1d-4071-ae3a-c8718a90f998',
  'TF-1209',
  'Aditya Patel 91',
  '9837289949',
  'H.No. 15, Gali No. 2, Colony Road, Secunderabad, Telangana',
  85050,
  0,
  0,
  0,
  0,
  85050,
  'upi',
  'completed',
  '11111111-1111-4111-a111-111111111111',
  '2026-05-19T05:54:00.000Z'
);
INSERT INTO invoice_items (id, invoice_id, product_id, product_name, sku, quantity, unit_price, discount_percent, discount_amount, line_total)
VALUES (
  '12e3d372-c4ee-4ca4-bcb0-cb6fd7997330',
  'd22bc4a5-6488-447b-893c-bab15b009382',
  '6049902d-6b43-4578-8eb4-cfb603455a07',
  'Comfort Marble Top Dining Table (Oak Wood, Charcoal Grey)',
  'DIN-OAK-0051',
  1,
  39000,
  5,
  1950,
  37050
);
INSERT INTO invoice_items (id, invoice_id, product_id, product_name, sku, quantity, unit_price, discount_percent, discount_amount, line_total)
VALUES (
  'b72d4b60-69c8-4546-aa93-281ac6e5170c',
  'd22bc4a5-6488-447b-893c-bab15b009382',
  'a368cbb3-53c0-4fae-b6ec-f32a581d4f7a',
  'Modern 4-Seater Glass Top Dining Table (Sheesham Wood, Ivory White)',
  'DIN-SHE-0042',
  2,
  24000,
  0,
  0,
  48000
);
INSERT INTO payments (id, invoice_id, method, amount, reference, created_at) VALUES ('e7573efd-5497-4ecb-af06-27071953fc50', 'd22bc4a5-6488-447b-893c-bab15b009382', 'upi', 85050, 'TXN-TF-1209', '2026-05-19T05:54:00.000Z');

-- Invoice TF-1210
INSERT INTO invoices (id, store_id, invoice_number, customer_name, customer_phone, customer_address, subtotal, discount_amount, delivery_charge, installation_charge, round_off, grand_total, payment_method, payment_status, created_by, created_at)
VALUES (
  '7af199d0-fac1-4129-8cd2-1c9b58a1f25e',
  '29f4e073-bc1d-4071-ae3a-c8718a90f998',
  'TF-1210',
  'Aarav Sharma 90',
  '9812618761',
  'H.No. 14, Gali No. 1, Colony Road, Hyderabad, Telangana',
  60325,
  1809.75,
  0,
  0,
  -0.25,
  58515,
  'cash',
  'completed',
  '33333333-3333-4333-a333-333333333333',
  '2026-05-19T09:31:00.000Z'
);
INSERT INTO invoice_items (id, invoice_id, product_id, product_name, sku, quantity, unit_price, discount_percent, discount_amount, line_total)
VALUES (
  '00ea14e4-8fe2-48b4-9970-d6cc2a4a555c',
  '7af199d0-fac1-4129-8cd2-1c9b58a1f25e',
  '8de78dd0-d3a4-483c-a38f-a53b884915ea',
  'Heritage Wooden Sun Lounger Bed (Rose Wood, Walnut Brown)',
  'OUT-ROS-0255',
  1,
  63500,
  5,
  3175,
  60325
);
INSERT INTO payments (id, invoice_id, method, amount, reference, created_at) VALUES ('d8d94cfb-929a-4d1a-85ca-e48c2d1f6fd5', '7af199d0-fac1-4129-8cd2-1c9b58a1f25e', 'cash', 58515, 'TXN-TF-1210', '2026-05-19T09:31:00.000Z');

-- Invoice TF-1211
INSERT INTO invoices (id, store_id, invoice_number, customer_name, customer_phone, customer_address, subtotal, discount_amount, delivery_charge, installation_charge, round_off, grand_total, payment_method, payment_status, created_by, created_at)
VALUES (
  '7f9b1604-84b3-46b7-af09-02aeeb95f68e',
  '29f4e073-bc1d-4071-ae3a-c8718a90f998',
  'TF-1211',
  'Vijay Mallya 89',
  '9879473951',
  'H.No. 13, Gali No. 5, Colony Road, Visakhapatnam, Andhra Pradesh',
  139500,
  0,
  0,
  0,
  0,
  139500,
  'split',
  'completed',
  '22222222-2222-4222-a222-222222222222',
  '2026-05-19T10:08:00.000Z'
);
INSERT INTO invoice_items (id, invoice_id, product_id, product_name, sku, quantity, unit_price, discount_percent, discount_amount, line_total)
VALUES (
  '873f41a7-39d8-494a-8b52-cf9b7c9d6313',
  '7f9b1604-84b3-46b7-af09-02aeeb95f68e',
  '4e04bd65-d62f-4358-9ae5-1b640f6f63a4',
  'Classic Ergonomic Task Chair (Sheesham Wood, Ebony Black)',
  'OFF-SHE-0085',
  1,
  12000,
  5,
  600,
  11400
);
INSERT INTO invoice_items (id, invoice_id, product_id, product_name, sku, quantity, unit_price, discount_percent, discount_amount, line_total)
VALUES (
  'adad3f47-96c7-4ee3-b55f-cb0ec62ad07f',
  '7f9b1604-84b3-46b7-af09-02aeeb95f68e',
  '8c52fb9b-dbb9-4364-9287-992138d747d6',
  'Imperial Dual Comfort Latex Mattress (Sheesham Wood, Crimson Red)',
  'MAT-SHE-0183',
  2,
  21500,
  0,
  0,
  43000
);
INSERT INTO invoice_items (id, invoice_id, product_id, product_name, sku, quantity, unit_price, discount_percent, discount_amount, line_total)
VALUES (
  '6d983563-3fea-4499-a417-754ebceaf6d9',
  '7f9b1604-84b3-46b7-af09-02aeeb95f68e',
  '677b4ed7-b68c-4721-baf6-4c79f7a858e0',
  'Eco-sustain Cushioned Dining Chair (Sheesham Wood, Charcoal Grey)',
  'DIN-SHE-0061',
  1,
  7000,
  0,
  0,
  7000
);
INSERT INTO invoice_items (id, invoice_id, product_id, product_name, sku, quantity, unit_price, discount_percent, discount_amount, line_total)
VALUES (
  '44471fd8-dc0b-4b5a-bf44-fbe89d231e3e',
  '7f9b1604-84b3-46b7-af09-02aeeb95f68e',
  'daa55337-8a17-46da-a3f2-5955d8fa5f76',
  'Classic Storage Trunk Coffee Table (Teak Wood, Ivory White)',
  'COF-TEA-0139',
  2,
  21000,
  0,
  0,
  42000
);
INSERT INTO invoice_items (id, invoice_id, product_id, product_name, sku, quantity, unit_price, discount_percent, discount_amount, line_total)
VALUES (
  'dc567f78-f2f1-4627-8777-840bdc3c4578',
  '7f9b1604-84b3-46b7-af09-02aeeb95f68e',
  'db9ba286-92a8-4ace-b5cb-263e80c36301',
  'Royal Pocket Spring Premium Mattress (Oak Wood, Ebony Black)',
  'MAT-OAK-0197',
  1,
  38000,
  5,
  1900,
  36100
);
INSERT INTO payments (id, invoice_id, method, amount, reference, created_at) VALUES ('c32d5a54-a167-4a6c-ba6d-851c13e6d3ab', '7f9b1604-84b3-46b7-af09-02aeeb95f68e', 'card', 55800, 'TXN-SPLIT-CARD', '2026-05-19T10:08:00.000Z');
INSERT INTO payments (id, invoice_id, method, amount, reference, created_at) VALUES ('66d85363-f38d-47ea-bc3d-ded599334e54', '7f9b1604-84b3-46b7-af09-02aeeb95f68e', 'upi', 83700, 'TXN-SPLIT-UPI', '2026-05-19T10:08:00.000Z');

-- Invoice TF-1212
INSERT INTO invoices (id, store_id, invoice_number, customer_name, customer_phone, customer_address, subtotal, discount_amount, delivery_charge, installation_charge, round_off, grand_total, payment_method, payment_status, created_by, created_at)
VALUES (
  '51fdfd97-fd85-4245-b7de-f3396e0a9bf5',
  '29f4e073-bc1d-4071-ae3a-c8718a90f998',
  'TF-1212',
  'Guest',
  '',
  '',
  203300,
  0,
  0,
  500,
  0,
  203800,
  'bank_transfer',
  'completed',
  '11111111-1111-4111-a111-111111111111',
  '2026-05-20T09:10:00.000Z'
);
INSERT INTO invoice_items (id, invoice_id, product_id, product_name, sku, quantity, unit_price, discount_percent, discount_amount, line_total)
VALUES (
  'bb86f6e7-8e1b-40b9-b834-626d9da66bb0',
  '51fdfd97-fd85-4245-b7de-f3396e0a9bf5',
  'b0e89ba0-ba90-445e-ae35-c8ca81e8b940',
  'Luxurious Floor Standing TV Console (Teak Wood, Walnut Brown)',
  'TV -TEA-0111',
  1,
  24000,
  5,
  1200,
  22800
);
INSERT INTO invoice_items (id, invoice_id, product_id, product_name, sku, quantity, unit_price, discount_percent, discount_amount, line_total)
VALUES (
  'd7e59400-b4b7-44a3-abc6-aa6c4a11fd61',
  '51fdfd97-fd85-4245-b7de-f3396e0a9bf5',
  '37a6c3c3-101c-48cc-a350-7d294835d4a1',
  'Royal L-Shape Sofa Sectional (Oak Wood, Ebony Black)',
  'SOF-OAK-0012',
  2,
  53500,
  0,
  0,
  107000
);
INSERT INTO invoice_items (id, invoice_id, product_id, product_name, sku, quantity, unit_price, discount_percent, discount_amount, line_total)
VALUES (
  '92c16f69-2c14-4bcb-b5bf-38d2cfe67294',
  '51fdfd97-fd85-4245-b7de-f3396e0a9bf5',
  'ad43dc01-66f1-487c-9f06-f2bc3648b2f0',
  'Luxurious King Size Bed with Storage (Mahogany, Warm Beige)',
  'BED-MAH-0021',
  1,
  17500,
  0,
  0,
  17500
);
INSERT INTO invoice_items (id, invoice_id, product_id, product_name, sku, quantity, unit_price, discount_percent, discount_amount, line_total)
VALUES (
  'aba1f1ba-c622-4ea4-a924-d1f0a09b60ec',
  '51fdfd97-fd85-4245-b7de-f3396e0a9bf5',
  'dd88417a-f687-4859-a0c7-7bfa3233750c',
  'Minimalist Massage Recliner Chair (Teak Wood, Crimson Red)',
  'REC-TEA-0226',
  2,
  28000,
  0,
  0,
  56000
);
INSERT INTO payments (id, invoice_id, method, amount, reference, created_at) VALUES ('02243a47-1371-4bb5-8462-956a882b8f19', '51fdfd97-fd85-4245-b7de-f3396e0a9bf5', 'bank_transfer', 203800, 'TXN-TF-1212', '2026-05-20T09:10:00.000Z');

-- Invoice TF-1213
INSERT INTO invoices (id, store_id, invoice_number, customer_name, customer_phone, customer_address, subtotal, discount_amount, delivery_charge, installation_charge, round_off, grand_total, payment_method, payment_status, created_by, created_at)
VALUES (
  'f10b5dc1-fe09-45ba-883a-1b48a074e366',
  '29f4e073-bc1d-4071-ae3a-c8718a90f998',
  'TF-1213',
  'Yash Pal 87',
  '9868762640',
  'H.No. 99, Gali No. 3, Colony Road, Chennai, Tamil Nadu',
  146375,
  0,
  1200,
  0,
  0,
  147575,
  'card',
  'completed',
  '33333333-3333-4333-a333-333333333333',
  '2026-05-20T10:18:00.000Z'
);
INSERT INTO invoice_items (id, invoice_id, product_id, product_name, sku, quantity, unit_price, discount_percent, discount_amount, line_total)
VALUES (
  'ade55618-f366-41ca-9bcf-0578ea504c8c',
  'f10b5dc1-fe09-45ba-883a-1b48a074e366',
  'aabd3d3c-81bf-41ca-97c5-417d512c2000',
  'Premium Ergonomic Task Chair (Mahogany, Walnut Brown)',
  'OFF-MAH-0089',
  1,
  32500,
  5,
  1625,
  30875
);
INSERT INTO invoice_items (id, invoice_id, product_id, product_name, sku, quantity, unit_price, discount_percent, discount_amount, line_total)
VALUES (
  '729bde73-ad1a-476f-b850-b5735b1b4353',
  'f10b5dc1-fe09-45ba-883a-1b48a074e366',
  '2763336d-b6de-4bf1-9030-9592fced7f5f',
  'Classic 3-Door Wardrobe with Mirror (Rose Wood, Charcoal Grey)',
  'WAR-ROS-0141',
  2,
  36000,
  0,
  0,
  72000
);
INSERT INTO invoice_items (id, invoice_id, product_id, product_name, sku, quantity, unit_price, discount_percent, discount_amount, line_total)
VALUES (
  'e8820419-dae5-42c6-b7ca-1d0f5ab57fd9',
  'f10b5dc1-fe09-45ba-883a-1b48a074e366',
  '09041bef-8468-41ea-a03e-691ef424e3c8',
  'Luxurious Upholstered Bed Platform (Engineered Wood, Ivory White)',
  'BED-ENG-0040',
  1,
  43500,
  0,
  0,
  43500
);
INSERT INTO payments (id, invoice_id, method, amount, reference, created_at) VALUES ('45f653f8-92de-4400-8ed5-d70ffda9bfcb', 'f10b5dc1-fe09-45ba-883a-1b48a074e366', 'card', 147575, 'TXN-TF-1213', '2026-05-20T10:18:00.000Z');

-- Invoice TF-1214
INSERT INTO invoices (id, store_id, invoice_number, customer_name, customer_phone, customer_address, subtotal, discount_amount, delivery_charge, installation_charge, round_off, grand_total, payment_method, payment_status, created_by, created_at)
VALUES (
  'e16ed57b-028b-4591-9656-83775931b4bc',
  '29f4e073-bc1d-4071-ae3a-c8718a90f998',
  'TF-1214',
  'Vivek Oberoi 86',
  '9848149431',
  'H.No. 98, Gali No. 2, Colony Road, Bangalore, Karnataka',
  257950,
  0,
  0,
  0,
  0,
  257950,
  'upi',
  'completed',
  '22222222-2222-4222-a222-222222222222',
  '2026-05-20T13:05:00.000Z'
);
INSERT INTO invoice_items (id, invoice_id, product_id, product_name, sku, quantity, unit_price, discount_percent, discount_amount, line_total)
VALUES (
  '8e38129b-e06e-4abc-87ca-f434dd124b0d',
  'e16ed57b-028b-4591-9656-83775931b4bc',
  'b8b2bedb-190a-46cc-ad7a-a5c7f215f29d',
  'Luxurious Recliner Sofa (Rose Wood, Crimson Red)',
  'SOF-ROS-0013',
  1,
  81000,
  5,
  4050,
  76950
);
INSERT INTO invoice_items (id, invoice_id, product_id, product_name, sku, quantity, unit_price, discount_percent, discount_amount, line_total)
VALUES (
  '01d68453-c027-4ed3-b960-a7d21c76618e',
  'e16ed57b-028b-4591-9656-83775931b4bc',
  'd449acce-7b49-4170-bfe0-d366cbbef163',
  'Eco-sustain Sofa Cum Bed (Sheesham Wood, Warm Beige)',
  'SOF-SHE-0015',
  2,
  90500,
  0,
  0,
  181000
);
INSERT INTO payments (id, invoice_id, method, amount, reference, created_at) VALUES ('047988b8-2c5b-4ec1-b58e-72e26b141681', 'e16ed57b-028b-4591-9656-83775931b4bc', 'upi', 257950, 'TXN-TF-1214', '2026-05-20T13:05:00.000Z');

-- Invoice TF-1215
INSERT INTO invoices (id, store_id, invoice_number, customer_name, customer_phone, customer_address, subtotal, discount_amount, delivery_charge, installation_charge, round_off, grand_total, payment_method, payment_status, created_by, created_at)
VALUES (
  'ea88a41c-4f24-4092-8980-0dfee4376031',
  '29f4e073-bc1d-4071-ae3a-c8718a90f998',
  'TF-1215',
  'Vikram Seth 85',
  '9828669866',
  'H.No. 97, Gali No. 1, Colony Road, Secunderabad, Telangana',
  13775,
  0,
  0,
  0,
  0,
  13775,
  'cash',
  'completed',
  '11111111-1111-4111-a111-111111111111',
  '2026-05-20T15:29:00.000Z'
);
INSERT INTO invoice_items (id, invoice_id, product_id, product_name, sku, quantity, unit_price, discount_percent, discount_amount, line_total)
VALUES (
  'd3730de8-5cc4-4720-a9af-3abfea41cfd9',
  'ea88a41c-4f24-4092-8980-0dfee4376031',
  'c3cbb4b4-46c9-42f7-851d-3d8cfd70108a',
  'Premium Multi-drawer Utility Cabinet (Rose Wood, Teak Finish)',
  'STO-ROS-0276',
  1,
  14500,
  5,
  725,
  13775
);
INSERT INTO payments (id, invoice_id, method, amount, reference, created_at) VALUES ('a8c10eea-42ae-4cdc-b09e-cae8f72d5011', 'ea88a41c-4f24-4092-8980-0dfee4376031', 'cash', 13775, 'TXN-TF-1215', '2026-05-20T15:29:00.000Z');

-- Invoice TF-1216
INSERT INTO invoices (id, store_id, invoice_number, customer_name, customer_phone, customer_address, subtotal, discount_amount, delivery_charge, installation_charge, round_off, grand_total, payment_method, payment_status, created_by, created_at)
VALUES (
  'eb1c5faa-9cd4-4038-9e65-fac76f8033a4',
  '29f4e073-bc1d-4071-ae3a-c8718a90f998',
  'TF-1216',
  'Guest',
  '',
  '',
  136350,
  0,
  0,
  0,
  0,
  136350,
  'split',
  'completed',
  '33333333-3333-4333-a333-333333333333',
  '2026-05-20T08:25:00.000Z'
);
INSERT INTO invoice_items (id, invoice_id, product_id, product_name, sku, quantity, unit_price, discount_percent, discount_amount, line_total)
VALUES (
  '48ce2c96-221f-4056-8746-00fb7ddbac25',
  'eb1c5faa-9cd4-4038-9e65-fac76f8033a4',
  '863c1594-c882-4d72-8a33-d9000fa5b282',
  'Luxurious Shoe Storage Bench Rack (Teak Wood, Teak Finish)',
  'STO-TEA-0274',
  1,
  22000,
  5,
  1100,
  20900
);
INSERT INTO invoice_items (id, invoice_id, product_id, product_name, sku, quantity, unit_price, discount_percent, discount_amount, line_total)
VALUES (
  '897031bf-b73f-46a4-98a1-c26a6208d464',
  'eb1c5faa-9cd4-4038-9e65-fac76f8033a4',
  'cd429820-3fc2-45f2-b8f6-41fb496abdae',
  'Comfort Solid Wood Computer Desk (Engineered Wood, Crimson Red)',
  'STU-ENG-0176',
  2,
  6000,
  0,
  0,
  12000
);
INSERT INTO invoice_items (id, invoice_id, product_id, product_name, sku, quantity, unit_price, discount_percent, discount_amount, line_total)
VALUES (
  '6d7a3935-bf14-4d82-bb8c-74baa980ca0e',
  'eb1c5faa-9cd4-4038-9e65-fac76f8033a4',
  'aabd3d3c-81bf-41ca-97c5-417d512c2000',
  'Premium Ergonomic Task Chair (Mahogany, Walnut Brown)',
  'OFF-MAH-0089',
  1,
  32500,
  0,
  0,
  32500
);
INSERT INTO invoice_items (id, invoice_id, product_id, product_name, sku, quantity, unit_price, discount_percent, discount_amount, line_total)
VALUES (
  '900a120a-aeb1-4e26-a3ad-d8e0ff7021d0',
  'eb1c5faa-9cd4-4038-9e65-fac76f8033a4',
  'a8d7e84a-9b4d-45d3-8f86-ac13caf001b1',
  'Comfort Dual Comfort Latex Mattress (Teak Wood, Ebony Black)',
  'MAT-TEA-0192',
  2,
  25500,
  0,
  0,
  51000
);
INSERT INTO invoice_items (id, invoice_id, product_id, product_name, sku, quantity, unit_price, discount_percent, discount_amount, line_total)
VALUES (
  'ee13144e-9b25-4682-b172-022b44d8a0fa',
  'eb1c5faa-9cd4-4038-9e65-fac76f8033a4',
  'daa55337-8a17-46da-a3f2-5955d8fa5f76',
  'Classic Storage Trunk Coffee Table (Teak Wood, Ivory White)',
  'COF-TEA-0139',
  1,
  21000,
  5,
  1050,
  19950
);
INSERT INTO payments (id, invoice_id, method, amount, reference, created_at) VALUES ('0bdced0b-c5f0-491c-ade1-17a747e28899', 'eb1c5faa-9cd4-4038-9e65-fac76f8033a4', 'card', 54540, 'TXN-SPLIT-CARD', '2026-05-20T08:25:00.000Z');
INSERT INTO payments (id, invoice_id, method, amount, reference, created_at) VALUES ('a14d376f-2f75-4fc1-ad0d-7ef515911750', 'eb1c5faa-9cd4-4038-9e65-fac76f8033a4', 'upi', 81810, 'TXN-SPLIT-UPI', '2026-05-20T08:25:00.000Z');

-- Invoice TF-1217
INSERT INTO invoices (id, store_id, invoice_number, customer_name, customer_phone, customer_address, subtotal, discount_amount, delivery_charge, installation_charge, round_off, grand_total, payment_method, payment_status, created_by, created_at)
VALUES (
  '6d353e3f-328f-4783-a713-5ae62ea466ad',
  '29f4e073-bc1d-4071-ae3a-c8718a90f998',
  'TF-1217',
  'Sneha Rao 83',
  '9873874962',
  'H.No. 95, Gali No. 4, Colony Road, Visakhapatnam, Andhra Pradesh',
  334625,
  0,
  0,
  0,
  0,
  334625,
  'bank_transfer',
  'completed',
  '22222222-2222-4222-a222-222222222222',
  '2026-05-21T07:10:00.000Z'
);
INSERT INTO invoice_items (id, invoice_id, product_id, product_name, sku, quantity, unit_price, discount_percent, discount_amount, line_total)
VALUES (
  'f0fa65c8-49f2-4e4d-99c2-a27ad540b264',
  '6d353e3f-328f-4783-a713-5ae62ea466ad',
  '4d3dbd05-9bce-40cd-8688-cae53cd77efd',
  'Eco-sustain High Back Chair (Teak Wood, Ebony Black)',
  'DIN-TEA-0071',
  1,
  7500,
  5,
  375,
  7125
);
INSERT INTO invoice_items (id, invoice_id, product_id, product_name, sku, quantity, unit_price, discount_percent, discount_amount, line_total)
VALUES (
  '4c55cfb2-43fa-41cf-b15b-883efec0192f',
  '6d353e3f-328f-4783-a713-5ae62ea466ad',
  'aaf9e9a7-2afd-4d6b-873e-3403eeb7bbf4',
  'Comfort L-Shape Sofa Sectional (Rose Wood, Ocean Blue)',
  'SOF-ROS-0007',
  2,
  101000,
  0,
  0,
  202000
);
INSERT INTO invoice_items (id, invoice_id, product_id, product_name, sku, quantity, unit_price, discount_percent, discount_amount, line_total)
VALUES (
  '8cecc9c2-f3be-403e-aa2c-2d15aed498e2',
  '6d353e3f-328f-4783-a713-5ae62ea466ad',
  '31e1f087-ea41-437c-bd2c-65de107eb3d8',
  'Heritage Mesh Medium-Back Office Chair (Rose Wood, Ivory White)',
  'OFF-ROS-0083',
  1,
  32500,
  0,
  0,
  32500
);
INSERT INTO invoice_items (id, invoice_id, product_id, product_name, sku, quantity, unit_price, discount_percent, discount_amount, line_total)
VALUES (
  'dc764e21-da06-4b3b-955d-6b54d4939260',
  '6d353e3f-328f-4783-a713-5ae62ea466ad',
  '6e43538a-a745-4e9a-a6ef-7dcd57f182fd',
  'Luxurious Queen Size Wooden Bed (Mahogany, Ocean Blue)',
  'BED-MAH-0022',
  2,
  46500,
  0,
  0,
  93000
);
INSERT INTO payments (id, invoice_id, method, amount, reference, created_at) VALUES ('8de084ff-b401-4413-a856-d38b4ea61cf9', '6d353e3f-328f-4783-a713-5ae62ea466ad', 'bank_transfer', 334625, 'TXN-TF-1217', '2026-05-21T07:10:00.000Z');

-- Invoice TF-1218
INSERT INTO invoices (id, store_id, invoice_number, customer_name, customer_phone, customer_address, subtotal, discount_amount, delivery_charge, installation_charge, round_off, grand_total, payment_method, payment_status, created_by, created_at)
VALUES (
  '5fc28c4b-4900-4b9f-870d-abbe15f4ca88',
  '29f4e073-bc1d-4071-ae3a-c8718a90f998',
  'TF-1218',
  'Siddharth Sen 82',
  '9890276665',
  'H.No. 94, Gali No. 3, Colony Road, Vijayawada, Andhra Pradesh',
  177625,
  0,
  0,
  0,
  0,
  177625,
  'card',
  'completed',
  '11111111-1111-4111-a111-111111111111',
  '2026-05-21T10:00:00.000Z'
);
INSERT INTO invoice_items (id, invoice_id, product_id, product_name, sku, quantity, unit_price, discount_percent, discount_amount, line_total)
VALUES (
  'd9c3f102-3409-4b02-8970-b33429c6c227',
  '5fc28c4b-4900-4b9f-870d-abbe15f4ca88',
  'bfda9dd9-7fcc-4dd7-950e-32671de12197',
  'Eco-sustain Glass Top Coffee Table (Engineered Wood, Teak Finish)',
  'COF-ENG-0138',
  1,
  17500,
  5,
  875,
  16625
);
INSERT INTO invoice_items (id, invoice_id, product_id, product_name, sku, quantity, unit_price, discount_percent, discount_amount, line_total)
VALUES (
  '439eda64-eb7e-4119-b205-e80b48516697',
  '5fc28c4b-4900-4b9f-870d-abbe15f4ca88',
  '270a7c5b-50c4-4ac8-9e15-30b5283f6d68',
  'Comfort Rattan Outdoor Swing Chair (Oak Wood, Teak Finish)',
  'OUT-OAK-0260',
  2,
  70000,
  0,
  0,
  140000
);
INSERT INTO invoice_items (id, invoice_id, product_id, product_name, sku, quantity, unit_price, discount_percent, discount_amount, line_total)
VALUES (
  '28d92812-439a-4c54-9a3b-f1bf5cbcc9ea',
  '5fc28c4b-4900-4b9f-870d-abbe15f4ca88',
  'f077b01f-75f1-46ed-a171-4c4e6bb6abbb',
  'Comfort Closed Glass-door Library Cabinet (Mahogany, Crimson Red)',
  'BOO-MAH-0283',
  1,
  21000,
  0,
  0,
  21000
);
INSERT INTO payments (id, invoice_id, method, amount, reference, created_at) VALUES ('63a579f5-6430-45d8-9702-5baddc9fd32a', '5fc28c4b-4900-4b9f-870d-abbe15f4ca88', 'card', 177625, 'TXN-TF-1218', '2026-05-21T10:00:00.000Z');

-- Invoice TF-1219
INSERT INTO invoices (id, store_id, invoice_number, customer_name, customer_phone, customer_address, subtotal, discount_amount, delivery_charge, installation_charge, round_off, grand_total, payment_method, payment_status, created_by, created_at)
VALUES (
  '495d0add-fa76-4bb6-91e6-2e306a0a5376',
  '29f4e073-bc1d-4071-ae3a-c8718a90f998',
  'TF-1219',
  'Sarita Mishra 81',
  '9887069661',
  'H.No. 93, Gali No. 2, Colony Road, Chennai, Tamil Nadu',
  15700,
  0,
  0,
  0,
  0,
  15700,
  'upi',
  'completed',
  '33333333-3333-4333-a333-333333333333',
  '2026-05-21T09:55:00.000Z'
);
INSERT INTO invoice_items (id, invoice_id, product_id, product_name, sku, quantity, unit_price, discount_percent, discount_amount, line_total)
VALUES (
  'f4ff786e-bc6b-43cb-b8eb-9b75d05c47c1',
  '495d0add-fa76-4bb6-91e6-2e306a0a5376',
  '1911edb0-4fb5-49db-a8d9-b30659cd18d4',
  'Royal Storage Trunk Coffee Table (Oak Wood, Walnut Brown)',
  'COF-OAK-0123',
  1,
  6000,
  5,
  300,
  5700
);
INSERT INTO invoice_items (id, invoice_id, product_id, product_name, sku, quantity, unit_price, discount_percent, discount_amount, line_total)
VALUES (
  '185aaca5-52a0-46bb-aacc-5b0ccd33ea7b',
  '495d0add-fa76-4bb6-91e6-2e306a0a5376',
  'd78792d4-9569-4f36-a380-ba0fa0551bff',
  'Modern Rattan Accent Chair (Oak Wood, Ivory White)',
  'DIN-OAK-0076',
  2,
  5000,
  0,
  0,
  10000
);
INSERT INTO payments (id, invoice_id, method, amount, reference, created_at) VALUES ('d78e0792-efe9-4cea-83bf-cfc4715e07ed', '495d0add-fa76-4bb6-91e6-2e306a0a5376', 'upi', 15700, 'TXN-TF-1219', '2026-05-21T09:55:00.000Z');

-- Invoice TF-1220
INSERT INTO invoices (id, store_id, invoice_number, customer_name, customer_phone, customer_address, subtotal, discount_amount, delivery_charge, installation_charge, round_off, grand_total, payment_method, payment_status, created_by, created_at)
VALUES (
  '7761cc7d-dd4b-4e6a-aec5-cdbdb020cbaa',
  '29f4e073-bc1d-4071-ae3a-c8718a90f998',
  'TF-1220',
  'Guest',
  '',
  '',
  25650,
  769.5,
  1200,
  0,
  0.5,
  26081,
  'cash',
  'completed',
  '22222222-2222-4222-a222-222222222222',
  '2026-05-21T05:59:00.000Z'
);
INSERT INTO invoice_items (id, invoice_id, product_id, product_name, sku, quantity, unit_price, discount_percent, discount_amount, line_total)
VALUES (
  'e0e4275c-af22-4ec0-92a0-4d9f1f9e321b',
  '7761cc7d-dd4b-4e6a-aec5-cdbdb020cbaa',
  'd2c54b74-2104-4ce6-add7-b23b40f66c37',
  'Heritage Shoe Storage Bench Rack (Sheesham Wood, Charcoal Grey)',
  'STO-SHE-0265',
  1,
  27000,
  5,
  1350,
  25650
);
INSERT INTO payments (id, invoice_id, method, amount, reference, created_at) VALUES ('3c649ae8-46d4-46d7-8ff9-3d2ccbdd19b6', '7761cc7d-dd4b-4e6a-aec5-cdbdb020cbaa', 'cash', 26081, 'TXN-TF-1220', '2026-05-21T05:59:00.000Z');

-- Invoice TF-1221
INSERT INTO invoices (id, store_id, invoice_number, customer_name, customer_phone, customer_address, subtotal, discount_amount, delivery_charge, installation_charge, round_off, grand_total, payment_method, payment_status, created_by, created_at)
VALUES (
  '8657e1dc-6c63-4455-909f-f49117800783',
  '29f4e073-bc1d-4071-ae3a-c8718a90f998',
  'TF-1221',
  'Sandeep Hegde 79',
  '9877830918',
  'H.No. 91, Gali No. 5, Colony Road, Secunderabad, Telangana',
  94575,
  0,
  0,
  500,
  0,
  95075,
  'split',
  'completed',
  '11111111-1111-4111-a111-111111111111',
  '2026-05-21T14:08:00.000Z'
);
INSERT INTO invoice_items (id, invoice_id, product_id, product_name, sku, quantity, unit_price, discount_percent, discount_amount, line_total)
VALUES (
  '8fee514a-ed06-401b-8ec4-aef29691ed6f',
  '8657e1dc-6c63-4455-909f-f49117800783',
  'ee4cb779-da19-4301-b661-3bf31b86fd90',
  'Minimalist Shoe Storage Bench Rack (Rose Wood, Ocean Blue)',
  'STO-ROS-0262',
  1,
  10000,
  5,
  500,
  9500
);
INSERT INTO invoice_items (id, invoice_id, product_id, product_name, sku, quantity, unit_price, discount_percent, discount_amount, line_total)
VALUES (
  'b3b23983-21b3-48a8-9bff-697ba2382181',
  '8657e1dc-6c63-4455-909f-f49117800783',
  '63829521-e822-4979-94fa-614ef8a61549',
  'Eco-sustain High Back Chair (Sheesham Wood, Teak Finish)',
  'DIN-SHE-0075',
  2,
  9000,
  0,
  0,
  18000
);
INSERT INTO invoice_items (id, invoice_id, product_id, product_name, sku, quantity, unit_price, discount_percent, discount_amount, line_total)
VALUES (
  'e4aa1907-b857-4f8a-8eb0-ca7b674786fa',
  '8657e1dc-6c63-4455-909f-f49117800783',
  'e6444158-024c-435e-94f4-c75b95ee3a56',
  'Luxurious Garden Patio Bistro Set (Engineered Wood, Ebony Black)',
  'OUT-ENG-0247',
  1,
  27000,
  0,
  0,
  27000
);
INSERT INTO invoice_items (id, invoice_id, product_id, product_name, sku, quantity, unit_price, discount_percent, discount_amount, line_total)
VALUES (
  '5d053240-1f68-4ce4-8c2a-86957132890d',
  '8657e1dc-6c63-4455-909f-f49117800783',
  '360a1a04-cc81-4bf9-9099-d74213e685fd',
  'Classic Round Accent Coffee Table (Teak Wood, Ocean Blue)',
  'COF-TEA-0140',
  2,
  6500,
  0,
  0,
  13000
);
INSERT INTO invoice_items (id, invoice_id, product_id, product_name, sku, quantity, unit_price, discount_percent, discount_amount, line_total)
VALUES (
  '881649c0-069c-4db3-97a6-68b06395667e',
  '8657e1dc-6c63-4455-909f-f49117800783',
  '03b4a8ea-a727-4547-a037-7cb2828bd872',
  'Comfort Mesh Medium-Back Office Chair (Mahogany, Charcoal Grey)',
  'OFF-MAH-0095',
  1,
  28500,
  5,
  1425,
  27075
);
INSERT INTO payments (id, invoice_id, method, amount, reference, created_at) VALUES ('8b065b8a-825d-42c0-bffc-56721e741922', '8657e1dc-6c63-4455-909f-f49117800783', 'card', 38030, 'TXN-SPLIT-CARD', '2026-05-21T14:08:00.000Z');
INSERT INTO payments (id, invoice_id, method, amount, reference, created_at) VALUES ('d8332829-1dd7-4d60-8317-30f0d5959ed5', '8657e1dc-6c63-4455-909f-f49117800783', 'upi', 57045, 'TXN-SPLIT-UPI', '2026-05-21T14:08:00.000Z');

-- Invoice TF-1222
INSERT INTO invoices (id, store_id, invoice_number, customer_name, customer_phone, customer_address, subtotal, discount_amount, delivery_charge, installation_charge, round_off, grand_total, payment_method, payment_status, created_by, created_at)
VALUES (
  'fe320eb4-f4eb-4565-8bd4-64dc08898b83',
  '29f4e073-bc1d-4071-ae3a-c8718a90f998',
  'TF-1222',
  'Ravi Shankar 78',
  '9895883585',
  'H.No. 90, Gali No. 4, Colony Road, Hyderabad, Telangana',
  193750,
  0,
  0,
  0,
  0,
  193750,
  'bank_transfer',
  'completed',
  '33333333-3333-4333-a333-333333333333',
  '2026-05-21T10:42:00.000Z'
);
INSERT INTO invoice_items (id, invoice_id, product_id, product_name, sku, quantity, unit_price, discount_percent, discount_amount, line_total)
VALUES (
  'c7197377-ab7a-4f5c-aaf0-0d86c5903c4c',
  'fe320eb4-f4eb-4565-8bd4-64dc08898b83',
  'd962ea49-1145-464e-ab65-42de5c30bf2c',
  'Imperial Multi-drawer Utility Cabinet (Engineered Wood, Walnut Brown)',
  'STO-ENG-0273',
  1,
  25000,
  5,
  1250,
  23750
);
INSERT INTO invoice_items (id, invoice_id, product_id, product_name, sku, quantity, unit_price, discount_percent, discount_amount, line_total)
VALUES (
  'a940cc3a-8de9-4bfa-bf44-a3025beaaae8',
  'fe320eb4-f4eb-4565-8bd4-64dc08898b83',
  'dac7e591-f2c0-4dfe-9b77-54d1d0e28210',
  'Heritage Floor Standing TV Console (Rose Wood, Teak Finish)',
  'TV -ROS-0102',
  2,
  33000,
  0,
  0,
  66000
);
INSERT INTO invoice_items (id, invoice_id, product_id, product_name, sku, quantity, unit_price, discount_percent, discount_amount, line_total)
VALUES (
  '29b2a9c8-cb30-4de9-8db3-20a85f8594db',
  'fe320eb4-f4eb-4565-8bd4-64dc08898b83',
  '5b911b0d-4efd-45d7-b7d2-fe94a0d7d033',
  'Comfort Wooden Sun Lounger Bed (Engineered Wood, Ocean Blue)',
  'OUT-ENG-0243',
  1,
  31000,
  0,
  0,
  31000
);
INSERT INTO invoice_items (id, invoice_id, product_id, product_name, sku, quantity, unit_price, discount_percent, discount_amount, line_total)
VALUES (
  '24d96a01-2640-44ab-814a-7ba1f101dc84',
  'fe320eb4-f4eb-4565-8bd4-64dc08898b83',
  '0f5c5087-0b28-4e8e-a90a-3ba6054e1159',
  'Luxurious Compact Dresser Cabinet (Oak Wood, Warm Beige)',
  'DRE-OAK-0211',
  2,
  36500,
  0,
  0,
  73000
);
INSERT INTO payments (id, invoice_id, method, amount, reference, created_at) VALUES ('66538c89-22fe-4868-8e0e-2e2630f6d75e', 'fe320eb4-f4eb-4565-8bd4-64dc08898b83', 'bank_transfer', 193750, 'TXN-TF-1222', '2026-05-21T10:42:00.000Z');

-- Invoice TF-1223
INSERT INTO invoices (id, store_id, invoice_number, customer_name, customer_phone, customer_address, subtotal, discount_amount, delivery_charge, installation_charge, round_off, grand_total, payment_method, payment_status, created_by, created_at)
VALUES (
  '0949fca3-3c0b-4a26-873c-8c40a5a544b6',
  '29f4e073-bc1d-4071-ae3a-c8718a90f998',
  'TF-1223',
  'Ramesh Chandra 77',
  '9869152787',
  'H.No. 89, Gali No. 3, Colony Road, Visakhapatnam, Andhra Pradesh',
  74900,
  0,
  0,
  0,
  0,
  74900,
  'card',
  'completed',
  '22222222-2222-4222-a222-222222222222',
  '2026-05-22T05:32:00.000Z'
);
INSERT INTO invoice_items (id, invoice_id, product_id, product_name, sku, quantity, unit_price, discount_percent, discount_amount, line_total)
VALUES (
  '09a8a1e8-e2b3-4fb8-a5a3-1bda1e4a357f',
  '0949fca3-3c0b-4a26-873c-8c40a5a544b6',
  '15feddc0-50c6-404f-99d9-74ae44294f02',
  'Minimalist Shoe Storage Bench Rack (Sheesham Wood, Crimson Red)',
  'STO-SHE-0271',
  1,
  12000,
  5,
  600,
  11400
);
INSERT INTO invoice_items (id, invoice_id, product_id, product_name, sku, quantity, unit_price, discount_percent, discount_amount, line_total)
VALUES (
  '35840ed1-c58f-4287-b034-f3401480f92b',
  '0949fca3-3c0b-4a26-873c-8c40a5a544b6',
  '86a14d36-7b5e-4b2e-9a9a-257ac8b520d7',
  'Classic Pocket Spring Premium Mattress (Sheesham Wood, Crimson Red)',
  'MAT-SHE-0194',
  2,
  23500,
  0,
  0,
  47000
);
INSERT INTO invoice_items (id, invoice_id, product_id, product_name, sku, quantity, unit_price, discount_percent, discount_amount, line_total)
VALUES (
  '2addcae3-8aeb-47b1-972e-19c3e686fc8d',
  '0949fca3-3c0b-4a26-873c-8c40a5a544b6',
  'c15172cd-9d83-4a72-877a-c120dd8d1b38',
  'Royal Dressing Table with LED Mirror (Engineered Wood, Teak Finish)',
  'DRE-ENG-0216',
  1,
  16500,
  0,
  0,
  16500
);
INSERT INTO payments (id, invoice_id, method, amount, reference, created_at) VALUES ('59a5f54f-980e-4110-977f-08ec79546183', '0949fca3-3c0b-4a26-873c-8c40a5a544b6', 'card', 74900, 'TXN-TF-1223', '2026-05-22T05:32:00.000Z');

-- Invoice TF-1224
INSERT INTO invoices (id, store_id, invoice_number, customer_name, customer_phone, customer_address, subtotal, discount_amount, delivery_charge, installation_charge, round_off, grand_total, payment_method, payment_status, created_by, created_at)
VALUES (
  '7f3aad5d-8202-48ac-ad4e-060d0474c2a3',
  '29f4e073-bc1d-4071-ae3a-c8718a90f998',
  'TF-1224',
  'Guest',
  '',
  '',
  90225,
  0,
  0,
  0,
  0,
  90225,
  'upi',
  'completed',
  '11111111-1111-4111-a111-111111111111',
  '2026-05-22T15:05:00.000Z'
);
INSERT INTO invoice_items (id, invoice_id, product_id, product_name, sku, quantity, unit_price, discount_percent, discount_amount, line_total)
VALUES (
  'bc19a003-8c88-45bc-aeb3-081f122d9412',
  '7f3aad5d-8202-48ac-ad4e-060d0474c2a3',
  'a8d7e84a-9b4d-45d3-8f86-ac13caf001b1',
  'Comfort Dual Comfort Latex Mattress (Teak Wood, Ebony Black)',
  'MAT-TEA-0192',
  1,
  25500,
  5,
  1275,
  24225
);
INSERT INTO invoice_items (id, invoice_id, product_id, product_name, sku, quantity, unit_price, discount_percent, discount_amount, line_total)
VALUES (
  '16aa39e9-5670-46b9-b1c8-315b7fb2173f',
  '7f3aad5d-8202-48ac-ad4e-060d0474c2a3',
  'dac7e591-f2c0-4dfe-9b77-54d1d0e28210',
  'Heritage Floor Standing TV Console (Rose Wood, Teak Finish)',
  'TV -ROS-0102',
  2,
  33000,
  0,
  0,
  66000
);
INSERT INTO payments (id, invoice_id, method, amount, reference, created_at) VALUES ('b4dd57a9-a7bb-4cce-9c81-37b85421c4d1', '7f3aad5d-8202-48ac-ad4e-060d0474c2a3', 'upi', 90225, 'TXN-TF-1224', '2026-05-22T15:05:00.000Z');

-- Invoice TF-1225
INSERT INTO invoices (id, store_id, invoice_number, customer_name, customer_phone, customer_address, subtotal, discount_amount, delivery_charge, installation_charge, round_off, grand_total, payment_method, payment_status, created_by, created_at)
VALUES (
  'a3b0926c-eb91-4782-a458-1a699e7191df',
  '29f4e073-bc1d-4071-ae3a-c8718a90f998',
  'TF-1225',
  'Priya Pillai 75',
  '9858180741',
  'H.No. 87, Gali No. 1, Colony Road, Chennai, Tamil Nadu',
  12825,
  0,
  0,
  0,
  0,
  12825,
  'cash',
  'cancelled',
  '33333333-3333-4333-a333-333333333333',
  '2026-05-22T09:25:00.000Z'
);
INSERT INTO invoice_items (id, invoice_id, product_id, product_name, sku, quantity, unit_price, discount_percent, discount_amount, line_total)
VALUES (
  '41512823-3422-4b69-84a2-31ca1ca24c73',
  'a3b0926c-eb91-4782-a458-1a699e7191df',
  '29849c42-d367-49a3-859d-5f65b92da389',
  'Premium Glass Top Coffee Table (Mahogany, Ivory White)',
  'COF-MAH-0130',
  1,
  13500,
  5,
  675,
  12825
);

-- Invoice TF-1226
INSERT INTO invoices (id, store_id, invoice_number, customer_name, customer_phone, customer_address, subtotal, discount_amount, delivery_charge, installation_charge, round_off, grand_total, payment_method, payment_status, created_by, created_at)
VALUES (
  'c8370093-5991-44aa-af91-13f294789328',
  '29f4e073-bc1d-4071-ae3a-c8718a90f998',
  'TF-1226',
  'Pranav Kulkarni 74',
  '9873714466',
  'H.No. 86, Gali No. 5, Colony Road, Bangalore, Karnataka',
  164200,
  0,
  0,
  0,
  0,
  164200,
  'split',
  'completed',
  '22222222-2222-4222-a222-222222222222',
  '2026-05-22T09:18:00.000Z'
);
INSERT INTO invoice_items (id, invoice_id, product_id, product_name, sku, quantity, unit_price, discount_percent, discount_amount, line_total)
VALUES (
  'cb200191-99cd-4be9-8627-f9e6402f7e9f',
  'c8370093-5991-44aa-af91-13f294789328',
  '10341fc4-d078-4ad8-8651-fe77da941266',
  'Eco-sustain Rattan Outdoor Swing Chair (Rose Wood, Ebony Black)',
  'OUT-ROS-0257',
  1,
  67500,
  5,
  3375,
  64125
);
INSERT INTO invoice_items (id, invoice_id, product_id, product_name, sku, quantity, unit_price, discount_percent, discount_amount, line_total)
VALUES (
  'b59d5526-6504-450c-8fe9-47a84c949d47',
  'c8370093-5991-44aa-af91-13f294789328',
  '45b029af-1b46-4141-84a7-5a0a282002d9',
  'Comfort Wall Mounted TV Cabinet (Engineered Wood, Crimson Red)',
  'TV -ENG-0104',
  2,
  35500,
  0,
  0,
  71000
);
INSERT INTO invoice_items (id, invoice_id, product_id, product_name, sku, quantity, unit_price, discount_percent, discount_amount, line_total)
VALUES (
  '20a94054-3d60-47c2-ae38-d56d0a3af65d',
  'c8370093-5991-44aa-af91-13f294789328',
  '724c1e89-0847-4bc1-90b0-beaf17d8b73a',
  'Modern 5-Tier Open Bookshelf Console (Teak Wood, Ebony Black)',
  'BOO-TEA-0285',
  1,
  21000,
  0,
  0,
  21000
);
INSERT INTO invoice_items (id, invoice_id, product_id, product_name, sku, quantity, unit_price, discount_percent, discount_amount, line_total)
VALUES (
  '87df602a-e242-4906-86cf-6c491492b94a',
  'c8370093-5991-44aa-af91-13f294789328',
  '1f830695-350d-41b6-a4b3-9d85595b1a0c',
  'Eco-sustain Solid Wood Dining Chair (Oak Wood, Ivory White)',
  'DIN-OAK-0070',
  1,
  8500,
  5,
  425,
  8075
);
INSERT INTO payments (id, invoice_id, method, amount, reference, created_at) VALUES ('2b0f9770-cf74-4c5d-987e-af9491064a53', 'c8370093-5991-44aa-af91-13f294789328', 'card', 65680, 'TXN-SPLIT-CARD', '2026-05-22T09:18:00.000Z');
INSERT INTO payments (id, invoice_id, method, amount, reference, created_at) VALUES ('20e66a65-8639-4c0f-95f0-a6b84df4c2c8', 'c8370093-5991-44aa-af91-13f294789328', 'upi', 98520, 'TXN-SPLIT-UPI', '2026-05-22T09:18:00.000Z');

-- Invoice TF-1227
INSERT INTO invoices (id, store_id, invoice_number, customer_name, customer_phone, customer_address, subtotal, discount_amount, delivery_charge, installation_charge, round_off, grand_total, payment_method, payment_status, created_by, created_at)
VALUES (
  '98527156-1be9-4f1d-ad72-a7aa7fe7a5b9',
  '29f4e073-bc1d-4071-ae3a-c8718a90f998',
  'TF-1227',
  'Neha Deshmukh 73',
  '9817255110',
  'H.No. 85, Gali No. 4, Colony Road, Secunderabad, Telangana',
  401350,
  0,
  1200,
  0,
  0,
  402550,
  'bank_transfer',
  'completed',
  '11111111-1111-4111-a111-111111111111',
  '2026-05-22T09:00:00.000Z'
);
INSERT INTO invoice_items (id, invoice_id, product_id, product_name, sku, quantity, unit_price, discount_percent, discount_amount, line_total)
VALUES (
  '3015e56d-b5d7-41a7-b758-6dddd741c939',
  '98527156-1be9-4f1d-ad72-a7aa7fe7a5b9',
  'ea2b40ba-51ff-425a-ad4e-28a38cc61dc0',
  'Minimalist Orthopedic Memory Foam Mattress (Sheesham Wood, Ivory White)',
  'MAT-SHE-0199',
  1,
  63000,
  5,
  3150,
  59850
);
INSERT INTO invoice_items (id, invoice_id, product_id, product_name, sku, quantity, unit_price, discount_percent, discount_amount, line_total)
VALUES (
  'ebe6d154-4807-4e2d-97fe-0dc4bfbf0494',
  '98527156-1be9-4f1d-ad72-a7aa7fe7a5b9',
  'a09469f6-5572-4ce5-a8d2-e75635388f2f',
  'Royal 3-Door Wardrobe with Mirror (Teak Wood, Ebony Black)',
  'WAR-TEA-0153',
  2,
  108000,
  0,
  0,
  216000
);
INSERT INTO invoice_items (id, invoice_id, product_id, product_name, sku, quantity, unit_price, discount_percent, discount_amount, line_total)
VALUES (
  '162f8688-be5f-4b81-8bb1-1d4c5ba6e673',
  '98527156-1be9-4f1d-ad72-a7aa7fe7a5b9',
  '14858145-d9df-494d-a77d-ebcd2119d317',
  'Premium King Size Bed with Storage (Engineered Wood, Teak Finish)',
  'BED-ENG-0026',
  1,
  68500,
  0,
  0,
  68500
);
INSERT INTO invoice_items (id, invoice_id, product_id, product_name, sku, quantity, unit_price, discount_percent, discount_amount, line_total)
VALUES (
  '53813b3f-edd1-4228-8612-1b97e36d9bbf',
  '98527156-1be9-4f1d-ad72-a7aa7fe7a5b9',
  '03b4a8ea-a727-4547-a037-7cb2828bd872',
  'Comfort Mesh Medium-Back Office Chair (Mahogany, Charcoal Grey)',
  'OFF-MAH-0095',
  2,
  28500,
  0,
  0,
  57000
);
INSERT INTO payments (id, invoice_id, method, amount, reference, created_at) VALUES ('3e514507-c162-4ff6-86ee-c16702b0026b', '98527156-1be9-4f1d-ad72-a7aa7fe7a5b9', 'bank_transfer', 402550, 'TXN-TF-1227', '2026-05-22T09:00:00.000Z');

-- Invoice TF-1228
INSERT INTO invoices (id, store_id, invoice_number, customer_name, customer_phone, customer_address, subtotal, discount_amount, delivery_charge, installation_charge, round_off, grand_total, payment_method, payment_status, created_by, created_at)
VALUES (
  '87c43dea-8860-4ade-8a83-ac586571ad40',
  '29f4e073-bc1d-4071-ae3a-c8718a90f998',
  'TF-1228',
  'Guest',
  '',
  '',
  113700,
  0,
  0,
  0,
  0,
  113700,
  'card',
  'completed',
  '33333333-3333-4333-a333-333333333333',
  '2026-05-23T13:36:00.000Z'
);
INSERT INTO invoice_items (id, invoice_id, product_id, product_name, sku, quantity, unit_price, discount_percent, discount_amount, line_total)
VALUES (
  'f65c639c-fcef-4ef0-853c-686b2821fe19',
  '87c43dea-8860-4ade-8a83-ac586571ad40',
  'c825fff6-bc8c-441f-becc-5e4e6f369a88',
  'Luxurious Ergonomic Task Chair (Rose Wood, Teak Finish)',
  'OFF-ROS-0081',
  1,
  6000,
  5,
  300,
  5700
);
INSERT INTO invoice_items (id, invoice_id, product_id, product_name, sku, quantity, unit_price, discount_percent, discount_amount, line_total)
VALUES (
  '95f60be4-8fc3-4d98-bbef-9f8ede325e53',
  '87c43dea-8860-4ade-8a83-ac586571ad40',
  'f22b5c8c-e06e-4b9b-88ed-f46837e41e9a',
  'Eco-sustain Wooden Nesting Tables (Mahogany, Ebony Black)',
  'COF-MAH-0137',
  2,
  20000,
  0,
  0,
  40000
);
INSERT INTO invoice_items (id, invoice_id, product_id, product_name, sku, quantity, unit_price, discount_percent, discount_amount, line_total)
VALUES (
  '755e8127-4b4c-4adb-98a8-e5a54e3e7d46',
  '87c43dea-8860-4ade-8a83-ac586571ad40',
  '66714533-af7b-4dc1-a3da-3f62a5b8e4cf',
  'Classic Poster Bed (Rose Wood, Teak Finish)',
  'BED-ROS-0039',
  1,
  68000,
  0,
  0,
  68000
);
INSERT INTO payments (id, invoice_id, method, amount, reference, created_at) VALUES ('69874e14-b36b-4d5a-86a4-ef20c22e8bd3', '87c43dea-8860-4ade-8a83-ac586571ad40', 'card', 113700, 'TXN-TF-1228', '2026-05-23T13:36:00.000Z');

-- Invoice TF-1229
INSERT INTO invoices (id, store_id, invoice_number, customer_name, customer_phone, customer_address, subtotal, discount_amount, delivery_charge, installation_charge, round_off, grand_total, payment_method, payment_status, created_by, created_at)
VALUES (
  'd8c1b38f-3ef6-4b8d-bba4-4a878e59e0be',
  '29f4e073-bc1d-4071-ae3a-c8718a90f998',
  'TF-1229',
  'Kavitha Hegde 71',
  '9888335467',
  'H.No. 83, Gali No. 2, Colony Road, Visakhapatnam, Andhra Pradesh',
  84225,
  0,
  0,
  0,
  0,
  84225,
  'upi',
  'completed',
  '22222222-2222-4222-a222-222222222222',
  '2026-05-23T11:04:00.000Z'
);
INSERT INTO invoice_items (id, invoice_id, product_id, product_name, sku, quantity, unit_price, discount_percent, discount_amount, line_total)
VALUES (
  'e80f673a-0a87-4be5-affb-8d43512fce52',
  'd8c1b38f-3ef6-4b8d-bba4-4a878e59e0be',
  '2bdca6e8-70ea-456e-a7bc-299af5e6954d',
  'Heritage Visitor Stool Chair (Teak Wood, Warm Beige)',
  'OFF-TEA-0100',
  1,
  25500,
  5,
  1275,
  24225
);
INSERT INTO invoice_items (id, invoice_id, product_id, product_name, sku, quantity, unit_price, discount_percent, discount_amount, line_total)
VALUES (
  '8dbd06f6-5e23-4972-a205-21932ced7c98',
  'd8c1b38f-3ef6-4b8d-bba4-4a878e59e0be',
  '2e57a82c-d824-4ec3-8af9-c460f570fc38',
  'Classic L-Shape Sofa Sectional (Teak Wood, Ivory White)',
  'SOF-TEA-0017',
  2,
  30000,
  0,
  0,
  60000
);
INSERT INTO payments (id, invoice_id, method, amount, reference, created_at) VALUES ('1c242b54-90c6-4ba7-9a2d-7764a251b216', 'd8c1b38f-3ef6-4b8d-bba4-4a878e59e0be', 'upi', 84225, 'TXN-TF-1229', '2026-05-23T11:04:00.000Z');

-- Invoice TF-1230
INSERT INTO invoices (id, store_id, invoice_number, customer_name, customer_phone, customer_address, subtotal, discount_amount, delivery_charge, installation_charge, round_off, grand_total, payment_method, payment_status, created_by, created_at)
VALUES (
  '8751dc0f-aee4-4c33-ac31-7b8a53a9686e',
  '29f4e073-bc1d-4071-ae3a-c8718a90f998',
  'TF-1230',
  'Karthik Swami 70',
  '9886962591',
  'H.No. 82, Gali No. 1, Colony Road, Vijayawada, Andhra Pradesh',
  24225,
  726.75,
  0,
  500,
  -0.25,
  23998,
  'cash',
  'completed',
  '11111111-1111-4111-a111-111111111111',
  '2026-05-23T13:35:00.000Z'
);
INSERT INTO invoice_items (id, invoice_id, product_id, product_name, sku, quantity, unit_price, discount_percent, discount_amount, line_total)
VALUES (
  '38900735-665d-49f6-a006-72603eb84bfa',
  '8751dc0f-aee4-4c33-ac31-7b8a53a9686e',
  '2bdca6e8-70ea-456e-a7bc-299af5e6954d',
  'Heritage Visitor Stool Chair (Teak Wood, Warm Beige)',
  'OFF-TEA-0100',
  1,
  25500,
  5,
  1275,
  24225
);
INSERT INTO payments (id, invoice_id, method, amount, reference, created_at) VALUES ('174cbdba-9e5d-4d25-8a81-90aeb4316aa1', '8751dc0f-aee4-4c33-ac31-7b8a53a9686e', 'cash', 23998, 'TXN-TF-1230', '2026-05-23T13:35:00.000Z');

-- Invoice TF-1231
INSERT INTO invoices (id, store_id, invoice_number, customer_name, customer_phone, customer_address, subtotal, discount_amount, delivery_charge, installation_charge, round_off, grand_total, payment_method, payment_status, created_by, created_at)
VALUES (
  'daac4f6d-1e38-426d-af18-4a36e54325a5',
  '29f4e073-bc1d-4071-ae3a-c8718a90f998',
  'TF-1231',
  'Jyoti Prasad 69',
  '9894252754',
  'H.No. 81, Gali No. 5, Colony Road, Chennai, Tamil Nadu',
  211350,
  0,
  0,
  0,
  0,
  211350,
  'split',
  'completed',
  '33333333-3333-4333-a333-333333333333',
  '2026-05-23T12:26:00.000Z'
);
INSERT INTO invoice_items (id, invoice_id, product_id, product_name, sku, quantity, unit_price, discount_percent, discount_amount, line_total)
VALUES (
  '43e4f012-a5b4-453a-9189-811704d26974',
  'daac4f6d-1e38-426d-af18-4a36e54325a5',
  '2f7a06df-e494-4adc-8eab-879b683291d5',
  'Heritage 4-Seater Glass Top Dining Table (Mahogany, Ebony Black)',
  'DIN-MAH-0050',
  1,
  96000,
  5,
  4800,
  91200
);
INSERT INTO invoice_items (id, invoice_id, product_id, product_name, sku, quantity, unit_price, discount_percent, discount_amount, line_total)
VALUES (
  '6482a9cd-8513-422f-9f37-23a3c75a3c10',
  'daac4f6d-1e38-426d-af18-4a36e54325a5',
  '4a044722-9ba3-4f4f-a335-8aeac80f46d2',
  'Minimalist Executive Study Desk with Drawers (Teak Wood, Crimson Red)',
  'STU-TEA-0178',
  2,
  27500,
  0,
  0,
  55000
);
INSERT INTO invoice_items (id, invoice_id, product_id, product_name, sku, quantity, unit_price, discount_percent, discount_amount, line_total)
VALUES (
  'de6b80b9-c16b-4129-9f9a-5b63a7ff3640',
  'daac4f6d-1e38-426d-af18-4a36e54325a5',
  '0793a00d-be8e-4b20-8c5a-53abf1fc26c5',
  'Classic Wall Folding Laptop Desk (Mahogany, Warm Beige)',
  'STU-MAH-0167',
  1,
  22500,
  0,
  0,
  22500
);
INSERT INTO invoice_items (id, invoice_id, product_id, product_name, sku, quantity, unit_price, discount_percent, discount_amount, line_total)
VALUES (
  '8f9f55ae-5412-43fd-9f0a-b5be336194c9',
  'daac4f6d-1e38-426d-af18-4a36e54325a5',
  '4285c79a-d18c-4d32-b4d5-6a9248d5b034',
  'Premium Mesh Medium-Back Office Chair (Sheesham Wood, Warm Beige)',
  'OFF-SHE-0091',
  2,
  8500,
  0,
  0,
  17000
);
INSERT INTO invoice_items (id, invoice_id, product_id, product_name, sku, quantity, unit_price, discount_percent, discount_amount, line_total)
VALUES (
  'b485728a-c9ce-4a70-ae7f-3238ad0b73f0',
  'daac4f6d-1e38-426d-af18-4a36e54325a5',
  '335432cc-b09b-4970-9a6b-4c45ae51415b',
  'Comfort Visitor Stool Chair (Engineered Wood, Ocean Blue)',
  'OFF-ENG-0088',
  1,
  27000,
  5,
  1350,
  25650
);
INSERT INTO payments (id, invoice_id, method, amount, reference, created_at) VALUES ('f96f5ca5-e3d0-43fc-89bd-bd5ddc713f5e', 'daac4f6d-1e38-426d-af18-4a36e54325a5', 'card', 84540, 'TXN-SPLIT-CARD', '2026-05-23T12:26:00.000Z');
INSERT INTO payments (id, invoice_id, method, amount, reference, created_at) VALUES ('356295e4-cd14-4e52-87bb-20cc8eae139b', 'daac4f6d-1e38-426d-af18-4a36e54325a5', 'upi', 126810, 'TXN-SPLIT-UPI', '2026-05-23T12:26:00.000Z');

-- Invoice TF-1232
INSERT INTO invoices (id, store_id, invoice_number, customer_name, customer_phone, customer_address, subtotal, discount_amount, delivery_charge, installation_charge, round_off, grand_total, payment_method, payment_status, created_by, created_at)
VALUES (
  '69c1572e-728a-4016-b7d9-7472df028d70',
  '29f4e073-bc1d-4071-ae3a-c8718a90f998',
  'TF-1232',
  'Guest',
  '',
  '',
  151850,
  0,
  0,
  0,
  0,
  151850,
  'bank_transfer',
  'completed',
  '22222222-2222-4222-a222-222222222222',
  '2026-05-23T10:12:00.000Z'
);
INSERT INTO invoice_items (id, invoice_id, product_id, product_name, sku, quantity, unit_price, discount_percent, discount_amount, line_total)
VALUES (
  '67d5ca8d-f64d-4e61-913d-35ed6a1a16d6',
  '69c1572e-728a-4016-b7d9-7472df028d70',
  '925692d6-167d-40d2-8621-1d3d0864b448',
  'Modern Compact Dresser Cabinet (Sheesham Wood, Teak Finish)',
  'DRE-SHE-0214',
  1,
  23000,
  5,
  1150,
  21850
);
INSERT INTO invoice_items (id, invoice_id, product_id, product_name, sku, quantity, unit_price, discount_percent, discount_amount, line_total)
VALUES (
  '4e4dc1a6-bbff-489d-8595-0c056b0ea3c6',
  '69c1572e-728a-4016-b7d9-7472df028d70',
  '7c0e27c9-91f2-4b65-9f64-ccf61986bbdc',
  'Modern Manual Rocking Recliner Lounge Chair (Oak Wood, Ebony Black)',
  'REC-OAK-0234',
  2,
  18000,
  0,
  0,
  36000
);
INSERT INTO invoice_items (id, invoice_id, product_id, product_name, sku, quantity, unit_price, discount_percent, discount_amount, line_total)
VALUES (
  'c51cf158-4552-45c1-b023-0827de94742b',
  '69c1572e-728a-4016-b7d9-7472df028d70',
  '6049902d-6b43-4578-8eb4-cfb603455a07',
  'Comfort Marble Top Dining Table (Oak Wood, Charcoal Grey)',
  'DIN-OAK-0051',
  1,
  39000,
  0,
  0,
  39000
);
INSERT INTO invoice_items (id, invoice_id, product_id, product_name, sku, quantity, unit_price, discount_percent, discount_amount, line_total)
VALUES (
  '54de137c-debb-4d85-8130-1ace47aa7e5b',
  '69c1572e-728a-4016-b7d9-7472df028d70',
  '9da5d4c4-6bcc-42df-a639-598e5d4f24c8',
  'Royal Wall Mounted TV Cabinet (Mahogany, Ivory White)',
  'TV -MAH-0119',
  2,
  27500,
  0,
  0,
  55000
);
INSERT INTO payments (id, invoice_id, method, amount, reference, created_at) VALUES ('29034071-d945-4362-82d4-7e75694a9382', '69c1572e-728a-4016-b7d9-7472df028d70', 'bank_transfer', 151850, 'TXN-TF-1232', '2026-05-23T10:12:00.000Z');

-- Invoice TF-1233
INSERT INTO invoices (id, store_id, invoice_number, customer_name, customer_phone, customer_address, subtotal, discount_amount, delivery_charge, installation_charge, round_off, grand_total, payment_method, payment_status, created_by, created_at)
VALUES (
  '33a25395-75d9-4349-a49c-7398fc9548fa',
  '29f4e073-bc1d-4071-ae3a-c8718a90f998',
  'TF-1233',
  'Harish Rao 67',
  '9868969461',
  'H.No. 79, Gali No. 3, Colony Road, Secunderabad, Telangana',
  74175,
  0,
  0,
  0,
  0,
  74175,
  'card',
  'completed',
  '11111111-1111-4111-a111-111111111111',
  '2026-05-23T15:25:00.000Z'
);
INSERT INTO invoice_items (id, invoice_id, product_id, product_name, sku, quantity, unit_price, discount_percent, discount_amount, line_total)
VALUES (
  '9f502b62-ff70-421e-bbcc-10fd945ec21a',
  '33a25395-75d9-4349-a49c-7398fc9548fa',
  '4f77337e-94b5-491e-896d-0bbf04244fc3',
  'Luxurious Wall Mounted TV Cabinet (Sheesham Wood, Walnut Brown)',
  'TV -SHE-0116',
  1,
  36500,
  5,
  1825,
  34675
);
INSERT INTO invoice_items (id, invoice_id, product_id, product_name, sku, quantity, unit_price, discount_percent, discount_amount, line_total)
VALUES (
  '5c665539-806a-4223-8995-e235d058f868',
  '33a25395-75d9-4349-a49c-7398fc9548fa',
  'dda8aa9f-e176-4f99-81c9-82dfef9a761a',
  'Luxurious Executive Leather High-Back (Rose Wood, Ocean Blue)',
  'OFF-ROS-0098',
  2,
  15500,
  0,
  0,
  31000
);
INSERT INTO invoice_items (id, invoice_id, product_id, product_name, sku, quantity, unit_price, discount_percent, discount_amount, line_total)
VALUES (
  '4c169fa7-ebad-4021-9f93-8dd574499bdc',
  '33a25395-75d9-4349-a49c-7398fc9548fa',
  '15d86dcb-5df7-40ea-8d9a-ef921e8afc7f',
  'Luxurious Wooden Sideboard Credenza (Teak Wood, Charcoal Grey)',
  'STO-TEA-0266',
  1,
  8500,
  0,
  0,
  8500
);
INSERT INTO payments (id, invoice_id, method, amount, reference, created_at) VALUES ('35ece279-4195-43b5-90fb-d5d1055f7f5d', '33a25395-75d9-4349-a49c-7398fc9548fa', 'card', 74175, 'TXN-TF-1233', '2026-05-23T15:25:00.000Z');

-- Invoice TF-1234
INSERT INTO invoices (id, store_id, invoice_number, customer_name, customer_phone, customer_address, subtotal, discount_amount, delivery_charge, installation_charge, round_off, grand_total, payment_method, payment_status, created_by, created_at)
VALUES (
  '5b9e89a3-ea0a-414e-b20e-b4b046983822',
  '29f4e073-bc1d-4071-ae3a-c8718a90f998',
  'TF-1234',
  'Divya Nair 66',
  '9833632371',
  'H.No. 78, Gali No. 2, Colony Road, Hyderabad, Telangana',
  139550,
  0,
  1200,
  0,
  0,
  140750,
  'upi',
  'completed',
  '33333333-3333-4333-a333-333333333333',
  '2026-05-24T12:58:00.000Z'
);
INSERT INTO invoice_items (id, invoice_id, product_id, product_name, sku, quantity, unit_price, discount_percent, discount_amount, line_total)
VALUES (
  '120a7d2d-9632-4bad-9d2f-2cb4d531e98d',
  '5b9e89a3-ea0a-414e-b20e-b4b046983822',
  '63829521-e822-4979-94fa-614ef8a61549',
  'Eco-sustain High Back Chair (Sheesham Wood, Teak Finish)',
  'DIN-SHE-0075',
  1,
  9000,
  5,
  450,
  8550
);
INSERT INTO invoice_items (id, invoice_id, product_id, product_name, sku, quantity, unit_price, discount_percent, discount_amount, line_total)
VALUES (
  'b787bd23-f40c-459e-8ec9-5c148afffd51',
  '5b9e89a3-ea0a-414e-b20e-b4b046983822',
  'a21415de-5300-413b-bc5e-11991a807006',
  'Minimalist Rattan Outdoor Swing Chair (Mahogany, Charcoal Grey)',
  'OUT-MAH-0242',
  2,
  65500,
  0,
  0,
  131000
);
INSERT INTO payments (id, invoice_id, method, amount, reference, created_at) VALUES ('0c63a8e4-fd88-4c98-a4e4-e1b88adb19a1', '5b9e89a3-ea0a-414e-b20e-b4b046983822', 'upi', 140750, 'TXN-TF-1234', '2026-05-24T12:58:00.000Z');

-- Invoice TF-1235
INSERT INTO invoices (id, store_id, invoice_number, customer_name, customer_phone, customer_address, subtotal, discount_amount, delivery_charge, installation_charge, round_off, grand_total, payment_method, payment_status, created_by, created_at)
VALUES (
  '54f4e2d4-c8d3-4545-937f-63f39970e1ee',
  '29f4e073-bc1d-4071-ae3a-c8718a90f998',
  'TF-1235',
  'Deepak Reddy 65',
  '9845429366',
  'H.No. 77, Gali No. 1, Colony Road, Visakhapatnam, Andhra Pradesh',
  112575,
  0,
  0,
  0,
  0,
  112575,
  'cash',
  'completed',
  '22222222-2222-4222-a222-222222222222',
  '2026-05-24T07:01:00.000Z'
);
INSERT INTO invoice_items (id, invoice_id, product_id, product_name, sku, quantity, unit_price, discount_percent, discount_amount, line_total)
VALUES (
  '1a67cb23-3e80-497a-a292-6311f7f96ac4',
  '54f4e2d4-c8d3-4545-937f-63f39970e1ee',
  '9d4a4395-88b4-47c2-8523-e76b3b5587e8',
  'Royal Modular 4-Door Wardrobe (Oak Wood, Walnut Brown)',
  'WAR-OAK-0143',
  1,
  118500,
  5,
  5925,
  112575
);
INSERT INTO payments (id, invoice_id, method, amount, reference, created_at) VALUES ('a7dfe94b-3d68-4dbc-925d-61e8ae097613', '54f4e2d4-c8d3-4545-937f-63f39970e1ee', 'cash', 112575, 'TXN-TF-1235', '2026-05-24T07:01:00.000Z');

-- Invoice TF-1236
INSERT INTO invoices (id, store_id, invoice_number, customer_name, customer_phone, customer_address, subtotal, discount_amount, delivery_charge, installation_charge, round_off, grand_total, payment_method, payment_status, created_by, created_at)
VALUES (
  'dc4b77c3-9162-4af5-83c4-9d8c3e8fd8a7',
  '29f4e073-bc1d-4071-ae3a-c8718a90f998',
  'TF-1236',
  'Guest',
  '',
  '',
  138875,
  0,
  0,
  0,
  0,
  138875,
  'split',
  'completed',
  '11111111-1111-4111-a111-111111111111',
  '2026-05-24T12:32:00.000Z'
);
INSERT INTO invoice_items (id, invoice_id, product_id, product_name, sku, quantity, unit_price, discount_percent, discount_amount, line_total)
VALUES (
  '90e0abca-eac5-4edc-aa34-091ac6d8aba4',
  'dc4b77c3-9162-4af5-83c4-9d8c3e8fd8a7',
  '685de896-144b-49c1-86f3-38d2c27670b5',
  'Eco-sustain Executive Leather High-Back (Oak Wood, Warm Beige)',
  'OFF-OAK-0090',
  1,
  10500,
  5,
  525,
  9975
);
INSERT INTO invoice_items (id, invoice_id, product_id, product_name, sku, quantity, unit_price, discount_percent, discount_amount, line_total)
VALUES (
  'c426e9b8-fab6-4813-9383-bae651742685',
  'dc4b77c3-9162-4af5-83c4-9d8c3e8fd8a7',
  '55b103bb-657e-4a60-a57f-276b49971487',
  'Minimalist Closed Glass-door Library Cabinet (Teak Wood, Teak Finish)',
  'BOO-TEA-0295',
  2,
  19000,
  0,
  0,
  38000
);
INSERT INTO invoice_items (id, invoice_id, product_id, product_name, sku, quantity, unit_price, discount_percent, discount_amount, line_total)
VALUES (
  '1924a102-86bc-4413-ae8f-444b3540f22c',
  'dc4b77c3-9162-4af5-83c4-9d8c3e8fd8a7',
  'b6dab7c1-bf96-42bc-9974-72cc6dbd9c89',
  'Imperial Solid Wood Computer Desk (Mahogany, Walnut Brown)',
  'STU-MAH-0180',
  1,
  17500,
  0,
  0,
  17500
);
INSERT INTO invoice_items (id, invoice_id, product_id, product_name, sku, quantity, unit_price, discount_percent, discount_amount, line_total)
VALUES (
  '5fb8e998-0f7c-49bc-81df-32647d41c749',
  'dc4b77c3-9162-4af5-83c4-9d8c3e8fd8a7',
  '2ebef195-2645-4998-b72e-a507d5872822',
  'Luxurious Mesh Medium-Back Office Chair (Oak Wood, Ebony Black)',
  'OFF-OAK-0087',
  2,
  12000,
  0,
  0,
  24000
);
INSERT INTO invoice_items (id, invoice_id, product_id, product_name, sku, quantity, unit_price, discount_percent, discount_amount, line_total)
VALUES (
  'b94027d2-b69a-4eed-a414-e4124c2ff5be',
  'dc4b77c3-9162-4af5-83c4-9d8c3e8fd8a7',
  '3ab4294b-9d2f-44e7-9b67-90c6b5592459',
  'Classic 6-Seater Wooden Dining Table (Engineered Wood, Ebony Black)',
  'DIN-ENG-0057',
  1,
  52000,
  5,
  2600,
  49400
);
INSERT INTO payments (id, invoice_id, method, amount, reference, created_at) VALUES ('5a645d1c-feee-46c6-be24-f35b722e594e', 'dc4b77c3-9162-4af5-83c4-9d8c3e8fd8a7', 'card', 55550, 'TXN-SPLIT-CARD', '2026-05-24T12:32:00.000Z');
INSERT INTO payments (id, invoice_id, method, amount, reference, created_at) VALUES ('f933bb70-7f65-4f70-b809-09d7fae6352b', 'dc4b77c3-9162-4af5-83c4-9d8c3e8fd8a7', 'upi', 83325, 'TXN-SPLIT-UPI', '2026-05-24T12:32:00.000Z');

-- Invoice TF-1237
INSERT INTO invoices (id, store_id, invoice_number, customer_name, customer_phone, customer_address, subtotal, discount_amount, delivery_charge, installation_charge, round_off, grand_total, payment_method, payment_status, created_by, created_at)
VALUES (
  '92d2b5b3-71e2-4821-a64d-39424b5f9b2c',
  '29f4e073-bc1d-4071-ae3a-c8718a90f998',
  'TF-1237',
  'Ananya Iyer 63',
  '9891484171',
  'H.No. 75, Gali No. 4, Colony Road, Chennai, Tamil Nadu',
  348300,
  0,
  0,
  0,
  0,
  348300,
  'bank_transfer',
  'completed',
  '33333333-3333-4333-a333-333333333333',
  '2026-05-24T10:22:00.000Z'
);
INSERT INTO invoice_items (id, invoice_id, product_id, product_name, sku, quantity, unit_price, discount_percent, discount_amount, line_total)
VALUES (
  '69a4896c-f837-49d6-96d6-0244571bb36e',
  '92d2b5b3-71e2-4821-a64d-39424b5f9b2c',
  'd1bfa1d2-939f-437f-a810-2b16376ba4a8',
  'Luxurious Orthopedic Memory Foam Mattress (Teak Wood, Teak Finish)',
  'MAT-TEA-0184',
  1,
  24000,
  5,
  1200,
  22800
);
INSERT INTO invoice_items (id, invoice_id, product_id, product_name, sku, quantity, unit_price, discount_percent, discount_amount, line_total)
VALUES (
  '56df8e25-a466-494a-9c2f-ff5415df8293',
  '92d2b5b3-71e2-4821-a64d-39424b5f9b2c',
  'e4513259-363d-4f87-a80b-f9895dc0963f',
  'Comfort 2-Door Sliding Wardrobe (Oak Wood, Ivory White)',
  'WAR-OAK-0158',
  2,
  115500,
  0,
  0,
  231000
);
INSERT INTO invoice_items (id, invoice_id, product_id, product_name, sku, quantity, unit_price, discount_percent, discount_amount, line_total)
VALUES (
  '480f1431-5d45-4af7-9af5-5c39698dfec6',
  '92d2b5b3-71e2-4821-a64d-39424b5f9b2c',
  'd7b96116-6403-43a6-b7f3-f6392d813c27',
  'Royal 6-Seater Wooden Dining Table (Sheesham Wood, Teak Finish)',
  'DIN-SHE-0053',
  1,
  48500,
  0,
  0,
  48500
);
INSERT INTO invoice_items (id, invoice_id, product_id, product_name, sku, quantity, unit_price, discount_percent, discount_amount, line_total)
VALUES (
  'adef51b2-8822-4765-9ab4-73818055506b',
  '92d2b5b3-71e2-4821-a64d-39424b5f9b2c',
  '7ebe0fab-8fbb-4849-a3a4-bc98d3be315b',
  'Royal Compact Dresser Cabinet (Teak Wood, Teak Finish)',
  'DRE-TEA-0202',
  2,
  23000,
  0,
  0,
  46000
);
INSERT INTO payments (id, invoice_id, method, amount, reference, created_at) VALUES ('66b3db27-72a8-417c-9a25-4bd5f442114c', '92d2b5b3-71e2-4821-a64d-39424b5f9b2c', 'bank_transfer', 348300, 'TXN-TF-1237', '2026-05-24T10:22:00.000Z');

-- Invoice TF-1238
INSERT INTO invoices (id, store_id, invoice_number, customer_name, customer_phone, customer_address, subtotal, discount_amount, delivery_charge, installation_charge, round_off, grand_total, payment_method, payment_status, created_by, created_at)
VALUES (
  'c94cbab9-41eb-470c-8298-d48b40039d0c',
  '29f4e073-bc1d-4071-ae3a-c8718a90f998',
  'TF-1238',
  'Amit Kumar 62',
  '9890414312',
  'H.No. 74, Gali No. 3, Colony Road, Bangalore, Karnataka',
  358100,
  0,
  0,
  0,
  0,
  358100,
  'card',
  'completed',
  '22222222-2222-4222-a222-222222222222',
  '2026-05-24T10:51:00.000Z'
);
INSERT INTO invoice_items (id, invoice_id, product_id, product_name, sku, quantity, unit_price, discount_percent, discount_amount, line_total)
VALUES (
  '3ae242a9-10ca-41a6-80c1-2fc26e9bec5e',
  'c94cbab9-41eb-470c-8298-d48b40039d0c',
  'c5ee55e3-bf0b-44b9-85fc-e9582b35f9a8',
  'Royal Garden Patio Bistro Set (Oak Wood, Ocean Blue)',
  'OUT-OAK-0241',
  1,
  78000,
  5,
  3900,
  74100
);
INSERT INTO invoice_items (id, invoice_id, product_id, product_name, sku, quantity, unit_price, discount_percent, discount_amount, line_total)
VALUES (
  '178664c3-3254-4e95-9e00-b2a1f9edbd27',
  'c94cbab9-41eb-470c-8298-d48b40039d0c',
  'd592303c-95ab-40b8-80dd-b41558eee2be',
  'Modern Open Walk-in Closet Organizer (Engineered Wood, Warm Beige)',
  'WAR-ENG-0152',
  2,
  88500,
  0,
  0,
  177000
);
INSERT INTO invoice_items (id, invoice_id, product_id, product_name, sku, quantity, unit_price, discount_percent, discount_amount, line_total)
VALUES (
  '225ae74f-2ec3-4b61-bb9f-d58d1d6cbf0a',
  'c94cbab9-41eb-470c-8298-d48b40039d0c',
  '22c06e1b-64db-486f-a1b4-724b8e94b149',
  'Comfort Chesterfield Sofa (Sheesham Wood, Crimson Red)',
  'SOF-SHE-0009',
  1,
  107000,
  0,
  0,
  107000
);
INSERT INTO payments (id, invoice_id, method, amount, reference, created_at) VALUES ('4c24d3aa-5ac4-4d42-be07-94f6e535f04d', 'c94cbab9-41eb-470c-8298-d48b40039d0c', 'card', 358100, 'TXN-TF-1238', '2026-05-24T10:51:00.000Z');

-- Invoice TF-1239
INSERT INTO invoices (id, store_id, invoice_number, customer_name, customer_phone, customer_address, subtotal, discount_amount, delivery_charge, installation_charge, round_off, grand_total, payment_method, payment_status, created_by, created_at)
VALUES (
  'fa5c04f5-f2f0-4c99-8bcc-7ca229d23cc3',
  '29f4e073-bc1d-4071-ae3a-c8718a90f998',
  'TF-1239',
  'Aditya Patel 61',
  '9879616736',
  'H.No. 73, Gali No. 2, Colony Road, Secunderabad, Telangana',
  67950,
  0,
  0,
  500,
  0,
  68450,
  'upi',
  'completed',
  '11111111-1111-4111-a111-111111111111',
  '2026-05-25T09:56:00.000Z'
);
INSERT INTO invoice_items (id, invoice_id, product_id, product_name, sku, quantity, unit_price, discount_percent, discount_amount, line_total)
VALUES (
  'a3bd058b-4d3c-4075-8d7d-6046a28ea98b',
  'fa5c04f5-f2f0-4c99-8bcc-7ca229d23cc3',
  '6e164385-59ea-48a3-a6e2-78525d973ccb',
  'Classic Single Bed (Teak Wood, Crimson Red)',
  'BED-TEA-0033',
  1,
  61000,
  5,
  3050,
  57950
);
INSERT INTO invoice_items (id, invoice_id, product_id, product_name, sku, quantity, unit_price, discount_percent, discount_amount, line_total)
VALUES (
  '2c4ffb35-c363-4912-9beb-d7b2d66a7309',
  'fa5c04f5-f2f0-4c99-8bcc-7ca229d23cc3',
  '67b0a3a5-4efb-4541-95fe-e1f0b749842f',
  'Luxurious Cushioned Dining Chair (Teak Wood, Ocean Blue)',
  'DIN-TEA-0077',
  2,
  5000,
  0,
  0,
  10000
);
INSERT INTO payments (id, invoice_id, method, amount, reference, created_at) VALUES ('42e95e96-f391-4efa-ba3d-19f6047acd97', 'fa5c04f5-f2f0-4c99-8bcc-7ca229d23cc3', 'upi', 68450, 'TXN-TF-1239', '2026-05-25T09:56:00.000Z');

-- Invoice TF-1240
INSERT INTO invoices (id, store_id, invoice_number, customer_name, customer_phone, customer_address, subtotal, discount_amount, delivery_charge, installation_charge, round_off, grand_total, payment_method, payment_status, created_by, created_at)
VALUES (
  'ec270679-efa8-44b1-847e-5bd1261ae61c',
  '29f4e073-bc1d-4071-ae3a-c8718a90f998',
  'TF-1240',
  'Guest',
  '',
  '',
  6175,
  185.25,
  0,
  0,
  0.25,
  5990,
  'cash',
  'completed',
  '33333333-3333-4333-a333-333333333333',
  '2026-05-25T12:20:00.000Z'
);
INSERT INTO invoice_items (id, invoice_id, product_id, product_name, sku, quantity, unit_price, discount_percent, discount_amount, line_total)
VALUES (
  '88047602-34d5-41d3-8c94-14bb74df2c53',
  'ec270679-efa8-44b1-847e-5bd1261ae61c',
  'db934a58-986a-4cf0-9883-fdff9c444d3a',
  'Luxurious Solid Wood Computer Desk (Oak Wood, Ocean Blue)',
  'STU-OAK-0168',
  1,
  6500,
  5,
  325,
  6175
);
INSERT INTO payments (id, invoice_id, method, amount, reference, created_at) VALUES ('5f465de7-e24e-49b0-b99f-5a7790f6127f', 'ec270679-efa8-44b1-847e-5bd1261ae61c', 'cash', 5990, 'TXN-TF-1240', '2026-05-25T12:20:00.000Z');

-- Invoice TF-1241
INSERT INTO invoices (id, store_id, invoice_number, customer_name, customer_phone, customer_address, subtotal, discount_amount, delivery_charge, installation_charge, round_off, grand_total, payment_method, payment_status, created_by, created_at)
VALUES (
  '33f1fb38-cf1b-4e05-90f2-6cbee2926fe2',
  '29f4e073-bc1d-4071-ae3a-c8718a90f998',
  'TF-1241',
  'Vijay Mallya 59',
  '9866285714',
  'H.No. 71, Gali No. 5, Colony Road, Visakhapatnam, Andhra Pradesh',
  189875,
  0,
  1200,
  0,
  0,
  191075,
  'split',
  'completed',
  '22222222-2222-4222-a222-222222222222',
  '2026-05-25T10:41:00.000Z'
);
INSERT INTO invoice_items (id, invoice_id, product_id, product_name, sku, quantity, unit_price, discount_percent, discount_amount, line_total)
VALUES (
  '858af95a-8673-4980-8fc8-d5c4c15e2830',
  '33f1fb38-cf1b-4e05-90f2-6cbee2926fe2',
  'f613219f-aec2-49d3-aecb-7acbe9492489',
  'Royal Modular 4-Door Wardrobe (Teak Wood, Warm Beige)',
  'WAR-TEA-0159',
  1,
  33500,
  5,
  1675,
  31825
);
INSERT INTO invoice_items (id, invoice_id, product_id, product_name, sku, quantity, unit_price, discount_percent, discount_amount, line_total)
VALUES (
  '982e8a63-7293-4c3f-9595-b40c8c541fe6',
  '33f1fb38-cf1b-4e05-90f2-6cbee2926fe2',
  '74983340-bd60-4201-9ba5-a933fa636b18',
  'Classic Single Motor Power Recliner (Oak Wood, Teak Finish)',
  'REC-OAK-0221',
  2,
  54500,
  0,
  0,
  109000
);
INSERT INTO invoice_items (id, invoice_id, product_id, product_name, sku, quantity, unit_price, discount_percent, discount_amount, line_total)
VALUES (
  '49fb9736-8516-4446-b349-78173323cc66',
  '33f1fb38-cf1b-4e05-90f2-6cbee2926fe2',
  'bb0bd4e1-20da-459e-b27c-f27c0ee651fc',
  'Royal Multi-drawer Utility Cabinet (Oak Wood, Warm Beige)',
  'STO-OAK-0279',
  1,
  19000,
  0,
  0,
  19000
);
INSERT INTO invoice_items (id, invoice_id, product_id, product_name, sku, quantity, unit_price, discount_percent, discount_amount, line_total)
VALUES (
  '4b37aa32-9f81-4d63-aa17-e8b58c14e8cf',
  '33f1fb38-cf1b-4e05-90f2-6cbee2926fe2',
  'dd6c98cd-ad0c-4287-8ac3-225fe5aa2c4d',
  'Royal Wooden Nesting Tables (Rose Wood, Ebony Black)',
  'COF-ROS-0129',
  2,
  6000,
  0,
  0,
  12000
);
INSERT INTO invoice_items (id, invoice_id, product_id, product_name, sku, quantity, unit_price, discount_percent, discount_amount, line_total)
VALUES (
  'ba2b8ea0-65ae-4142-af88-c8eb8807306b',
  '33f1fb38-cf1b-4e05-90f2-6cbee2926fe2',
  '55b103bb-657e-4a60-a57f-276b49971487',
  'Minimalist Closed Glass-door Library Cabinet (Teak Wood, Teak Finish)',
  'BOO-TEA-0295',
  1,
  19000,
  5,
  950,
  18050
);
INSERT INTO payments (id, invoice_id, method, amount, reference, created_at) VALUES ('f9eecb5b-0153-443e-95d2-61103a763191', '33f1fb38-cf1b-4e05-90f2-6cbee2926fe2', 'card', 76430, 'TXN-SPLIT-CARD', '2026-05-25T10:41:00.000Z');
INSERT INTO payments (id, invoice_id, method, amount, reference, created_at) VALUES ('cca8259a-dcf2-4636-900f-6bba7d460e57', '33f1fb38-cf1b-4e05-90f2-6cbee2926fe2', 'upi', 114645, 'TXN-SPLIT-UPI', '2026-05-25T10:41:00.000Z');

-- Invoice TF-1242
INSERT INTO invoices (id, store_id, invoice_number, customer_name, customer_phone, customer_address, subtotal, discount_amount, delivery_charge, installation_charge, round_off, grand_total, payment_method, payment_status, created_by, created_at)
VALUES (
  '012cc7fc-a01c-4cda-aee3-9f466fed044e',
  '29f4e073-bc1d-4071-ae3a-c8718a90f998',
  'TF-1242',
  'Zeeshan Khan 58',
  '9822566698',
  'H.No. 70, Gali No. 4, Colony Road, Vijayawada, Andhra Pradesh',
  215200,
  0,
  0,
  0,
  0,
  215200,
  'bank_transfer',
  'completed',
  '11111111-1111-4111-a111-111111111111',
  '2026-05-25T10:58:00.000Z'
);
INSERT INTO invoice_items (id, invoice_id, product_id, product_name, sku, quantity, unit_price, discount_percent, discount_amount, line_total)
VALUES (
  '669c1fe4-327b-41b8-a8a5-fdfeae5f5f2c',
  '012cc7fc-a01c-4cda-aee3-9f466fed044e',
  '9953998f-b02f-48ea-b8d6-53da3fdeb0ab',
  'Eco-sustain Open Walk-in Closet Organizer (Sheesham Wood, Crimson Red)',
  'WAR-SHE-0144',
  1,
  76000,
  5,
  3800,
  72200
);
INSERT INTO invoice_items (id, invoice_id, product_id, product_name, sku, quantity, unit_price, discount_percent, discount_amount, line_total)
VALUES (
  '938ce6ec-04c5-46ea-922a-63cd411b637c',
  '012cc7fc-a01c-4cda-aee3-9f466fed044e',
  'db1e6b86-8df5-44d2-9b37-7bf7cfef7d9c',
  'Heritage Single Motor Power Recliner (Sheesham Wood, Walnut Brown)',
  'REC-SHE-0230',
  2,
  53500,
  0,
  0,
  107000
);
INSERT INTO invoice_items (id, invoice_id, product_id, product_name, sku, quantity, unit_price, discount_percent, discount_amount, line_total)
VALUES (
  '4d53510b-a965-404d-98d0-7d1a96c9d20b',
  '012cc7fc-a01c-4cda-aee3-9f466fed044e',
  '886b9486-1403-4699-8c8b-1a0fa25ddedf',
  'Royal Wall Folding Laptop Desk (Sheesham Wood, Teak Finish)',
  'STU-SHE-0163',
  1,
  24000,
  0,
  0,
  24000
);
INSERT INTO invoice_items (id, invoice_id, product_id, product_name, sku, quantity, unit_price, discount_percent, discount_amount, line_total)
VALUES (
  'efc6fc89-7bdc-4b45-8d0d-f33550b18df1',
  '012cc7fc-a01c-4cda-aee3-9f466fed044e',
  'cd429820-3fc2-45f2-b8f6-41fb496abdae',
  'Comfort Solid Wood Computer Desk (Engineered Wood, Crimson Red)',
  'STU-ENG-0176',
  2,
  6000,
  0,
  0,
  12000
);
INSERT INTO payments (id, invoice_id, method, amount, reference, created_at) VALUES ('a849acf4-d73e-4f1b-bae0-dd2540997fe5', '012cc7fc-a01c-4cda-aee3-9f466fed044e', 'bank_transfer', 215200, 'TXN-TF-1242', '2026-05-25T10:58:00.000Z');

-- Invoice TF-1243
INSERT INTO invoices (id, store_id, invoice_number, customer_name, customer_phone, customer_address, subtotal, discount_amount, delivery_charge, installation_charge, round_off, grand_total, payment_method, payment_status, created_by, created_at)
VALUES (
  'aa064d25-27e7-4fa9-a800-4282a91d1ea3',
  '29f4e073-bc1d-4071-ae3a-c8718a90f998',
  'TF-1243',
  'Yash Pal 57',
  '9846607666',
  'H.No. 69, Gali No. 3, Colony Road, Chennai, Tamil Nadu',
  60850,
  0,
  0,
  0,
  0,
  60850,
  'card',
  'completed',
  '33333333-3333-4333-a333-333333333333',
  '2026-05-25T04:43:00.000Z'
);
INSERT INTO invoice_items (id, invoice_id, product_id, product_name, sku, quantity, unit_price, discount_percent, discount_amount, line_total)
VALUES (
  '620860c8-4d44-4ccc-b9c3-60f091e1ff13',
  'aa064d25-27e7-4fa9-a800-4282a91d1ea3',
  '7ebe0fab-8fbb-4849-a3a4-bc98d3be315b',
  'Royal Compact Dresser Cabinet (Teak Wood, Teak Finish)',
  'DRE-TEA-0202',
  1,
  23000,
  5,
  1150,
  21850
);
INSERT INTO invoice_items (id, invoice_id, product_id, product_name, sku, quantity, unit_price, discount_percent, discount_amount, line_total)
VALUES (
  'c02e0cdc-ab32-4b2b-9997-7829eef03980',
  'aa064d25-27e7-4fa9-a800-4282a91d1ea3',
  'afad88ca-7631-419b-bb19-b3cdc6079db6',
  'Classic Rattan Accent Chair (Mahogany, Ocean Blue)',
  'DIN-MAH-0080',
  2,
  13000,
  0,
  0,
  26000
);
INSERT INTO invoice_items (id, invoice_id, product_id, product_name, sku, quantity, unit_price, discount_percent, discount_amount, line_total)
VALUES (
  'f0c19890-9ff9-4a1e-b746-73716b4bd75e',
  'aa064d25-27e7-4fa9-a800-4282a91d1ea3',
  '3b5b54b2-104d-4f8d-9892-681edbef5ec9',
  'Modern Closed Glass-door Library Cabinet (Mahogany, Crimson Red)',
  'BOO-MAH-0286',
  1,
  13000,
  0,
  0,
  13000
);
INSERT INTO payments (id, invoice_id, method, amount, reference, created_at) VALUES ('52cca91d-c5ae-4eb2-9701-f37ab35ae204', 'aa064d25-27e7-4fa9-a800-4282a91d1ea3', 'card', 60850, 'TXN-TF-1243', '2026-05-25T04:43:00.000Z');

-- Invoice TF-1244
INSERT INTO invoices (id, store_id, invoice_number, customer_name, customer_phone, customer_address, subtotal, discount_amount, delivery_charge, installation_charge, round_off, grand_total, payment_method, payment_status, created_by, created_at)
VALUES (
  '4cc1563e-d27b-4978-b0c7-37c57241f6f0',
  '29f4e073-bc1d-4071-ae3a-c8718a90f998',
  'TF-1244',
  'Guest',
  '',
  '',
  64150,
  0,
  0,
  0,
  0,
  64150,
  'upi',
  'completed',
  '22222222-2222-4222-a222-222222222222',
  '2026-05-25T10:17:00.000Z'
);
INSERT INTO invoice_items (id, invoice_id, product_id, product_name, sku, quantity, unit_price, discount_percent, discount_amount, line_total)
VALUES (
  '2e7d9946-608d-4613-a6a5-003f634b3438',
  '4cc1563e-d27b-4978-b0c7-37c57241f6f0',
  'ee3f6ca5-ea75-42c7-a407-99a640891b85',
  'Heritage Wall Folding Laptop Desk (Teak Wood, Ocean Blue)',
  'STU-TEA-0171',
  1,
  17000,
  5,
  850,
  16150
);
INSERT INTO invoice_items (id, invoice_id, product_id, product_name, sku, quantity, unit_price, discount_percent, discount_amount, line_total)
VALUES (
  '8a55ce56-aefc-4678-a4ec-073e0941ee35',
  '4cc1563e-d27b-4978-b0c7-37c57241f6f0',
  'd1bfa1d2-939f-437f-a810-2b16376ba4a8',
  'Luxurious Orthopedic Memory Foam Mattress (Teak Wood, Teak Finish)',
  'MAT-TEA-0184',
  2,
  24000,
  0,
  0,
  48000
);
INSERT INTO payments (id, invoice_id, method, amount, reference, created_at) VALUES ('bd3a776d-8130-46b9-a836-681266134c14', '4cc1563e-d27b-4978-b0c7-37c57241f6f0', 'upi', 64150, 'TXN-TF-1244', '2026-05-25T10:17:00.000Z');

-- Invoice TF-1245
INSERT INTO invoices (id, store_id, invoice_number, customer_name, customer_phone, customer_address, subtotal, discount_amount, delivery_charge, installation_charge, round_off, grand_total, payment_method, payment_status, created_by, created_at)
VALUES (
  '98d8b7ef-d8d4-4450-8f5f-44c86b33f56d',
  '29f4e073-bc1d-4071-ae3a-c8718a90f998',
  'TF-1245',
  'Vikram Seth 55',
  '9821499756',
  'H.No. 67, Gali No. 1, Colony Road, Secunderabad, Telangana',
  6175,
  0,
  0,
  0,
  0,
  6175,
  'cash',
  'completed',
  '11111111-1111-4111-a111-111111111111',
  '2026-05-26T05:05:00.000Z'
);
INSERT INTO invoice_items (id, invoice_id, product_id, product_name, sku, quantity, unit_price, discount_percent, discount_amount, line_total)
VALUES (
  'f4ab251b-4907-413d-ba7c-130d6fc2f5d6',
  '98d8b7ef-d8d4-4450-8f5f-44c86b33f56d',
  'c7f13d7f-df13-43de-aeba-718f47ec79fa',
  'Classic Solid Wood Computer Desk (Engineered Wood, Walnut Brown)',
  'STU-ENG-0172',
  1,
  6500,
  5,
  325,
  6175
);
INSERT INTO payments (id, invoice_id, method, amount, reference, created_at) VALUES ('58e03e78-d5f5-4728-ad8f-3169e606fb63', '98d8b7ef-d8d4-4450-8f5f-44c86b33f56d', 'cash', 6175, 'TXN-TF-1245', '2026-05-26T05:05:00.000Z');

-- Invoice TF-1246
INSERT INTO invoices (id, store_id, invoice_number, customer_name, customer_phone, customer_address, subtotal, discount_amount, delivery_charge, installation_charge, round_off, grand_total, payment_method, payment_status, created_by, created_at)
VALUES (
  '30a4986d-8197-4557-99d5-3355e4b62b58',
  '29f4e073-bc1d-4071-ae3a-c8718a90f998',
  'TF-1246',
  'Suresh Prabhu 54',
  '9848820877',
  'H.No. 66, Gali No. 5, Colony Road, Hyderabad, Telangana',
  143800,
  0,
  0,
  0,
  0,
  143800,
  'split',
  'completed',
  '33333333-3333-4333-a333-333333333333',
  '2026-05-26T14:35:00.000Z'
);
INSERT INTO invoice_items (id, invoice_id, product_id, product_name, sku, quantity, unit_price, discount_percent, discount_amount, line_total)
VALUES (
  '27d77487-feda-46ce-9777-9b5769d60cda',
  '30a4986d-8197-4557-99d5-3355e4b62b58',
  '1e2db180-eac0-41f5-a95c-847c1fa0b20a',
  'Eco-sustain Wooden Sideboard Credenza (Rose Wood, Ivory White)',
  'STO-ROS-0278',
  1,
  20500,
  5,
  1025,
  19475
);
INSERT INTO invoice_items (id, invoice_id, product_id, product_name, sku, quantity, unit_price, discount_percent, discount_amount, line_total)
VALUES (
  '4ffb7e01-f54a-47dc-af0b-80f9e1705b7b',
  '30a4986d-8197-4557-99d5-3355e4b62b58',
  'cc1fe24a-9fbf-4ebd-b146-9926bc4dcdf4',
  'Luxurious Mesh Medium-Back Office Chair (Teak Wood, Ebony Black)',
  'OFF-TEA-0099',
  2,
  10000,
  0,
  0,
  20000
);
INSERT INTO invoice_items (id, invoice_id, product_id, product_name, sku, quantity, unit_price, discount_percent, discount_amount, line_total)
VALUES (
  'a88cecb5-ba25-4d67-a553-f6aa7a6bb093',
  '30a4986d-8197-4557-99d5-3355e4b62b58',
  '799edafc-8805-4002-b273-a99da333aa00',
  'Premium Ladder Bookshelf Display Unit (Mahogany, Teak Finish)',
  'BOO-MAH-0299',
  1,
  8500,
  0,
  0,
  8500
);
INSERT INTO invoice_items (id, invoice_id, product_id, product_name, sku, quantity, unit_price, discount_percent, discount_amount, line_total)
VALUES (
  '8c6ab880-44b2-4490-94a3-1f231fbc2301',
  '30a4986d-8197-4557-99d5-3355e4b62b58',
  '1e240d28-04db-4745-8ec6-d007b6edf763',
  'Comfort Single Motor Power Recliner (Mahogany, Ivory White)',
  'REC-MAH-0224',
  2,
  32000,
  0,
  0,
  64000
);
INSERT INTO invoice_items (id, invoice_id, product_id, product_name, sku, quantity, unit_price, discount_percent, discount_amount, line_total)
VALUES (
  '93c3e950-ad35-490f-9786-b17a0c03d182',
  '30a4986d-8197-4557-99d5-3355e4b62b58',
  'dece08e4-fdc8-4e4a-8014-9259722efd67',
  'Luxurious Recliner Sofa (Mahogany, Teak Finish)',
  'SOF-MAH-0018',
  1,
  33500,
  5,
  1675,
  31825
);
INSERT INTO payments (id, invoice_id, method, amount, reference, created_at) VALUES ('d278209e-463b-40e0-b756-1e90e4cb4c4a', '30a4986d-8197-4557-99d5-3355e4b62b58', 'card', 57520, 'TXN-SPLIT-CARD', '2026-05-26T14:35:00.000Z');
INSERT INTO payments (id, invoice_id, method, amount, reference, created_at) VALUES ('806545e5-1cdc-44ff-b25a-03afad7a32c2', '30a4986d-8197-4557-99d5-3355e4b62b58', 'upi', 86280, 'TXN-SPLIT-UPI', '2026-05-26T14:35:00.000Z');

-- Invoice TF-1247
INSERT INTO invoices (id, store_id, invoice_number, customer_name, customer_phone, customer_address, subtotal, discount_amount, delivery_charge, installation_charge, round_off, grand_total, payment_method, payment_status, created_by, created_at)
VALUES (
  '92904e2e-c724-4b2e-a8c8-f400efa86a65',
  '29f4e073-bc1d-4071-ae3a-c8718a90f998',
  'TF-1247',
  'Sneha Rao 53',
  '9824370344',
  'H.No. 65, Gali No. 4, Colony Road, Visakhapatnam, Andhra Pradesh',
  137750,
  0,
  0,
  0,
  0,
  137750,
  'bank_transfer',
  'completed',
  '22222222-2222-4222-a222-222222222222',
  '2026-05-26T09:58:00.000Z'
);
INSERT INTO invoice_items (id, invoice_id, product_id, product_name, sku, quantity, unit_price, discount_percent, discount_amount, line_total)
VALUES (
  '77151547-6225-4162-b439-8a323e0e8ee8',
  '92904e2e-c724-4b2e-a8c8-f400efa86a65',
  '7840be5e-2be3-467f-a7e7-f6e36356b392',
  'Heritage Garden Patio Bistro Set (Oak Wood, Ebony Black)',
  'OUT-OAK-0244',
  1,
  25000,
  5,
  1250,
  23750
);
INSERT INTO invoice_items (id, invoice_id, product_id, product_name, sku, quantity, unit_price, discount_percent, discount_amount, line_total)
VALUES (
  'bfbf0596-e0b5-43bb-8058-8d1dc3b0d022',
  '92904e2e-c724-4b2e-a8c8-f400efa86a65',
  '03b4a8ea-a727-4547-a037-7cb2828bd872',
  'Comfort Mesh Medium-Back Office Chair (Mahogany, Charcoal Grey)',
  'OFF-MAH-0095',
  2,
  28500,
  0,
  0,
  57000
);
INSERT INTO invoice_items (id, invoice_id, product_id, product_name, sku, quantity, unit_price, discount_percent, discount_amount, line_total)
VALUES (
  '698871be-6c13-49c0-b5ae-22718283b58e',
  '92904e2e-c724-4b2e-a8c8-f400efa86a65',
  'ac5c8cd9-38a3-41d2-9369-a360a1ba0914',
  'Modern Chesterfield Sofa (Oak Wood, Ocean Blue)',
  'SOF-OAK-0014',
  1,
  27000,
  0,
  0,
  27000
);
INSERT INTO invoice_items (id, invoice_id, product_id, product_name, sku, quantity, unit_price, discount_percent, discount_amount, line_total)
VALUES (
  'faa80944-18a1-44f5-9541-26d6a60ed7ce',
  '92904e2e-c724-4b2e-a8c8-f400efa86a65',
  '117e2bde-d5a5-42f8-a908-fdb1167926c7',
  'Imperial Rattan Accent Chair (Teak Wood, Warm Beige)',
  'DIN-TEA-0072',
  2,
  15000,
  0,
  0,
  30000
);
INSERT INTO payments (id, invoice_id, method, amount, reference, created_at) VALUES ('f5965291-abba-446b-a886-245ff60cc892', '92904e2e-c724-4b2e-a8c8-f400efa86a65', 'bank_transfer', 137750, 'TXN-TF-1247', '2026-05-26T09:58:00.000Z');

-- Invoice TF-1248
INSERT INTO invoices (id, store_id, invoice_number, customer_name, customer_phone, customer_address, subtotal, discount_amount, delivery_charge, installation_charge, round_off, grand_total, payment_method, payment_status, created_by, created_at)
VALUES (
  '9879c841-aed5-46b3-9d7f-03ea45d70835',
  '29f4e073-bc1d-4071-ae3a-c8718a90f998',
  'TF-1248',
  'Guest',
  '',
  '',
  106450,
  0,
  1200,
  500,
  0,
  108150,
  'card',
  'completed',
  '11111111-1111-4111-a111-111111111111',
  '2026-05-26T10:10:00.000Z'
);
INSERT INTO invoice_items (id, invoice_id, product_id, product_name, sku, quantity, unit_price, discount_percent, discount_amount, line_total)
VALUES (
  '5ace39b5-9fd6-4cd6-a6a9-bbd2c89db9ab',
  '9879c841-aed5-46b3-9d7f-03ea45d70835',
  'f077b01f-75f1-46ed-a171-4c4e6bb6abbb',
  'Comfort Closed Glass-door Library Cabinet (Mahogany, Crimson Red)',
  'BOO-MAH-0283',
  1,
  21000,
  5,
  1050,
  19950
);
INSERT INTO invoice_items (id, invoice_id, product_id, product_name, sku, quantity, unit_price, discount_percent, discount_amount, line_total)
VALUES (
  'af3b81ee-5d84-4437-a79f-2acc99a6de20',
  '9879c841-aed5-46b3-9d7f-03ea45d70835',
  '869a74f7-e587-447c-b8c9-e073f3d7ba83',
  'Classic Chesterfield Sofa (Teak Wood, Charcoal Grey)',
  'SOF-TEA-0019',
  2,
  34500,
  0,
  0,
  69000
);
INSERT INTO invoice_items (id, invoice_id, product_id, product_name, sku, quantity, unit_price, discount_percent, discount_amount, line_total)
VALUES (
  '1b6f00f4-0576-441a-91db-a6fbe98623b7',
  '9879c841-aed5-46b3-9d7f-03ea45d70835',
  '36b58c66-2f4c-4e9e-b051-c44c48a93883',
  'Imperial Multi-drawer Utility Cabinet (Rose Wood, Teak Finish)',
  'STO-ROS-0267',
  1,
  17500,
  0,
  0,
  17500
);
INSERT INTO payments (id, invoice_id, method, amount, reference, created_at) VALUES ('399311d3-bffe-4a6f-8396-0e9c4672fd4a', '9879c841-aed5-46b3-9d7f-03ea45d70835', 'card', 108150, 'TXN-TF-1248', '2026-05-26T10:10:00.000Z');

-- Invoice TF-1249
INSERT INTO invoices (id, store_id, invoice_number, customer_name, customer_phone, customer_address, subtotal, discount_amount, delivery_charge, installation_charge, round_off, grand_total, payment_method, payment_status, created_by, created_at)
VALUES (
  '23efccb0-5121-45bd-a17b-75a40235c467',
  '29f4e073-bc1d-4071-ae3a-c8718a90f998',
  'TF-1249',
  'Sarita Mishra 51',
  '9895757419',
  'H.No. 63, Gali No. 2, Colony Road, Chennai, Tamil Nadu',
  118600,
  0,
  0,
  0,
  0,
  118600,
  'upi',
  'completed',
  '33333333-3333-4333-a333-333333333333',
  '2026-05-26T09:41:00.000Z'
);
INSERT INTO invoice_items (id, invoice_id, product_id, product_name, sku, quantity, unit_price, discount_percent, discount_amount, line_total)
VALUES (
  '4275d085-4955-48fe-9bce-5050798882f5',
  '23efccb0-5121-45bd-a17b-75a40235c467',
  'dd88417a-f687-4859-a0c7-7bfa3233750c',
  'Minimalist Massage Recliner Chair (Teak Wood, Crimson Red)',
  'REC-TEA-0226',
  1,
  28000,
  5,
  1400,
  26600
);
INSERT INTO invoice_items (id, invoice_id, product_id, product_name, sku, quantity, unit_price, discount_percent, discount_amount, line_total)
VALUES (
  '23976eab-24c7-4fa7-a7a9-320cd27bdf82',
  '23efccb0-5121-45bd-a17b-75a40235c467',
  '27169ec6-331f-40e9-9bdf-64b723992789',
  'Minimalist Pocket Spring Premium Mattress (Engineered Wood, Crimson Red)',
  'MAT-ENG-0185',
  2,
  46000,
  0,
  0,
  92000
);
INSERT INTO payments (id, invoice_id, method, amount, reference, created_at) VALUES ('0242b2f4-9645-461d-bcc5-f99bcd2bf7d2', '23efccb0-5121-45bd-a17b-75a40235c467', 'upi', 118600, 'TXN-TF-1249', '2026-05-26T09:41:00.000Z');

-- Invoice TF-1250
INSERT INTO invoices (id, store_id, invoice_number, customer_name, customer_phone, customer_address, subtotal, discount_amount, delivery_charge, installation_charge, round_off, grand_total, payment_method, payment_status, created_by, created_at)
VALUES (
  '508f3d46-7e1a-4133-8ab2-f955197b0fd9',
  '29f4e073-bc1d-4071-ae3a-c8718a90f998',
  'TF-1250',
  'Sanjay Dutt 50',
  '9858628070',
  'H.No. 62, Gali No. 1, Colony Road, Bangalore, Karnataka',
  19475,
  584.25,
  0,
  0,
  0.25,
  18891,
  'cash',
  'cancelled',
  '22222222-2222-4222-a222-222222222222',
  '2026-05-26T08:20:00.000Z'
);
INSERT INTO invoice_items (id, invoice_id, product_id, product_name, sku, quantity, unit_price, discount_percent, discount_amount, line_total)
VALUES (
  '967b0feb-1103-4a31-bb2b-8900c61626eb',
  '508f3d46-7e1a-4133-8ab2-f955197b0fd9',
  'ab550dda-419e-448d-9695-7ebf11a2f361',
  'Eco-sustain Rattan Outdoor Swing Chair (Rose Wood, Walnut Brown)',
  'OUT-ROS-0245',
  1,
  20500,
  5,
  1025,
  19475
);

-- Invoice TF-1251
INSERT INTO invoices (id, store_id, invoice_number, customer_name, customer_phone, customer_address, subtotal, discount_amount, delivery_charge, installation_charge, round_off, grand_total, payment_method, payment_status, created_by, created_at)
VALUES (
  '3a01625e-2d28-4deb-954b-51f027bfe0b2',
  '29f4e073-bc1d-4071-ae3a-c8718a90f998',
  'TF-1251',
  'Sandeep Hegde 49',
  '9884622864',
  'H.No. 61, Gali No. 5, Colony Road, Secunderabad, Telangana',
  303000,
  0,
  0,
  0,
  0,
  303000,
  'split',
  'completed',
  '11111111-1111-4111-a111-111111111111',
  '2026-05-27T05:34:00.000Z'
);
INSERT INTO invoice_items (id, invoice_id, product_id, product_name, sku, quantity, unit_price, discount_percent, discount_amount, line_total)
VALUES (
  'aeb780f2-0029-467e-8746-51183f82962d',
  '3a01625e-2d28-4deb-954b-51f027bfe0b2',
  '2ebef195-2645-4998-b72e-a507d5872822',
  'Luxurious Mesh Medium-Back Office Chair (Oak Wood, Ebony Black)',
  'OFF-OAK-0087',
  1,
  12000,
  5,
  600,
  11400
);
INSERT INTO invoice_items (id, invoice_id, product_id, product_name, sku, quantity, unit_price, discount_percent, discount_amount, line_total)
VALUES (
  '6f368d19-9189-4368-b858-b53fd5d95e72',
  '3a01625e-2d28-4deb-954b-51f027bfe0b2',
  '0fd1f89f-28d1-4530-a20f-30e848b85844',
  'Modern 3-Seater Sofa (Sheesham Wood, Teak Finish)',
  'SOF-SHE-0016',
  2,
  66000,
  0,
  0,
  132000
);
INSERT INTO invoice_items (id, invoice_id, product_id, product_name, sku, quantity, unit_price, discount_percent, discount_amount, line_total)
VALUES (
  '11bffba6-35ac-4cc6-8152-b120e131f79c',
  '3a01625e-2d28-4deb-954b-51f027bfe0b2',
  'a368cbb3-53c0-4fae-b6ec-f32a581d4f7a',
  'Modern 4-Seater Glass Top Dining Table (Sheesham Wood, Ivory White)',
  'DIN-SHE-0042',
  1,
  24000,
  0,
  0,
  24000
);
INSERT INTO invoice_items (id, invoice_id, product_id, product_name, sku, quantity, unit_price, discount_percent, discount_amount, line_total)
VALUES (
  '92622b15-3255-4bca-9e75-de83cf425d81',
  '3a01625e-2d28-4deb-954b-51f027bfe0b2',
  '695475e4-b4a1-49fe-848c-471c08aea77c',
  'Imperial Modular TV Stand with Shelves (Sheesham Wood, Teak Finish)',
  'TV -SHE-0106',
  2,
  45000,
  0,
  0,
  90000
);
INSERT INTO invoice_items (id, invoice_id, product_id, product_name, sku, quantity, unit_price, discount_percent, discount_amount, line_total)
VALUES (
  '6bf267d2-da0d-4780-a576-d0c93d9cef0c',
  '3a01625e-2d28-4deb-954b-51f027bfe0b2',
  '673864fc-96aa-4ee5-be46-eaeecd987a1f',
  'Classic 3-Door Wardrobe with Mirror (Mahogany, Charcoal Grey)',
  'WAR-MAH-0157',
  1,
  48000,
  5,
  2400,
  45600
);
INSERT INTO payments (id, invoice_id, method, amount, reference, created_at) VALUES ('57119aed-f7fc-44e2-bf02-e3c8cc576382', '3a01625e-2d28-4deb-954b-51f027bfe0b2', 'card', 121200, 'TXN-SPLIT-CARD', '2026-05-27T05:34:00.000Z');
INSERT INTO payments (id, invoice_id, method, amount, reference, created_at) VALUES ('144550bc-3422-45b1-8d2d-f84151e23604', '3a01625e-2d28-4deb-954b-51f027bfe0b2', 'upi', 181800, 'TXN-SPLIT-UPI', '2026-05-27T05:34:00.000Z');

-- Invoice TF-1252
INSERT INTO invoices (id, store_id, invoice_number, customer_name, customer_phone, customer_address, subtotal, discount_amount, delivery_charge, installation_charge, round_off, grand_total, payment_method, payment_status, created_by, created_at)
VALUES (
  'e22bf8c9-c0d9-4e01-8331-1afd37327f95',
  '29f4e073-bc1d-4071-ae3a-c8718a90f998',
  'TF-1252',
  'Guest',
  '',
  '',
  293300,
  0,
  0,
  0,
  0,
  293300,
  'bank_transfer',
  'completed',
  '33333333-3333-4333-a333-333333333333',
  '2026-05-27T14:51:00.000Z'
);
INSERT INTO invoice_items (id, invoice_id, product_id, product_name, sku, quantity, unit_price, discount_percent, discount_amount, line_total)
VALUES (
  'f74157ae-5a12-49ab-8e70-8d300825de76',
  'e22bf8c9-c0d9-4e01-8331-1afd37327f95',
  '637df026-9f25-4715-a8ae-0d6e4b9a29e8',
  'Heritage Closed Glass-door Library Cabinet (Rose Wood, Warm Beige)',
  'BOO-ROS-0298',
  1,
  24000,
  5,
  1200,
  22800
);
INSERT INTO invoice_items (id, invoice_id, product_id, product_name, sku, quantity, unit_price, discount_percent, discount_amount, line_total)
VALUES (
  '3a1abd73-7fb6-4f92-9220-cd943ca4de57',
  'e22bf8c9-c0d9-4e01-8331-1afd37327f95',
  '20befa31-26ef-4be3-a898-103d0b6bd679',
  'Imperial Marble Top Dining Table (Mahogany, Walnut Brown)',
  'DIN-MAH-0055',
  2,
  101500,
  0,
  0,
  203000
);
INSERT INTO invoice_items (id, invoice_id, product_id, product_name, sku, quantity, unit_price, discount_percent, discount_amount, line_total)
VALUES (
  '68f79bac-3c6a-41a8-9386-41a56e223b3b',
  'e22bf8c9-c0d9-4e01-8331-1afd37327f95',
  'a8d7e84a-9b4d-45d3-8f86-ac13caf001b1',
  'Comfort Dual Comfort Latex Mattress (Teak Wood, Ebony Black)',
  'MAT-TEA-0192',
  1,
  25500,
  0,
  0,
  25500
);
INSERT INTO invoice_items (id, invoice_id, product_id, product_name, sku, quantity, unit_price, discount_percent, discount_amount, line_total)
VALUES (
  'd87c9729-c958-49bc-92a7-ec981d0a7fc4',
  'e22bf8c9-c0d9-4e01-8331-1afd37327f95',
  'daa55337-8a17-46da-a3f2-5955d8fa5f76',
  'Classic Storage Trunk Coffee Table (Teak Wood, Ivory White)',
  'COF-TEA-0139',
  2,
  21000,
  0,
  0,
  42000
);
INSERT INTO payments (id, invoice_id, method, amount, reference, created_at) VALUES ('79d23690-0fea-4e9e-8ad1-ebd1adcc56ec', 'e22bf8c9-c0d9-4e01-8331-1afd37327f95', 'bank_transfer', 293300, 'TXN-TF-1252', '2026-05-27T14:51:00.000Z');

-- Invoice TF-1253
INSERT INTO invoices (id, store_id, invoice_number, customer_name, customer_phone, customer_address, subtotal, discount_amount, delivery_charge, installation_charge, round_off, grand_total, payment_method, payment_status, created_by, created_at)
VALUES (
  '81bf040f-74ea-4e64-8a12-7480f36900b2',
  '29f4e073-bc1d-4071-ae3a-c8718a90f998',
  'TF-1253',
  'Ramesh Chandra 47',
  '9890319804',
  'H.No. 59, Gali No. 3, Colony Road, Visakhapatnam, Andhra Pradesh',
  47000,
  0,
  0,
  0,
  0,
  47000,
  'card',
  'completed',
  '22222222-2222-4222-a222-222222222222',
  '2026-05-27T14:12:00.000Z'
);
INSERT INTO invoice_items (id, invoice_id, product_id, product_name, sku, quantity, unit_price, discount_percent, discount_amount, line_total)
VALUES (
  '6ff2fe6e-086b-4d2c-9f74-40842228d4fe',
  '81bf040f-74ea-4e64-8a12-7480f36900b2',
  'b7ccc90e-8841-40bc-bdd5-ea6ce759dba4',
  'Comfort Manual Rocking Recliner Lounge Chair (Engineered Wood, Ivory White)',
  'REC-ENG-0240',
  1,
  20000,
  5,
  1000,
  19000
);
INSERT INTO invoice_items (id, invoice_id, product_id, product_name, sku, quantity, unit_price, discount_percent, discount_amount, line_total)
VALUES (
  '317cff17-44f1-47da-b74e-a71e221dadfe',
  '81bf040f-74ea-4e64-8a12-7480f36900b2',
  '565ae41d-77f4-4e7b-9327-33d684cb45de',
  'Imperial Compact Dresser Cabinet (Teak Wood, Teak Finish)',
  'DRE-TEA-0208',
  2,
  10500,
  0,
  0,
  21000
);
INSERT INTO invoice_items (id, invoice_id, product_id, product_name, sku, quantity, unit_price, discount_percent, discount_amount, line_total)
VALUES (
  'fd00afd9-bc88-4bcf-8d56-bc9c7ff4ac4c',
  '81bf040f-74ea-4e64-8a12-7480f36900b2',
  '433d3373-2243-42b9-9bcc-8015834c5439',
  'Classic Storage Trunk Coffee Table (Mahogany, Ocean Blue)',
  'COF-MAH-0131',
  1,
  7000,
  0,
  0,
  7000
);
INSERT INTO payments (id, invoice_id, method, amount, reference, created_at) VALUES ('d1927937-9bec-4d5a-bec8-9c0ac2255e74', '81bf040f-74ea-4e64-8a12-7480f36900b2', 'card', 47000, 'TXN-TF-1253', '2026-05-27T14:12:00.000Z');

-- Invoice TF-1254
INSERT INTO invoices (id, store_id, invoice_number, customer_name, customer_phone, customer_address, subtotal, discount_amount, delivery_charge, installation_charge, round_off, grand_total, payment_method, payment_status, created_by, created_at)
VALUES (
  '75e71524-7a92-4ce9-90fa-ccf3f2d9e601',
  '29f4e073-bc1d-4071-ae3a-c8718a90f998',
  'TF-1254',
  'Rahul Verma 46',
  '9810555735',
  'H.No. 58, Gali No. 2, Colony Road, Vijayawada, Andhra Pradesh',
  35650,
  0,
  0,
  0,
  0,
  35650,
  'upi',
  'completed',
  '11111111-1111-4111-a111-111111111111',
  '2026-05-27T10:36:00.000Z'
);
INSERT INTO invoice_items (id, invoice_id, product_id, product_name, sku, quantity, unit_price, discount_percent, discount_amount, line_total)
VALUES (
  '2e673cec-170f-41c5-84fd-5da1b13ea930',
  '75e71524-7a92-4ce9-90fa-ccf3f2d9e601',
  '335432cc-b09b-4970-9a6b-4c45ae51415b',
  'Comfort Visitor Stool Chair (Engineered Wood, Ocean Blue)',
  'OFF-ENG-0088',
  1,
  27000,
  5,
  1350,
  25650
);
INSERT INTO invoice_items (id, invoice_id, product_id, product_name, sku, quantity, unit_price, discount_percent, discount_amount, line_total)
VALUES (
  '9c4db37b-d5ed-4d5c-a57f-9160e8634842',
  '75e71524-7a92-4ce9-90fa-ccf3f2d9e601',
  'd78792d4-9569-4f36-a380-ba0fa0551bff',
  'Modern Rattan Accent Chair (Oak Wood, Ivory White)',
  'DIN-OAK-0076',
  2,
  5000,
  0,
  0,
  10000
);
INSERT INTO payments (id, invoice_id, method, amount, reference, created_at) VALUES ('7ad062bf-503c-412e-8e6b-27809a299ec4', '75e71524-7a92-4ce9-90fa-ccf3f2d9e601', 'upi', 35650, 'TXN-TF-1254', '2026-05-27T10:36:00.000Z');

-- Invoice TF-1255
INSERT INTO invoices (id, store_id, invoice_number, customer_name, customer_phone, customer_address, subtotal, discount_amount, delivery_charge, installation_charge, round_off, grand_total, payment_method, payment_status, created_by, created_at)
VALUES (
  '68fe12aa-fe48-4cc7-b7f6-4f7c563b87ff',
  '29f4e073-bc1d-4071-ae3a-c8718a90f998',
  'TF-1255',
  'Priya Pillai 45',
  '9845545401',
  'H.No. 57, Gali No. 1, Colony Road, Chennai, Tamil Nadu',
  59850,
  0,
  1200,
  0,
  0,
  61050,
  'cash',
  'completed',
  '33333333-3333-4333-a333-333333333333',
  '2026-05-27T14:23:00.000Z'
);
INSERT INTO invoice_items (id, invoice_id, product_id, product_name, sku, quantity, unit_price, discount_percent, discount_amount, line_total)
VALUES (
  'b2e229bc-b21d-4058-9e52-5df8838e6533',
  '68fe12aa-fe48-4cc7-b7f6-4f7c563b87ff',
  'ea2b40ba-51ff-425a-ad4e-28a38cc61dc0',
  'Minimalist Orthopedic Memory Foam Mattress (Sheesham Wood, Ivory White)',
  'MAT-SHE-0199',
  1,
  63000,
  5,
  3150,
  59850
);
INSERT INTO payments (id, invoice_id, method, amount, reference, created_at) VALUES ('9eb2dd6b-7ed8-418f-8fd2-5ed2ae3b9a59', '68fe12aa-fe48-4cc7-b7f6-4f7c563b87ff', 'cash', 61050, 'TXN-TF-1255', '2026-05-27T14:23:00.000Z');

-- Invoice TF-1256
INSERT INTO invoices (id, store_id, invoice_number, customer_name, customer_phone, customer_address, subtotal, discount_amount, delivery_charge, installation_charge, round_off, grand_total, payment_method, payment_status, created_by, created_at)
VALUES (
  'de4e4e6c-6e5d-4692-900d-ea9d96f35deb',
  '29f4e073-bc1d-4071-ae3a-c8718a90f998',
  'TF-1256',
  'Guest',
  '',
  '',
  189525,
  0,
  0,
  0,
  0,
  189525,
  'split',
  'completed',
  '22222222-2222-4222-a222-222222222222',
  '2026-05-28T08:52:00.000Z'
);
INSERT INTO invoice_items (id, invoice_id, product_id, product_name, sku, quantity, unit_price, discount_percent, discount_amount, line_total)
VALUES (
  '53e3e145-3578-4ba8-adcb-a198a8dfb22c',
  'de4e4e6c-6e5d-4692-900d-ea9d96f35deb',
  'b6dab7c1-bf96-42bc-9974-72cc6dbd9c89',
  'Imperial Solid Wood Computer Desk (Mahogany, Walnut Brown)',
  'STU-MAH-0180',
  1,
  17500,
  5,
  875,
  16625
);
INSERT INTO invoice_items (id, invoice_id, product_id, product_name, sku, quantity, unit_price, discount_percent, discount_amount, line_total)
VALUES (
  'acd66005-9ac8-41f5-81e0-20b54417fd66',
  'de4e4e6c-6e5d-4692-900d-ea9d96f35deb',
  'dac7e591-f2c0-4dfe-9b77-54d1d0e28210',
  'Heritage Floor Standing TV Console (Rose Wood, Teak Finish)',
  'TV -ROS-0102',
  2,
  33000,
  0,
  0,
  66000
);
INSERT INTO invoice_items (id, invoice_id, product_id, product_name, sku, quantity, unit_price, discount_percent, discount_amount, line_total)
VALUES (
  '600b56f4-ba21-4845-81e0-8f27908cfcb2',
  'de4e4e6c-6e5d-4692-900d-ea9d96f35deb',
  '1c7e1a57-845e-47a1-8c12-ba41436fcc6f',
  'Eco-sustain Orthopedic Memory Foam Mattress (Sheesham Wood, Charcoal Grey)',
  'MAT-SHE-0181',
  1,
  57500,
  0,
  0,
  57500
);
INSERT INTO invoice_items (id, invoice_id, product_id, product_name, sku, quantity, unit_price, discount_percent, discount_amount, line_total)
VALUES (
  '21146de2-1a56-4d68-9ed4-abcea4bd0415',
  'de4e4e6c-6e5d-4692-900d-ea9d96f35deb',
  'd72e3e5d-1eda-47f2-83c5-c2487d3f2b2b',
  'Luxurious Massage Recliner Chair (Engineered Wood, Ebony Black)',
  'REC-ENG-0238',
  1,
  52000,
  5,
  2600,
  49400
);
INSERT INTO payments (id, invoice_id, method, amount, reference, created_at) VALUES ('ae68c547-e7c5-4dc5-bfbe-2a1bda07d765', 'de4e4e6c-6e5d-4692-900d-ea9d96f35deb', 'card', 75810, 'TXN-SPLIT-CARD', '2026-05-28T08:52:00.000Z');
INSERT INTO payments (id, invoice_id, method, amount, reference, created_at) VALUES ('67657d4a-e172-4628-bce1-12ca88ab44e1', 'de4e4e6c-6e5d-4692-900d-ea9d96f35deb', 'upi', 113715, 'TXN-SPLIT-UPI', '2026-05-28T08:52:00.000Z');

-- Invoice TF-1257
INSERT INTO invoices (id, store_id, invoice_number, customer_name, customer_phone, customer_address, subtotal, discount_amount, delivery_charge, installation_charge, round_off, grand_total, payment_method, payment_status, created_by, created_at)
VALUES (
  '7b325d8a-abf9-4677-87f2-a3233f4949e8',
  '29f4e073-bc1d-4071-ae3a-c8718a90f998',
  'TF-1257',
  'Neha Deshmukh 43',
  '9833376707',
  'H.No. 55, Gali No. 4, Colony Road, Secunderabad, Telangana',
  151850,
  0,
  0,
  500,
  0,
  152350,
  'bank_transfer',
  'completed',
  '11111111-1111-4111-a111-111111111111',
  '2026-05-28T13:07:00.000Z'
);
INSERT INTO invoice_items (id, invoice_id, product_id, product_name, sku, quantity, unit_price, discount_percent, discount_amount, line_total)
VALUES (
  '8c77254a-00f2-4353-91b4-818451de68bf',
  '7b325d8a-abf9-4677-87f2-a3233f4949e8',
  '7ebe0fab-8fbb-4849-a3a4-bc98d3be315b',
  'Royal Compact Dresser Cabinet (Teak Wood, Teak Finish)',
  'DRE-TEA-0202',
  1,
  23000,
  5,
  1150,
  21850
);
INSERT INTO invoice_items (id, invoice_id, product_id, product_name, sku, quantity, unit_price, discount_percent, discount_amount, line_total)
VALUES (
  '74e1ef97-289d-47ed-97eb-b7fdb85d79af',
  '7b325d8a-abf9-4677-87f2-a3233f4949e8',
  '869a74f7-e587-447c-b8c9-e073f3d7ba83',
  'Classic Chesterfield Sofa (Teak Wood, Charcoal Grey)',
  'SOF-TEA-0019',
  2,
  34500,
  0,
  0,
  69000
);
INSERT INTO invoice_items (id, invoice_id, product_id, product_name, sku, quantity, unit_price, discount_percent, discount_amount, line_total)
VALUES (
  'dfed7505-a4c3-4e57-b2d6-ed35003245be',
  '7b325d8a-abf9-4677-87f2-a3233f4949e8',
  '54b6a8a9-4c1a-4c85-a9bc-10786fcb9b61',
  'Eco-sustain Round Accent Coffee Table (Rose Wood, Ocean Blue)',
  'COF-ROS-0136',
  1,
  5000,
  0,
  0,
  5000
);
INSERT INTO invoice_items (id, invoice_id, product_id, product_name, sku, quantity, unit_price, discount_percent, discount_amount, line_total)
VALUES (
  'f89c99cf-e579-43ff-9c0e-1eeb645ff999',
  '7b325d8a-abf9-4677-87f2-a3233f4949e8',
  'e345bac0-7cc8-4cc3-9e52-a741a6cf2b12',
  'Luxurious Dual Comfort Latex Mattress (Rose Wood, Crimson Red)',
  'MAT-ROS-0189',
  2,
  28000,
  0,
  0,
  56000
);
INSERT INTO payments (id, invoice_id, method, amount, reference, created_at) VALUES ('f90b0cdd-108b-49aa-b66f-a39113d93fb4', '7b325d8a-abf9-4677-87f2-a3233f4949e8', 'bank_transfer', 152350, 'TXN-TF-1257', '2026-05-28T13:07:00.000Z');

-- Invoice TF-1258
INSERT INTO invoices (id, store_id, invoice_number, customer_name, customer_phone, customer_address, subtotal, discount_amount, delivery_charge, installation_charge, round_off, grand_total, payment_method, payment_status, created_by, created_at)
VALUES (
  'ccba444d-c4ec-4b20-b9cc-9fa296dbf516',
  '29f4e073-bc1d-4071-ae3a-c8718a90f998',
  'TF-1258',
  'Manoj Gowda 42',
  '9819543944',
  'H.No. 54, Gali No. 3, Colony Road, Hyderabad, Telangana',
  347125,
  0,
  0,
  0,
  0,
  347125,
  'card',
  'completed',
  '33333333-3333-4333-a333-333333333333',
  '2026-05-28T05:39:00.000Z'
);
INSERT INTO invoice_items (id, invoice_id, product_id, product_name, sku, quantity, unit_price, discount_percent, discount_amount, line_total)
VALUES (
  '014c68b7-99f6-48fa-8a0c-e07f2699d093',
  'ccba444d-c4ec-4b20-b9cc-9fa296dbf516',
  '10341fc4-d078-4ad8-8651-fe77da941266',
  'Eco-sustain Rattan Outdoor Swing Chair (Rose Wood, Ebony Black)',
  'OUT-ROS-0257',
  1,
  67500,
  5,
  3375,
  64125
);
INSERT INTO invoice_items (id, invoice_id, product_id, product_name, sku, quantity, unit_price, discount_percent, discount_amount, line_total)
VALUES (
  '4228979b-2aec-498f-8c69-87dc81a23cbf',
  'ccba444d-c4ec-4b20-b9cc-9fa296dbf516',
  'ae31918e-2957-4d40-b94d-78f04b09337d',
  'Luxurious 2-Door Sliding Wardrobe (Oak Wood, Ocean Blue)',
  'WAR-OAK-0154',
  2,
  120000,
  0,
  0,
  240000
);
INSERT INTO invoice_items (id, invoice_id, product_id, product_name, sku, quantity, unit_price, discount_percent, discount_amount, line_total)
VALUES (
  'ec24525f-f503-4392-8c82-15c4a4c586b4',
  'ccba444d-c4ec-4b20-b9cc-9fa296dbf516',
  'ef85eb68-37c4-473c-a529-f2c5a38bfe9c',
  'Comfort Marble Top Dining Table (Teak Wood, Walnut Brown)',
  'DIN-TEA-0043',
  1,
  43000,
  0,
  0,
  43000
);
INSERT INTO payments (id, invoice_id, method, amount, reference, created_at) VALUES ('11355591-b65e-49c9-af12-55ccaefea2bb', 'ccba444d-c4ec-4b20-b9cc-9fa296dbf516', 'card', 347125, 'TXN-TF-1258', '2026-05-28T05:39:00.000Z');

-- Invoice TF-1259
INSERT INTO invoices (id, store_id, invoice_number, customer_name, customer_phone, customer_address, subtotal, discount_amount, delivery_charge, installation_charge, round_off, grand_total, payment_method, payment_status, created_by, created_at)
VALUES (
  'dbac7e11-1242-42f8-84df-080b207b0bc4',
  '29f4e073-bc1d-4071-ae3a-c8718a90f998',
  'TF-1259',
  'Kavitha Hegde 41',
  '9870933168',
  'H.No. 53, Gali No. 2, Colony Road, Visakhapatnam, Andhra Pradesh',
  16175,
  0,
  0,
  0,
  0,
  16175,
  'upi',
  'completed',
  '22222222-2222-4222-a222-222222222222',
  '2026-05-28T11:58:00.000Z'
);
INSERT INTO invoice_items (id, invoice_id, product_id, product_name, sku, quantity, unit_price, discount_percent, discount_amount, line_total)
VALUES (
  'fef0e267-39c2-460f-9443-0c4791ecf01d',
  'dbac7e11-1242-42f8-84df-080b207b0bc4',
  'db934a58-986a-4cf0-9883-fdff9c444d3a',
  'Luxurious Solid Wood Computer Desk (Oak Wood, Ocean Blue)',
  'STU-OAK-0168',
  1,
  6500,
  5,
  325,
  6175
);
INSERT INTO invoice_items (id, invoice_id, product_id, product_name, sku, quantity, unit_price, discount_percent, discount_amount, line_total)
VALUES (
  'ee57e70e-bc89-4918-b868-957685b9a324',
  'dbac7e11-1242-42f8-84df-080b207b0bc4',
  'd78792d4-9569-4f36-a380-ba0fa0551bff',
  'Modern Rattan Accent Chair (Oak Wood, Ivory White)',
  'DIN-OAK-0076',
  2,
  5000,
  0,
  0,
  10000
);
INSERT INTO payments (id, invoice_id, method, amount, reference, created_at) VALUES ('0910bf89-9d63-4956-88dc-f6f519a05652', 'dbac7e11-1242-42f8-84df-080b207b0bc4', 'upi', 16175, 'TXN-TF-1259', '2026-05-28T11:58:00.000Z');

-- Invoice TF-1260
INSERT INTO invoices (id, store_id, invoice_number, customer_name, customer_phone, customer_address, subtotal, discount_amount, delivery_charge, installation_charge, round_off, grand_total, payment_method, payment_status, created_by, created_at)
VALUES (
  '58cda567-85ce-4076-87b7-d1691daf0b8b',
  '29f4e073-bc1d-4071-ae3a-c8718a90f998',
  'TF-1260',
  'Guest',
  '',
  '',
  44175,
  1325.25,
  0,
  0,
  0.25,
  42850,
  'cash',
  'completed',
  '11111111-1111-4111-a111-111111111111',
  '2026-05-28T14:22:00.000Z'
);
INSERT INTO invoice_items (id, invoice_id, product_id, product_name, sku, quantity, unit_price, discount_percent, discount_amount, line_total)
VALUES (
  '463cda62-f3cf-4b63-9dfd-828d3c339f64',
  '58cda567-85ce-4076-87b7-d1691daf0b8b',
  'e981ecd4-f45c-412e-b741-cdae67530aaf',
  'Premium Queen Size Wooden Bed (Oak Wood, Charcoal Grey)',
  'BED-OAK-0037',
  1,
  46500,
  5,
  2325,
  44175
);
INSERT INTO payments (id, invoice_id, method, amount, reference, created_at) VALUES ('b8183702-f0d2-4555-bcb0-7c8f212e00c6', '58cda567-85ce-4076-87b7-d1691daf0b8b', 'cash', 42850, 'TXN-TF-1260', '2026-05-28T14:22:00.000Z');

-- Invoice TF-1261
INSERT INTO invoices (id, store_id, invoice_number, customer_name, customer_phone, customer_address, subtotal, discount_amount, delivery_charge, installation_charge, round_off, grand_total, payment_method, payment_status, created_by, created_at)
VALUES (
  'e2bbce8d-7a58-40e5-ba57-144ccbaf03d7',
  '29f4e073-bc1d-4071-ae3a-c8718a90f998',
  'TF-1261',
  'Jyoti Prasad 39',
  '9823740331',
  'H.No. 51, Gali No. 5, Colony Road, Chennai, Tamil Nadu',
  201225,
  0,
  0,
  0,
  0,
  201225,
  'split',
  'completed',
  '33333333-3333-4333-a333-333333333333',
  '2026-05-28T10:06:00.000Z'
);
INSERT INTO invoice_items (id, invoice_id, product_id, product_name, sku, quantity, unit_price, discount_percent, discount_amount, line_total)
VALUES (
  'be2cdf8f-fdeb-4e5f-9415-011bb441f43f',
  'e2bbce8d-7a58-40e5-ba57-144ccbaf03d7',
  '1911edb0-4fb5-49db-a8d9-b30659cd18d4',
  'Royal Storage Trunk Coffee Table (Oak Wood, Walnut Brown)',
  'COF-OAK-0123',
  1,
  6000,
  5,
  300,
  5700
);
INSERT INTO invoice_items (id, invoice_id, product_id, product_name, sku, quantity, unit_price, discount_percent, discount_amount, line_total)
VALUES (
  '0040aea4-9eda-478a-9a9b-dd0b5a0d948a',
  'e2bbce8d-7a58-40e5-ba57-144ccbaf03d7',
  '36b58c66-2f4c-4e9e-b051-c44c48a93883',
  'Imperial Multi-drawer Utility Cabinet (Rose Wood, Teak Finish)',
  'STO-ROS-0267',
  2,
  17500,
  0,
  0,
  35000
);
INSERT INTO invoice_items (id, invoice_id, product_id, product_name, sku, quantity, unit_price, discount_percent, discount_amount, line_total)
VALUES (
  'c6aa5a7e-5be2-4008-9828-4cad12273cb9',
  'e2bbce8d-7a58-40e5-ba57-144ccbaf03d7',
  'f7143768-39ca-4c15-9255-7f63f3b889f9',
  'Classic Upholstered Bed Platform (Mahogany, Warm Beige)',
  'BED-MAH-0025',
  1,
  84500,
  0,
  0,
  84500
);
INSERT INTO invoice_items (id, invoice_id, product_id, product_name, sku, quantity, unit_price, discount_percent, discount_amount, line_total)
VALUES (
  '26db68aa-72a1-43dc-9430-fd766c2e9bd4',
  'e2bbce8d-7a58-40e5-ba57-144ccbaf03d7',
  'a368cbb3-53c0-4fae-b6ec-f32a581d4f7a',
  'Modern 4-Seater Glass Top Dining Table (Sheesham Wood, Ivory White)',
  'DIN-SHE-0042',
  2,
  24000,
  0,
  0,
  48000
);
INSERT INTO invoice_items (id, invoice_id, product_id, product_name, sku, quantity, unit_price, discount_percent, discount_amount, line_total)
VALUES (
  '13d3ba06-ca35-4bb4-a737-6caaf3f660c8',
  'e2bbce8d-7a58-40e5-ba57-144ccbaf03d7',
  'ca58ecf2-a452-4fc6-8224-a40a5f4cc238',
  'Premium Sofa Cum Bed (Oak Wood, Charcoal Grey)',
  'SOF-OAK-0010',
  1,
  29500,
  5,
  1475,
  28025
);
INSERT INTO payments (id, invoice_id, method, amount, reference, created_at) VALUES ('47166cfe-2a68-4b60-9232-b05a41364977', 'e2bbce8d-7a58-40e5-ba57-144ccbaf03d7', 'card', 80490, 'TXN-SPLIT-CARD', '2026-05-28T10:06:00.000Z');
INSERT INTO payments (id, invoice_id, method, amount, reference, created_at) VALUES ('1e7aec28-03a2-4d7e-8cd6-7101cb6c1528', 'e2bbce8d-7a58-40e5-ba57-144ccbaf03d7', 'upi', 120735, 'TXN-SPLIT-UPI', '2026-05-28T10:06:00.000Z');

-- Invoice TF-1262
INSERT INTO invoices (id, store_id, invoice_number, customer_name, customer_phone, customer_address, subtotal, discount_amount, delivery_charge, installation_charge, round_off, grand_total, payment_method, payment_status, created_by, created_at)
VALUES (
  'f7f3467c-ef6f-47e6-bbd8-16da55723bd6',
  '29f4e073-bc1d-4071-ae3a-c8718a90f998',
  'TF-1262',
  'Ishaan Gupta 38',
  '9843572645',
  'H.No. 50, Gali No. 4, Colony Road, Bangalore, Karnataka',
  154125,
  0,
  1200,
  0,
  0,
  155325,
  'bank_transfer',
  'completed',
  '22222222-2222-4222-a222-222222222222',
  '2026-05-29T05:59:00.000Z'
);
INSERT INTO invoice_items (id, invoice_id, product_id, product_name, sku, quantity, unit_price, discount_percent, discount_amount, line_total)
VALUES (
  'ce0d7e8c-9ef0-437b-bd55-2912c5808049',
  'f7f3467c-ef6f-47e6-bbd8-16da55723bd6',
  'b6dab7c1-bf96-42bc-9974-72cc6dbd9c89',
  'Imperial Solid Wood Computer Desk (Mahogany, Walnut Brown)',
  'STU-MAH-0180',
  1,
  17500,
  5,
  875,
  16625
);
INSERT INTO invoice_items (id, invoice_id, product_id, product_name, sku, quantity, unit_price, discount_percent, discount_amount, line_total)
VALUES (
  '87ac1f04-baa2-4ab6-8fc6-4131c2db1f95',
  'f7f3467c-ef6f-47e6-bbd8-16da55723bd6',
  '14537655-6121-48ab-8427-6db88b953b18',
  'Eco-sustain Extendable Dining Table (Rose Wood, Ebony Black)',
  'DIN-ROS-0056',
  2,
  39500,
  0,
  0,
  79000
);
INSERT INTO invoice_items (id, invoice_id, product_id, product_name, sku, quantity, unit_price, discount_percent, discount_amount, line_total)
VALUES (
  'd411e558-1f59-46db-ae6e-a58d9f71300a',
  'f7f3467c-ef6f-47e6-bbd8-16da55723bd6',
  'dece08e4-fdc8-4e4a-8014-9259722efd67',
  'Luxurious Recliner Sofa (Mahogany, Teak Finish)',
  'SOF-MAH-0018',
  1,
  33500,
  0,
  0,
  33500
);
INSERT INTO invoice_items (id, invoice_id, product_id, product_name, sku, quantity, unit_price, discount_percent, discount_amount, line_total)
VALUES (
  '58978cad-15cd-4ce1-8954-d1c77b6877f3',
  'f7f3467c-ef6f-47e6-bbd8-16da55723bd6',
  '80cf3cab-c718-4427-8775-8237e67c7b47',
  'Modern 5-Tier Open Bookshelf Console (Sheesham Wood, Crimson Red)',
  'BOO-SHE-0294',
  2,
  12500,
  0,
  0,
  25000
);
INSERT INTO payments (id, invoice_id, method, amount, reference, created_at) VALUES ('16a2fea8-c2a5-4c39-a766-0ffe8d9d14dd', 'f7f3467c-ef6f-47e6-bbd8-16da55723bd6', 'bank_transfer', 155325, 'TXN-TF-1262', '2026-05-29T05:59:00.000Z');

-- Invoice TF-1263
INSERT INTO invoices (id, store_id, invoice_number, customer_name, customer_phone, customer_address, subtotal, discount_amount, delivery_charge, installation_charge, round_off, grand_total, payment_method, payment_status, created_by, created_at)
VALUES (
  '4d10ac55-5a40-4a26-b1ce-8e1a25a952df',
  '29f4e073-bc1d-4071-ae3a-c8718a90f998',
  'TF-1263',
  'Harish Rao 37',
  '9829690088',
  'H.No. 49, Gali No. 3, Colony Road, Secunderabad, Telangana',
  206275,
  0,
  0,
  0,
  0,
  206275,
  'card',
  'completed',
  '11111111-1111-4111-a111-111111111111',
  '2026-05-29T13:20:00.000Z'
);
INSERT INTO invoice_items (id, invoice_id, product_id, product_name, sku, quantity, unit_price, discount_percent, discount_amount, line_total)
VALUES (
  '8a84496e-16e4-4d18-8cbb-1c4b92273b9b',
  '4d10ac55-5a40-4a26-b1ce-8e1a25a952df',
  '04e6f2e3-71db-4095-a209-0fdf2c4ff348',
  'Modern Modular TV Stand with Shelves (Oak Wood, Charcoal Grey)',
  'TV -OAK-0112',
  1,
  44500,
  5,
  2225,
  42275
);
INSERT INTO invoice_items (id, invoice_id, product_id, product_name, sku, quantity, unit_price, discount_percent, discount_amount, line_total)
VALUES (
  'a1831fb6-71d5-4ae7-b51c-57000d0c0507',
  '4d10ac55-5a40-4a26-b1ce-8e1a25a952df',
  '1c7e1a57-845e-47a1-8c12-ba41436fcc6f',
  'Eco-sustain Orthopedic Memory Foam Mattress (Sheesham Wood, Charcoal Grey)',
  'MAT-SHE-0181',
  2,
  57500,
  0,
  0,
  115000
);
INSERT INTO invoice_items (id, invoice_id, product_id, product_name, sku, quantity, unit_price, discount_percent, discount_amount, line_total)
VALUES (
  'f305068e-df4f-4f43-b9cb-d799bee8e270',
  '4d10ac55-5a40-4a26-b1ce-8e1a25a952df',
  '3a5f9708-fb43-44c9-b68f-8bc8d123070d',
  'Minimalist Open Walk-in Closet Organizer (Rose Wood, Ebony Black)',
  'WAR-ROS-0148',
  1,
  49000,
  0,
  0,
  49000
);
INSERT INTO payments (id, invoice_id, method, amount, reference, created_at) VALUES ('3b45b217-0b9e-49ab-ad49-2dd9a8a47fd7', '4d10ac55-5a40-4a26-b1ce-8e1a25a952df', 'card', 206275, 'TXN-TF-1263', '2026-05-29T13:20:00.000Z');

-- Invoice TF-1264
INSERT INTO invoices (id, store_id, invoice_number, customer_name, customer_phone, customer_address, subtotal, discount_amount, delivery_charge, installation_charge, round_off, grand_total, payment_method, payment_status, created_by, created_at)
VALUES (
  'a44afd65-ff16-4909-9bbe-fdafc13271d0',
  '29f4e073-bc1d-4071-ae3a-c8718a90f998',
  'TF-1264',
  'Guest',
  '',
  '',
  94150,
  0,
  0,
  0,
  0,
  94150,
  'upi',
  'completed',
  '33333333-3333-4333-a333-333333333333',
  '2026-05-29T11:06:00.000Z'
);
INSERT INTO invoice_items (id, invoice_id, product_id, product_name, sku, quantity, unit_price, discount_percent, discount_amount, line_total)
VALUES (
  '4307397d-ea58-4fe5-b549-69858b157813',
  'a44afd65-ff16-4909-9bbe-fdafc13271d0',
  'ee3f6ca5-ea75-42c7-a407-99a640891b85',
  'Heritage Wall Folding Laptop Desk (Teak Wood, Ocean Blue)',
  'STU-TEA-0171',
  1,
  17000,
  5,
  850,
  16150
);
INSERT INTO invoice_items (id, invoice_id, product_id, product_name, sku, quantity, unit_price, discount_percent, discount_amount, line_total)
VALUES (
  'a8f31d15-d065-439a-b7d2-b8033e574dff',
  'a44afd65-ff16-4909-9bbe-fdafc13271d0',
  'cd5bc776-f8af-47f6-9ac6-26fd88822683',
  'Modern Orthopedic Memory Foam Mattress (Engineered Wood, Charcoal Grey)',
  'MAT-ENG-0193',
  2,
  39000,
  0,
  0,
  78000
);
INSERT INTO payments (id, invoice_id, method, amount, reference, created_at) VALUES ('a2899095-892b-4d1b-b48c-307e212b364b', 'a44afd65-ff16-4909-9bbe-fdafc13271d0', 'upi', 94150, 'TXN-TF-1264', '2026-05-29T11:06:00.000Z');

-- Invoice TF-1265
INSERT INTO invoices (id, store_id, invoice_number, customer_name, customer_phone, customer_address, subtotal, discount_amount, delivery_charge, installation_charge, round_off, grand_total, payment_method, payment_status, created_by, created_at)
VALUES (
  '9349220e-a801-4593-9129-be4b0b3696bd',
  '29f4e073-bc1d-4071-ae3a-c8718a90f998',
  'TF-1265',
  'Deepak Reddy 35',
  '9852563370',
  'H.No. 47, Gali No. 1, Colony Road, Visakhapatnam, Andhra Pradesh',
  5225,
  0,
  0,
  0,
  0,
  5225,
  'cash',
  'completed',
  '22222222-2222-4222-a222-222222222222',
  '2026-05-29T13:14:00.000Z'
);
INSERT INTO invoice_items (id, invoice_id, product_id, product_name, sku, quantity, unit_price, discount_percent, discount_amount, line_total)
VALUES (
  'dbea639c-b1fd-4e3d-8ce1-d076cf24a784',
  '9349220e-a801-4593-9129-be4b0b3696bd',
  '309401d9-0e72-4846-a4d8-48610ed27410',
  'Modern Solid Wood Dining Chair (Mahogany, Walnut Brown)',
  'DIN-MAH-0062',
  1,
  5500,
  5,
  275,
  5225
);
INSERT INTO payments (id, invoice_id, method, amount, reference, created_at) VALUES ('f4d50d65-8484-4ca6-b9d0-c28093d0a278', '9349220e-a801-4593-9129-be4b0b3696bd', 'cash', 5225, 'TXN-TF-1265', '2026-05-29T13:14:00.000Z');

-- Invoice TF-1266
INSERT INTO invoices (id, store_id, invoice_number, customer_name, customer_phone, customer_address, subtotal, discount_amount, delivery_charge, installation_charge, round_off, grand_total, payment_method, payment_status, created_by, created_at)
VALUES (
  '1435ffa3-47a2-4ec1-a7f6-8801bd3f3f85',
  '29f4e073-bc1d-4071-ae3a-c8718a90f998',
  'TF-1266',
  'Arjun Rao 34',
  '9832921674',
  'H.No. 46, Gali No. 5, Colony Road, Vijayawada, Andhra Pradesh',
  199650,
  0,
  0,
  500,
  0,
  200150,
  'split',
  'completed',
  '11111111-1111-4111-a111-111111111111',
  '2026-05-29T12:35:00.000Z'
);
INSERT INTO invoice_items (id, invoice_id, product_id, product_name, sku, quantity, unit_price, discount_percent, discount_amount, line_total)
VALUES (
  '01129f83-2417-4d73-bb87-bd973516266f',
  '1435ffa3-47a2-4ec1-a7f6-8801bd3f3f85',
  '90faf84f-c744-46a5-99ba-6d9d478400d3',
  'Modern Executive Leather High-Back (Teak Wood, Ivory White)',
  'OFF-TEA-0086',
  1,
  7500,
  5,
  375,
  7125
);
INSERT INTO invoice_items (id, invoice_id, product_id, product_name, sku, quantity, unit_price, discount_percent, discount_amount, line_total)
VALUES (
  '1564be6f-ab96-4daf-b9b5-7f13a9b8c862',
  '1435ffa3-47a2-4ec1-a7f6-8801bd3f3f85',
  'e2448723-33eb-4f33-ad36-53f5141545fd',
  'Luxurious Ladder Bookshelf Display Unit (Mahogany, Teak Finish)',
  'BOO-MAH-0293',
  2,
  22500,
  0,
  0,
  45000
);
INSERT INTO invoice_items (id, invoice_id, product_id, product_name, sku, quantity, unit_price, discount_percent, discount_amount, line_total)
VALUES (
  '21362301-d09c-496f-8724-75208683439a',
  '1435ffa3-47a2-4ec1-a7f6-8801bd3f3f85',
  '5a47b543-0e83-4610-9794-e48996ce966c',
  'Minimalist Sofa Cum Bed (Mahogany, Warm Beige)',
  'SOF-MAH-0020',
  1,
  117500,
  0,
  0,
  117500
);
INSERT INTO invoice_items (id, invoice_id, product_id, product_name, sku, quantity, unit_price, discount_percent, discount_amount, line_total)
VALUES (
  '5e27c6fe-94a2-4b57-82a4-e63d52210366',
  '1435ffa3-47a2-4ec1-a7f6-8801bd3f3f85',
  '565ae41d-77f4-4e7b-9327-33d684cb45de',
  'Imperial Compact Dresser Cabinet (Teak Wood, Teak Finish)',
  'DRE-TEA-0208',
  2,
  10500,
  0,
  0,
  21000
);
INSERT INTO invoice_items (id, invoice_id, product_id, product_name, sku, quantity, unit_price, discount_percent, discount_amount, line_total)
VALUES (
  '8b701bb7-b345-4372-9e4a-d0f8e15f7572',
  '1435ffa3-47a2-4ec1-a7f6-8801bd3f3f85',
  'd016867f-446b-4b95-b58b-d1e2a6e1cb10',
  'Royal High Back Chair (Oak Wood, Charcoal Grey)',
  'DIN-OAK-0079',
  1,
  9500,
  5,
  475,
  9025
);
INSERT INTO payments (id, invoice_id, method, amount, reference, created_at) VALUES ('d73d0145-99e6-44a1-bdcc-a1618a7e79e9', '1435ffa3-47a2-4ec1-a7f6-8801bd3f3f85', 'card', 80060, 'TXN-SPLIT-CARD', '2026-05-29T12:35:00.000Z');
INSERT INTO payments (id, invoice_id, method, amount, reference, created_at) VALUES ('95692c27-071b-4233-b689-550887fd9a54', '1435ffa3-47a2-4ec1-a7f6-8801bd3f3f85', 'upi', 120090, 'TXN-SPLIT-UPI', '2026-05-29T12:35:00.000Z');

-- Invoice TF-1267
INSERT INTO invoices (id, store_id, invoice_number, customer_name, customer_phone, customer_address, subtotal, discount_amount, delivery_charge, installation_charge, round_off, grand_total, payment_method, payment_status, created_by, created_at)
VALUES (
  'e9eb4abc-2deb-4fa9-add7-c8cb4d15a806',
  '29f4e073-bc1d-4071-ae3a-c8718a90f998',
  'TF-1267',
  'Ananya Iyer 33',
  '9893622592',
  'H.No. 45, Gali No. 4, Colony Road, Chennai, Tamil Nadu',
  255975,
  0,
  0,
  0,
  0,
  255975,
  'bank_transfer',
  'completed',
  '33333333-3333-4333-a333-333333333333',
  '2026-05-30T13:34:00.000Z'
);
INSERT INTO invoice_items (id, invoice_id, product_id, product_name, sku, quantity, unit_price, discount_percent, discount_amount, line_total)
VALUES (
  '33e542c3-ffa8-4f41-9118-c47a992c76e8',
  'e9eb4abc-2deb-4fa9-add7-c8cb4d15a806',
  'b27d2f49-3866-4d81-ba17-09524c7a0d91',
  'Royal Solid Wood Dining Chair (Teak Wood, Walnut Brown)',
  'DIN-TEA-0078',
  1,
  10500,
  5,
  525,
  9975
);
INSERT INTO invoice_items (id, invoice_id, product_id, product_name, sku, quantity, unit_price, discount_percent, discount_amount, line_total)
VALUES (
  'ab3b6dc0-1593-4668-baac-f3167aa3ed03',
  'e9eb4abc-2deb-4fa9-add7-c8cb4d15a806',
  '9207f17d-d6b1-4d88-bf9c-e69d0dc30b30',
  'Premium Single Bed (Mahogany, Walnut Brown)',
  'BED-MAH-0023',
  2,
  92500,
  0,
  0,
  185000
);
INSERT INTO invoice_items (id, invoice_id, product_id, product_name, sku, quantity, unit_price, discount_percent, discount_amount, line_total)
VALUES (
  '813d7ce8-ee2a-4c4f-89d5-bbd1147ad340',
  'e9eb4abc-2deb-4fa9-add7-c8cb4d15a806',
  'a368cbb3-53c0-4fae-b6ec-f32a581d4f7a',
  'Modern 4-Seater Glass Top Dining Table (Sheesham Wood, Ivory White)',
  'DIN-SHE-0042',
  1,
  24000,
  0,
  0,
  24000
);
INSERT INTO invoice_items (id, invoice_id, product_id, product_name, sku, quantity, unit_price, discount_percent, discount_amount, line_total)
VALUES (
  '7efd39e4-c052-43c8-9daf-5b27dbf1f437',
  'e9eb4abc-2deb-4fa9-add7-c8cb4d15a806',
  '0ad575b6-f822-4798-bc2e-7508555b0061',
  'Premium 6-Drawer Wide Dresser chest (Rose Wood, Walnut Brown)',
  'DRE-ROS-0209',
  2,
  18500,
  0,
  0,
  37000
);
INSERT INTO payments (id, invoice_id, method, amount, reference, created_at) VALUES ('9bf4676c-a82c-4b11-a974-dec4ca1a129b', 'e9eb4abc-2deb-4fa9-add7-c8cb4d15a806', 'bank_transfer', 255975, 'TXN-TF-1267', '2026-05-30T13:34:00.000Z');

-- Invoice TF-1268
INSERT INTO invoices (id, store_id, invoice_number, customer_name, customer_phone, customer_address, subtotal, discount_amount, delivery_charge, installation_charge, round_off, grand_total, payment_method, payment_status, created_by, created_at)
VALUES (
  '41d0bed7-5691-443a-a08e-fde4fb7276bf',
  '29f4e073-bc1d-4071-ae3a-c8718a90f998',
  'TF-1268',
  'Guest',
  '',
  '',
  248000,
  0,
  0,
  0,
  0,
  248000,
  'card',
  'completed',
  '22222222-2222-4222-a222-222222222222',
  '2026-05-30T05:41:00.000Z'
);
INSERT INTO invoice_items (id, invoice_id, product_id, product_name, sku, quantity, unit_price, discount_percent, discount_amount, line_total)
VALUES (
  'ce63f9a7-c309-4f7f-a593-9b855c1f84e5',
  '41d0bed7-5691-443a-a08e-fde4fb7276bf',
  '47105cfc-d71b-430f-87b2-d643130dcd41',
  'Luxurious Upholstered Bed Platform (Oak Wood, Warm Beige)',
  'BED-OAK-0035',
  1,
  80000,
  5,
  4000,
  76000
);
INSERT INTO invoice_items (id, invoice_id, product_id, product_name, sku, quantity, unit_price, discount_percent, discount_amount, line_total)
VALUES (
  '0acaadfc-f710-4b9c-856b-ae98b3a1bbb6',
  '41d0bed7-5691-443a-a08e-fde4fb7276bf',
  '683ad21e-1aa2-472d-b66a-1720d1f62971',
  'Premium 4-Seater Glass Top Dining Table (Rose Wood, Ivory White)',
  'DIN-ROS-0046',
  2,
  83000,
  0,
  0,
  166000
);
INSERT INTO invoice_items (id, invoice_id, product_id, product_name, sku, quantity, unit_price, discount_percent, discount_amount, line_total)
VALUES (
  'ee456041-5afb-4eb5-bc82-18454ab9b45e',
  '41d0bed7-5691-443a-a08e-fde4fb7276bf',
  '1911edb0-4fb5-49db-a8d9-b30659cd18d4',
  'Royal Storage Trunk Coffee Table (Oak Wood, Walnut Brown)',
  'COF-OAK-0123',
  1,
  6000,
  0,
  0,
  6000
);
INSERT INTO payments (id, invoice_id, method, amount, reference, created_at) VALUES ('3a0bf441-dcff-4245-928c-c2bf0fbfe953', '41d0bed7-5691-443a-a08e-fde4fb7276bf', 'card', 248000, 'TXN-TF-1268', '2026-05-30T05:41:00.000Z');

-- Invoice TF-1269
INSERT INTO invoices (id, store_id, invoice_number, customer_name, customer_phone, customer_address, subtotal, discount_amount, delivery_charge, installation_charge, round_off, grand_total, payment_method, payment_status, created_by, created_at)
VALUES (
  '8fdb286b-7772-4628-a4cb-df75d4219e36',
  '29f4e073-bc1d-4071-ae3a-c8718a90f998',
  'TF-1269',
  'Aditya Patel 31',
  '9859497100',
  'H.No. 43, Gali No. 2, Colony Road, Secunderabad, Telangana',
  306500,
  0,
  1200,
  0,
  0,
  307700,
  'upi',
  'completed',
  '11111111-1111-4111-a111-111111111111',
  '2026-05-30T09:05:00.000Z'
);
INSERT INTO invoice_items (id, invoice_id, product_id, product_name, sku, quantity, unit_price, discount_percent, discount_amount, line_total)
VALUES (
  '140ae3d5-c16c-435d-81cd-ac8d5cb80635',
  '8fdb286b-7772-4628-a4cb-df75d4219e36',
  '270a7c5b-50c4-4ac8-9e15-30b5283f6d68',
  'Comfort Rattan Outdoor Swing Chair (Oak Wood, Teak Finish)',
  'OUT-OAK-0260',
  1,
  70000,
  5,
  3500,
  66500
);
INSERT INTO invoice_items (id, invoice_id, product_id, product_name, sku, quantity, unit_price, discount_percent, discount_amount, line_total)
VALUES (
  '9857c22a-3194-49a0-a6b3-dc741e7df4a0',
  '8fdb286b-7772-4628-a4cb-df75d4219e36',
  'ae31918e-2957-4d40-b94d-78f04b09337d',
  'Luxurious 2-Door Sliding Wardrobe (Oak Wood, Ocean Blue)',
  'WAR-OAK-0154',
  2,
  120000,
  0,
  0,
  240000
);
INSERT INTO payments (id, invoice_id, method, amount, reference, created_at) VALUES ('95d3c042-8b8d-493f-ad6c-edbab2c90c20', '8fdb286b-7772-4628-a4cb-df75d4219e36', 'upi', 307700, 'TXN-TF-1269', '2026-05-30T09:05:00.000Z');

-- Invoice TF-1270
INSERT INTO invoices (id, store_id, invoice_number, customer_name, customer_phone, customer_address, subtotal, discount_amount, delivery_charge, installation_charge, round_off, grand_total, payment_method, payment_status, created_by, created_at)
VALUES (
  '5572560a-26cc-4a53-baa1-009610a65152',
  '29f4e073-bc1d-4071-ae3a-c8718a90f998',
  'TF-1270',
  'Aarav Sharma',
  '9895497108',
  'H.No. 42, Gali No. 1, Colony Road, Hyderabad, Telangana',
  13300,
  399,
  0,
  0,
  0,
  12901,
  'cash',
  'completed',
  '33333333-3333-4333-a333-333333333333',
  '2026-05-30T13:31:00.000Z'
);
INSERT INTO invoice_items (id, invoice_id, product_id, product_name, sku, quantity, unit_price, discount_percent, discount_amount, line_total)
VALUES (
  'bd01ded3-0b72-42ea-86b2-eba62135d494',
  '5572560a-26cc-4a53-baa1-009610a65152',
  '19290989-3b5e-4b10-80e6-d38f738667d8',
  'Minimalist Wooden Nesting Tables (Rose Wood, Charcoal Grey)',
  'COF-ROS-0133',
  1,
  14000,
  5,
  700,
  13300
);
INSERT INTO payments (id, invoice_id, method, amount, reference, created_at) VALUES ('ebc747f4-bf00-4dc3-afa2-d1893805d525', '5572560a-26cc-4a53-baa1-009610a65152', 'cash', 12901, 'TXN-TF-1270', '2026-05-30T13:31:00.000Z');

-- Invoice TF-1271
INSERT INTO invoices (id, store_id, invoice_number, customer_name, customer_phone, customer_address, subtotal, discount_amount, delivery_charge, installation_charge, round_off, grand_total, payment_method, payment_status, created_by, created_at)
VALUES (
  '838b8797-b696-4af7-b8c7-44cd8e16a4bb',
  '29f4e073-bc1d-4071-ae3a-c8718a90f998',
  'TF-1271',
  'Vijay Mallya',
  '9842213850',
  'H.No. 41, Gali No. 5, Colony Road, Visakhapatnam, Andhra Pradesh',
  188175,
  0,
  0,
  0,
  0,
  188175,
  'split',
  'completed',
  '22222222-2222-4222-a222-222222222222',
  '2026-05-30T06:30:00.000Z'
);
INSERT INTO invoice_items (id, invoice_id, product_id, product_name, sku, quantity, unit_price, discount_percent, discount_amount, line_total)
VALUES (
  '91888a6f-da2d-4349-aed9-cbc843e7ad19',
  '838b8797-b696-4af7-b8c7-44cd8e16a4bb',
  '249a0f8e-bb21-425f-bb7c-f8c77f73e7f5',
  'Comfort Compact Student Desk (Oak Wood, Charcoal Grey)',
  'STU-OAK-0161',
  1,
  9000,
  5,
  450,
  8550
);
INSERT INTO invoice_items (id, invoice_id, product_id, product_name, sku, quantity, unit_price, discount_percent, discount_amount, line_total)
VALUES (
  '4702ec33-14cd-4db7-963a-771b9a268d03',
  '838b8797-b696-4af7-b8c7-44cd8e16a4bb',
  'd962ea49-1145-464e-ab65-42de5c30bf2c',
  'Imperial Multi-drawer Utility Cabinet (Engineered Wood, Walnut Brown)',
  'STO-ENG-0273',
  2,
  25000,
  0,
  0,
  50000
);
INSERT INTO invoice_items (id, invoice_id, product_id, product_name, sku, quantity, unit_price, discount_percent, discount_amount, line_total)
VALUES (
  '6d6c87db-f884-4aae-8e16-503b06a7f312',
  '838b8797-b696-4af7-b8c7-44cd8e16a4bb',
  'd31dd9f8-ee67-431a-92f6-23449a91be2a',
  'Royal Wooden Nesting Tables (Oak Wood, Ebony Black)',
  'COF-OAK-0125',
  1,
  15000,
  0,
  0,
  15000
);
INSERT INTO invoice_items (id, invoice_id, product_id, product_name, sku, quantity, unit_price, discount_percent, discount_amount, line_total)
VALUES (
  '929e8bff-ff53-4781-b658-86f0e0c85921',
  '838b8797-b696-4af7-b8c7-44cd8e16a4bb',
  '3a5f9708-fb43-44c9-b68f-8bc8d123070d',
  'Minimalist Open Walk-in Closet Organizer (Rose Wood, Ebony Black)',
  'WAR-ROS-0148',
  2,
  49000,
  0,
  0,
  98000
);
INSERT INTO invoice_items (id, invoice_id, product_id, product_name, sku, quantity, unit_price, discount_percent, discount_amount, line_total)
VALUES (
  '42bad9e1-03a1-4837-998d-6d811213b141',
  '838b8797-b696-4af7-b8c7-44cd8e16a4bb',
  '853d0482-2bba-4db5-bedd-febbf9e73e73',
  'Minimalist Solid Wood Computer Desk (Engineered Wood, Ebony Black)',
  'STU-ENG-0164',
  1,
  17500,
  5,
  875,
  16625
);
INSERT INTO payments (id, invoice_id, method, amount, reference, created_at) VALUES ('fe04f12f-c101-4c3c-970c-ade7a23d1dd8', '838b8797-b696-4af7-b8c7-44cd8e16a4bb', 'card', 75270, 'TXN-SPLIT-CARD', '2026-05-30T06:30:00.000Z');
INSERT INTO payments (id, invoice_id, method, amount, reference, created_at) VALUES ('3006d6b5-d51a-4f65-9081-ab733c43e760', '838b8797-b696-4af7-b8c7-44cd8e16a4bb', 'upi', 112905, 'TXN-SPLIT-UPI', '2026-05-30T06:30:00.000Z');

-- Invoice TF-1272
INSERT INTO invoices (id, store_id, invoice_number, customer_name, customer_phone, customer_address, subtotal, discount_amount, delivery_charge, installation_charge, round_off, grand_total, payment_method, payment_status, created_by, created_at)
VALUES (
  'c38e6198-6e33-4f9a-8a2c-410f365bfd96',
  '29f4e073-bc1d-4071-ae3a-c8718a90f998',
  'TF-1272',
  'Guest',
  '',
  '',
  98950,
  0,
  0,
  0,
  0,
  98950,
  'bank_transfer',
  'completed',
  '11111111-1111-4111-a111-111111111111',
  '2026-05-30T10:46:00.000Z'
);
INSERT INTO invoice_items (id, invoice_id, product_id, product_name, sku, quantity, unit_price, discount_percent, discount_amount, line_total)
VALUES (
  '221b231c-7b11-4ef2-b678-fadf14f6fad6',
  'c38e6198-6e33-4f9a-8a2c-410f365bfd96',
  '5a1c7880-0492-4124-bbed-efab59c864e7',
  'Comfort Wall Folding Laptop Desk (Engineered Wood, Ocean Blue)',
  'STU-ENG-0175',
  1,
  11000,
  5,
  550,
  10450
);
INSERT INTO invoice_items (id, invoice_id, product_id, product_name, sku, quantity, unit_price, discount_percent, discount_amount, line_total)
VALUES (
  '40e2d2f7-f54e-4af0-ae8d-91b35f5f3166',
  'c38e6198-6e33-4f9a-8a2c-410f365bfd96',
  '1f830695-350d-41b6-a4b3-9d85595b1a0c',
  'Eco-sustain Solid Wood Dining Chair (Oak Wood, Ivory White)',
  'DIN-OAK-0070',
  2,
  8500,
  0,
  0,
  17000
);
INSERT INTO invoice_items (id, invoice_id, product_id, product_name, sku, quantity, unit_price, discount_percent, discount_amount, line_total)
VALUES (
  '0b567a39-a594-4531-9d61-cb52308dc558',
  'c38e6198-6e33-4f9a-8a2c-410f365bfd96',
  'ad43dc01-66f1-487c-9f06-f2bc3648b2f0',
  'Luxurious King Size Bed with Storage (Mahogany, Warm Beige)',
  'BED-MAH-0021',
  1,
  17500,
  0,
  0,
  17500
);
INSERT INTO invoice_items (id, invoice_id, product_id, product_name, sku, quantity, unit_price, discount_percent, discount_amount, line_total)
VALUES (
  'a8ba8a96-6cd3-40ec-94b6-336c3ba59355',
  'c38e6198-6e33-4f9a-8a2c-410f365bfd96',
  '17d5f609-078e-468b-8895-272902a0b255',
  'Royal Garden Patio Bistro Set (Engineered Wood, Ivory White)',
  'OUT-ENG-0250',
  2,
  27000,
  0,
  0,
  54000
);
INSERT INTO payments (id, invoice_id, method, amount, reference, created_at) VALUES ('7658b583-126f-4242-ad0f-c5e94b5dd929', 'c38e6198-6e33-4f9a-8a2c-410f365bfd96', 'bank_transfer', 98950, 'TXN-TF-1272', '2026-05-30T10:46:00.000Z');

-- Invoice TF-1273
INSERT INTO invoices (id, store_id, invoice_number, customer_name, customer_phone, customer_address, subtotal, discount_amount, delivery_charge, installation_charge, round_off, grand_total, payment_method, payment_status, created_by, created_at)
VALUES (
  '0ed8cd4b-b98a-4748-9be7-5c821868ef69',
  '29f4e073-bc1d-4071-ae3a-c8718a90f998',
  'TF-1273',
  'Yash Pal',
  '9848451205',
  'H.No. 39, Gali No. 3, Colony Road, Chennai, Tamil Nadu',
  125975,
  0,
  0,
  0,
  0,
  125975,
  'card',
  'completed',
  '33333333-3333-4333-a333-333333333333',
  '2026-05-31T08:21:00.000Z'
);
INSERT INTO invoice_items (id, invoice_id, product_id, product_name, sku, quantity, unit_price, discount_percent, discount_amount, line_total)
VALUES (
  '1b7d0b1d-848d-4441-a7b0-eedf79823610',
  '0ed8cd4b-b98a-4748-9be7-5c821868ef69',
  '9db7520c-6881-4de3-9ec8-86be4c0694c6',
  'Classic Rattan Outdoor Swing Chair (Teak Wood, Charcoal Grey)',
  'OUT-TEA-0248',
  1,
  40500,
  5,
  2025,
  38475
);
INSERT INTO invoice_items (id, invoice_id, product_id, product_name, sku, quantity, unit_price, discount_percent, discount_amount, line_total)
VALUES (
  '1726d394-806f-45e3-bb64-bc7a4291b7a1',
  '0ed8cd4b-b98a-4748-9be7-5c821868ef69',
  'ac7c41b7-ab71-4a67-abd0-1c9d25f9a93a',
  'Minimalist 6-Drawer Wide Dresser chest (Rose Wood, Ocean Blue)',
  'DRE-ROS-0215',
  2,
  29000,
  0,
  0,
  58000
);
INSERT INTO invoice_items (id, invoice_id, product_id, product_name, sku, quantity, unit_price, discount_percent, discount_amount, line_total)
VALUES (
  'c0304e91-9a2f-4563-8b09-e1e3cf819dc1',
  '0ed8cd4b-b98a-4748-9be7-5c821868ef69',
  'ca58ecf2-a452-4fc6-8224-a40a5f4cc238',
  'Premium Sofa Cum Bed (Oak Wood, Charcoal Grey)',
  'SOF-OAK-0010',
  1,
  29500,
  0,
  0,
  29500
);
INSERT INTO payments (id, invoice_id, method, amount, reference, created_at) VALUES ('49c08979-5063-4ac6-b424-dd325dcf70ae', '0ed8cd4b-b98a-4748-9be7-5c821868ef69', 'card', 125975, 'TXN-TF-1273', '2026-05-31T08:21:00.000Z');

-- Invoice TF-1274
INSERT INTO invoices (id, store_id, invoice_number, customer_name, customer_phone, customer_address, subtotal, discount_amount, delivery_charge, installation_charge, round_off, grand_total, payment_method, payment_status, created_by, created_at)
VALUES (
  '59aed5e1-e3ab-4747-b9ab-a808f55ca676',
  '29f4e073-bc1d-4071-ae3a-c8718a90f998',
  'TF-1274',
  'Vivek Oberoi',
  '9856941302',
  'H.No. 38, Gali No. 2, Colony Road, Bangalore, Karnataka',
  78700,
  0,
  0,
  0,
  0,
  78700,
  'upi',
  'completed',
  '22222222-2222-4222-a222-222222222222',
  '2026-05-31T13:20:00.000Z'
);
INSERT INTO invoice_items (id, invoice_id, product_id, product_name, sku, quantity, unit_price, discount_percent, discount_amount, line_total)
VALUES (
  '8d3b6d49-53f5-4449-a617-365a10f6e058',
  '59aed5e1-e3ab-4747-b9ab-a808f55ca676',
  '0fd1f89f-28d1-4530-a20f-30e848b85844',
  'Modern 3-Seater Sofa (Sheesham Wood, Teak Finish)',
  'SOF-SHE-0016',
  1,
  66000,
  5,
  3300,
  62700
);
INSERT INTO invoice_items (id, invoice_id, product_id, product_name, sku, quantity, unit_price, discount_percent, discount_amount, line_total)
VALUES (
  'de3bc144-307b-4bec-911d-544bafb88616',
  '59aed5e1-e3ab-4747-b9ab-a808f55ca676',
  '7e92cf55-0bd4-4ad7-979a-0fe86acf3799',
  'Heritage Rattan Accent Chair (Mahogany, Ocean Blue)',
  'DIN-MAH-0068',
  2,
  8000,
  0,
  0,
  16000
);
INSERT INTO payments (id, invoice_id, method, amount, reference, created_at) VALUES ('cb74639b-39c3-4cec-8e84-d2bc54c8f7dc', '59aed5e1-e3ab-4747-b9ab-a808f55ca676', 'upi', 78700, 'TXN-TF-1274', '2026-05-31T13:20:00.000Z');

-- Invoice TF-1275
INSERT INTO invoices (id, store_id, invoice_number, customer_name, customer_phone, customer_address, subtotal, discount_amount, delivery_charge, installation_charge, round_off, grand_total, payment_method, payment_status, created_by, created_at)
VALUES (
  '9ed8015a-204e-42a2-8057-270a2c753264',
  '29f4e073-bc1d-4071-ae3a-c8718a90f998',
  'TF-1275',
  'Vikram Seth',
  '9840068596',
  'H.No. 37, Gali No. 1, Colony Road, Secunderabad, Telangana',
  29450,
  0,
  0,
  500,
  0,
  29950,
  'cash',
  'cancelled',
  '11111111-1111-4111-a111-111111111111',
  '2026-05-31T11:45:00.000Z'
);
INSERT INTO invoice_items (id, invoice_id, product_id, product_name, sku, quantity, unit_price, discount_percent, discount_amount, line_total)
VALUES (
  'cdf2cf4c-d102-489f-8d5e-59fa6d1dfd94',
  '9ed8015a-204e-42a2-8057-270a2c753264',
  '5b911b0d-4efd-45d7-b7d2-fe94a0d7d033',
  'Comfort Wooden Sun Lounger Bed (Engineered Wood, Ocean Blue)',
  'OUT-ENG-0243',
  1,
  31000,
  5,
  1550,
  29450
);

-- Invoice TF-1276
INSERT INTO invoices (id, store_id, invoice_number, customer_name, customer_phone, customer_address, subtotal, discount_amount, delivery_charge, installation_charge, round_off, grand_total, payment_method, payment_status, created_by, created_at)
VALUES (
  'a6a9ac6f-96dd-4ed6-91e1-729a6e99a507',
  '29f4e073-bc1d-4071-ae3a-c8718a90f998',
  'TF-1276',
  'Guest',
  '',
  '',
  321025,
  0,
  1200,
  0,
  0,
  322225,
  'split',
  'completed',
  '33333333-3333-4333-a333-333333333333',
  '2026-05-31T10:13:00.000Z'
);
INSERT INTO invoice_items (id, invoice_id, product_id, product_name, sku, quantity, unit_price, discount_percent, discount_amount, line_total)
VALUES (
  '2b1c86b3-6eee-41df-8269-ad6057931a0d',
  'a6a9ac6f-96dd-4ed6-91e1-729a6e99a507',
  '8c52fb9b-dbb9-4364-9287-992138d747d6',
  'Imperial Dual Comfort Latex Mattress (Sheesham Wood, Crimson Red)',
  'MAT-SHE-0183',
  1,
  21500,
  5,
  1075,
  20425
);
INSERT INTO invoice_items (id, invoice_id, product_id, product_name, sku, quantity, unit_price, discount_percent, discount_amount, line_total)
VALUES (
  '0622210a-91f4-426d-8a63-18428dd24047',
  'a6a9ac6f-96dd-4ed6-91e1-729a6e99a507',
  '5a47b543-0e83-4610-9794-e48996ce966c',
  'Minimalist Sofa Cum Bed (Mahogany, Warm Beige)',
  'SOF-MAH-0020',
  2,
  117500,
  0,
  0,
  235000
);
INSERT INTO invoice_items (id, invoice_id, product_id, product_name, sku, quantity, unit_price, discount_percent, discount_amount, line_total)
VALUES (
  '9f163acd-a066-40ba-906e-8025b6549640',
  'a6a9ac6f-96dd-4ed6-91e1-729a6e99a507',
  '565ae41d-77f4-4e7b-9327-33d684cb45de',
  'Imperial Compact Dresser Cabinet (Teak Wood, Teak Finish)',
  'DRE-TEA-0208',
  1,
  10500,
  0,
  0,
  10500
);
INSERT INTO invoice_items (id, invoice_id, product_id, product_name, sku, quantity, unit_price, discount_percent, discount_amount, line_total)
VALUES (
  'b1d2d543-e6dc-40a1-8261-af97ceeb7602',
  'a6a9ac6f-96dd-4ed6-91e1-729a6e99a507',
  '55b103bb-657e-4a60-a57f-276b49971487',
  'Minimalist Closed Glass-door Library Cabinet (Teak Wood, Teak Finish)',
  'BOO-TEA-0295',
  2,
  19000,
  0,
  0,
  38000
);
INSERT INTO invoice_items (id, invoice_id, product_id, product_name, sku, quantity, unit_price, discount_percent, discount_amount, line_total)
VALUES (
  '3b4bbfbf-9c9e-4fda-aa83-d5adce08c1e6',
  'a6a9ac6f-96dd-4ed6-91e1-729a6e99a507',
  '2c84a2a1-1b4f-4366-8e11-43df5f4b9044',
  'Eco-sustain Executive Study Desk with Drawers (Engineered Wood, Charcoal Grey)',
  'STU-ENG-0166',
  1,
  18000,
  5,
  900,
  17100
);
INSERT INTO payments (id, invoice_id, method, amount, reference, created_at) VALUES ('b56caed5-9dcf-480e-9076-ae8cf69411dc', 'a6a9ac6f-96dd-4ed6-91e1-729a6e99a507', 'card', 128890, 'TXN-SPLIT-CARD', '2026-05-31T10:13:00.000Z');
INSERT INTO payments (id, invoice_id, method, amount, reference, created_at) VALUES ('672e590d-21ad-4ea9-b3cd-2b2e391cd78b', 'a6a9ac6f-96dd-4ed6-91e1-729a6e99a507', 'upi', 193335, 'TXN-SPLIT-UPI', '2026-05-31T10:13:00.000Z');

-- Invoice TF-1277
INSERT INTO invoices (id, store_id, invoice_number, customer_name, customer_phone, customer_address, subtotal, discount_amount, delivery_charge, installation_charge, round_off, grand_total, payment_method, payment_status, created_by, created_at)
VALUES (
  '64b2abb1-64a0-4f39-9b78-58c73f55db9b',
  '29f4e073-bc1d-4071-ae3a-c8718a90f998',
  'TF-1277',
  'Sneha Rao',
  '9838919308',
  'H.No. 35, Gali No. 4, Colony Road, Visakhapatnam, Andhra Pradesh',
  146250,
  0,
  0,
  0,
  0,
  146250,
  'bank_transfer',
  'completed',
  '22222222-2222-4222-a222-222222222222',
  '2026-05-31T14:38:00.000Z'
);
INSERT INTO invoice_items (id, invoice_id, product_id, product_name, sku, quantity, unit_price, discount_percent, discount_amount, line_total)
VALUES (
  '81bf4d2c-97b8-4253-bbcf-dd4dddf66810',
  '64b2abb1-64a0-4f39-9b78-58c73f55db9b',
  '6828ebac-2584-4fd1-9df2-427683a18f37',
  'Royal Executive Study Desk with Drawers (Sheesham Wood, Ivory White)',
  'STU-SHE-0170',
  1,
  25000,
  5,
  1250,
  23750
);
INSERT INTO invoice_items (id, invoice_id, product_id, product_name, sku, quantity, unit_price, discount_percent, discount_amount, line_total)
VALUES (
  'f1c76da4-d4ca-43bd-9bd5-37f194c0fafd',
  '64b2abb1-64a0-4f39-9b78-58c73f55db9b',
  '988b76f0-cc4f-4289-98c4-aec3b799c233',
  'Imperial Wooden Sun Lounger Bed (Sheesham Wood, Ivory White)',
  'OUT-SHE-0258',
  2,
  16500,
  0,
  0,
  33000
);
INSERT INTO invoice_items (id, invoice_id, product_id, product_name, sku, quantity, unit_price, discount_percent, discount_amount, line_total)
VALUES (
  '3299e210-4021-47de-8df7-036e50599bfb',
  '64b2abb1-64a0-4f39-9b78-58c73f55db9b',
  '18deb9b6-29ee-4f6f-8dd1-e5fd9780b37a',
  'Luxurious Visitor Stool Chair (Mahogany, Charcoal Grey)',
  'OFF-MAH-0092',
  1,
  30500,
  0,
  0,
  30500
);
INSERT INTO invoice_items (id, invoice_id, product_id, product_name, sku, quantity, unit_price, discount_percent, discount_amount, line_total)
VALUES (
  '5594cf90-0e8c-4190-8288-d7c099d725e9',
  '64b2abb1-64a0-4f39-9b78-58c73f55db9b',
  'a5510930-e139-42b6-aa7a-ad0522efea79',
  'Comfort 6-Drawer Wide Dresser chest (Sheesham Wood, Teak Finish)',
  'DRE-SHE-0218',
  2,
  29500,
  0,
  0,
  59000
);
INSERT INTO payments (id, invoice_id, method, amount, reference, created_at) VALUES ('5e3e1965-14e4-470c-8107-eacfd330c14e', '64b2abb1-64a0-4f39-9b78-58c73f55db9b', 'bank_transfer', 146250, 'TXN-TF-1277', '2026-05-31T14:38:00.000Z');

-- Invoice TF-1278
INSERT INTO invoices (id, store_id, invoice_number, customer_name, customer_phone, customer_address, subtotal, discount_amount, delivery_charge, installation_charge, round_off, grand_total, payment_method, payment_status, created_by, created_at)
VALUES (
  '9451fd6c-4453-437a-9f94-79212bfbb413',
  '29f4e073-bc1d-4071-ae3a-c8718a90f998',
  'TF-1278',
  'Siddharth Sen',
  '9818468602',
  'H.No. 34, Gali No. 3, Colony Road, Vijayawada, Andhra Pradesh',
  113550,
  0,
  0,
  0,
  0,
  113550,
  'card',
  'completed',
  '11111111-1111-4111-a111-111111111111',
  '2026-06-01T10:25:00.000Z'
);
INSERT INTO invoice_items (id, invoice_id, product_id, product_name, sku, quantity, unit_price, discount_percent, discount_amount, line_total)
VALUES (
  'd7f1a77e-7ea9-436d-bf50-fce892c564a5',
  '9451fd6c-4453-437a-9f94-79212bfbb413',
  '6049902d-6b43-4578-8eb4-cfb603455a07',
  'Comfort Marble Top Dining Table (Oak Wood, Charcoal Grey)',
  'DIN-OAK-0051',
  1,
  39000,
  5,
  1950,
  37050
);
INSERT INTO invoice_items (id, invoice_id, product_id, product_name, sku, quantity, unit_price, discount_percent, discount_amount, line_total)
VALUES (
  '1c187fac-ebc7-4b4d-b9be-c34d103844f9',
  '9451fd6c-4453-437a-9f94-79212bfbb413',
  '45b029af-1b46-4141-84a7-5a0a282002d9',
  'Comfort Wall Mounted TV Cabinet (Engineered Wood, Crimson Red)',
  'TV -ENG-0104',
  2,
  35500,
  0,
  0,
  71000
);
INSERT INTO invoice_items (id, invoice_id, product_id, product_name, sku, quantity, unit_price, discount_percent, discount_amount, line_total)
VALUES (
  'af9bc741-b9e4-4883-810e-e92872faeb26',
  '9451fd6c-4453-437a-9f94-79212bfbb413',
  '309401d9-0e72-4846-a4d8-48610ed27410',
  'Modern Solid Wood Dining Chair (Mahogany, Walnut Brown)',
  'DIN-MAH-0062',
  1,
  5500,
  0,
  0,
  5500
);
INSERT INTO payments (id, invoice_id, method, amount, reference, created_at) VALUES ('b5cb979d-2abe-410c-8ce7-739e28f10490', '9451fd6c-4453-437a-9f94-79212bfbb413', 'card', 113550, 'TXN-TF-1278', '2026-06-01T10:25:00.000Z');

-- Invoice TF-1279
INSERT INTO invoices (id, store_id, invoice_number, customer_name, customer_phone, customer_address, subtotal, discount_amount, delivery_charge, installation_charge, round_off, grand_total, payment_method, payment_status, created_by, created_at)
VALUES (
  '356fb3b6-7875-4d61-a9cc-2314eaf6599e',
  '29f4e073-bc1d-4071-ae3a-c8718a90f998',
  'TF-1279',
  'Sarita Mishra',
  '9868630921',
  'H.No. 33, Gali No. 2, Colony Road, Chennai, Tamil Nadu',
  77450,
  0,
  0,
  0,
  0,
  77450,
  'upi',
  'completed',
  '33333333-3333-4333-a333-333333333333',
  '2026-06-01T12:48:00.000Z'
);
INSERT INTO invoice_items (id, invoice_id, product_id, product_name, sku, quantity, unit_price, discount_percent, discount_amount, line_total)
VALUES (
  '6725a8be-8dc6-4d67-9389-0f060d5d260e',
  '356fb3b6-7875-4d61-a9cc-2314eaf6599e',
  '5b911b0d-4efd-45d7-b7d2-fe94a0d7d033',
  'Comfort Wooden Sun Lounger Bed (Engineered Wood, Ocean Blue)',
  'OUT-ENG-0243',
  1,
  31000,
  5,
  1550,
  29450
);
INSERT INTO invoice_items (id, invoice_id, product_id, product_name, sku, quantity, unit_price, discount_percent, discount_amount, line_total)
VALUES (
  '94aadccc-bf27-4301-b6e9-b19447b1673f',
  '356fb3b6-7875-4d61-a9cc-2314eaf6599e',
  'd1bfa1d2-939f-437f-a810-2b16376ba4a8',
  'Luxurious Orthopedic Memory Foam Mattress (Teak Wood, Teak Finish)',
  'MAT-TEA-0184',
  2,
  24000,
  0,
  0,
  48000
);
INSERT INTO payments (id, invoice_id, method, amount, reference, created_at) VALUES ('ca266e47-fe3d-4bfc-9abf-18b0baa91419', '356fb3b6-7875-4d61-a9cc-2314eaf6599e', 'upi', 77450, 'TXN-TF-1279', '2026-06-01T12:48:00.000Z');

-- Invoice TF-1280
INSERT INTO invoices (id, store_id, invoice_number, customer_name, customer_phone, customer_address, subtotal, discount_amount, delivery_charge, installation_charge, round_off, grand_total, payment_method, payment_status, created_by, created_at)
VALUES (
  'eaa991c4-9d6d-4c1b-a028-99b6a73c1407',
  '29f4e073-bc1d-4071-ae3a-c8718a90f998',
  'TF-1280',
  'Guest',
  '',
  '',
  11400,
  342,
  0,
  0,
  0,
  11058,
  'cash',
  'completed',
  '22222222-2222-4222-a222-222222222222',
  '2026-06-01T11:44:00.000Z'
);
INSERT INTO invoice_items (id, invoice_id, product_id, product_name, sku, quantity, unit_price, discount_percent, discount_amount, line_total)
VALUES (
  'd0281566-661f-4e7e-abf3-e2214c2a06e1',
  'eaa991c4-9d6d-4c1b-a028-99b6a73c1407',
  '4e04bd65-d62f-4358-9ae5-1b640f6f63a4',
  'Classic Ergonomic Task Chair (Sheesham Wood, Ebony Black)',
  'OFF-SHE-0085',
  1,
  12000,
  5,
  600,
  11400
);
INSERT INTO payments (id, invoice_id, method, amount, reference, created_at) VALUES ('1885b816-c68f-4996-a366-f0c4f821b0f8', 'eaa991c4-9d6d-4c1b-a028-99b6a73c1407', 'cash', 11058, 'TXN-TF-1280', '2026-06-01T11:44:00.000Z');

-- Invoice TF-1281
INSERT INTO invoices (id, store_id, invoice_number, customer_name, customer_phone, customer_address, subtotal, discount_amount, delivery_charge, installation_charge, round_off, grand_total, payment_method, payment_status, created_by, created_at)
VALUES (
  '906d080d-f068-4f6b-a97a-ebaa4c27c2d8',
  '29f4e073-bc1d-4071-ae3a-c8718a90f998',
  'TF-1281',
  'Sandeep Hegde',
  '9810965696',
  'H.No. 31, Gali No. 5, Colony Road, Secunderabad, Telangana',
  359175,
  0,
  0,
  0,
  0,
  359175,
  'split',
  'completed',
  '11111111-1111-4111-a111-111111111111',
  '2026-06-01T15:07:00.000Z'
);
INSERT INTO invoice_items (id, invoice_id, product_id, product_name, sku, quantity, unit_price, discount_percent, discount_amount, line_total)
VALUES (
  '6a97a383-844f-47f6-937c-0ed85a631330',
  '906d080d-f068-4f6b-a97a-ebaa4c27c2d8',
  '14858145-d9df-494d-a77d-ebcd2119d317',
  'Premium King Size Bed with Storage (Engineered Wood, Teak Finish)',
  'BED-ENG-0026',
  1,
  68500,
  5,
  3425,
  65075
);
INSERT INTO invoice_items (id, invoice_id, product_id, product_name, sku, quantity, unit_price, discount_percent, discount_amount, line_total)
VALUES (
  'f52bbbe7-2437-4e29-87d2-b2ea8d0e6254',
  '906d080d-f068-4f6b-a97a-ebaa4c27c2d8',
  'aeacc6db-6372-421c-b55c-3bcc0f97ef15',
  'Imperial Modular TV Stand with Shelves (Sheesham Wood, Ivory White)',
  'TV -SHE-0103',
  2,
  29000,
  0,
  0,
  58000
);
INSERT INTO invoice_items (id, invoice_id, product_id, product_name, sku, quantity, unit_price, discount_percent, discount_amount, line_total)
VALUES (
  '2c34a3a2-2277-4945-bc37-9d46682841db',
  '906d080d-f068-4f6b-a97a-ebaa4c27c2d8',
  'e2a346ed-dbcd-4755-91ba-c6bed535d05e',
  'Imperial Shoe Storage Bench Rack (Rose Wood, Warm Beige)',
  'STO-ROS-0277',
  1,
  9500,
  0,
  0,
  9500
);
INSERT INTO invoice_items (id, invoice_id, product_id, product_name, sku, quantity, unit_price, discount_percent, discount_amount, line_total)
VALUES (
  '14c1123c-04f9-4f67-b7c1-2b7c82c22c00',
  '906d080d-f068-4f6b-a97a-ebaa4c27c2d8',
  'd449acce-7b49-4170-bfe0-d366cbbef163',
  'Eco-sustain Sofa Cum Bed (Sheesham Wood, Warm Beige)',
  'SOF-SHE-0015',
  2,
  90500,
  0,
  0,
  181000
);
INSERT INTO invoice_items (id, invoice_id, product_id, product_name, sku, quantity, unit_price, discount_percent, discount_amount, line_total)
VALUES (
  'c49cddea-e1c6-4db4-a7c9-06e9760e224e',
  '906d080d-f068-4f6b-a97a-ebaa4c27c2d8',
  '673864fc-96aa-4ee5-be46-eaeecd987a1f',
  'Classic 3-Door Wardrobe with Mirror (Mahogany, Charcoal Grey)',
  'WAR-MAH-0157',
  1,
  48000,
  5,
  2400,
  45600
);
INSERT INTO payments (id, invoice_id, method, amount, reference, created_at) VALUES ('d84d8566-e072-46d9-9df7-5a0133db8498', '906d080d-f068-4f6b-a97a-ebaa4c27c2d8', 'card', 143670, 'TXN-SPLIT-CARD', '2026-06-01T15:07:00.000Z');
INSERT INTO payments (id, invoice_id, method, amount, reference, created_at) VALUES ('fa0e1c3a-5898-4e1e-92c7-f1bf9498a50b', '906d080d-f068-4f6b-a97a-ebaa4c27c2d8', 'upi', 215505, 'TXN-SPLIT-UPI', '2026-06-01T15:07:00.000Z');

-- Invoice TF-1282
INSERT INTO invoices (id, store_id, invoice_number, customer_name, customer_phone, customer_address, subtotal, discount_amount, delivery_charge, installation_charge, round_off, grand_total, payment_method, payment_status, created_by, created_at)
VALUES (
  '494e3929-2951-4d98-a9b9-41d8cf404a46',
  '29f4e073-bc1d-4071-ae3a-c8718a90f998',
  'TF-1282',
  'Ravi Shankar',
  '9840315284',
  'H.No. 30, Gali No. 4, Colony Road, Hyderabad, Telangana',
  171175,
  0,
  0,
  0,
  0,
  171175,
  'bank_transfer',
  'completed',
  '33333333-3333-4333-a333-333333333333',
  '2026-06-01T07:19:00.000Z'
);
INSERT INTO invoice_items (id, invoice_id, product_id, product_name, sku, quantity, unit_price, discount_percent, discount_amount, line_total)
VALUES (
  '8e2acd82-7ea7-4efa-abfd-819da3379a9a',
  '494e3929-2951-4d98-a9b9-41d8cf404a46',
  'c3bdab85-df81-4821-bebc-d23000ed008b',
  'Eco-sustain Poster Bed (Oak Wood, Ocean Blue)',
  'BED-OAK-0024',
  1,
  36500,
  5,
  1825,
  34675
);
INSERT INTO invoice_items (id, invoice_id, product_id, product_name, sku, quantity, unit_price, discount_percent, discount_amount, line_total)
VALUES (
  '74ce0c26-abce-4a6f-b492-302ca96d3050',
  '494e3929-2951-4d98-a9b9-41d8cf404a46',
  '7d9f3fe3-ab91-4396-a6f7-d7485895bccf',
  'Luxurious Ladder Bookshelf Display Unit (Sheesham Wood, Crimson Red)',
  'BOO-SHE-0281',
  2,
  24000,
  0,
  0,
  48000
);
INSERT INTO invoice_items (id, invoice_id, product_id, product_name, sku, quantity, unit_price, discount_percent, discount_amount, line_total)
VALUES (
  '0c50c1fc-5dc3-4c70-a973-eb17a0eff636',
  '494e3929-2951-4d98-a9b9-41d8cf404a46',
  '37a6c3c3-101c-48cc-a350-7d294835d4a1',
  'Royal L-Shape Sofa Sectional (Oak Wood, Ebony Black)',
  'SOF-OAK-0012',
  1,
  53500,
  0,
  0,
  53500
);
INSERT INTO invoice_items (id, invoice_id, product_id, product_name, sku, quantity, unit_price, discount_percent, discount_amount, line_total)
VALUES (
  'b615627c-ec99-4058-a61b-1f2181e902d2',
  '494e3929-2951-4d98-a9b9-41d8cf404a46',
  '3b887fdc-e681-4eb9-a8f9-ed3a55c5f4af',
  'Classic Ladder Bookshelf Display Unit (Engineered Wood, Warm Beige)',
  'BOO-ENG-0287',
  2,
  17500,
  0,
  0,
  35000
);
INSERT INTO payments (id, invoice_id, method, amount, reference, created_at) VALUES ('2e417a26-64aa-4bdc-813a-8b64cfdf8793', '494e3929-2951-4d98-a9b9-41d8cf404a46', 'bank_transfer', 171175, 'TXN-TF-1282', '2026-06-01T07:19:00.000Z');

-- Invoice TF-1283
INSERT INTO invoices (id, store_id, invoice_number, customer_name, customer_phone, customer_address, subtotal, discount_amount, delivery_charge, installation_charge, round_off, grand_total, payment_method, payment_status, created_by, created_at)
VALUES (
  'cc4d8533-07ae-48cb-99da-c72104eaab79',
  '29f4e073-bc1d-4071-ae3a-c8718a90f998',
  'TF-1283',
  'Ramesh Chandra',
  '9858264637',
  'H.No. 29, Gali No. 3, Colony Road, Visakhapatnam, Andhra Pradesh',
  171275,
  0,
  1200,
  0,
  0,
  172475,
  'card',
  'completed',
  '22222222-2222-4222-a222-222222222222',
  '2026-06-01T10:57:00.000Z'
);
INSERT INTO invoice_items (id, invoice_id, product_id, product_name, sku, quantity, unit_price, discount_percent, discount_amount, line_total)
VALUES (
  'eb3125ed-fc5e-423a-a3b0-943fcc4400e7',
  'cc4d8533-07ae-48cb-99da-c72104eaab79',
  '869a74f7-e587-447c-b8c9-e073f3d7ba83',
  'Classic Chesterfield Sofa (Teak Wood, Charcoal Grey)',
  'SOF-TEA-0019',
  1,
  34500,
  5,
  1725,
  32775
);
INSERT INTO invoice_items (id, invoice_id, product_id, product_name, sku, quantity, unit_price, discount_percent, discount_amount, line_total)
VALUES (
  '94237d34-10ab-40c1-bbc7-28dfab15c46f',
  'cc4d8533-07ae-48cb-99da-c72104eaab79',
  'aabd3d3c-81bf-41ca-97c5-417d512c2000',
  'Premium Ergonomic Task Chair (Mahogany, Walnut Brown)',
  'OFF-MAH-0089',
  2,
  32500,
  0,
  0,
  65000
);
INSERT INTO invoice_items (id, invoice_id, product_id, product_name, sku, quantity, unit_price, discount_percent, discount_amount, line_total)
VALUES (
  'a3e6f72f-6261-4158-aeb7-d042607f2b45',
  'cc4d8533-07ae-48cb-99da-c72104eaab79',
  '7383b85e-d118-4855-93d4-0b86c77b26f2',
  'Classic Garden Patio Bistro Set (Mahogany, Warm Beige)',
  'OUT-MAH-0259',
  1,
  73500,
  0,
  0,
  73500
);
INSERT INTO payments (id, invoice_id, method, amount, reference, created_at) VALUES ('11431b0c-1ea4-476b-b214-dbaa2ff17293', 'cc4d8533-07ae-48cb-99da-c72104eaab79', 'card', 172475, 'TXN-TF-1283', '2026-06-01T10:57:00.000Z');

-- Invoice TF-1284
INSERT INTO invoices (id, store_id, invoice_number, customer_name, customer_phone, customer_address, subtotal, discount_amount, delivery_charge, installation_charge, round_off, grand_total, payment_method, payment_status, created_by, created_at)
VALUES (
  'c30138aa-0770-4a61-85bd-d16a2b66f46e',
  '29f4e073-bc1d-4071-ae3a-c8718a90f998',
  'TF-1284',
  'Guest',
  '',
  '',
  35625,
  0,
  0,
  500,
  0,
  36125,
  'upi',
  'completed',
  '11111111-1111-4111-a111-111111111111',
  '2026-06-02T09:41:00.000Z'
);
INSERT INTO invoice_items (id, invoice_id, product_id, product_name, sku, quantity, unit_price, discount_percent, discount_amount, line_total)
VALUES (
  'c6e4d76f-9613-41e6-bd67-9265e25e5a3a',
  'c30138aa-0770-4a61-85bd-d16a2b66f46e',
  '13e133ea-738a-4ea3-9c2b-da5292ef218f',
  'Imperial Wooden Sideboard Credenza (Sheesham Wood, Crimson Red)',
  'STO-SHE-0272',
  1,
  17500,
  5,
  875,
  16625
);
INSERT INTO invoice_items (id, invoice_id, product_id, product_name, sku, quantity, unit_price, discount_percent, discount_amount, line_total)
VALUES (
  '20220885-ce86-40c0-b6d7-07a7c14d03b3',
  'c30138aa-0770-4a61-85bd-d16a2b66f46e',
  'f9b40d20-052f-4c8a-8fa7-c32b87ce1d35',
  'Modern Modular TV Stand with Shelves (Oak Wood, Crimson Red)',
  'TV -OAK-0115',
  2,
  9500,
  0,
  0,
  19000
);
INSERT INTO payments (id, invoice_id, method, amount, reference, created_at) VALUES ('4178c8a4-9fb9-4433-b2c0-afad59c083dd', 'c30138aa-0770-4a61-85bd-d16a2b66f46e', 'upi', 36125, 'TXN-TF-1284', '2026-06-02T09:41:00.000Z');

-- Invoice TF-1285
INSERT INTO invoices (id, store_id, invoice_number, customer_name, customer_phone, customer_address, subtotal, discount_amount, delivery_charge, installation_charge, round_off, grand_total, payment_method, payment_status, created_by, created_at)
VALUES (
  '49aba03c-a8ce-459b-bb43-81ad57653fed',
  '29f4e073-bc1d-4071-ae3a-c8718a90f998',
  'TF-1285',
  'Priya Pillai',
  '9828052305',
  'H.No. 27, Gali No. 1, Colony Road, Chennai, Tamil Nadu',
  6175,
  0,
  0,
  0,
  0,
  6175,
  'cash',
  'completed',
  '33333333-3333-4333-a333-333333333333',
  '2026-06-02T14:58:00.000Z'
);
INSERT INTO invoice_items (id, invoice_id, product_id, product_name, sku, quantity, unit_price, discount_percent, discount_amount, line_total)
VALUES (
  '979816b4-f0e2-4c9a-a29a-22f99e81bd18',
  '49aba03c-a8ce-459b-bb43-81ad57653fed',
  '65816cb2-634c-42bb-912e-c302f7d948de',
  'Royal Glass Top Coffee Table (Engineered Wood, Charcoal Grey)',
  'COF-ENG-0134',
  1,
  6500,
  5,
  325,
  6175
);
INSERT INTO payments (id, invoice_id, method, amount, reference, created_at) VALUES ('c7d3e570-9834-4131-88e1-d75b8dd10407', '49aba03c-a8ce-459b-bb43-81ad57653fed', 'cash', 6175, 'TXN-TF-1285', '2026-06-02T14:58:00.000Z');

-- Invoice TF-1286
INSERT INTO invoices (id, store_id, invoice_number, customer_name, customer_phone, customer_address, subtotal, discount_amount, delivery_charge, installation_charge, round_off, grand_total, payment_method, payment_status, created_by, created_at)
VALUES (
  'fbf81673-fc51-4295-9b7e-60d40c326a7c',
  '29f4e073-bc1d-4071-ae3a-c8718a90f998',
  'TF-1286',
  'Pranav Kulkarni',
  '9850118715',
  'H.No. 26, Gali No. 5, Colony Road, Bangalore, Karnataka',
  88700,
  0,
  0,
  0,
  0,
  88700,
  'split',
  'completed',
  '22222222-2222-4222-a222-222222222222',
  '2026-06-02T06:23:00.000Z'
);
INSERT INTO invoice_items (id, invoice_id, product_id, product_name, sku, quantity, unit_price, discount_percent, discount_amount, line_total)
VALUES (
  'c13c9e47-8850-4cb7-b17e-fe4ead0aae36',
  'fbf81673-fc51-4295-9b7e-60d40c326a7c',
  '82345ae0-f851-4577-8a2f-ac1e48a15cbc',
  'Royal Compact Student Desk (Mahogany, Ocean Blue)',
  'STU-MAH-0173',
  1,
  17500,
  5,
  875,
  16625
);
INSERT INTO invoice_items (id, invoice_id, product_id, product_name, sku, quantity, unit_price, discount_percent, discount_amount, line_total)
VALUES (
  'db6a3846-cc01-4f5d-bc3a-0d9874182bbb',
  'fbf81673-fc51-4295-9b7e-60d40c326a7c',
  '4a5acb6e-f5d1-47ce-9597-f46560dcf9cb',
  'Luxurious Round Accent Coffee Table (Mahogany, Charcoal Grey)',
  'COF-MAH-0124',
  2,
  4500,
  0,
  0,
  9000
);
INSERT INTO invoice_items (id, invoice_id, product_id, product_name, sku, quantity, unit_price, discount_percent, discount_amount, line_total)
VALUES (
  '51c97b0d-513b-4f2e-99ec-ce7792494c77',
  'fbf81673-fc51-4295-9b7e-60d40c326a7c',
  'c6c9baff-b6c0-4b26-840b-5ebd9022835d',
  'Royal 6-Drawer Wide Dresser chest (Mahogany, Charcoal Grey)',
  'DRE-MAH-0212',
  1,
  10500,
  0,
  0,
  10500
);
INSERT INTO invoice_items (id, invoice_id, product_id, product_name, sku, quantity, unit_price, discount_percent, discount_amount, line_total)
VALUES (
  '36ba238f-cb9e-46cf-8b73-89be351c3b89',
  'fbf81673-fc51-4295-9b7e-60d40c326a7c',
  '853d0482-2bba-4db5-bedd-febbf9e73e73',
  'Minimalist Solid Wood Computer Desk (Engineered Wood, Ebony Black)',
  'STU-ENG-0164',
  2,
  17500,
  0,
  0,
  35000
);
INSERT INTO invoice_items (id, invoice_id, product_id, product_name, sku, quantity, unit_price, discount_percent, discount_amount, line_total)
VALUES (
  '39ba91ba-aedd-418a-86f8-4c22c6b47e01',
  'fbf81673-fc51-4295-9b7e-60d40c326a7c',
  '8f7a507b-c9d5-413e-a21a-23417938ea1d',
  'Minimalist 5-Tier Open Bookshelf Console (Sheesham Wood, Warm Beige)',
  'BOO-SHE-0282',
  1,
  18500,
  5,
  925,
  17575
);
INSERT INTO payments (id, invoice_id, method, amount, reference, created_at) VALUES ('b892e72e-f390-49c9-9c55-4ca39cc5174b', 'fbf81673-fc51-4295-9b7e-60d40c326a7c', 'card', 35480, 'TXN-SPLIT-CARD', '2026-06-02T06:23:00.000Z');
INSERT INTO payments (id, invoice_id, method, amount, reference, created_at) VALUES ('5dfa9dce-bd70-46d6-85a3-9cbf2063fe74', 'fbf81673-fc51-4295-9b7e-60d40c326a7c', 'upi', 53220, 'TXN-SPLIT-UPI', '2026-06-02T06:23:00.000Z');

-- Invoice TF-1287
INSERT INTO invoices (id, store_id, invoice_number, customer_name, customer_phone, customer_address, subtotal, discount_amount, delivery_charge, installation_charge, round_off, grand_total, payment_method, payment_status, created_by, created_at)
VALUES (
  '29ef4c5c-f4cb-4955-a8ec-e5ff70bcfc37',
  '29f4e073-bc1d-4071-ae3a-c8718a90f998',
  'TF-1287',
  'Neha Deshmukh',
  '9815059315',
  'H.No. 25, Gali No. 4, Colony Road, Secunderabad, Telangana',
  86900,
  0,
  0,
  0,
  0,
  86900,
  'bank_transfer',
  'completed',
  '11111111-1111-4111-a111-111111111111',
  '2026-06-02T15:09:00.000Z'
);
INSERT INTO invoice_items (id, invoice_id, product_id, product_name, sku, quantity, unit_price, discount_percent, discount_amount, line_total)
VALUES (
  '22ba51d6-aab0-4e16-baa4-ee6ddde6848d',
  '29ef4c5c-f4cb-4955-a8ec-e5ff70bcfc37',
  'cb469098-20af-41f4-ac4d-3be8ea9f8eb0',
  'Luxurious Glass Top Coffee Table (Teak Wood, Teak Finish)',
  'COF-TEA-0122',
  1,
  12000,
  5,
  600,
  11400
);
INSERT INTO invoice_items (id, invoice_id, product_id, product_name, sku, quantity, unit_price, discount_percent, discount_amount, line_total)
VALUES (
  'a4d8f444-20a9-4bc4-8215-ffed13cb1b2f',
  '29ef4c5c-f4cb-4955-a8ec-e5ff70bcfc37',
  '1e2db180-eac0-41f5-a95c-847c1fa0b20a',
  'Eco-sustain Wooden Sideboard Credenza (Rose Wood, Ivory White)',
  'STO-ROS-0278',
  2,
  20500,
  0,
  0,
  41000
);
INSERT INTO invoice_items (id, invoice_id, product_id, product_name, sku, quantity, unit_price, discount_percent, discount_amount, line_total)
VALUES (
  '60971319-0762-4ce0-927f-8d52c788fa2c',
  '29ef4c5c-f4cb-4955-a8ec-e5ff70bcfc37',
  'db934a58-986a-4cf0-9883-fdff9c444d3a',
  'Luxurious Solid Wood Computer Desk (Oak Wood, Ocean Blue)',
  'STU-OAK-0168',
  1,
  6500,
  0,
  0,
  6500
);
INSERT INTO invoice_items (id, invoice_id, product_id, product_name, sku, quantity, unit_price, discount_percent, discount_amount, line_total)
VALUES (
  'c14ae7c8-2c1e-470a-83c6-d9f3c2fa9c45',
  '29ef4c5c-f4cb-4955-a8ec-e5ff70bcfc37',
  '26e97e22-a9a9-4748-b43f-4f06ff43b1cc',
  'Classic Cushioned Dining Chair (Mahogany, Warm Beige)',
  'DIN-MAH-0069',
  2,
  14000,
  0,
  0,
  28000
);
INSERT INTO payments (id, invoice_id, method, amount, reference, created_at) VALUES ('b03e0943-b128-4692-9d17-d1d8d1ad31bc', '29ef4c5c-f4cb-4955-a8ec-e5ff70bcfc37', 'bank_transfer', 86900, 'TXN-TF-1287', '2026-06-02T15:09:00.000Z');

-- Invoice TF-1288
INSERT INTO invoices (id, store_id, invoice_number, customer_name, customer_phone, customer_address, subtotal, discount_amount, delivery_charge, installation_charge, round_off, grand_total, payment_method, payment_status, created_by, created_at)
VALUES (
  '0763bcb8-fe63-4e2e-8159-6b892a5d11b7',
  '29f4e073-bc1d-4071-ae3a-c8718a90f998',
  'TF-1288',
  'Guest',
  '',
  '',
  99175,
  0,
  0,
  0,
  0,
  99175,
  'card',
  'completed',
  '33333333-3333-4333-a333-333333333333',
  '2026-06-02T07:16:00.000Z'
);
INSERT INTO invoice_items (id, invoice_id, product_id, product_name, sku, quantity, unit_price, discount_percent, discount_amount, line_total)
VALUES (
  '4b90b3b4-06c2-40c2-b943-88f62e06b248',
  '0763bcb8-fe63-4e2e-8159-6b892a5d11b7',
  'c7f13d7f-df13-43de-aeba-718f47ec79fa',
  'Classic Solid Wood Computer Desk (Engineered Wood, Walnut Brown)',
  'STU-ENG-0172',
  1,
  6500,
  5,
  325,
  6175
);
INSERT INTO invoice_items (id, invoice_id, product_id, product_name, sku, quantity, unit_price, discount_percent, discount_amount, line_total)
VALUES (
  '645d18d8-03a7-48e1-ba06-70c0a84065bf',
  '0763bcb8-fe63-4e2e-8159-6b892a5d11b7',
  '863c1594-c882-4d72-8a33-d9000fa5b282',
  'Luxurious Shoe Storage Bench Rack (Teak Wood, Teak Finish)',
  'STO-TEA-0274',
  2,
  22000,
  0,
  0,
  44000
);
INSERT INTO invoice_items (id, invoice_id, product_id, product_name, sku, quantity, unit_price, discount_percent, discount_amount, line_total)
VALUES (
  'b339cc8a-0cba-472f-8e67-86d1ba0b5ea2',
  '0763bcb8-fe63-4e2e-8159-6b892a5d11b7',
  '3a5f9708-fb43-44c9-b68f-8bc8d123070d',
  'Minimalist Open Walk-in Closet Organizer (Rose Wood, Ebony Black)',
  'WAR-ROS-0148',
  1,
  49000,
  0,
  0,
  49000
);
INSERT INTO payments (id, invoice_id, method, amount, reference, created_at) VALUES ('ce0241be-f169-40d2-92b8-ce9bb7fb39ec', '0763bcb8-fe63-4e2e-8159-6b892a5d11b7', 'card', 99175, 'TXN-TF-1288', '2026-06-02T07:16:00.000Z');

-- Invoice TF-1289
INSERT INTO invoices (id, store_id, invoice_number, customer_name, customer_phone, customer_address, subtotal, discount_amount, delivery_charge, installation_charge, round_off, grand_total, payment_method, payment_status, created_by, created_at)
VALUES (
  'f6fdab19-d25a-464a-8485-a3b9a3d35780',
  '29f4e073-bc1d-4071-ae3a-c8718a90f998',
  'TF-1289',
  'Kavitha Hegde',
  '9893566191',
  'H.No. 23, Gali No. 2, Colony Road, Visakhapatnam, Andhra Pradesh',
  37600,
  0,
  0,
  0,
  0,
  37600,
  'upi',
  'completed',
  '22222222-2222-4222-a222-222222222222',
  '2026-06-03T11:24:00.000Z'
);
INSERT INTO invoice_items (id, invoice_id, product_id, product_name, sku, quantity, unit_price, discount_percent, discount_amount, line_total)
VALUES (
  '8493b80e-3757-49e7-b9f8-d2840db4d0c5',
  'f6fdab19-d25a-464a-8485-a3b9a3d35780',
  '7e92cf55-0bd4-4ad7-979a-0fe86acf3799',
  'Heritage Rattan Accent Chair (Mahogany, Ocean Blue)',
  'DIN-MAH-0068',
  1,
  8000,
  5,
  400,
  7600
);
INSERT INTO invoice_items (id, invoice_id, product_id, product_name, sku, quantity, unit_price, discount_percent, discount_amount, line_total)
VALUES (
  'bf3678b0-d533-46be-8b1e-b741aa15cd0d',
  'f6fdab19-d25a-464a-8485-a3b9a3d35780',
  'd31dd9f8-ee67-431a-92f6-23449a91be2a',
  'Royal Wooden Nesting Tables (Oak Wood, Ebony Black)',
  'COF-OAK-0125',
  2,
  15000,
  0,
  0,
  30000
);
INSERT INTO payments (id, invoice_id, method, amount, reference, created_at) VALUES ('3e09767b-abed-4eef-a96a-75770b17054f', 'f6fdab19-d25a-464a-8485-a3b9a3d35780', 'upi', 37600, 'TXN-TF-1289', '2026-06-03T11:24:00.000Z');

-- Invoice TF-1290
INSERT INTO invoices (id, store_id, invoice_number, customer_name, customer_phone, customer_address, subtotal, discount_amount, delivery_charge, installation_charge, round_off, grand_total, payment_method, payment_status, created_by, created_at)
VALUES (
  '9021a304-492f-4777-ae21-8bd43e8b59e5',
  '29f4e073-bc1d-4071-ae3a-c8718a90f998',
  'TF-1290',
  'Karthik Swami',
  '9890572317',
  'H.No. 22, Gali No. 1, Colony Road, Vijayawada, Andhra Pradesh',
  26600,
  798,
  1200,
  0,
  0,
  27002,
  'cash',
  'completed',
  '11111111-1111-4111-a111-111111111111',
  '2026-06-03T08:33:00.000Z'
);
INSERT INTO invoice_items (id, invoice_id, product_id, product_name, sku, quantity, unit_price, discount_percent, discount_amount, line_total)
VALUES (
  'f961174d-171e-4d90-8165-2a7ad00fe0f0',
  '9021a304-492f-4777-ae21-8bd43e8b59e5',
  'dd88417a-f687-4859-a0c7-7bfa3233750c',
  'Minimalist Massage Recliner Chair (Teak Wood, Crimson Red)',
  'REC-TEA-0226',
  1,
  28000,
  5,
  1400,
  26600
);
INSERT INTO payments (id, invoice_id, method, amount, reference, created_at) VALUES ('f675785a-881f-4a73-a735-b000aaeba08a', '9021a304-492f-4777-ae21-8bd43e8b59e5', 'cash', 27002, 'TXN-TF-1290', '2026-06-03T08:33:00.000Z');

-- Invoice TF-1291
INSERT INTO invoices (id, store_id, invoice_number, customer_name, customer_phone, customer_address, subtotal, discount_amount, delivery_charge, installation_charge, round_off, grand_total, payment_method, payment_status, created_by, created_at)
VALUES (
  'ecddebcc-12d4-4a15-a9bd-c6984cd43cc1',
  '29f4e073-bc1d-4071-ae3a-c8718a90f998',
  'TF-1291',
  'Jyoti Prasad',
  '9823482531',
  'H.No. 21, Gali No. 5, Colony Road, Chennai, Tamil Nadu',
  251025,
  0,
  0,
  0,
  0,
  251025,
  'split',
  'completed',
  '33333333-3333-4333-a333-333333333333',
  '2026-06-03T07:50:00.000Z'
);
INSERT INTO invoice_items (id, invoice_id, product_id, product_name, sku, quantity, unit_price, discount_percent, discount_amount, line_total)
VALUES (
  '51f58419-f522-403c-b9e6-62abb57e1e79',
  'ecddebcc-12d4-4a15-a9bd-c6984cd43cc1',
  '4ae17f3f-dacf-4f0b-9eeb-fc0d3835fe91',
  'Modern Dual Comfort Latex Mattress (Mahogany, Walnut Brown)',
  'MAT-MAH-0198',
  1,
  21000,
  5,
  1050,
  19950
);
INSERT INTO invoice_items (id, invoice_id, product_id, product_name, sku, quantity, unit_price, discount_percent, discount_amount, line_total)
VALUES (
  '63851655-33ed-4af4-b1ef-5c4d1a83ffd0',
  'ecddebcc-12d4-4a15-a9bd-c6984cd43cc1',
  '683ad21e-1aa2-472d-b66a-1720d1f62971',
  'Premium 4-Seater Glass Top Dining Table (Rose Wood, Ivory White)',
  'DIN-ROS-0046',
  2,
  83000,
  0,
  0,
  166000
);
INSERT INTO invoice_items (id, invoice_id, product_id, product_name, sku, quantity, unit_price, discount_percent, discount_amount, line_total)
VALUES (
  '131aa957-e996-44e7-b3d5-4a92143760b3',
  'ecddebcc-12d4-4a15-a9bd-c6984cd43cc1',
  '03b4a8ea-a727-4547-a037-7cb2828bd872',
  'Comfort Mesh Medium-Back Office Chair (Mahogany, Charcoal Grey)',
  'OFF-MAH-0095',
  2,
  28500,
  0,
  0,
  57000
);
INSERT INTO invoice_items (id, invoice_id, product_id, product_name, sku, quantity, unit_price, discount_percent, discount_amount, line_total)
VALUES (
  'fa92e9de-669b-46cc-b09e-1da300630972',
  'ecddebcc-12d4-4a15-a9bd-c6984cd43cc1',
  '15d86dcb-5df7-40ea-8d9a-ef921e8afc7f',
  'Luxurious Wooden Sideboard Credenza (Teak Wood, Charcoal Grey)',
  'STO-TEA-0266',
  1,
  8500,
  5,
  425,
  8075
);
INSERT INTO payments (id, invoice_id, method, amount, reference, created_at) VALUES ('ad2bc993-f226-4618-8795-d91a9b658fa5', 'ecddebcc-12d4-4a15-a9bd-c6984cd43cc1', 'card', 100410, 'TXN-SPLIT-CARD', '2026-06-03T07:50:00.000Z');
INSERT INTO payments (id, invoice_id, method, amount, reference, created_at) VALUES ('3276d0bb-7a38-4a54-b9e4-31bf2352fb33', 'ecddebcc-12d4-4a15-a9bd-c6984cd43cc1', 'upi', 150615, 'TXN-SPLIT-UPI', '2026-06-03T07:50:00.000Z');

-- Invoice TF-1292
INSERT INTO invoices (id, store_id, invoice_number, customer_name, customer_phone, customer_address, subtotal, discount_amount, delivery_charge, installation_charge, round_off, grand_total, payment_method, payment_status, created_by, created_at)
VALUES (
  'a0f33982-9805-4e71-b7a2-9efcbf1f69c1',
  '29f4e073-bc1d-4071-ae3a-c8718a90f998',
  'TF-1292',
  'Guest',
  '',
  '',
  160325,
  0,
  0,
  0,
  0,
  160325,
  'bank_transfer',
  'completed',
  '22222222-2222-4222-a222-222222222222',
  '2026-06-03T13:23:00.000Z'
);
INSERT INTO invoice_items (id, invoice_id, product_id, product_name, sku, quantity, unit_price, discount_percent, discount_amount, line_total)
VALUES (
  'cf996b22-2778-42fb-8054-169318c1738d',
  'a0f33982-9805-4e71-b7a2-9efcbf1f69c1',
  '263499c0-0ca6-453f-9061-e0b6a190a856',
  'Comfort Modular TV Stand with Shelves (Mahogany, Charcoal Grey)',
  'TV -MAH-0109',
  1,
  33500,
  5,
  1675,
  31825
);
INSERT INTO invoice_items (id, invoice_id, product_id, product_name, sku, quantity, unit_price, discount_percent, discount_amount, line_total)
VALUES (
  'd7a04bfd-401a-4eb4-8b1d-8a20c58a4082',
  'a0f33982-9805-4e71-b7a2-9efcbf1f69c1',
  '6386c70a-0d45-4665-9097-fee54a630fac',
  'Comfort Single Motor Power Recliner (Engineered Wood, Crimson Red)',
  'REC-ENG-0239',
  2,
  49000,
  0,
  0,
  98000
);
INSERT INTO invoice_items (id, invoice_id, product_id, product_name, sku, quantity, unit_price, discount_percent, discount_amount, line_total)
VALUES (
  'e6536375-1968-4f07-ac40-9eb9011edc02',
  'a0f33982-9805-4e71-b7a2-9efcbf1f69c1',
  'b6dab7c1-bf96-42bc-9974-72cc6dbd9c89',
  'Imperial Solid Wood Computer Desk (Mahogany, Walnut Brown)',
  'STU-MAH-0180',
  1,
  17500,
  0,
  0,
  17500
);
INSERT INTO invoice_items (id, invoice_id, product_id, product_name, sku, quantity, unit_price, discount_percent, discount_amount, line_total)
VALUES (
  '4c414217-46f9-475e-9c3b-7271fedb5b90',
  'a0f33982-9805-4e71-b7a2-9efcbf1f69c1',
  '360a1a04-cc81-4bf9-9099-d74213e685fd',
  'Classic Round Accent Coffee Table (Teak Wood, Ocean Blue)',
  'COF-TEA-0140',
  2,
  6500,
  0,
  0,
  13000
);
INSERT INTO payments (id, invoice_id, method, amount, reference, created_at) VALUES ('d0c61d94-917b-48ae-a605-807da2c31157', 'a0f33982-9805-4e71-b7a2-9efcbf1f69c1', 'bank_transfer', 160325, 'TXN-TF-1292', '2026-06-03T13:23:00.000Z');

-- Invoice TF-1293
INSERT INTO invoices (id, store_id, invoice_number, customer_name, customer_phone, customer_address, subtotal, discount_amount, delivery_charge, installation_charge, round_off, grand_total, payment_method, payment_status, created_by, created_at)
VALUES (
  '915a0699-0246-49c7-8f57-ea024e5d40e5',
  '29f4e073-bc1d-4071-ae3a-c8718a90f998',
  'TF-1293',
  'Harish Rao',
  '9868884495',
  'H.No. 19, Gali No. 3, Colony Road, Secunderabad, Telangana',
  116625,
  0,
  0,
  500,
  0,
  117125,
  'card',
  'completed',
  '11111111-1111-4111-a111-111111111111',
  '2026-06-03T10:15:00.000Z'
);
INSERT INTO invoice_items (id, invoice_id, product_id, product_name, sku, quantity, unit_price, discount_percent, discount_amount, line_total)
VALUES (
  '67fd3c6f-4996-4da9-bfb5-63e2c1a9960d',
  '915a0699-0246-49c7-8f57-ea024e5d40e5',
  'b6dab7c1-bf96-42bc-9974-72cc6dbd9c89',
  'Imperial Solid Wood Computer Desk (Mahogany, Walnut Brown)',
  'STU-MAH-0180',
  1,
  17500,
  5,
  875,
  16625
);
INSERT INTO invoice_items (id, invoice_id, product_id, product_name, sku, quantity, unit_price, discount_percent, discount_amount, line_total)
VALUES (
  'b8536d18-c29a-4b14-96d5-2b5022cc132c',
  '915a0699-0246-49c7-8f57-ea024e5d40e5',
  '269baf12-2c80-46b8-9fc2-6550d3452bf9',
  'Premium Floor Standing TV Console (Teak Wood, Ocean Blue)',
  'TV -TEA-0114',
  2,
  38500,
  0,
  0,
  77000
);
INSERT INTO invoice_items (id, invoice_id, product_id, product_name, sku, quantity, unit_price, discount_percent, discount_amount, line_total)
VALUES (
  'eb1aa3d9-3cfa-46fa-adb1-9b225fc6faa9',
  '915a0699-0246-49c7-8f57-ea024e5d40e5',
  '7ebe0fab-8fbb-4849-a3a4-bc98d3be315b',
  'Royal Compact Dresser Cabinet (Teak Wood, Teak Finish)',
  'DRE-TEA-0202',
  1,
  23000,
  0,
  0,
  23000
);
INSERT INTO payments (id, invoice_id, method, amount, reference, created_at) VALUES ('a0a24869-d193-496f-a2dd-00c525f0a084', '915a0699-0246-49c7-8f57-ea024e5d40e5', 'card', 117125, 'TXN-TF-1293', '2026-06-03T10:15:00.000Z');

-- Invoice TF-1294
INSERT INTO invoices (id, store_id, invoice_number, customer_name, customer_phone, customer_address, subtotal, discount_amount, delivery_charge, installation_charge, round_off, grand_total, payment_method, payment_status, created_by, created_at)
VALUES (
  'b007d7ea-3aa2-4279-995e-2d2f6ba46118',
  '29f4e073-bc1d-4071-ae3a-c8718a90f998',
  'TF-1294',
  'Divya Nair',
  '9818611162',
  'H.No. 18, Gali No. 2, Colony Road, Hyderabad, Telangana',
  130275,
  0,
  0,
  0,
  0,
  130275,
  'upi',
  'completed',
  '33333333-3333-4333-a333-333333333333',
  '2026-06-03T13:49:00.000Z'
);
INSERT INTO invoice_items (id, invoice_id, product_id, product_name, sku, quantity, unit_price, discount_percent, discount_amount, line_total)
VALUES (
  '877f72d5-d2a4-4464-812d-5bcbde5441d2',
  'b007d7ea-3aa2-4279-995e-2d2f6ba46118',
  '4a5acb6e-f5d1-47ce-9597-f46560dcf9cb',
  'Luxurious Round Accent Coffee Table (Mahogany, Charcoal Grey)',
  'COF-MAH-0124',
  1,
  4500,
  5,
  225,
  4275
);
INSERT INTO invoice_items (id, invoice_id, product_id, product_name, sku, quantity, unit_price, discount_percent, discount_amount, line_total)
VALUES (
  '06a05760-606e-404e-b3f3-fe14fbf676c1',
  'b007d7ea-3aa2-4279-995e-2d2f6ba46118',
  'ea2b40ba-51ff-425a-ad4e-28a38cc61dc0',
  'Minimalist Orthopedic Memory Foam Mattress (Sheesham Wood, Ivory White)',
  'MAT-SHE-0199',
  2,
  63000,
  0,
  0,
  126000
);
INSERT INTO payments (id, invoice_id, method, amount, reference, created_at) VALUES ('f9ccfa6d-ba4c-44c7-ad93-3650ea0c45c5', 'b007d7ea-3aa2-4279-995e-2d2f6ba46118', 'upi', 130275, 'TXN-TF-1294', '2026-06-03T13:49:00.000Z');

-- Invoice TF-1295
INSERT INTO invoices (id, store_id, invoice_number, customer_name, customer_phone, customer_address, subtotal, discount_amount, delivery_charge, installation_charge, round_off, grand_total, payment_method, payment_status, created_by, created_at)
VALUES (
  '912986a8-47bc-45b3-a736-b2a9b49e828f',
  '29f4e073-bc1d-4071-ae3a-c8718a90f998',
  'TF-1295',
  'Deepak Reddy',
  '9824860093',
  'H.No. 17, Gali No. 1, Colony Road, Visakhapatnam, Andhra Pradesh',
  14725,
  0,
  0,
  0,
  0,
  14725,
  'cash',
  'completed',
  '22222222-2222-4222-a222-222222222222',
  '2026-06-04T06:29:00.000Z'
);
INSERT INTO invoice_items (id, invoice_id, product_id, product_name, sku, quantity, unit_price, discount_percent, discount_amount, line_total)
VALUES (
  '11c8e8dc-0c89-4ea1-aef6-a538cc2ff0b6',
  '912986a8-47bc-45b3-a736-b2a9b49e828f',
  'dda8aa9f-e176-4f99-81c9-82dfef9a761a',
  'Luxurious Executive Leather High-Back (Rose Wood, Ocean Blue)',
  'OFF-ROS-0098',
  1,
  15500,
  5,
  775,
  14725
);
INSERT INTO payments (id, invoice_id, method, amount, reference, created_at) VALUES ('fc5f6f32-d1ab-4498-9102-5a6baa470b04', '912986a8-47bc-45b3-a736-b2a9b49e828f', 'cash', 14725, 'TXN-TF-1295', '2026-06-04T06:29:00.000Z');

-- Invoice TF-1296
INSERT INTO invoices (id, store_id, invoice_number, customer_name, customer_phone, customer_address, subtotal, discount_amount, delivery_charge, installation_charge, round_off, grand_total, payment_method, payment_status, created_by, created_at)
VALUES (
  'cbceb26d-59ee-4298-81c3-0f5c8f716378',
  '29f4e073-bc1d-4071-ae3a-c8718a90f998',
  'TF-1296',
  'Guest',
  '',
  '',
  330100,
  0,
  0,
  0,
  0,
  330100,
  'split',
  'completed',
  '11111111-1111-4111-a111-111111111111',
  '2026-06-04T04:39:00.000Z'
);
INSERT INTO invoice_items (id, invoice_id, product_id, product_name, sku, quantity, unit_price, discount_percent, discount_amount, line_total)
VALUES (
  'f58b9c41-461d-4e20-bbf2-0ca48038b672',
  'cbceb26d-59ee-4298-81c3-0f5c8f716378',
  'ee99f9f7-63f9-4a30-928c-91b9e66f6c58',
  'Minimalist High Back Chair (Rose Wood, Warm Beige)',
  'DIN-ROS-0067',
  1,
  12000,
  5,
  600,
  11400
);
INSERT INTO invoice_items (id, invoice_id, product_id, product_name, sku, quantity, unit_price, discount_percent, discount_amount, line_total)
VALUES (
  '7b1be919-5ee7-43bc-b3e7-e5ee578d2684',
  'cbceb26d-59ee-4298-81c3-0f5c8f716378',
  'e6444158-024c-435e-94f4-c75b95ee3a56',
  'Luxurious Garden Patio Bistro Set (Engineered Wood, Ebony Black)',
  'OUT-ENG-0247',
  2,
  27000,
  0,
  0,
  54000
);
INSERT INTO invoice_items (id, invoice_id, product_id, product_name, sku, quantity, unit_price, discount_percent, discount_amount, line_total)
VALUES (
  '4e26ff4a-6805-467c-91dc-2beacf781df3',
  'cbceb26d-59ee-4298-81c3-0f5c8f716378',
  '695475e4-b4a1-49fe-848c-471c08aea77c',
  'Imperial Modular TV Stand with Shelves (Sheesham Wood, Teak Finish)',
  'TV -SHE-0106',
  1,
  45000,
  0,
  0,
  45000
);
INSERT INTO invoice_items (id, invoice_id, product_id, product_name, sku, quantity, unit_price, discount_percent, discount_amount, line_total)
VALUES (
  '20b919fd-aaa5-49b6-a48a-03bcac1e58f7',
  'cbceb26d-59ee-4298-81c3-0f5c8f716378',
  '22c06e1b-64db-486f-a1b4-724b8e94b149',
  'Comfort Chesterfield Sofa (Sheesham Wood, Crimson Red)',
  'SOF-SHE-0009',
  2,
  107000,
  0,
  0,
  214000
);
INSERT INTO invoice_items (id, invoice_id, product_id, product_name, sku, quantity, unit_price, discount_percent, discount_amount, line_total)
VALUES (
  '2acf0814-392a-4620-9ff0-cfdffadbca73',
  'cbceb26d-59ee-4298-81c3-0f5c8f716378',
  'cd429820-3fc2-45f2-b8f6-41fb496abdae',
  'Comfort Solid Wood Computer Desk (Engineered Wood, Crimson Red)',
  'STU-ENG-0176',
  1,
  6000,
  5,
  300,
  5700
);
INSERT INTO payments (id, invoice_id, method, amount, reference, created_at) VALUES ('75641c87-4270-4ad1-9523-dd61824decb8', 'cbceb26d-59ee-4298-81c3-0f5c8f716378', 'card', 132040, 'TXN-SPLIT-CARD', '2026-06-04T04:39:00.000Z');
INSERT INTO payments (id, invoice_id, method, amount, reference, created_at) VALUES ('35c7bd6c-32c2-4a1e-87e5-e6ac69de72a0', 'cbceb26d-59ee-4298-81c3-0f5c8f716378', 'upi', 198060, 'TXN-SPLIT-UPI', '2026-06-04T04:39:00.000Z');

-- Invoice TF-1297
INSERT INTO invoices (id, store_id, invoice_number, customer_name, customer_phone, customer_address, subtotal, discount_amount, delivery_charge, installation_charge, round_off, grand_total, payment_method, payment_status, created_by, created_at)
VALUES (
  'dc7dc145-49e4-4c20-962f-2e96bbe9d6a7',
  '29f4e073-bc1d-4071-ae3a-c8718a90f998',
  'TF-1297',
  'Ananya Iyer',
  '9823827129',
  'H.No. 15, Gali No. 4, Colony Road, Chennai, Tamil Nadu',
  153175,
  0,
  1200,
  0,
  0,
  154375,
  'bank_transfer',
  'completed',
  '33333333-3333-4333-a333-333333333333',
  '2026-06-04T08:06:00.000Z'
);
INSERT INTO invoice_items (id, invoice_id, product_id, product_name, sku, quantity, unit_price, discount_percent, discount_amount, line_total)
VALUES (
  '2060f38e-25c2-40e8-b01c-a61634280a26',
  'dc7dc145-49e4-4c20-962f-2e96bbe9d6a7',
  'c7f13d7f-df13-43de-aeba-718f47ec79fa',
  'Classic Solid Wood Computer Desk (Engineered Wood, Walnut Brown)',
  'STU-ENG-0172',
  1,
  6500,
  5,
  325,
  6175
);
INSERT INTO invoice_items (id, invoice_id, product_id, product_name, sku, quantity, unit_price, discount_percent, discount_amount, line_total)
VALUES (
  '6f58144a-a958-4fb7-897d-d0c43438a523',
  'dc7dc145-49e4-4c20-962f-2e96bbe9d6a7',
  '45b029af-1b46-4141-84a7-5a0a282002d9',
  'Comfort Wall Mounted TV Cabinet (Engineered Wood, Crimson Red)',
  'TV -ENG-0104',
  2,
  35500,
  0,
  0,
  71000
);
INSERT INTO invoice_items (id, invoice_id, product_id, product_name, sku, quantity, unit_price, discount_percent, discount_amount, line_total)
VALUES (
  '56cc4323-ea3a-4aa8-97de-c84b208e121a',
  'dc7dc145-49e4-4c20-962f-2e96bbe9d6a7',
  'cd5bc776-f8af-47f6-9ac6-26fd88822683',
  'Modern Orthopedic Memory Foam Mattress (Engineered Wood, Charcoal Grey)',
  'MAT-ENG-0193',
  1,
  39000,
  0,
  0,
  39000
);
INSERT INTO invoice_items (id, invoice_id, product_id, product_name, sku, quantity, unit_price, discount_percent, discount_amount, line_total)
VALUES (
  'bca289c8-742f-4c1e-b0b0-25c33ab4f8a8',
  'dc7dc145-49e4-4c20-962f-2e96bbe9d6a7',
  'c1800dec-cb8a-4d2d-926e-bb685c5b9366',
  'Premium 5-Tier Open Bookshelf Console (Sheesham Wood, Walnut Brown)',
  'BOO-SHE-0288',
  2,
  18500,
  0,
  0,
  37000
);
INSERT INTO payments (id, invoice_id, method, amount, reference, created_at) VALUES ('166530b2-000e-4719-ab06-9974e851e46d', 'dc7dc145-49e4-4c20-962f-2e96bbe9d6a7', 'bank_transfer', 154375, 'TXN-TF-1297', '2026-06-04T08:06:00.000Z');

-- Invoice TF-1298
INSERT INTO invoices (id, store_id, invoice_number, customer_name, customer_phone, customer_address, subtotal, discount_amount, delivery_charge, installation_charge, round_off, grand_total, payment_method, payment_status, created_by, created_at)
VALUES (
  'd2aa766c-53a8-4e93-b7b9-b163035762e5',
  '29f4e073-bc1d-4071-ae3a-c8718a90f998',
  'TF-1298',
  'Amit Kumar',
  '9873793254',
  'H.No. 14, Gali No. 3, Colony Road, Bangalore, Karnataka',
  30275,
  0,
  0,
  0,
  0,
  30275,
  'card',
  'completed',
  '22222222-2222-4222-a222-222222222222',
  '2026-06-04T10:01:00.000Z'
);
INSERT INTO invoice_items (id, invoice_id, product_id, product_name, sku, quantity, unit_price, discount_percent, discount_amount, line_total)
VALUES (
  'c115db01-d24a-4e06-83b7-b337d5fbd4f0',
  'd2aa766c-53a8-4e93-b7b9-b163035762e5',
  '9cac0f18-a728-4c46-a7b4-d68d4dcfc96d',
  'Minimalist Storage Trunk Coffee Table (Sheesham Wood, Warm Beige)',
  'COF-SHE-0135',
  1,
  4500,
  5,
  225,
  4275
);
INSERT INTO invoice_items (id, invoice_id, product_id, product_name, sku, quantity, unit_price, discount_percent, discount_amount, line_total)
VALUES (
  'ff29d3dd-5a9b-40df-88b6-55849ee35188',
  'd2aa766c-53a8-4e93-b7b9-b163035762e5',
  'e2a346ed-dbcd-4755-91ba-c6bed535d05e',
  'Imperial Shoe Storage Bench Rack (Rose Wood, Warm Beige)',
  'STO-ROS-0277',
  2,
  9500,
  0,
  0,
  19000
);
INSERT INTO invoice_items (id, invoice_id, product_id, product_name, sku, quantity, unit_price, discount_percent, discount_amount, line_total)
VALUES (
  '3d487ba1-5cd5-4616-89c8-0779225e6ab7',
  'd2aa766c-53a8-4e93-b7b9-b163035762e5',
  '5c01fcaa-b59d-4ee2-8c81-400342c9a9da',
  'Comfort Multi-drawer Utility Cabinet (Oak Wood, Teak Finish)',
  'STO-OAK-0261',
  1,
  7000,
  0,
  0,
  7000
);
INSERT INTO payments (id, invoice_id, method, amount, reference, created_at) VALUES ('9d7d3456-7d5d-4bb8-b6de-97e14291c1bf', 'd2aa766c-53a8-4e93-b7b9-b163035762e5', 'card', 30275, 'TXN-TF-1298', '2026-06-04T10:01:00.000Z');

-- Invoice TF-1299
INSERT INTO invoices (id, store_id, invoice_number, customer_name, customer_phone, customer_address, subtotal, discount_amount, delivery_charge, installation_charge, round_off, grand_total, payment_method, payment_status, created_by, created_at)
VALUES (
  '4d2eed48-bcf9-481e-a163-07c4875fae2b',
  '29f4e073-bc1d-4071-ae3a-c8718a90f998',
  'TF-1299',
  'Aditya Patel',
  '9848946144',
  'H.No. 13, Gali No. 2, Colony Road, Secunderabad, Telangana',
  73475,
  0,
  0,
  0,
  0,
  73475,
  'upi',
  'completed',
  '11111111-1111-4111-a111-111111111111',
  '2026-06-04T14:06:00.000Z'
);
INSERT INTO invoice_items (id, invoice_id, product_id, product_name, sku, quantity, unit_price, discount_percent, discount_amount, line_total)
VALUES (
  '04030fb6-0479-4b11-9642-5da25dc6a0c6',
  '4d2eed48-bcf9-481e-a163-07c4875fae2b',
  '9db7520c-6881-4de3-9ec8-86be4c0694c6',
  'Classic Rattan Outdoor Swing Chair (Teak Wood, Charcoal Grey)',
  'OUT-TEA-0248',
  1,
  40500,
  5,
  2025,
  38475
);
INSERT INTO invoice_items (id, invoice_id, product_id, product_name, sku, quantity, unit_price, discount_percent, discount_amount, line_total)
VALUES (
  '1c31a101-5771-4787-a584-515c687b8a66',
  '4d2eed48-bcf9-481e-a163-07c4875fae2b',
  '13e133ea-738a-4ea3-9c2b-da5292ef218f',
  'Imperial Wooden Sideboard Credenza (Sheesham Wood, Crimson Red)',
  'STO-SHE-0272',
  2,
  17500,
  0,
  0,
  35000
);
INSERT INTO payments (id, invoice_id, method, amount, reference, created_at) VALUES ('dbb634d1-d4d4-49a2-b9bf-fed59713296b', '4d2eed48-bcf9-481e-a163-07c4875fae2b', 'upi', 73475, 'TXN-TF-1299', '2026-06-04T14:06:00.000Z');

-- Invoice TF-1300
INSERT INTO invoices (id, store_id, invoice_number, customer_name, customer_phone, customer_address, subtotal, discount_amount, delivery_charge, installation_charge, round_off, grand_total, payment_method, payment_status, created_by, created_at)
VALUES (
  '7ebfd59a-7e09-40ca-9bd0-1c2b87452254',
  '29f4e073-bc1d-4071-ae3a-c8718a90f998',
  'TF-1300',
  'Guest',
  '',
  '',
  6175,
  185.25,
  0,
  0,
  0.25,
  5990,
  'cash',
  'cancelled',
  '33333333-3333-4333-a333-333333333333',
  '2026-06-04T06:05:00.000Z'
);
INSERT INTO invoice_items (id, invoice_id, product_id, product_name, sku, quantity, unit_price, discount_percent, discount_amount, line_total)
VALUES (
  'deb438ae-6538-4163-8b79-79bb01599a0d',
  '7ebfd59a-7e09-40ca-9bd0-1c2b87452254',
  'db934a58-986a-4cf0-9883-fdff9c444d3a',
  'Luxurious Solid Wood Computer Desk (Oak Wood, Ocean Blue)',
  'STU-OAK-0168',
  1,
  6500,
  5,
  325,
  6175
);

-- Invoice TF-1301
INSERT INTO invoices (id, store_id, invoice_number, customer_name, customer_phone, customer_address, subtotal, discount_amount, delivery_charge, installation_charge, round_off, grand_total, payment_method, payment_status, created_by, created_at)
VALUES (
  '211edb0e-dec2-4a2a-a51d-7260962a8d4e',
  '29f4e073-bc1d-4071-ae3a-c8718a90f998',
  'TF-1301',
  'Sandeep Hegde 199',
  '9825297492',
  'H.No. 35, Gali No. 5, Colony Road, Secunderabad, Telangana',
  197975,
  0,
  0,
  0,
  0,
  197975,
  'split',
  'completed',
  '22222222-2222-4222-a222-222222222222',
  '2026-06-05T12:48:00.000Z'
);
INSERT INTO invoice_items (id, invoice_id, product_id, product_name, sku, quantity, unit_price, discount_percent, discount_amount, line_total)
VALUES (
  '91190df5-ae79-4f4d-b4c7-46cbdef54c14',
  '211edb0e-dec2-4a2a-a51d-7260962a8d4e',
  '0ad575b6-f822-4798-bc2e-7508555b0061',
  'Premium 6-Drawer Wide Dresser chest (Rose Wood, Walnut Brown)',
  'DRE-ROS-0209',
  1,
  18500,
  5,
  925,
  17575
);
INSERT INTO invoice_items (id, invoice_id, product_id, product_name, sku, quantity, unit_price, discount_percent, discount_amount, line_total)
VALUES (
  'cfede343-a131-414a-ba87-959fe9fce083',
  '211edb0e-dec2-4a2a-a51d-7260962a8d4e',
  '799edafc-8805-4002-b273-a99da333aa00',
  'Premium Ladder Bookshelf Display Unit (Mahogany, Teak Finish)',
  'BOO-MAH-0299',
  2,
  8500,
  0,
  0,
  17000
);
INSERT INTO invoice_items (id, invoice_id, product_id, product_name, sku, quantity, unit_price, discount_percent, discount_amount, line_total)
VALUES (
  '733c7b24-4406-4856-9cbb-8b009bb226da',
  '211edb0e-dec2-4a2a-a51d-7260962a8d4e',
  '1c1d3ae3-3418-4322-8809-3c544ab9eb04',
  'Eco-sustain Wooden Sun Lounger Bed (Mahogany, Ocean Blue)',
  'OUT-MAH-0246',
  1,
  49500,
  0,
  0,
  49500
);
INSERT INTO invoice_items (id, invoice_id, product_id, product_name, sku, quantity, unit_price, discount_percent, discount_amount, line_total)
VALUES (
  '54115713-ebef-4dc6-8bae-ba00305bd61c',
  '211edb0e-dec2-4a2a-a51d-7260962a8d4e',
  'e981ecd4-f45c-412e-b741-cdae67530aaf',
  'Premium Queen Size Wooden Bed (Oak Wood, Charcoal Grey)',
  'BED-OAK-0037',
  2,
  46500,
  0,
  0,
  93000
);
INSERT INTO invoice_items (id, invoice_id, product_id, product_name, sku, quantity, unit_price, discount_percent, discount_amount, line_total)
VALUES (
  'ae77ab46-9b11-4eef-81a3-f18ab9453c3c',
  '211edb0e-dec2-4a2a-a51d-7260962a8d4e',
  '863c1594-c882-4d72-8a33-d9000fa5b282',
  'Luxurious Shoe Storage Bench Rack (Teak Wood, Teak Finish)',
  'STO-TEA-0274',
  1,
  22000,
  5,
  1100,
  20900
);
INSERT INTO payments (id, invoice_id, method, amount, reference, created_at) VALUES ('caa53901-95cd-4d8b-a9e2-13b42d9104f2', '211edb0e-dec2-4a2a-a51d-7260962a8d4e', 'card', 79190, 'TXN-SPLIT-CARD', '2026-06-05T12:48:00.000Z');
INSERT INTO payments (id, invoice_id, method, amount, reference, created_at) VALUES ('19fd3598-8a83-4954-ab1f-b8aaf6d63db7', '211edb0e-dec2-4a2a-a51d-7260962a8d4e', 'upi', 118785, 'TXN-SPLIT-UPI', '2026-06-05T12:48:00.000Z');

-- Invoice TF-1302
INSERT INTO invoices (id, store_id, invoice_number, customer_name, customer_phone, customer_address, subtotal, discount_amount, delivery_charge, installation_charge, round_off, grand_total, payment_method, payment_status, created_by, created_at)
VALUES (
  '489612e0-4b9f-4e5c-a478-540f96981611',
  '29f4e073-bc1d-4071-ae3a-c8718a90f998',
  'TF-1302',
  'Ravi Shankar 198',
  '9894872019',
  'H.No. 34, Gali No. 4, Colony Road, Hyderabad, Telangana',
  222725,
  0,
  0,
  500,
  0,
  223225,
  'bank_transfer',
  'completed',
  '11111111-1111-4111-a111-111111111111',
  '2026-06-05T10:47:00.000Z'
);
INSERT INTO invoice_items (id, invoice_id, product_id, product_name, sku, quantity, unit_price, discount_percent, discount_amount, line_total)
VALUES (
  'ff72d879-ff7a-40d2-b984-ab88235462ae',
  '489612e0-4b9f-4e5c-a478-540f96981611',
  '83135fbd-1d23-4d54-837b-de9f9f1edc08',
  'Eco-sustain Poster Bed (Rose Wood, Teak Finish)',
  'BED-ROS-0029',
  1,
  45500,
  5,
  2275,
  43225
);
INSERT INTO invoice_items (id, invoice_id, product_id, product_name, sku, quantity, unit_price, discount_percent, discount_amount, line_total)
VALUES (
  'ca0104b8-19da-4a6b-84a0-80adf351d09e',
  '489612e0-4b9f-4e5c-a478-540f96981611',
  '886b9486-1403-4699-8c8b-1a0fa25ddedf',
  'Royal Wall Folding Laptop Desk (Sheesham Wood, Teak Finish)',
  'STU-SHE-0163',
  2,
  24000,
  0,
  0,
  48000
);
INSERT INTO invoice_items (id, invoice_id, product_id, product_name, sku, quantity, unit_price, discount_percent, discount_amount, line_total)
VALUES (
  '079c982e-7db9-4906-89bd-7191c4eff312',
  '489612e0-4b9f-4e5c-a478-540f96981611',
  'a60d2932-4d27-42fc-950c-b010bfc97fd9',
  'Imperial Modular 4-Door Wardrobe (Teak Wood, Ocean Blue)',
  'WAR-TEA-0155',
  1,
  86500,
  0,
  0,
  86500
);
INSERT INTO invoice_items (id, invoice_id, product_id, product_name, sku, quantity, unit_price, discount_percent, discount_amount, line_total)
VALUES (
  'a39f3a3f-0985-4272-a162-0e92cf4118a8',
  '489612e0-4b9f-4e5c-a478-540f96981611',
  '1e71e498-01c3-445e-a088-319fd6602ec8',
  'Minimalist Dressing Table with LED Mirror (Sheesham Wood, Ebony Black)',
  'DRE-SHE-0201',
  2,
  22500,
  0,
  0,
  45000
);
INSERT INTO payments (id, invoice_id, method, amount, reference, created_at) VALUES ('8e6f6bd7-db1f-49c7-b747-bc443bd0aec6', '489612e0-4b9f-4e5c-a478-540f96981611', 'bank_transfer', 223225, 'TXN-TF-1302', '2026-06-05T10:47:00.000Z');

-- Invoice TF-1303
INSERT INTO invoices (id, store_id, invoice_number, customer_name, customer_phone, customer_address, subtotal, discount_amount, delivery_charge, installation_charge, round_off, grand_total, payment_method, payment_status, created_by, created_at)
VALUES (
  '0cb8f2a7-8081-4fda-87e3-4b54b2039888',
  '29f4e073-bc1d-4071-ae3a-c8718a90f998',
  'TF-1303',
  'Ramesh Chandra 197',
  '9858545174',
  'H.No. 33, Gali No. 3, Colony Road, Visakhapatnam, Andhra Pradesh',
  66675,
  0,
  0,
  0,
  0,
  66675,
  'card',
  'completed',
  '33333333-3333-4333-a333-333333333333',
  '2026-06-05T05:45:00.000Z'
);
INSERT INTO invoice_items (id, invoice_id, product_id, product_name, sku, quantity, unit_price, discount_percent, discount_amount, line_total)
VALUES (
  '115c4fc9-2e84-4ecd-a5b1-07257d18b6c6',
  '0cb8f2a7-8081-4fda-87e3-4b54b2039888',
  'db934a58-986a-4cf0-9883-fdff9c444d3a',
  'Luxurious Solid Wood Computer Desk (Oak Wood, Ocean Blue)',
  'STU-OAK-0168',
  1,
  6500,
  5,
  325,
  6175
);
INSERT INTO invoice_items (id, invoice_id, product_id, product_name, sku, quantity, unit_price, discount_percent, discount_amount, line_total)
VALUES (
  'cfedf43a-26dc-46bc-b74d-65226ab555e5',
  '0cb8f2a7-8081-4fda-87e3-4b54b2039888',
  '9daca54c-237b-4c01-ba37-ee062d75517c',
  'Modern 5-Tier Open Bookshelf Console (Sheesham Wood, Warm Beige)',
  'BOO-SHE-0297',
  2,
  14000,
  0,
  0,
  28000
);
INSERT INTO invoice_items (id, invoice_id, product_id, product_name, sku, quantity, unit_price, discount_percent, discount_amount, line_total)
VALUES (
  'c29c67d1-2d53-4b2e-b034-52f78ea5d6c6',
  '0cb8f2a7-8081-4fda-87e3-4b54b2039888',
  'ea4e9179-3ad2-409b-84b5-55444060bc57',
  'Modern Massage Recliner Chair (Teak Wood, Charcoal Grey)',
  'REC-TEA-0235',
  1,
  32500,
  0,
  0,
  32500
);
INSERT INTO payments (id, invoice_id, method, amount, reference, created_at) VALUES ('eb61e518-49b3-44c6-b65f-80274937a8ab', '0cb8f2a7-8081-4fda-87e3-4b54b2039888', 'card', 66675, 'TXN-TF-1303', '2026-06-05T05:45:00.000Z');

-- Invoice TF-1304
INSERT INTO invoices (id, store_id, invoice_number, customer_name, customer_phone, customer_address, subtotal, discount_amount, delivery_charge, installation_charge, round_off, grand_total, payment_method, payment_status, created_by, created_at)
VALUES (
  '99100b48-2d8e-4cf6-bc11-bd196547c1de',
  '29f4e073-bc1d-4071-ae3a-c8718a90f998',
  'TF-1304',
  'Guest',
  '',
  '',
  126400,
  0,
  1200,
  0,
  0,
  127600,
  'upi',
  'completed',
  '22222222-2222-4222-a222-222222222222',
  '2026-06-05T06:11:00.000Z'
);
INSERT INTO invoice_items (id, invoice_id, product_id, product_name, sku, quantity, unit_price, discount_percent, discount_amount, line_total)
VALUES (
  '32a10e9c-f86b-4788-a7bb-a9392edbde0d',
  '99100b48-2d8e-4cf6-bc11-bd196547c1de',
  '7d33530d-ad06-4337-b8c8-cb33996a0d3f',
  'Royal Dual Comfort Latex Mattress (Mahogany, Teak Finish)',
  'MAT-MAH-0186',
  1,
  12000,
  5,
  600,
  11400
);
INSERT INTO invoice_items (id, invoice_id, product_id, product_name, sku, quantity, unit_price, discount_percent, discount_amount, line_total)
VALUES (
  '9c704332-0bca-461d-b91e-9963ddf7edfc',
  '99100b48-2d8e-4cf6-bc11-bd196547c1de',
  '1c7e1a57-845e-47a1-8c12-ba41436fcc6f',
  'Eco-sustain Orthopedic Memory Foam Mattress (Sheesham Wood, Charcoal Grey)',
  'MAT-SHE-0181',
  2,
  57500,
  0,
  0,
  115000
);
INSERT INTO payments (id, invoice_id, method, amount, reference, created_at) VALUES ('c33a284c-ddf8-4ffc-b639-2dae94787ac7', '99100b48-2d8e-4cf6-bc11-bd196547c1de', 'upi', 127600, 'TXN-TF-1304', '2026-06-05T06:11:00.000Z');

-- Invoice TF-1305
INSERT INTO invoices (id, store_id, invoice_number, customer_name, customer_phone, customer_address, subtotal, discount_amount, delivery_charge, installation_charge, round_off, grand_total, payment_method, payment_status, created_by, created_at)
VALUES (
  'c4d46fc1-e77b-49e7-9f5e-8aca23cd53af',
  '29f4e073-bc1d-4071-ae3a-c8718a90f998',
  'TF-1305',
  'Priya Pillai 195',
  '9887324926',
  'H.No. 31, Gali No. 1, Colony Road, Chennai, Tamil Nadu',
  26600,
  0,
  0,
  0,
  0,
  26600,
  'cash',
  'completed',
  '11111111-1111-4111-a111-111111111111',
  '2026-06-05T05:53:00.000Z'
);
INSERT INTO invoice_items (id, invoice_id, product_id, product_name, sku, quantity, unit_price, discount_percent, discount_amount, line_total)
VALUES (
  '286b4086-e5cd-4aad-a929-b9db28d8c066',
  'c4d46fc1-e77b-49e7-9f5e-8aca23cd53af',
  'e345bac0-7cc8-4cc3-9e52-a741a6cf2b12',
  'Luxurious Dual Comfort Latex Mattress (Rose Wood, Crimson Red)',
  'MAT-ROS-0189',
  1,
  28000,
  5,
  1400,
  26600
);
INSERT INTO payments (id, invoice_id, method, amount, reference, created_at) VALUES ('57801d2a-83ae-4dff-86fb-e0c1114427bb', 'c4d46fc1-e77b-49e7-9f5e-8aca23cd53af', 'cash', 26600, 'TXN-TF-1305', '2026-06-05T05:53:00.000Z');

-- Invoice TF-1306
INSERT INTO invoices (id, store_id, invoice_number, customer_name, customer_phone, customer_address, subtotal, discount_amount, delivery_charge, installation_charge, round_off, grand_total, payment_method, payment_status, created_by, created_at)
VALUES (
  '01f4b83a-c447-488f-b50d-1bf1a2f866b6',
  '29f4e073-bc1d-4071-ae3a-c8718a90f998',
  'TF-1306',
  'Pranav Kulkarni 194',
  '9862387221',
  'H.No. 30, Gali No. 5, Colony Road, Bangalore, Karnataka',
  363150,
  0,
  0,
  0,
  0,
  363150,
  'split',
  'completed',
  '33333333-3333-4333-a333-333333333333',
  '2026-06-06T14:41:00.000Z'
);
INSERT INTO invoice_items (id, invoice_id, product_id, product_name, sku, quantity, unit_price, discount_percent, discount_amount, line_total)
VALUES (
  'd74eef8f-844a-483a-a653-a1210a1b8c0e',
  '01f4b83a-c447-488f-b50d-1bf1a2f866b6',
  '3c384448-945c-464e-aeba-5d8bb6b1f3b8',
  'Classic Queen Size Wooden Bed (Rose Wood, Walnut Brown)',
  'BED-ROS-0027',
  1,
  16500,
  5,
  825,
  15675
);
INSERT INTO invoice_items (id, invoice_id, product_id, product_name, sku, quantity, unit_price, discount_percent, discount_amount, line_total)
VALUES (
  '479d8af7-3cd4-4b7f-8e26-375354279b21',
  '01f4b83a-c447-488f-b50d-1bf1a2f866b6',
  'd592303c-95ab-40b8-80dd-b41558eee2be',
  'Modern Open Walk-in Closet Organizer (Engineered Wood, Warm Beige)',
  'WAR-ENG-0152',
  2,
  88500,
  0,
  0,
  177000
);
INSERT INTO invoice_items (id, invoice_id, product_id, product_name, sku, quantity, unit_price, discount_percent, discount_amount, line_total)
VALUES (
  '4b64c1e4-c41d-4eaf-8f08-9ceffbeac66b',
  '01f4b83a-c447-488f-b50d-1bf1a2f866b6',
  'a020b182-141b-464e-a7d1-8d966e6512a1',
  'Luxurious Sofa Cum Bed (Sheesham Wood, Ocean Blue)',
  'SOF-SHE-0005',
  1,
  96500,
  0,
  0,
  96500
);
INSERT INTO invoice_items (id, invoice_id, product_id, product_name, sku, quantity, unit_price, discount_percent, discount_amount, line_total)
VALUES (
  '6e22c678-34f6-4775-84f6-f911abe67df0',
  '01f4b83a-c447-488f-b50d-1bf1a2f866b6',
  '1e240d28-04db-4745-8ec6-d007b6edf763',
  'Comfort Single Motor Power Recliner (Mahogany, Ivory White)',
  'REC-MAH-0224',
  2,
  32000,
  0,
  0,
  64000
);
INSERT INTO invoice_items (id, invoice_id, product_id, product_name, sku, quantity, unit_price, discount_percent, discount_amount, line_total)
VALUES (
  'a22ad883-ef6a-4c73-b84b-4c90364efa4f',
  '01f4b83a-c447-488f-b50d-1bf1a2f866b6',
  'eacf107d-bd00-4ef8-af77-17bd57ed7e07',
  'Modern Ladder Bookshelf Display Unit (Mahogany, Crimson Red)',
  'BOO-MAH-0296',
  1,
  10500,
  5,
  525,
  9975
);
INSERT INTO payments (id, invoice_id, method, amount, reference, created_at) VALUES ('54ad9114-925b-475d-93db-e1fdaba03998', '01f4b83a-c447-488f-b50d-1bf1a2f866b6', 'card', 145260, 'TXN-SPLIT-CARD', '2026-06-06T14:41:00.000Z');
INSERT INTO payments (id, invoice_id, method, amount, reference, created_at) VALUES ('53c18cd2-196d-49a4-8a62-1c31bf13fcfd', '01f4b83a-c447-488f-b50d-1bf1a2f866b6', 'upi', 217890, 'TXN-SPLIT-UPI', '2026-06-06T14:41:00.000Z');

-- Invoice TF-1307
INSERT INTO invoices (id, store_id, invoice_number, customer_name, customer_phone, customer_address, subtotal, discount_amount, delivery_charge, installation_charge, round_off, grand_total, payment_method, payment_status, created_by, created_at)
VALUES (
  'd93ad55d-134e-4697-a4ef-e57d1ab684d1',
  '29f4e073-bc1d-4071-ae3a-c8718a90f998',
  'TF-1307',
  'Neha Deshmukh 193',
  '9858197312',
  'H.No. 29, Gali No. 4, Colony Road, Secunderabad, Telangana',
  287100,
  0,
  0,
  0,
  0,
  287100,
  'bank_transfer',
  'completed',
  '22222222-2222-4222-a222-222222222222',
  '2026-06-06T14:09:00.000Z'
);
INSERT INTO invoice_items (id, invoice_id, product_id, product_name, sku, quantity, unit_price, discount_percent, discount_amount, line_total)
VALUES (
  'c074e8d0-89a6-44b7-ac9d-cfbab78550d6',
  'd93ad55d-134e-4697-a4ef-e57d1ab684d1',
  '58703e79-1d72-4dc6-914c-0846583de93c',
  'Eco-sustain 6-Seater Wooden Dining Table (Teak Wood, Ivory White)',
  'DIN-TEA-0041',
  1,
  88000,
  5,
  4400,
  83600
);
INSERT INTO invoice_items (id, invoice_id, product_id, product_name, sku, quantity, unit_price, discount_percent, discount_amount, line_total)
VALUES (
  'fa91390e-2223-480d-96e0-fd4eb05db021',
  'd93ad55d-134e-4697-a4ef-e57d1ab684d1',
  '18deb9b6-29ee-4f6f-8dd1-e5fd9780b37a',
  'Luxurious Visitor Stool Chair (Mahogany, Charcoal Grey)',
  'OFF-MAH-0092',
  2,
  30500,
  0,
  0,
  61000
);
INSERT INTO invoice_items (id, invoice_id, product_id, product_name, sku, quantity, unit_price, discount_percent, discount_amount, line_total)
VALUES (
  '7811e60b-e00a-422f-9344-e6310b2af234',
  'd93ad55d-134e-4697-a4ef-e57d1ab684d1',
  'e4513259-363d-4f87-a80b-f9895dc0963f',
  'Comfort 2-Door Sliding Wardrobe (Oak Wood, Ivory White)',
  'WAR-OAK-0158',
  1,
  115500,
  0,
  0,
  115500
);
INSERT INTO invoice_items (id, invoice_id, product_id, product_name, sku, quantity, unit_price, discount_percent, discount_amount, line_total)
VALUES (
  '9966fc80-45b8-4212-94dd-75b6fb6c0944',
  'd93ad55d-134e-4697-a4ef-e57d1ab684d1',
  '29849c42-d367-49a3-859d-5f65b92da389',
  'Premium Glass Top Coffee Table (Mahogany, Ivory White)',
  'COF-MAH-0130',
  2,
  13500,
  0,
  0,
  27000
);
INSERT INTO payments (id, invoice_id, method, amount, reference, created_at) VALUES ('57b37310-a62b-4159-8472-d0a07c11b3e6', 'd93ad55d-134e-4697-a4ef-e57d1ab684d1', 'bank_transfer', 287100, 'TXN-TF-1307', '2026-06-06T14:09:00.000Z');

-- Invoice TF-1308
INSERT INTO invoices (id, store_id, invoice_number, customer_name, customer_phone, customer_address, subtotal, discount_amount, delivery_charge, installation_charge, round_off, grand_total, payment_method, payment_status, created_by, created_at)
VALUES (
  'e8aa1f84-a7c0-4936-a768-049061d89f67',
  '29f4e073-bc1d-4071-ae3a-c8718a90f998',
  'TF-1308',
  'Guest',
  '',
  '',
  133175,
  0,
  0,
  0,
  0,
  133175,
  'card',
  'completed',
  '11111111-1111-4111-a111-111111111111',
  '2026-06-06T09:08:00.000Z'
);
INSERT INTO invoice_items (id, invoice_id, product_id, product_name, sku, quantity, unit_price, discount_percent, discount_amount, line_total)
VALUES (
  'fd343521-9a92-4e14-9246-8275144c2ba4',
  'e8aa1f84-a7c0-4936-a768-049061d89f67',
  '756929ee-e33f-4a94-a745-a9ab780dbc2e',
  'Heritage Floor Standing TV Console (Mahogany, Charcoal Grey)',
  'TV -MAH-0120',
  1,
  36500,
  5,
  1825,
  34675
);
INSERT INTO invoice_items (id, invoice_id, product_id, product_name, sku, quantity, unit_price, discount_percent, discount_amount, line_total)
VALUES (
  'd943ed18-a8e9-44c4-a1e8-df9e472c3706',
  'e8aa1f84-a7c0-4936-a768-049061d89f67',
  'b7306676-928a-4580-9b0c-f74908ec3c83',
  'Heritage 2-Door Sliding Wardrobe (Rose Wood, Ocean Blue)',
  'WAR-ROS-0146',
  2,
  32500,
  0,
  0,
  65000
);
INSERT INTO invoice_items (id, invoice_id, product_id, product_name, sku, quantity, unit_price, discount_percent, discount_amount, line_total)
VALUES (
  '6de24d61-fdd1-4347-a7b5-1a0e51f637f5',
  'e8aa1f84-a7c0-4936-a768-049061d89f67',
  'dff9c288-5cef-4f4e-91e4-2058ea894768',
  'Eco-sustain Wall Mounted TV Cabinet (Engineered Wood, Charcoal Grey)',
  'TV -ENG-0101',
  1,
  33500,
  0,
  0,
  33500
);
INSERT INTO payments (id, invoice_id, method, amount, reference, created_at) VALUES ('51edb8df-3a2b-4855-b376-b96f26d8451b', 'e8aa1f84-a7c0-4936-a768-049061d89f67', 'card', 133175, 'TXN-TF-1308', '2026-06-06T09:08:00.000Z');

-- Invoice TF-1309
INSERT INTO invoices (id, store_id, invoice_number, customer_name, customer_phone, customer_address, subtotal, discount_amount, delivery_charge, installation_charge, round_off, grand_total, payment_method, payment_status, created_by, created_at)
VALUES (
  'cf393af7-a204-41c3-ba96-8ce9c1dabec2',
  '29f4e073-bc1d-4071-ae3a-c8718a90f998',
  'TF-1309',
  'Kavitha Hegde 191',
  '9892131323',
  'H.No. 27, Gali No. 2, Colony Road, Visakhapatnam, Andhra Pradesh',
  201975,
  0,
  0,
  0,
  0,
  201975,
  'upi',
  'completed',
  '33333333-3333-4333-a333-333333333333',
  '2026-06-06T05:55:00.000Z'
);
INSERT INTO invoice_items (id, invoice_id, product_id, product_name, sku, quantity, unit_price, discount_percent, discount_amount, line_total)
VALUES (
  'e92f0b15-8aae-4194-9c7c-c4b4222cb498',
  'cf393af7-a204-41c3-ba96-8ce9c1dabec2',
  'eacf107d-bd00-4ef8-af77-17bd57ed7e07',
  'Modern Ladder Bookshelf Display Unit (Mahogany, Crimson Red)',
  'BOO-MAH-0296',
  1,
  10500,
  5,
  525,
  9975
);
INSERT INTO invoice_items (id, invoice_id, product_id, product_name, sku, quantity, unit_price, discount_percent, discount_amount, line_total)
VALUES (
  'badc612e-fd87-4ba3-919a-689a4a9583bf',
  'cf393af7-a204-41c3-ba96-8ce9c1dabec2',
  '2f7a06df-e494-4adc-8eab-879b683291d5',
  'Heritage 4-Seater Glass Top Dining Table (Mahogany, Ebony Black)',
  'DIN-MAH-0050',
  2,
  96000,
  0,
  0,
  192000
);
INSERT INTO payments (id, invoice_id, method, amount, reference, created_at) VALUES ('15fa6658-57aa-4cda-821a-aa693e20fca4', 'cf393af7-a204-41c3-ba96-8ce9c1dabec2', 'upi', 201975, 'TXN-TF-1309', '2026-06-06T05:55:00.000Z');

-- Invoice TF-1310
INSERT INTO invoices (id, store_id, invoice_number, customer_name, customer_phone, customer_address, subtotal, discount_amount, delivery_charge, installation_charge, round_off, grand_total, payment_method, payment_status, created_by, created_at)
VALUES (
  '177af2a8-3614-4dd1-a281-105100fbebf8',
  '29f4e073-bc1d-4071-ae3a-c8718a90f998',
  'TF-1310',
  'Karthik Swami 190',
  '9887343983',
  'H.No. 26, Gali No. 1, Colony Road, Vijayawada, Andhra Pradesh',
  8075,
  242.25,
  0,
  0,
  0.25,
  7833,
  'cash',
  'completed',
  '22222222-2222-4222-a222-222222222222',
  '2026-06-06T04:58:00.000Z'
);
INSERT INTO invoice_items (id, invoice_id, product_id, product_name, sku, quantity, unit_price, discount_percent, discount_amount, line_total)
VALUES (
  '2ca55a2c-093f-4a77-9e10-e0c163e273fe',
  '177af2a8-3614-4dd1-a281-105100fbebf8',
  '936e386c-5292-4d9e-b355-0b3edc7505c0',
  'Comfort High Back Chair (Teak Wood, Ebony Black)',
  'DIN-TEA-0063',
  1,
  8500,
  5,
  425,
  8075
);
INSERT INTO payments (id, invoice_id, method, amount, reference, created_at) VALUES ('56ca6712-499a-44f5-940a-e9d44c282fa9', '177af2a8-3614-4dd1-a281-105100fbebf8', 'cash', 7833, 'TXN-TF-1310', '2026-06-06T04:58:00.000Z');

-- Invoice TF-1311
INSERT INTO invoices (id, store_id, invoice_number, customer_name, customer_phone, customer_address, subtotal, discount_amount, delivery_charge, installation_charge, round_off, grand_total, payment_method, payment_status, created_by, created_at)
VALUES (
  '0746634f-d1c7-43ac-aea1-9fc260872ba7',
  '29f4e073-bc1d-4071-ae3a-c8718a90f998',
  'TF-1311',
  'Jyoti Prasad 189',
  '9852556575',
  'H.No. 25, Gali No. 5, Colony Road, Chennai, Tamil Nadu',
  223825,
  0,
  1200,
  500,
  0,
  225525,
  'split',
  'completed',
  '11111111-1111-4111-a111-111111111111',
  '2026-06-06T15:22:00.000Z'
);
INSERT INTO invoice_items (id, invoice_id, product_id, product_name, sku, quantity, unit_price, discount_percent, discount_amount, line_total)
VALUES (
  '7b4829c4-799b-4dd2-ad8a-dc9e870fd296',
  '0746634f-d1c7-43ac-aea1-9fc260872ba7',
  'ee4cb779-da19-4301-b661-3bf31b86fd90',
  'Minimalist Shoe Storage Bench Rack (Rose Wood, Ocean Blue)',
  'STO-ROS-0262',
  1,
  10000,
  5,
  500,
  9500
);
INSERT INTO invoice_items (id, invoice_id, product_id, product_name, sku, quantity, unit_price, discount_percent, discount_amount, line_total)
VALUES (
  '4ac91a11-f7ae-4904-b8e1-3c51b6e7defe',
  '0746634f-d1c7-43ac-aea1-9fc260872ba7',
  '0a7e4b67-6321-4356-8ca2-1d6e897aee14',
  'Heritage 5-Tier Open Bookshelf Console (Sheesham Wood, Ebony Black)',
  'BOO-SHE-0300',
  2,
  10500,
  0,
  0,
  21000
);
INSERT INTO invoice_items (id, invoice_id, product_id, product_name, sku, quantity, unit_price, discount_percent, discount_amount, line_total)
VALUES (
  '3cf9b4b7-8013-4f0d-a3b7-39e5254cffd5',
  '0746634f-d1c7-43ac-aea1-9fc260872ba7',
  '9825f632-103b-4099-bc2a-ac6abc48f3e4',
  'Premium Dressing Table with LED Mirror (Mahogany, Walnut Brown)',
  'DRE-MAH-0210',
  1,
  34500,
  0,
  0,
  34500
);
INSERT INTO invoice_items (id, invoice_id, product_id, product_name, sku, quantity, unit_price, discount_percent, discount_amount, line_total)
VALUES (
  '863c0b33-8686-41fb-83ae-9b4ca0f40576',
  '0746634f-d1c7-43ac-aea1-9fc260872ba7',
  '04e6f2e3-71db-4095-a209-0fdf2c4ff348',
  'Modern Modular TV Stand with Shelves (Oak Wood, Charcoal Grey)',
  'TV -OAK-0112',
  2,
  44500,
  0,
  0,
  89000
);
INSERT INTO invoice_items (id, invoice_id, product_id, product_name, sku, quantity, unit_price, discount_percent, discount_amount, line_total)
VALUES (
  '90672a6e-b33e-4bdd-97d3-18aaafcb1c09',
  '0746634f-d1c7-43ac-aea1-9fc260872ba7',
  '7383b85e-d118-4855-93d4-0b86c77b26f2',
  'Classic Garden Patio Bistro Set (Mahogany, Warm Beige)',
  'OUT-MAH-0259',
  1,
  73500,
  5,
  3675,
  69825
);
INSERT INTO payments (id, invoice_id, method, amount, reference, created_at) VALUES ('9b211c4a-de05-4a4e-a540-db6490ab201d', '0746634f-d1c7-43ac-aea1-9fc260872ba7', 'card', 90210, 'TXN-SPLIT-CARD', '2026-06-06T15:22:00.000Z');
INSERT INTO payments (id, invoice_id, method, amount, reference, created_at) VALUES ('58cb1710-6c60-4681-8318-81bdb96b479b', '0746634f-d1c7-43ac-aea1-9fc260872ba7', 'upi', 135315, 'TXN-SPLIT-UPI', '2026-06-06T15:22:00.000Z');

-- Invoice TF-1312
INSERT INTO invoices (id, store_id, invoice_number, customer_name, customer_phone, customer_address, subtotal, discount_amount, delivery_charge, installation_charge, round_off, grand_total, payment_method, payment_status, created_by, created_at)
VALUES (
  'f0e9d6fd-5117-4c23-8e9b-0657e0853d5e',
  '29f4e073-bc1d-4071-ae3a-c8718a90f998',
  'TF-1312',
  'Guest',
  '',
  '',
  104925,
  0,
  0,
  0,
  0,
  104925,
  'bank_transfer',
  'completed',
  '33333333-3333-4333-a333-333333333333',
  '2026-06-07T09:19:00.000Z'
);
INSERT INTO invoice_items (id, invoice_id, product_id, product_name, sku, quantity, unit_price, discount_percent, discount_amount, line_total)
VALUES (
  '0b50468b-45e6-4a30-90d1-100db31f8866',
  'f0e9d6fd-5117-4c23-8e9b-0657e0853d5e',
  'f2067464-b2d6-4ce3-aeb7-e6960c4c9388',
  'Eco-sustain Dressing Table with LED Mirror (Rose Wood, Walnut Brown)',
  'DRE-ROS-0219',
  1,
  11500,
  5,
  575,
  10925
);
INSERT INTO invoice_items (id, invoice_id, product_id, product_name, sku, quantity, unit_price, discount_percent, discount_amount, line_total)
VALUES (
  '8a78a3b4-094e-432a-adbb-95e2c3b543c9',
  'f0e9d6fd-5117-4c23-8e9b-0657e0853d5e',
  '677b4ed7-b68c-4721-baf6-4c79f7a858e0',
  'Eco-sustain Cushioned Dining Chair (Sheesham Wood, Charcoal Grey)',
  'DIN-SHE-0061',
  2,
  7000,
  0,
  0,
  14000
);
INSERT INTO invoice_items (id, invoice_id, product_id, product_name, sku, quantity, unit_price, discount_percent, discount_amount, line_total)
VALUES (
  'ae268eee-6b84-4c57-9c02-e42e42475ce8',
  'f0e9d6fd-5117-4c23-8e9b-0657e0853d5e',
  '47105cfc-d71b-430f-87b2-d643130dcd41',
  'Luxurious Upholstered Bed Platform (Oak Wood, Warm Beige)',
  'BED-OAK-0035',
  1,
  80000,
  0,
  0,
  80000
);
INSERT INTO payments (id, invoice_id, method, amount, reference, created_at) VALUES ('9b36e703-2810-4071-b24d-de512aa59431', 'f0e9d6fd-5117-4c23-8e9b-0657e0853d5e', 'bank_transfer', 104925, 'TXN-TF-1312', '2026-06-07T09:19:00.000Z');

-- Invoice TF-1313
INSERT INTO invoices (id, store_id, invoice_number, customer_name, customer_phone, customer_address, subtotal, discount_amount, delivery_charge, installation_charge, round_off, grand_total, payment_method, payment_status, created_by, created_at)
VALUES (
  '1d193f85-073f-4f68-bc50-2de8eb32adec',
  '29f4e073-bc1d-4071-ae3a-c8718a90f998',
  'TF-1313',
  'Harish Rao 187',
  '9837668679',
  'H.No. 23, Gali No. 3, Colony Road, Secunderabad, Telangana',
  143550,
  0,
  0,
  0,
  0,
  143550,
  'card',
  'completed',
  '22222222-2222-4222-a222-222222222222',
  '2026-06-07T05:37:00.000Z'
);
INSERT INTO invoice_items (id, invoice_id, product_id, product_name, sku, quantity, unit_price, discount_percent, discount_amount, line_total)
VALUES (
  'c47c318d-0e9e-4d39-b1e1-2687c5bb0773',
  '1d193f85-073f-4f68-bc50-2de8eb32adec',
  '3a5f9708-fb43-44c9-b68f-8bc8d123070d',
  'Minimalist Open Walk-in Closet Organizer (Rose Wood, Ebony Black)',
  'WAR-ROS-0148',
  1,
  49000,
  5,
  2450,
  46550
);
INSERT INTO invoice_items (id, invoice_id, product_id, product_name, sku, quantity, unit_price, discount_percent, discount_amount, line_total)
VALUES (
  '690a3b67-51e6-4618-a4a9-676f9df11054',
  '1d193f85-073f-4f68-bc50-2de8eb32adec',
  '2e57a82c-d824-4ec3-8af9-c460f570fc38',
  'Classic L-Shape Sofa Sectional (Teak Wood, Ivory White)',
  'SOF-TEA-0017',
  2,
  30000,
  0,
  0,
  60000
);
INSERT INTO invoice_items (id, invoice_id, product_id, product_name, sku, quantity, unit_price, discount_percent, discount_amount, line_total)
VALUES (
  '1b8beee1-5769-4977-a9e0-a7cf8ab267d7',
  '1d193f85-073f-4f68-bc50-2de8eb32adec',
  '65fcdb5b-7aad-4606-b16a-b28e2286c58f',
  'Classic Recliner Sofa (Engineered Wood, Ebony Black)',
  'SOF-ENG-0008',
  1,
  37000,
  0,
  0,
  37000
);
INSERT INTO payments (id, invoice_id, method, amount, reference, created_at) VALUES ('0bbe9d9e-79d0-434f-bb04-e9d6becc4e86', '1d193f85-073f-4f68-bc50-2de8eb32adec', 'card', 143550, 'TXN-TF-1313', '2026-06-07T05:37:00.000Z');

-- Invoice TF-1314
INSERT INTO invoices (id, store_id, invoice_number, customer_name, customer_phone, customer_address, subtotal, discount_amount, delivery_charge, installation_charge, round_off, grand_total, payment_method, payment_status, created_by, created_at)
VALUES (
  'f97b7c02-8838-4e80-8b83-44ef10883bf6',
  '29f4e073-bc1d-4071-ae3a-c8718a90f998',
  'TF-1314',
  'Divya Nair 186',
  '9856764215',
  'H.No. 22, Gali No. 2, Colony Road, Hyderabad, Telangana',
  77700,
  0,
  0,
  0,
  0,
  77700,
  'upi',
  'completed',
  '11111111-1111-4111-a111-111111111111',
  '2026-06-07T09:33:00.000Z'
);
INSERT INTO invoice_items (id, invoice_id, product_id, product_name, sku, quantity, unit_price, discount_percent, discount_amount, line_total)
VALUES (
  '2d9aa7f4-f74d-4caf-b5ef-a8f29b554cd6',
  'f97b7c02-8838-4e80-8b83-44ef10883bf6',
  '1911edb0-4fb5-49db-a8d9-b30659cd18d4',
  'Royal Storage Trunk Coffee Table (Oak Wood, Walnut Brown)',
  'COF-OAK-0123',
  1,
  6000,
  5,
  300,
  5700
);
INSERT INTO invoice_items (id, invoice_id, product_id, product_name, sku, quantity, unit_price, discount_percent, discount_amount, line_total)
VALUES (
  '591abff8-f182-4021-bc8c-b8690cedceed',
  'f97b7c02-8838-4e80-8b83-44ef10883bf6',
  '2763336d-b6de-4bf1-9030-9592fced7f5f',
  'Classic 3-Door Wardrobe with Mirror (Rose Wood, Charcoal Grey)',
  'WAR-ROS-0141',
  2,
  36000,
  0,
  0,
  72000
);
INSERT INTO payments (id, invoice_id, method, amount, reference, created_at) VALUES ('71b52e90-b1d5-4dbe-803a-55fbe5d51801', 'f97b7c02-8838-4e80-8b83-44ef10883bf6', 'upi', 77700, 'TXN-TF-1314', '2026-06-07T09:33:00.000Z');

-- Invoice TF-1315
INSERT INTO invoices (id, store_id, invoice_number, customer_name, customer_phone, customer_address, subtotal, discount_amount, delivery_charge, installation_charge, round_off, grand_total, payment_method, payment_status, created_by, created_at)
VALUES (
  '36ae6c0a-8110-4e5d-9752-5dff9be1f1ad',
  '29f4e073-bc1d-4071-ae3a-c8718a90f998',
  'TF-1315',
  'Deepak Reddy 185',
  '9861874301',
  'H.No. 21, Gali No. 1, Colony Road, Visakhapatnam, Andhra Pradesh',
  21850,
  0,
  0,
  0,
  0,
  21850,
  'cash',
  'completed',
  '33333333-3333-4333-a333-333333333333',
  '2026-06-07T12:33:00.000Z'
);
INSERT INTO invoice_items (id, invoice_id, product_id, product_name, sku, quantity, unit_price, discount_percent, discount_amount, line_total)
VALUES (
  'caaac441-1b72-434e-ad08-c557a75b0414',
  '36ae6c0a-8110-4e5d-9752-5dff9be1f1ad',
  '7ebe0fab-8fbb-4849-a3a4-bc98d3be315b',
  'Royal Compact Dresser Cabinet (Teak Wood, Teak Finish)',
  'DRE-TEA-0202',
  1,
  23000,
  5,
  1150,
  21850
);
INSERT INTO payments (id, invoice_id, method, amount, reference, created_at) VALUES ('eab5fee4-e704-423e-9750-48145a3e6ae0', '36ae6c0a-8110-4e5d-9752-5dff9be1f1ad', 'cash', 21850, 'TXN-TF-1315', '2026-06-07T12:33:00.000Z');

-- Invoice TF-1316
INSERT INTO invoices (id, store_id, invoice_number, customer_name, customer_phone, customer_address, subtotal, discount_amount, delivery_charge, installation_charge, round_off, grand_total, payment_method, payment_status, created_by, created_at)
VALUES (
  '2950aa30-6a9f-403a-a5e3-451184fba220',
  '29f4e073-bc1d-4071-ae3a-c8718a90f998',
  'TF-1316',
  'Guest',
  '',
  '',
  199650,
  0,
  0,
  0,
  0,
  199650,
  'split',
  'completed',
  '22222222-2222-4222-a222-222222222222',
  '2026-06-07T14:04:00.000Z'
);
INSERT INTO invoice_items (id, invoice_id, product_id, product_name, sku, quantity, unit_price, discount_percent, discount_amount, line_total)
VALUES (
  '44d8d4d5-3466-4ee6-8fe6-5c04a3b71e47',
  '2950aa30-6a9f-403a-a5e3-451184fba220',
  'd962ea49-1145-464e-ab65-42de5c30bf2c',
  'Imperial Multi-drawer Utility Cabinet (Engineered Wood, Walnut Brown)',
  'STO-ENG-0273',
  1,
  25000,
  5,
  1250,
  23750
);
INSERT INTO invoice_items (id, invoice_id, product_id, product_name, sku, quantity, unit_price, discount_percent, discount_amount, line_total)
VALUES (
  'd0763347-86d1-4783-8af7-17b971fe7949',
  '2950aa30-6a9f-403a-a5e3-451184fba220',
  '685de896-144b-49c1-86f3-38d2c27670b5',
  'Eco-sustain Executive Leather High-Back (Oak Wood, Warm Beige)',
  'OFF-OAK-0090',
  2,
  10500,
  0,
  0,
  21000
);
INSERT INTO invoice_items (id, invoice_id, product_id, product_name, sku, quantity, unit_price, discount_percent, discount_amount, line_total)
VALUES (
  '1dd4141b-5b77-4725-9bab-6c1bf49a69e2',
  '2950aa30-6a9f-403a-a5e3-451184fba220',
  '683ad21e-1aa2-472d-b66a-1720d1f62971',
  'Premium 4-Seater Glass Top Dining Table (Rose Wood, Ivory White)',
  'DIN-ROS-0046',
  1,
  83000,
  0,
  0,
  83000
);
INSERT INTO invoice_items (id, invoice_id, product_id, product_name, sku, quantity, unit_price, discount_percent, discount_amount, line_total)
VALUES (
  'b0388eac-795f-4967-b4e9-9159e78ef812',
  '2950aa30-6a9f-403a-a5e3-451184fba220',
  '2bdca6e8-70ea-456e-a7bc-299af5e6954d',
  'Heritage Visitor Stool Chair (Teak Wood, Warm Beige)',
  'OFF-TEA-0100',
  2,
  25500,
  0,
  0,
  51000
);
INSERT INTO invoice_items (id, invoice_id, product_id, product_name, sku, quantity, unit_price, discount_percent, discount_amount, line_total)
VALUES (
  'fdd00485-136b-4980-ac44-2d8343915e6c',
  '2950aa30-6a9f-403a-a5e3-451184fba220',
  '8d07e729-4a68-4596-baa0-70c120e00461',
  'Royal Compact Student Desk (Sheesham Wood, Teak Finish)',
  'STU-SHE-0177',
  1,
  22000,
  5,
  1100,
  20900
);
INSERT INTO payments (id, invoice_id, method, amount, reference, created_at) VALUES ('109016b1-6b1e-454a-896f-8a21e8ccc294', '2950aa30-6a9f-403a-a5e3-451184fba220', 'card', 79860, 'TXN-SPLIT-CARD', '2026-06-07T14:04:00.000Z');
INSERT INTO payments (id, invoice_id, method, amount, reference, created_at) VALUES ('0f20f0da-a73f-4e0f-8aeb-669955cb21cb', '2950aa30-6a9f-403a-a5e3-451184fba220', 'upi', 119790, 'TXN-SPLIT-UPI', '2026-06-07T14:04:00.000Z');

-- Invoice TF-1317
INSERT INTO invoices (id, store_id, invoice_number, customer_name, customer_phone, customer_address, subtotal, discount_amount, delivery_charge, installation_charge, round_off, grand_total, payment_method, payment_status, created_by, created_at)
VALUES (
  'f985ef66-79c8-42e5-bf32-bb551b29f9c5',
  '29f4e073-bc1d-4071-ae3a-c8718a90f998',
  'TF-1317',
  'Ananya Iyer 183',
  '9819027883',
  'H.No. 19, Gali No. 4, Colony Road, Chennai, Tamil Nadu',
  435450,
  0,
  0,
  0,
  0,
  435450,
  'bank_transfer',
  'completed',
  '11111111-1111-4111-a111-111111111111',
  '2026-06-08T11:00:00.000Z'
);
INSERT INTO invoice_items (id, invoice_id, product_id, product_name, sku, quantity, unit_price, discount_percent, discount_amount, line_total)
VALUES (
  'e45069ff-79e6-4141-8591-d30808de0b3e',
  'f985ef66-79c8-42e5-bf32-bb551b29f9c5',
  '5a1c7880-0492-4124-bbed-efab59c864e7',
  'Comfort Wall Folding Laptop Desk (Engineered Wood, Ocean Blue)',
  'STU-ENG-0175',
  1,
  11000,
  5,
  550,
  10450
);
INSERT INTO invoice_items (id, invoice_id, product_id, product_name, sku, quantity, unit_price, discount_percent, discount_amount, line_total)
VALUES (
  '52c4ebd7-fe6e-440f-a778-b9996e524216',
  'f985ef66-79c8-42e5-bf32-bb551b29f9c5',
  'ca81f1db-6b79-4b6a-9bcd-d9ce601ddb8b',
  'Imperial Chesterfield Sofa (Engineered Wood, Ocean Blue)',
  'SOF-ENG-0004',
  2,
  89500,
  0,
  0,
  179000
);
INSERT INTO invoice_items (id, invoice_id, product_id, product_name, sku, quantity, unit_price, discount_percent, discount_amount, line_total)
VALUES (
  'dcb7c94d-4c54-4ccf-9212-99fd783fe137',
  'f985ef66-79c8-42e5-bf32-bb551b29f9c5',
  '117e2bde-d5a5-42f8-a908-fdb1167926c7',
  'Imperial Rattan Accent Chair (Teak Wood, Warm Beige)',
  'DIN-TEA-0072',
  1,
  15000,
  0,
  0,
  15000
);
INSERT INTO invoice_items (id, invoice_id, product_id, product_name, sku, quantity, unit_price, discount_percent, discount_amount, line_total)
VALUES (
  'be5a1271-4e55-448b-9d7f-4a891b071fcd',
  'f985ef66-79c8-42e5-bf32-bb551b29f9c5',
  'e4513259-363d-4f87-a80b-f9895dc0963f',
  'Comfort 2-Door Sliding Wardrobe (Oak Wood, Ivory White)',
  'WAR-OAK-0158',
  2,
  115500,
  0,
  0,
  231000
);
INSERT INTO payments (id, invoice_id, method, amount, reference, created_at) VALUES ('297962f4-4bc5-456e-bb25-0f877e869620', 'f985ef66-79c8-42e5-bf32-bb551b29f9c5', 'bank_transfer', 435450, 'TXN-TF-1317', '2026-06-08T11:00:00.000Z');

-- Invoice TF-1318
INSERT INTO invoices (id, store_id, invoice_number, customer_name, customer_phone, customer_address, subtotal, discount_amount, delivery_charge, installation_charge, round_off, grand_total, payment_method, payment_status, created_by, created_at)
VALUES (
  'e19e2fbc-2dff-4d08-94d3-d83c2ee31e61',
  '29f4e073-bc1d-4071-ae3a-c8718a90f998',
  'TF-1318',
  'Amit Kumar 182',
  '9822544382',
  'H.No. 18, Gali No. 3, Colony Road, Bangalore, Karnataka',
  233575,
  0,
  1200,
  0,
  0,
  234775,
  'card',
  'completed',
  '33333333-3333-4333-a333-333333333333',
  '2026-06-08T14:37:00.000Z'
);
INSERT INTO invoice_items (id, invoice_id, product_id, product_name, sku, quantity, unit_price, discount_percent, discount_amount, line_total)
VALUES (
  '3f73fbb8-41cb-4af1-82a4-338780716ce1',
  'e19e2fbc-2dff-4d08-94d3-d83c2ee31e61',
  'd7b96116-6403-43a6-b7f3-f6392d813c27',
  'Royal 6-Seater Wooden Dining Table (Sheesham Wood, Teak Finish)',
  'DIN-SHE-0053',
  1,
  48500,
  5,
  2425,
  46075
);
INSERT INTO invoice_items (id, invoice_id, product_id, product_name, sku, quantity, unit_price, discount_percent, discount_amount, line_total)
VALUES (
  '73b60944-89c2-407a-8cde-b8cbcc42ed59',
  'e19e2fbc-2dff-4d08-94d3-d83c2ee31e61',
  '66714533-af7b-4dc1-a3da-3f62a5b8e4cf',
  'Classic Poster Bed (Rose Wood, Teak Finish)',
  'BED-ROS-0039',
  2,
  68000,
  0,
  0,
  136000
);
INSERT INTO invoice_items (id, invoice_id, product_id, product_name, sku, quantity, unit_price, discount_percent, discount_amount, line_total)
VALUES (
  '1e4d389c-7771-486b-ae77-39712fec0889',
  'e19e2fbc-2dff-4d08-94d3-d83c2ee31e61',
  '4174cdcb-4594-4201-a807-ce979874f326',
  'Comfort Rattan Outdoor Swing Chair (Mahogany, Ivory White)',
  'OUT-MAH-0254',
  1,
  51500,
  0,
  0,
  51500
);
INSERT INTO payments (id, invoice_id, method, amount, reference, created_at) VALUES ('d318b43c-f0a5-4184-abc4-96fbee3afccb', 'e19e2fbc-2dff-4d08-94d3-d83c2ee31e61', 'card', 234775, 'TXN-TF-1318', '2026-06-08T14:37:00.000Z');

-- Invoice TF-1319
INSERT INTO invoices (id, store_id, invoice_number, customer_name, customer_phone, customer_address, subtotal, discount_amount, delivery_charge, installation_charge, round_off, grand_total, payment_method, payment_status, created_by, created_at)
VALUES (
  '6170a174-432c-4424-8d06-5b750ad7562f',
  '29f4e073-bc1d-4071-ae3a-c8718a90f998',
  'TF-1319',
  'Aditya Patel 181',
  '9816947281',
  'H.No. 17, Gali No. 2, Colony Road, Secunderabad, Telangana',
  70500,
  0,
  0,
  0,
  0,
  70500,
  'upi',
  'completed',
  '22222222-2222-4222-a222-222222222222',
  '2026-06-08T08:05:00.000Z'
);
INSERT INTO invoice_items (id, invoice_id, product_id, product_name, sku, quantity, unit_price, discount_percent, discount_amount, line_total)
VALUES (
  '91d5e71f-4c78-4da6-8890-8fbe47d67f0d',
  '6170a174-432c-4424-8d06-5b750ad7562f',
  '2e57a82c-d824-4ec3-8af9-c460f570fc38',
  'Classic L-Shape Sofa Sectional (Teak Wood, Ivory White)',
  'SOF-TEA-0017',
  1,
  30000,
  5,
  1500,
  28500
);
INSERT INTO invoice_items (id, invoice_id, product_id, product_name, sku, quantity, unit_price, discount_percent, discount_amount, line_total)
VALUES (
  '3673a6f4-f0e4-4c24-b060-144d621916b0',
  '6170a174-432c-4424-8d06-5b750ad7562f',
  'daa55337-8a17-46da-a3f2-5955d8fa5f76',
  'Classic Storage Trunk Coffee Table (Teak Wood, Ivory White)',
  'COF-TEA-0139',
  2,
  21000,
  0,
  0,
  42000
);
INSERT INTO payments (id, invoice_id, method, amount, reference, created_at) VALUES ('09783c5e-55df-481a-a6c4-25b0923eb43a', '6170a174-432c-4424-8d06-5b750ad7562f', 'upi', 70500, 'TXN-TF-1319', '2026-06-08T08:05:00.000Z');

-- Invoice TF-1320
INSERT INTO invoices (id, store_id, invoice_number, customer_name, customer_phone, customer_address, subtotal, discount_amount, delivery_charge, installation_charge, round_off, grand_total, payment_method, payment_status, created_by, created_at)
VALUES (
  '0eebcfb5-e23b-43a5-9557-4a7b2d63c89b',
  '29f4e073-bc1d-4071-ae3a-c8718a90f998',
  'TF-1320',
  'Guest',
  '',
  '',
  82175,
  2465.25,
  0,
  500,
  0.25,
  80210,
  'cash',
  'completed',
  '11111111-1111-4111-a111-111111111111',
  '2026-06-08T04:55:00.000Z'
);
INSERT INTO invoice_items (id, invoice_id, product_id, product_name, sku, quantity, unit_price, discount_percent, discount_amount, line_total)
VALUES (
  '1ea659c0-922d-4658-8bf2-32568e938591',
  '0eebcfb5-e23b-43a5-9557-4a7b2d63c89b',
  'a60d2932-4d27-42fc-950c-b010bfc97fd9',
  'Imperial Modular 4-Door Wardrobe (Teak Wood, Ocean Blue)',
  'WAR-TEA-0155',
  1,
  86500,
  5,
  4325,
  82175
);
INSERT INTO payments (id, invoice_id, method, amount, reference, created_at) VALUES ('ee1c1256-bae2-47fa-ad59-bab1474fb7b8', '0eebcfb5-e23b-43a5-9557-4a7b2d63c89b', 'cash', 80210, 'TXN-TF-1320', '2026-06-08T04:55:00.000Z');

-- Invoice TF-1321
INSERT INTO invoices (id, store_id, invoice_number, customer_name, customer_phone, customer_address, subtotal, discount_amount, delivery_charge, installation_charge, round_off, grand_total, payment_method, payment_status, created_by, created_at)
VALUES (
  'b147cff7-31d7-4801-ae0e-b0a6fd906e14',
  '29f4e073-bc1d-4071-ae3a-c8718a90f998',
  'TF-1321',
  'Vijay Mallya 179',
  '9861302581',
  'H.No. 15, Gali No. 5, Colony Road, Visakhapatnam, Andhra Pradesh',
  351625,
  0,
  0,
  0,
  0,
  351625,
  'split',
  'completed',
  '33333333-3333-4333-a333-333333333333',
  '2026-06-08T06:07:00.000Z'
);
INSERT INTO invoice_items (id, invoice_id, product_id, product_name, sku, quantity, unit_price, discount_percent, discount_amount, line_total)
VALUES (
  '45af2f23-d593-4331-a3b4-51e753831aad',
  'b147cff7-31d7-4801-ae0e-b0a6fd906e14',
  'a09469f6-5572-4ce5-a8d2-e75635388f2f',
  'Royal 3-Door Wardrobe with Mirror (Teak Wood, Ebony Black)',
  'WAR-TEA-0153',
  1,
  108000,
  5,
  5400,
  102600
);
INSERT INTO invoice_items (id, invoice_id, product_id, product_name, sku, quantity, unit_price, discount_percent, discount_amount, line_total)
VALUES (
  'b026db86-c1e0-4e18-9448-e0ab6659c497',
  'b147cff7-31d7-4801-ae0e-b0a6fd906e14',
  '6e164385-59ea-48a3-a6e2-78525d973ccb',
  'Classic Single Bed (Teak Wood, Crimson Red)',
  'BED-TEA-0033',
  2,
  61000,
  0,
  0,
  122000
);
INSERT INTO invoice_items (id, invoice_id, product_id, product_name, sku, quantity, unit_price, discount_percent, discount_amount, line_total)
VALUES (
  '962c84e7-932a-41ce-bc4a-5e8ca9a8c2c4',
  'b147cff7-31d7-4801-ae0e-b0a6fd906e14',
  'db9ba286-92a8-4ace-b5cb-263e80c36301',
  'Royal Pocket Spring Premium Mattress (Oak Wood, Ebony Black)',
  'MAT-OAK-0197',
  1,
  38000,
  0,
  0,
  38000
);
INSERT INTO invoice_items (id, invoice_id, product_id, product_name, sku, quantity, unit_price, discount_percent, discount_amount, line_total)
VALUES (
  'a86e02c1-fc1a-4f16-96bf-59a0985039a8',
  'b147cff7-31d7-4801-ae0e-b0a6fd906e14',
  'f077b01f-75f1-46ed-a171-4c4e6bb6abbb',
  'Comfort Closed Glass-door Library Cabinet (Mahogany, Crimson Red)',
  'BOO-MAH-0283',
  2,
  21000,
  0,
  0,
  42000
);
INSERT INTO invoice_items (id, invoice_id, product_id, product_name, sku, quantity, unit_price, discount_percent, discount_amount, line_total)
VALUES (
  '1aedd806-9d95-41ae-9855-5fe3c106979a',
  'b147cff7-31d7-4801-ae0e-b0a6fd906e14',
  '1c1d3ae3-3418-4322-8809-3c544ab9eb04',
  'Eco-sustain Wooden Sun Lounger Bed (Mahogany, Ocean Blue)',
  'OUT-MAH-0246',
  1,
  49500,
  5,
  2475,
  47025
);
INSERT INTO payments (id, invoice_id, method, amount, reference, created_at) VALUES ('94f338af-305f-49d3-8db8-d475d8a3d1fe', 'b147cff7-31d7-4801-ae0e-b0a6fd906e14', 'card', 140650, 'TXN-SPLIT-CARD', '2026-06-08T06:07:00.000Z');
INSERT INTO payments (id, invoice_id, method, amount, reference, created_at) VALUES ('bffb3833-298a-448e-b3a7-a3416c32d416', 'b147cff7-31d7-4801-ae0e-b0a6fd906e14', 'upi', 210975, 'TXN-SPLIT-UPI', '2026-06-08T06:07:00.000Z');

-- Invoice TF-1322
INSERT INTO invoices (id, store_id, invoice_number, customer_name, customer_phone, customer_address, subtotal, discount_amount, delivery_charge, installation_charge, round_off, grand_total, payment_method, payment_status, created_by, created_at)
VALUES (
  'c845dbfd-0141-4617-9322-3b97945e7781',
  '29f4e073-bc1d-4071-ae3a-c8718a90f998',
  'TF-1322',
  'Zeeshan Khan 178',
  '9827491267',
  'H.No. 14, Gali No. 4, Colony Road, Vijayawada, Andhra Pradesh',
  190350,
  0,
  0,
  0,
  0,
  190350,
  'bank_transfer',
  'completed',
  '22222222-2222-4222-a222-222222222222',
  '2026-06-08T10:17:00.000Z'
);
INSERT INTO invoice_items (id, invoice_id, product_id, product_name, sku, quantity, unit_price, discount_percent, discount_amount, line_total)
VALUES (
  'd650d072-b725-49a8-accd-538de3d6501b',
  'c845dbfd-0141-4617-9322-3b97945e7781',
  '297e6588-3660-4997-98ba-33db9f93f15b',
  'Minimalist Closed Glass-door Library Cabinet (Engineered Wood, Warm Beige)',
  'BOO-ENG-0289',
  1,
  23000,
  5,
  1150,
  21850
);
INSERT INTO invoice_items (id, invoice_id, product_id, product_name, sku, quantity, unit_price, discount_percent, discount_amount, line_total)
VALUES (
  '5fab9f55-bef1-4ab2-87d0-94aaf8468f1f',
  'c845dbfd-0141-4617-9322-3b97945e7781',
  '482e6765-ec8f-4de4-ba26-c5254f4d1766',
  'Imperial Wall Mounted TV Cabinet (Oak Wood, Ocean Blue)',
  'TV -OAK-0107',
  2,
  26000,
  0,
  0,
  52000
);
INSERT INTO invoice_items (id, invoice_id, product_id, product_name, sku, quantity, unit_price, discount_percent, discount_amount, line_total)
VALUES (
  '927229d4-7c50-421c-8287-0aad2dae306e',
  'c845dbfd-0141-4617-9322-3b97945e7781',
  '4a044722-9ba3-4f4f-a335-8aeac80f46d2',
  'Minimalist Executive Study Desk with Drawers (Teak Wood, Crimson Red)',
  'STU-TEA-0178',
  1,
  27500,
  0,
  0,
  27500
);
INSERT INTO invoice_items (id, invoice_id, product_id, product_name, sku, quantity, unit_price, discount_percent, discount_amount, line_total)
VALUES (
  'adace357-e605-41f1-8d77-d589b36f1d00',
  'c845dbfd-0141-4617-9322-3b97945e7781',
  'c7b46c58-d8ab-4bb0-a759-8652c20a988c',
  'Classic Orthopedic Memory Foam Mattress (Oak Wood, Teak Finish)',
  'MAT-OAK-0190',
  2,
  44500,
  0,
  0,
  89000
);
INSERT INTO payments (id, invoice_id, method, amount, reference, created_at) VALUES ('31028b63-b971-476c-938b-7620ad68869e', 'c845dbfd-0141-4617-9322-3b97945e7781', 'bank_transfer', 190350, 'TXN-TF-1322', '2026-06-08T10:17:00.000Z');

-- Invoice TF-1323
INSERT INTO invoices (id, store_id, invoice_number, customer_name, customer_phone, customer_address, subtotal, discount_amount, delivery_charge, installation_charge, round_off, grand_total, payment_method, payment_status, created_by, created_at)
VALUES (
  'd87a4dab-2cf0-4fa0-abc6-24fee7e4ed3a',
  '29f4e073-bc1d-4071-ae3a-c8718a90f998',
  'TF-1323',
  'Yash Pal 177',
  '9856739358',
  'H.No. 13, Gali No. 3, Colony Road, Chennai, Tamil Nadu',
  115475,
  0,
  0,
  0,
  0,
  115475,
  'card',
  'completed',
  '11111111-1111-4111-a111-111111111111',
  '2026-06-09T09:14:00.000Z'
);
INSERT INTO invoice_items (id, invoice_id, product_id, product_name, sku, quantity, unit_price, discount_percent, discount_amount, line_total)
VALUES (
  '0abb24b8-c4ed-40bf-a6a5-53edeaa947a7',
  'd87a4dab-2cf0-4fa0-abc6-24fee7e4ed3a',
  'b27d2f49-3866-4d81-ba17-09524c7a0d91',
  'Royal Solid Wood Dining Chair (Teak Wood, Walnut Brown)',
  'DIN-TEA-0078',
  1,
  10500,
  5,
  525,
  9975
);
INSERT INTO invoice_items (id, invoice_id, product_id, product_name, sku, quantity, unit_price, discount_percent, discount_amount, line_total)
VALUES (
  'a2febf5c-1ef3-463d-b3c8-7fbb7ac3d064',
  'd87a4dab-2cf0-4fa0-abc6-24fee7e4ed3a',
  '756929ee-e33f-4a94-a745-a9ab780dbc2e',
  'Heritage Floor Standing TV Console (Mahogany, Charcoal Grey)',
  'TV -MAH-0120',
  2,
  36500,
  0,
  0,
  73000
);
INSERT INTO invoice_items (id, invoice_id, product_id, product_name, sku, quantity, unit_price, discount_percent, discount_amount, line_total)
VALUES (
  'fff718c4-6e05-4fcb-9fa2-23011102f77b',
  'd87a4dab-2cf0-4fa0-abc6-24fee7e4ed3a',
  'b7306676-928a-4580-9b0c-f74908ec3c83',
  'Heritage 2-Door Sliding Wardrobe (Rose Wood, Ocean Blue)',
  'WAR-ROS-0146',
  1,
  32500,
  0,
  0,
  32500
);
INSERT INTO payments (id, invoice_id, method, amount, reference, created_at) VALUES ('88ee5590-3510-4754-910a-5fad8909bbe3', 'd87a4dab-2cf0-4fa0-abc6-24fee7e4ed3a', 'card', 115475, 'TXN-TF-1323', '2026-06-09T09:14:00.000Z');

-- Invoice TF-1324
INSERT INTO invoices (id, store_id, invoice_number, customer_name, customer_phone, customer_address, subtotal, discount_amount, delivery_charge, installation_charge, round_off, grand_total, payment_method, payment_status, created_by, created_at)
VALUES (
  'aa55220b-209d-489b-a321-509b784a1466',
  '29f4e073-bc1d-4071-ae3a-c8718a90f998',
  'TF-1324',
  'Guest',
  '',
  '',
  292475,
  0,
  0,
  0,
  0,
  292475,
  'upi',
  'completed',
  '33333333-3333-4333-a333-333333333333',
  '2026-06-09T09:03:00.000Z'
);
INSERT INTO invoice_items (id, invoice_id, product_id, product_name, sku, quantity, unit_price, discount_percent, discount_amount, line_total)
VALUES (
  '533a166b-e52a-4606-9749-269581012111',
  'aa55220b-209d-489b-a321-509b784a1466',
  'b6a6fd11-7b41-4135-a9dc-47447b75c11e',
  'Premium Extendable Dining Table (Sheesham Wood, Teak Finish)',
  'DIN-SHE-0044',
  1,
  60500,
  5,
  3025,
  57475
);
INSERT INTO invoice_items (id, invoice_id, product_id, product_name, sku, quantity, unit_price, discount_percent, discount_amount, line_total)
VALUES (
  '5ea3f9bb-39a2-4b49-bd34-4e6d219ff812',
  'aa55220b-209d-489b-a321-509b784a1466',
  '5a47b543-0e83-4610-9794-e48996ce966c',
  'Minimalist Sofa Cum Bed (Mahogany, Warm Beige)',
  'SOF-MAH-0020',
  2,
  117500,
  0,
  0,
  235000
);
INSERT INTO payments (id, invoice_id, method, amount, reference, created_at) VALUES ('1ef6440c-53c4-4f48-9dbd-1376fc0d5668', 'aa55220b-209d-489b-a321-509b784a1466', 'upi', 292475, 'TXN-TF-1324', '2026-06-09T09:03:00.000Z');

-- Invoice TF-1325
INSERT INTO invoices (id, store_id, invoice_number, customer_name, customer_phone, customer_address, subtotal, discount_amount, delivery_charge, installation_charge, round_off, grand_total, payment_method, payment_status, created_by, created_at)
VALUES (
  '8ddfe830-a043-49aa-bfa5-09a5b4a0b6ed',
  '29f4e073-bc1d-4071-ae3a-c8718a90f998',
  'TF-1325',
  'Vikram Seth 175',
  '9896432779',
  'H.No. 99, Gali No. 1, Colony Road, Secunderabad, Telangana',
  65075,
  0,
  1200,
  0,
  0,
  66275,
  'cash',
  'cancelled',
  '22222222-2222-4222-a222-222222222222',
  '2026-06-09T09:29:00.000Z'
);
INSERT INTO invoice_items (id, invoice_id, product_id, product_name, sku, quantity, unit_price, discount_percent, discount_amount, line_total)
VALUES (
  '5d65dd18-9544-4771-b964-47c616d3155c',
  '8ddfe830-a043-49aa-bfa5-09a5b4a0b6ed',
  '14858145-d9df-494d-a77d-ebcd2119d317',
  'Premium King Size Bed with Storage (Engineered Wood, Teak Finish)',
  'BED-ENG-0026',
  1,
  68500,
  5,
  3425,
  65075
);

-- Invoice TF-1326
INSERT INTO invoices (id, store_id, invoice_number, customer_name, customer_phone, customer_address, subtotal, discount_amount, delivery_charge, installation_charge, round_off, grand_total, payment_method, payment_status, created_by, created_at)
VALUES (
  '7aa0ede9-9c20-46a1-ac1a-69f754e4dc5c',
  '29f4e073-bc1d-4071-ae3a-c8718a90f998',
  'TF-1326',
  'Suresh Prabhu 174',
  '9876331797',
  'H.No. 98, Gali No. 5, Colony Road, Hyderabad, Telangana',
  345475,
  0,
  0,
  0,
  0,
  345475,
  'split',
  'completed',
  '11111111-1111-4111-a111-111111111111',
  '2026-06-09T11:33:00.000Z'
);
INSERT INTO invoice_items (id, invoice_id, product_id, product_name, sku, quantity, unit_price, discount_percent, discount_amount, line_total)
VALUES (
  '93cbb1ff-38ba-4ad3-b7c2-1bb4710c31a9',
  '7aa0ede9-9c20-46a1-ac1a-69f754e4dc5c',
  '685de896-144b-49c1-86f3-38d2c27670b5',
  'Eco-sustain Executive Leather High-Back (Oak Wood, Warm Beige)',
  'OFF-OAK-0090',
  1,
  10500,
  5,
  525,
  9975
);
INSERT INTO invoice_items (id, invoice_id, product_id, product_name, sku, quantity, unit_price, discount_percent, discount_amount, line_total)
VALUES (
  'ffdd8572-717d-42ff-9eaa-e9eb123fe04b',
  '7aa0ede9-9c20-46a1-ac1a-69f754e4dc5c',
  '2a70887d-c393-4b67-b917-9dbce13f8239',
  'Imperial Pocket Spring Premium Mattress (Engineered Wood, Warm Beige)',
  'MAT-ENG-0188',
  2,
  47000,
  0,
  0,
  94000
);
INSERT INTO invoice_items (id, invoice_id, product_id, product_name, sku, quantity, unit_price, discount_percent, discount_amount, line_total)
VALUES (
  'f9736a63-1beb-4820-9778-5dd65c5d1b89',
  '7aa0ede9-9c20-46a1-ac1a-69f754e4dc5c',
  'ee3f6ca5-ea75-42c7-a407-99a640891b85',
  'Heritage Wall Folding Laptop Desk (Teak Wood, Ocean Blue)',
  'STU-TEA-0171',
  1,
  17000,
  0,
  0,
  17000
);
INSERT INTO invoice_items (id, invoice_id, product_id, product_name, sku, quantity, unit_price, discount_percent, discount_amount, line_total)
VALUES (
  '74c99f66-990b-47e0-b13e-7078ffe92a05',
  '7aa0ede9-9c20-46a1-ac1a-69f754e4dc5c',
  '08e84681-f48f-465c-b99d-9d483907701f',
  'Classic Extendable Dining Table (Oak Wood, Charcoal Grey)',
  'DIN-OAK-0048',
  2,
  98000,
  0,
  0,
  196000
);
INSERT INTO invoice_items (id, invoice_id, product_id, product_name, sku, quantity, unit_price, discount_percent, discount_amount, line_total)
VALUES (
  '36bd38a6-5256-4d87-826e-ea7cff38bb7c',
  '7aa0ede9-9c20-46a1-ac1a-69f754e4dc5c',
  '2e57a82c-d824-4ec3-8af9-c460f570fc38',
  'Classic L-Shape Sofa Sectional (Teak Wood, Ivory White)',
  'SOF-TEA-0017',
  1,
  30000,
  5,
  1500,
  28500
);
INSERT INTO payments (id, invoice_id, method, amount, reference, created_at) VALUES ('b972e92b-58ca-4ee9-870b-c511880b8195', '7aa0ede9-9c20-46a1-ac1a-69f754e4dc5c', 'card', 138190, 'TXN-SPLIT-CARD', '2026-06-09T11:33:00.000Z');
INSERT INTO payments (id, invoice_id, method, amount, reference, created_at) VALUES ('a3ee6313-ceed-4fdc-b243-ac66ba4b3990', '7aa0ede9-9c20-46a1-ac1a-69f754e4dc5c', 'upi', 207285, 'TXN-SPLIT-UPI', '2026-06-09T11:33:00.000Z');

-- Invoice TF-1327
INSERT INTO invoices (id, store_id, invoice_number, customer_name, customer_phone, customer_address, subtotal, discount_amount, delivery_charge, installation_charge, round_off, grand_total, payment_method, payment_status, created_by, created_at)
VALUES (
  '7926a6cf-3798-48fb-9ced-edcfd6c24c21',
  '29f4e073-bc1d-4071-ae3a-c8718a90f998',
  'TF-1327',
  'Sneha Rao 173',
  '9839676677',
  'H.No. 97, Gali No. 4, Colony Road, Visakhapatnam, Andhra Pradesh',
  171500,
  0,
  0,
  0,
  0,
  171500,
  'bank_transfer',
  'completed',
  '33333333-3333-4333-a333-333333333333',
  '2026-06-09T12:44:00.000Z'
);
INSERT INTO invoice_items (id, invoice_id, product_id, product_name, sku, quantity, unit_price, discount_percent, discount_amount, line_total)
VALUES (
  '19bbc3f3-9037-4eed-a315-89d43f11b989',
  '7926a6cf-3798-48fb-9ced-edcfd6c24c21',
  '1ffc0d53-7cbf-4a45-9195-85b74571e2a3',
  'Heritage Garden Patio Bistro Set (Rose Wood, Ivory White)',
  'OUT-ROS-0256',
  1,
  20000,
  5,
  1000,
  19000
);
INSERT INTO invoice_items (id, invoice_id, product_id, product_name, sku, quantity, unit_price, discount_percent, discount_amount, line_total)
VALUES (
  'fb980739-e832-4e5e-836d-ec8544401bf3',
  '7926a6cf-3798-48fb-9ced-edcfd6c24c21',
  '26e97e22-a9a9-4748-b43f-4f06ff43b1cc',
  'Classic Cushioned Dining Chair (Mahogany, Warm Beige)',
  'DIN-MAH-0069',
  2,
  14000,
  0,
  0,
  28000
);
INSERT INTO invoice_items (id, invoice_id, product_id, product_name, sku, quantity, unit_price, discount_percent, discount_amount, line_total)
VALUES (
  'd6aa42a7-8038-4c96-bb06-8eef5146fab5',
  '7926a6cf-3798-48fb-9ced-edcfd6c24c21',
  '4a044722-9ba3-4f4f-a335-8aeac80f46d2',
  'Minimalist Executive Study Desk with Drawers (Teak Wood, Crimson Red)',
  'STU-TEA-0178',
  1,
  27500,
  0,
  0,
  27500
);
INSERT INTO invoice_items (id, invoice_id, product_id, product_name, sku, quantity, unit_price, discount_percent, discount_amount, line_total)
VALUES (
  '78b6d6a3-3032-47ed-99e2-e12344fbdd1b',
  '7926a6cf-3798-48fb-9ced-edcfd6c24c21',
  'd7b96116-6403-43a6-b7f3-f6392d813c27',
  'Royal 6-Seater Wooden Dining Table (Sheesham Wood, Teak Finish)',
  'DIN-SHE-0053',
  2,
  48500,
  0,
  0,
  97000
);
INSERT INTO payments (id, invoice_id, method, amount, reference, created_at) VALUES ('5702d891-7996-41e0-940b-8763b7fcfa04', '7926a6cf-3798-48fb-9ced-edcfd6c24c21', 'bank_transfer', 171500, 'TXN-TF-1327', '2026-06-09T12:44:00.000Z');

-- Invoice TF-1328
INSERT INTO invoices (id, store_id, invoice_number, customer_name, customer_phone, customer_address, subtotal, discount_amount, delivery_charge, installation_charge, round_off, grand_total, payment_method, payment_status, created_by, created_at)
VALUES (
  '0f1b3035-5043-4602-9d53-7b4a3c3bd1ab',
  '29f4e073-bc1d-4071-ae3a-c8718a90f998',
  'TF-1328',
  'Guest',
  '',
  '',
  126925,
  0,
  0,
  0,
  0,
  126925,
  'card',
  'completed',
  '22222222-2222-4222-a222-222222222222',
  '2026-06-10T09:05:00.000Z'
);
INSERT INTO invoice_items (id, invoice_id, product_id, product_name, sku, quantity, unit_price, discount_percent, discount_amount, line_total)
VALUES (
  '5d55968b-b6fd-4dc0-b1bc-765440269f06',
  '0f1b3035-5043-4602-9d53-7b4a3c3bd1ab',
  'd196a103-6d41-4e84-98cf-8a3188fb3cf3',
  'Minimalist Massage Recliner Chair (Sheesham Wood, Charcoal Grey)',
  'REC-SHE-0232',
  1,
  31500,
  5,
  1575,
  29925
);
INSERT INTO invoice_items (id, invoice_id, product_id, product_name, sku, quantity, unit_price, discount_percent, discount_amount, line_total)
VALUES (
  '00467253-f0c4-4668-9b4c-549d7d8e6a7b',
  '0f1b3035-5043-4602-9d53-7b4a3c3bd1ab',
  '3b887fdc-e681-4eb9-a8f9-ed3a55c5f4af',
  'Classic Ladder Bookshelf Display Unit (Engineered Wood, Warm Beige)',
  'BOO-ENG-0287',
  2,
  17500,
  0,
  0,
  35000
);
INSERT INTO invoice_items (id, invoice_id, product_id, product_name, sku, quantity, unit_price, discount_percent, discount_amount, line_total)
VALUES (
  '7e21048d-0f16-4ea3-be33-80d26f8d94bf',
  '0f1b3035-5043-4602-9d53-7b4a3c3bd1ab',
  'cdfea8d1-e377-4e2a-86a8-301988e8ba9f',
  'Minimalist Extendable Dining Table (Sheesham Wood, Crimson Red)',
  'DIN-SHE-0052',
  1,
  62000,
  0,
  0,
  62000
);
INSERT INTO payments (id, invoice_id, method, amount, reference, created_at) VALUES ('45569caa-1657-41cf-a01a-0043064d1f90', '0f1b3035-5043-4602-9d53-7b4a3c3bd1ab', 'card', 126925, 'TXN-TF-1328', '2026-06-10T09:05:00.000Z');

-- Invoice TF-1329
INSERT INTO invoices (id, store_id, invoice_number, customer_name, customer_phone, customer_address, subtotal, discount_amount, delivery_charge, installation_charge, round_off, grand_total, payment_method, payment_status, created_by, created_at)
VALUES (
  'a67e23f5-1593-488d-93bd-9276e6f4ead4',
  '29f4e073-bc1d-4071-ae3a-c8718a90f998',
  'TF-1329',
  'Sarita Mishra 171',
  '9840388077',
  'H.No. 95, Gali No. 2, Colony Road, Chennai, Tamil Nadu',
  139550,
  0,
  0,
  500,
  0,
  140050,
  'upi',
  'completed',
  '11111111-1111-4111-a111-111111111111',
  '2026-06-10T08:08:00.000Z'
);
INSERT INTO invoice_items (id, invoice_id, product_id, product_name, sku, quantity, unit_price, discount_percent, discount_amount, line_total)
VALUES (
  'fa822090-1a07-490c-aee3-b68ad7ca1e86',
  'a67e23f5-1593-488d-93bd-9276e6f4ead4',
  '3a5f9708-fb43-44c9-b68f-8bc8d123070d',
  'Minimalist Open Walk-in Closet Organizer (Rose Wood, Ebony Black)',
  'WAR-ROS-0148',
  1,
  49000,
  5,
  2450,
  46550
);
INSERT INTO invoice_items (id, invoice_id, product_id, product_name, sku, quantity, unit_price, discount_percent, discount_amount, line_total)
VALUES (
  '82f9c461-ef73-43dc-ac8c-877e83b5ec33',
  'a67e23f5-1593-488d-93bd-9276e6f4ead4',
  '6e43538a-a745-4e9a-a6ef-7dcd57f182fd',
  'Luxurious Queen Size Wooden Bed (Mahogany, Ocean Blue)',
  'BED-MAH-0022',
  2,
  46500,
  0,
  0,
  93000
);
INSERT INTO payments (id, invoice_id, method, amount, reference, created_at) VALUES ('4d80cd27-0c04-4cb3-8b28-aef4c50c8fbc', 'a67e23f5-1593-488d-93bd-9276e6f4ead4', 'upi', 140050, 'TXN-TF-1329', '2026-06-10T08:08:00.000Z');

-- Invoice TF-1330
INSERT INTO invoices (id, store_id, invoice_number, customer_name, customer_phone, customer_address, subtotal, discount_amount, delivery_charge, installation_charge, round_off, grand_total, payment_method, payment_status, created_by, created_at)
VALUES (
  '64c39685-3e8d-4467-80a7-f0e0c85bc92e',
  '29f4e073-bc1d-4071-ae3a-c8718a90f998',
  'TF-1330',
  'Sanjay Dutt 170',
  '9821219438',
  'H.No. 94, Gali No. 1, Colony Road, Bangalore, Karnataka',
  9975,
  299.25,
  0,
  0,
  0.25,
  9676,
  'cash',
  'completed',
  '33333333-3333-4333-a333-333333333333',
  '2026-06-10T06:44:00.000Z'
);
INSERT INTO invoice_items (id, invoice_id, product_id, product_name, sku, quantity, unit_price, discount_percent, discount_amount, line_total)
VALUES (
  'a84dede2-9174-40bc-afb3-2647ddbf517a',
  '64c39685-3e8d-4467-80a7-f0e0c85bc92e',
  '565ae41d-77f4-4e7b-9327-33d684cb45de',
  'Imperial Compact Dresser Cabinet (Teak Wood, Teak Finish)',
  'DRE-TEA-0208',
  1,
  10500,
  5,
  525,
  9975
);
INSERT INTO payments (id, invoice_id, method, amount, reference, created_at) VALUES ('ef8b22fb-f616-4705-9f63-0ffd8754320f', '64c39685-3e8d-4467-80a7-f0e0c85bc92e', 'cash', 9676, 'TXN-TF-1330', '2026-06-10T06:44:00.000Z');

-- Invoice TF-1331
INSERT INTO invoices (id, store_id, invoice_number, customer_name, customer_phone, customer_address, subtotal, discount_amount, delivery_charge, installation_charge, round_off, grand_total, payment_method, payment_status, created_by, created_at)
VALUES (
  'c59e4117-5990-476a-acb8-db4afe912420',
  '29f4e073-bc1d-4071-ae3a-c8718a90f998',
  'TF-1331',
  'Sandeep Hegde 169',
  '9840570019',
  'H.No. 93, Gali No. 5, Colony Road, Secunderabad, Telangana',
  383500,
  0,
  0,
  0,
  0,
  383500,
  'split',
  'completed',
  '22222222-2222-4222-a222-222222222222',
  '2026-06-10T09:17:00.000Z'
);
INSERT INTO invoice_items (id, invoice_id, product_id, product_name, sku, quantity, unit_price, discount_percent, discount_amount, line_total)
VALUES (
  'd7e1330c-42c9-423a-b4cf-5172e2e68039',
  'c59e4117-5990-476a-acb8-db4afe912420',
  '9cc31cf2-7542-4cf9-b2b4-a6c5f7781c35',
  'Heritage Single Bed (Mahogany, Ebony Black)',
  'BED-MAH-0038',
  1,
  53500,
  5,
  2675,
  50825
);
INSERT INTO invoice_items (id, invoice_id, product_id, product_name, sku, quantity, unit_price, discount_percent, discount_amount, line_total)
VALUES (
  '6cd6f37c-0b20-4f63-85ae-8097770abd45',
  'c59e4117-5990-476a-acb8-db4afe912420',
  'f7143768-39ca-4c15-9255-7f63f3b889f9',
  'Classic Upholstered Bed Platform (Mahogany, Warm Beige)',
  'BED-MAH-0025',
  2,
  84500,
  0,
  0,
  169000
);
INSERT INTO invoice_items (id, invoice_id, product_id, product_name, sku, quantity, unit_price, discount_percent, discount_amount, line_total)
VALUES (
  '708b903f-fdca-45dd-b24c-465dcb563612',
  'c59e4117-5990-476a-acb8-db4afe912420',
  '597dfa12-759f-487a-9605-0ce7f962be7f',
  'Modern Massage Recliner Chair (Oak Wood, Warm Beige)',
  'REC-OAK-0223',
  1,
  52500,
  0,
  0,
  52500
);
INSERT INTO invoice_items (id, invoice_id, product_id, product_name, sku, quantity, unit_price, discount_percent, discount_amount, line_total)
VALUES (
  '8a3ce9ad-9bc4-44a4-9fd6-e53e3b926485',
  'c59e4117-5990-476a-acb8-db4afe912420',
  'c3cbb4b4-46c9-42f7-851d-3d8cfd70108a',
  'Premium Multi-drawer Utility Cabinet (Rose Wood, Teak Finish)',
  'STO-ROS-0276',
  2,
  14500,
  0,
  0,
  29000
);
INSERT INTO invoice_items (id, invoice_id, product_id, product_name, sku, quantity, unit_price, discount_percent, discount_amount, line_total)
VALUES (
  'e75a4545-e767-4ff9-90c7-a9858e76a0f5',
  'c59e4117-5990-476a-acb8-db4afe912420',
  'a60d2932-4d27-42fc-950c-b010bfc97fd9',
  'Imperial Modular 4-Door Wardrobe (Teak Wood, Ocean Blue)',
  'WAR-TEA-0155',
  1,
  86500,
  5,
  4325,
  82175
);
INSERT INTO payments (id, invoice_id, method, amount, reference, created_at) VALUES ('a70520f3-2339-4bbc-bfc1-5d5801c845bc', 'c59e4117-5990-476a-acb8-db4afe912420', 'card', 153400, 'TXN-SPLIT-CARD', '2026-06-10T09:17:00.000Z');
INSERT INTO payments (id, invoice_id, method, amount, reference, created_at) VALUES ('01a00f85-4570-4d80-88ff-435db023e484', 'c59e4117-5990-476a-acb8-db4afe912420', 'upi', 230100, 'TXN-SPLIT-UPI', '2026-06-10T09:17:00.000Z');

-- Invoice TF-1332
INSERT INTO invoices (id, store_id, invoice_number, customer_name, customer_phone, customer_address, subtotal, discount_amount, delivery_charge, installation_charge, round_off, grand_total, payment_method, payment_status, created_by, created_at)
VALUES (
  '94de3085-832d-4e51-ae2d-8f72cb9b0446',
  '29f4e073-bc1d-4071-ae3a-c8718a90f998',
  'TF-1332',
  'Guest',
  '',
  '',
  353300,
  0,
  1200,
  0,
  0,
  354500,
  'bank_transfer',
  'completed',
  '11111111-1111-4111-a111-111111111111',
  '2026-06-10T14:02:00.000Z'
);
INSERT INTO invoice_items (id, invoice_id, product_id, product_name, sku, quantity, unit_price, discount_percent, discount_amount, line_total)
VALUES (
  'f7f34a6b-3b6a-4dd5-b2c6-6c61e966b0a2',
  '94de3085-832d-4e51-ae2d-8f72cb9b0446',
  '7d9f3fe3-ab91-4396-a6f7-d7485895bccf',
  'Luxurious Ladder Bookshelf Display Unit (Sheesham Wood, Crimson Red)',
  'BOO-SHE-0281',
  1,
  24000,
  5,
  1200,
  22800
);
INSERT INTO invoice_items (id, invoice_id, product_id, product_name, sku, quantity, unit_price, discount_percent, discount_amount, line_total)
VALUES (
  '4d2cdff2-b1ab-42ef-b78e-5279186189f5',
  '94de3085-832d-4e51-ae2d-8f72cb9b0446',
  '0fd1f89f-28d1-4530-a20f-30e848b85844',
  'Modern 3-Seater Sofa (Sheesham Wood, Teak Finish)',
  'SOF-SHE-0016',
  2,
  66000,
  0,
  0,
  132000
);
INSERT INTO invoice_items (id, invoice_id, product_id, product_name, sku, quantity, unit_price, discount_percent, discount_amount, line_total)
VALUES (
  'b8902622-5783-49d0-ac7e-891d24349790',
  '94de3085-832d-4e51-ae2d-8f72cb9b0446',
  'db934a58-986a-4cf0-9883-fdff9c444d3a',
  'Luxurious Solid Wood Computer Desk (Oak Wood, Ocean Blue)',
  'STU-OAK-0168',
  1,
  6500,
  0,
  0,
  6500
);
INSERT INTO invoice_items (id, invoice_id, product_id, product_name, sku, quantity, unit_price, discount_percent, discount_amount, line_total)
VALUES (
  '5a4664a5-f89d-4faf-bd5b-7829e8bde820',
  '94de3085-832d-4e51-ae2d-8f72cb9b0446',
  '2f7a06df-e494-4adc-8eab-879b683291d5',
  'Heritage 4-Seater Glass Top Dining Table (Mahogany, Ebony Black)',
  'DIN-MAH-0050',
  2,
  96000,
  0,
  0,
  192000
);
INSERT INTO payments (id, invoice_id, method, amount, reference, created_at) VALUES ('3518a40e-bd34-4c67-a13c-a65fd9a16b00', '94de3085-832d-4e51-ae2d-8f72cb9b0446', 'bank_transfer', 354500, 'TXN-TF-1332', '2026-06-10T14:02:00.000Z');

-- Invoice TF-1333
INSERT INTO invoices (id, store_id, invoice_number, customer_name, customer_phone, customer_address, subtotal, discount_amount, delivery_charge, installation_charge, round_off, grand_total, payment_method, payment_status, created_by, created_at)
VALUES (
  '9132203c-f53b-49fd-a02a-770f1e7f9f69',
  '29f4e073-bc1d-4071-ae3a-c8718a90f998',
  'TF-1333',
  'Ramesh Chandra 167',
  '9862579640',
  'H.No. 91, Gali No. 3, Colony Road, Visakhapatnam, Andhra Pradesh',
  135050,
  0,
  0,
  0,
  0,
  135050,
  'card',
  'completed',
  '33333333-3333-4333-a333-333333333333',
  '2026-06-10T13:18:00.000Z'
);
INSERT INTO invoice_items (id, invoice_id, product_id, product_name, sku, quantity, unit_price, discount_percent, discount_amount, line_total)
VALUES (
  'c0377894-f59d-4256-b257-d9e203bd25b1',
  '9132203c-f53b-49fd-a02a-770f1e7f9f69',
  '138586f2-81ee-460c-ae17-a1294ae23278',
  'Comfort Shoe Storage Bench Rack (Sheesham Wood, Walnut Brown)',
  'STO-SHE-0268',
  1,
  9000,
  5,
  450,
  8550
);
INSERT INTO invoice_items (id, invoice_id, product_id, product_name, sku, quantity, unit_price, discount_percent, discount_amount, line_total)
VALUES (
  'b2f76ccf-642f-4578-a577-d0238d0b201a',
  '9132203c-f53b-49fd-a02a-770f1e7f9f69',
  'd196a103-6d41-4e84-98cf-8a3188fb3cf3',
  'Minimalist Massage Recliner Chair (Sheesham Wood, Charcoal Grey)',
  'REC-SHE-0232',
  2,
  31500,
  0,
  0,
  63000
);
INSERT INTO invoice_items (id, invoice_id, product_id, product_name, sku, quantity, unit_price, discount_percent, discount_amount, line_total)
VALUES (
  'a4ebaa9d-e35a-47e4-b804-ca87b8cac544',
  '9132203c-f53b-49fd-a02a-770f1e7f9f69',
  '8de78dd0-d3a4-483c-a38f-a53b884915ea',
  'Heritage Wooden Sun Lounger Bed (Rose Wood, Walnut Brown)',
  'OUT-ROS-0255',
  1,
  63500,
  0,
  0,
  63500
);
INSERT INTO payments (id, invoice_id, method, amount, reference, created_at) VALUES ('c39b54c1-16d2-4781-9b78-34ae34180fad', '9132203c-f53b-49fd-a02a-770f1e7f9f69', 'card', 135050, 'TXN-TF-1333', '2026-06-10T13:18:00.000Z');

-- Invoice TF-1334
INSERT INTO invoices (id, store_id, invoice_number, customer_name, customer_phone, customer_address, subtotal, discount_amount, delivery_charge, installation_charge, round_off, grand_total, payment_method, payment_status, created_by, created_at)
VALUES (
  '5bb353e6-d558-47de-88f8-ab6f678e3a79',
  '29f4e073-bc1d-4071-ae3a-c8718a90f998',
  'TF-1334',
  'Rahul Verma 166',
  '9839448058',
  'H.No. 90, Gali No. 2, Colony Road, Vijayawada, Andhra Pradesh',
  62225,
  0,
  0,
  0,
  0,
  62225,
  'upi',
  'completed',
  '22222222-2222-4222-a222-222222222222',
  '2026-06-11T14:43:00.000Z'
);
INSERT INTO invoice_items (id, invoice_id, product_id, product_name, sku, quantity, unit_price, discount_percent, discount_amount, line_total)
VALUES (
  'a5303e28-0732-406c-b414-d95c0eec7996',
  '5bb353e6-d558-47de-88f8-ab6f678e3a79',
  'a8d7e84a-9b4d-45d3-8f86-ac13caf001b1',
  'Comfort Dual Comfort Latex Mattress (Teak Wood, Ebony Black)',
  'MAT-TEA-0192',
  1,
  25500,
  5,
  1275,
  24225
);
INSERT INTO invoice_items (id, invoice_id, product_id, product_name, sku, quantity, unit_price, discount_percent, discount_amount, line_total)
VALUES (
  '581453c4-fe3e-4688-baf3-2939a7affbe9',
  '5bb353e6-d558-47de-88f8-ab6f678e3a79',
  '55b103bb-657e-4a60-a57f-276b49971487',
  'Minimalist Closed Glass-door Library Cabinet (Teak Wood, Teak Finish)',
  'BOO-TEA-0295',
  2,
  19000,
  0,
  0,
  38000
);
INSERT INTO payments (id, invoice_id, method, amount, reference, created_at) VALUES ('04ca60b6-cc29-47d5-b5da-42efa75e650b', '5bb353e6-d558-47de-88f8-ab6f678e3a79', 'upi', 62225, 'TXN-TF-1334', '2026-06-11T14:43:00.000Z');

-- Invoice TF-1335
INSERT INTO invoices (id, store_id, invoice_number, customer_name, customer_phone, customer_address, subtotal, discount_amount, delivery_charge, installation_charge, round_off, grand_total, payment_method, payment_status, created_by, created_at)
VALUES (
  '5cee4b81-6b6c-4270-8e75-691756200ef6',
  '29f4e073-bc1d-4071-ae3a-c8718a90f998',
  'TF-1335',
  'Priya Pillai 165',
  '9845887634',
  'H.No. 89, Gali No. 1, Colony Road, Chennai, Tamil Nadu',
  62700,
  0,
  0,
  0,
  0,
  62700,
  'cash',
  'completed',
  '11111111-1111-4111-a111-111111111111',
  '2026-06-11T07:52:00.000Z'
);
INSERT INTO invoice_items (id, invoice_id, product_id, product_name, sku, quantity, unit_price, discount_percent, discount_amount, line_total)
VALUES (
  '190b3c03-9d1b-45a0-a399-f40bb1eac2a5',
  '5cee4b81-6b6c-4270-8e75-691756200ef6',
  '0fd1f89f-28d1-4530-a20f-30e848b85844',
  'Modern 3-Seater Sofa (Sheesham Wood, Teak Finish)',
  'SOF-SHE-0016',
  1,
  66000,
  5,
  3300,
  62700
);
INSERT INTO payments (id, invoice_id, method, amount, reference, created_at) VALUES ('6b7982bd-870d-47b8-8270-d43f493e61af', '5cee4b81-6b6c-4270-8e75-691756200ef6', 'cash', 62700, 'TXN-TF-1335', '2026-06-11T07:52:00.000Z');

-- Invoice TF-1336
INSERT INTO invoices (id, store_id, invoice_number, customer_name, customer_phone, customer_address, subtotal, discount_amount, delivery_charge, installation_charge, round_off, grand_total, payment_method, payment_status, created_by, created_at)
VALUES (
  '6dcb0a3a-e515-4af5-bb4a-691fbdf237cc',
  '29f4e073-bc1d-4071-ae3a-c8718a90f998',
  'TF-1336',
  'Guest',
  '',
  '',
  154125,
  0,
  0,
  0,
  0,
  154125,
  'split',
  'completed',
  '33333333-3333-4333-a333-333333333333',
  '2026-06-11T05:44:00.000Z'
);
INSERT INTO invoice_items (id, invoice_id, product_id, product_name, sku, quantity, unit_price, discount_percent, discount_amount, line_total)
VALUES (
  '464af3ab-83f3-4ed4-8cf3-186e6fe1d078',
  '6dcb0a3a-e515-4af5-bb4a-691fbdf237cc',
  '36b58c66-2f4c-4e9e-b051-c44c48a93883',
  'Imperial Multi-drawer Utility Cabinet (Rose Wood, Teak Finish)',
  'STO-ROS-0267',
  1,
  17500,
  5,
  875,
  16625
);
INSERT INTO invoice_items (id, invoice_id, product_id, product_name, sku, quantity, unit_price, discount_percent, discount_amount, line_total)
VALUES (
  'b7c473f9-7905-4d62-ae19-910183725ee5',
  '6dcb0a3a-e515-4af5-bb4a-691fbdf237cc',
  'ae23d07d-ad6c-4b81-945e-5df3d4fa0e52',
  'Minimalist Cushioned Dining Chair (Teak Wood, Ebony Black)',
  'DIN-TEA-0065',
  2,
  10500,
  0,
  0,
  21000
);
INSERT INTO invoice_items (id, invoice_id, product_id, product_name, sku, quantity, unit_price, discount_percent, discount_amount, line_total)
VALUES (
  'cbe741a9-f842-4287-b852-86822dbeb3c8',
  '6dcb0a3a-e515-4af5-bb4a-691fbdf237cc',
  'f9849504-d5b5-4c81-82d3-33122a18e19e',
  'Classic Single Motor Power Recliner (Engineered Wood, Crimson Red)',
  'REC-ENG-0236',
  1,
  60500,
  0,
  0,
  60500
);
INSERT INTO invoice_items (id, invoice_id, product_id, product_name, sku, quantity, unit_price, discount_percent, discount_amount, line_total)
VALUES (
  '54f6d5c0-34c1-4421-9b16-eecba597051a',
  '6dcb0a3a-e515-4af5-bb4a-691fbdf237cc',
  'dd88417a-f687-4859-a0c7-7bfa3233750c',
  'Minimalist Massage Recliner Chair (Teak Wood, Crimson Red)',
  'REC-TEA-0226',
  2,
  28000,
  0,
  0,
  56000
);
INSERT INTO payments (id, invoice_id, method, amount, reference, created_at) VALUES ('a03a5999-bbdf-4047-b37e-f6ce47ffb480', '6dcb0a3a-e515-4af5-bb4a-691fbdf237cc', 'card', 61650, 'TXN-SPLIT-CARD', '2026-06-11T05:44:00.000Z');
INSERT INTO payments (id, invoice_id, method, amount, reference, created_at) VALUES ('17eb9fb0-da25-4247-91d1-12f7e88a229d', '6dcb0a3a-e515-4af5-bb4a-691fbdf237cc', 'upi', 92475, 'TXN-SPLIT-UPI', '2026-06-11T05:44:00.000Z');

-- Invoice TF-1337
INSERT INTO invoices (id, store_id, invoice_number, customer_name, customer_phone, customer_address, subtotal, discount_amount, delivery_charge, installation_charge, round_off, grand_total, payment_method, payment_status, created_by, created_at)
VALUES (
  'b7b814f2-bf03-4842-b364-5ddb96505c8e',
  '29f4e073-bc1d-4071-ae3a-c8718a90f998',
  'TF-1337',
  'Neha Deshmukh 163',
  '9881533659',
  'H.No. 87, Gali No. 4, Colony Road, Secunderabad, Telangana',
  337175,
  0,
  0,
  0,
  0,
  337175,
  'bank_transfer',
  'completed',
  '22222222-2222-4222-a222-222222222222',
  '2026-06-11T13:05:00.000Z'
);
INSERT INTO invoice_items (id, invoice_id, product_id, product_name, sku, quantity, unit_price, discount_percent, discount_amount, line_total)
VALUES (
  'c8d5afd4-3861-475e-97b5-71351b692d4d',
  'b7b814f2-bf03-4842-b364-5ddb96505c8e',
  'a9d7b538-c36d-4259-911e-dba282a186ba',
  'Classic Upholstered Bed Platform (Mahogany, Ocean Blue)',
  'BED-MAH-0030',
  1,
  76500,
  5,
  3825,
  72675
);
INSERT INTO invoice_items (id, invoice_id, product_id, product_name, sku, quantity, unit_price, discount_percent, discount_amount, line_total)
VALUES (
  'b7498437-ae46-4870-bd00-c7a3f2ddca8a',
  'b7b814f2-bf03-4842-b364-5ddb96505c8e',
  '2f7a06df-e494-4adc-8eab-879b683291d5',
  'Heritage 4-Seater Glass Top Dining Table (Mahogany, Ebony Black)',
  'DIN-MAH-0050',
  2,
  96000,
  0,
  0,
  192000
);
INSERT INTO invoice_items (id, invoice_id, product_id, product_name, sku, quantity, unit_price, discount_percent, discount_amount, line_total)
VALUES (
  '28f81fe7-dfbd-42c1-86d7-837989e197b8',
  'b7b814f2-bf03-4842-b364-5ddb96505c8e',
  '8f73e299-b8fd-4c1a-b2be-ab67ea0c8fce',
  'Imperial Wooden Sun Lounger Bed (Oak Wood, Teak Finish)',
  'OUT-OAK-0249',
  1,
  28500,
  0,
  0,
  28500
);
INSERT INTO invoice_items (id, invoice_id, product_id, product_name, sku, quantity, unit_price, discount_percent, discount_amount, line_total)
VALUES (
  'c06954a6-5f93-4283-9222-76cc4bbc93a0',
  'b7b814f2-bf03-4842-b364-5ddb96505c8e',
  '08268210-083f-460e-a5ba-412e3d59cc4c',
  'Modern Compact Dresser Cabinet (Sheesham Wood, Crimson Red)',
  'DRE-SHE-0220',
  2,
  22000,
  0,
  0,
  44000
);
INSERT INTO payments (id, invoice_id, method, amount, reference, created_at) VALUES ('378e78df-5981-4dc4-95a7-a888330de2d6', 'b7b814f2-bf03-4842-b364-5ddb96505c8e', 'bank_transfer', 337175, 'TXN-TF-1337', '2026-06-11T13:05:00.000Z');

-- Invoice TF-1338
INSERT INTO invoices (id, store_id, invoice_number, customer_name, customer_phone, customer_address, subtotal, discount_amount, delivery_charge, installation_charge, round_off, grand_total, payment_method, payment_status, created_by, created_at)
VALUES (
  '6e6727c0-06af-4a4c-99b7-82c8b3a3fbcf',
  '29f4e073-bc1d-4071-ae3a-c8718a90f998',
  'TF-1338',
  'Manoj Gowda 162',
  '9824922628',
  'H.No. 86, Gali No. 3, Colony Road, Hyderabad, Telangana',
  122700,
  0,
  0,
  500,
  0,
  123200,
  'card',
  'completed',
  '11111111-1111-4111-a111-111111111111',
  '2026-06-11T06:39:00.000Z'
);
INSERT INTO invoice_items (id, invoice_id, product_id, product_name, sku, quantity, unit_price, discount_percent, discount_amount, line_total)
VALUES (
  'f999ef5e-477d-41eb-90c7-60b8bd72c179',
  '6e6727c0-06af-4a4c-99b7-82c8b3a3fbcf',
  '1911edb0-4fb5-49db-a8d9-b30659cd18d4',
  'Royal Storage Trunk Coffee Table (Oak Wood, Walnut Brown)',
  'COF-OAK-0123',
  1,
  6000,
  5,
  300,
  5700
);
INSERT INTO invoice_items (id, invoice_id, product_id, product_name, sku, quantity, unit_price, discount_percent, discount_amount, line_total)
VALUES (
  'b2813d27-3ecd-45ad-bb3b-2526b3f87869',
  '6e6727c0-06af-4a4c-99b7-82c8b3a3fbcf',
  'b7306676-928a-4580-9b0c-f74908ec3c83',
  'Heritage 2-Door Sliding Wardrobe (Rose Wood, Ocean Blue)',
  'WAR-ROS-0146',
  2,
  32500,
  0,
  0,
  65000
);
INSERT INTO invoice_items (id, invoice_id, product_id, product_name, sku, quantity, unit_price, discount_percent, discount_amount, line_total)
VALUES (
  '776542c5-6ec5-4a9d-9e17-974b71ebf97b',
  '6e6727c0-06af-4a4c-99b7-82c8b3a3fbcf',
  'b822937d-8c5a-4709-8617-a158829a5e65',
  'Classic 6-Seater Wooden Dining Table (Sheesham Wood, Teak Finish)',
  'DIN-SHE-0049',
  1,
  52000,
  0,
  0,
  52000
);
INSERT INTO payments (id, invoice_id, method, amount, reference, created_at) VALUES ('6d1b1e0d-1ecb-409c-b179-598fa5c5a219', '6e6727c0-06af-4a4c-99b7-82c8b3a3fbcf', 'card', 123200, 'TXN-TF-1338', '2026-06-11T06:39:00.000Z');

-- Invoice TF-1339
INSERT INTO invoices (id, store_id, invoice_number, customer_name, customer_phone, customer_address, subtotal, discount_amount, delivery_charge, installation_charge, round_off, grand_total, payment_method, payment_status, created_by, created_at)
VALUES (
  'ceeb61b1-3001-46a6-bd58-853a4325d651',
  '29f4e073-bc1d-4071-ae3a-c8718a90f998',
  'TF-1339',
  'Kavitha Hegde 161',
  '9842920655',
  'H.No. 85, Gali No. 2, Colony Road, Visakhapatnam, Andhra Pradesh',
  126750,
  0,
  1200,
  0,
  0,
  127950,
  'upi',
  'completed',
  '33333333-3333-4333-a333-333333333333',
  '2026-06-12T14:01:00.000Z'
);
INSERT INTO invoice_items (id, invoice_id, product_id, product_name, sku, quantity, unit_price, discount_percent, discount_amount, line_total)
VALUES (
  '0f42484f-0522-4b37-b8e8-8b58e6226371',
  'ceeb61b1-3001-46a6-bd58-853a4325d651',
  '6810fb29-f093-4331-96c3-2d791089fd93',
  'Comfort Multi-drawer Utility Cabinet (Mahogany, Ocean Blue)',
  'STO-MAH-0264',
  1,
  25000,
  5,
  1250,
  23750
);
INSERT INTO invoice_items (id, invoice_id, product_id, product_name, sku, quantity, unit_price, discount_percent, discount_amount, line_total)
VALUES (
  'e76bf5f7-2147-4473-9920-a24e0ab8d26e',
  'ceeb61b1-3001-46a6-bd58-853a4325d651',
  '4174cdcb-4594-4201-a807-ce979874f326',
  'Comfort Rattan Outdoor Swing Chair (Mahogany, Ivory White)',
  'OUT-MAH-0254',
  2,
  51500,
  0,
  0,
  103000
);
INSERT INTO payments (id, invoice_id, method, amount, reference, created_at) VALUES ('c82c9e15-7339-4776-8f80-b398a0163032', 'ceeb61b1-3001-46a6-bd58-853a4325d651', 'upi', 127950, 'TXN-TF-1339', '2026-06-12T14:01:00.000Z');

-- Invoice TF-1340
INSERT INTO invoices (id, store_id, invoice_number, customer_name, customer_phone, customer_address, subtotal, discount_amount, delivery_charge, installation_charge, round_off, grand_total, payment_method, payment_status, created_by, created_at)
VALUES (
  '530038ad-5df8-4ae9-8141-fcba6115c71d',
  '29f4e073-bc1d-4071-ae3a-c8718a90f998',
  'TF-1340',
  'Guest',
  '',
  '',
  26125,
  783.75,
  0,
  0,
  -0.25,
  25341,
  'cash',
  'completed',
  '22222222-2222-4222-a222-222222222222',
  '2026-06-12T09:06:00.000Z'
);
INSERT INTO invoice_items (id, invoice_id, product_id, product_name, sku, quantity, unit_price, discount_percent, discount_amount, line_total)
VALUES (
  '760895fe-67de-4159-adae-0e04fb3d94c1',
  '530038ad-5df8-4ae9-8141-fcba6115c71d',
  '2305ee30-451d-47a1-9df9-d45de9e0d40e',
  'Classic 6-Drawer Wide Dresser chest (Mahogany, Ebony Black)',
  'DRE-MAH-0203',
  1,
  27500,
  5,
  1375,
  26125
);
INSERT INTO payments (id, invoice_id, method, amount, reference, created_at) VALUES ('aeba96f2-9880-4940-b97e-5df34203b005', '530038ad-5df8-4ae9-8141-fcba6115c71d', 'cash', 25341, 'TXN-TF-1340', '2026-06-12T09:06:00.000Z');

-- Invoice TF-1341
INSERT INTO invoices (id, store_id, invoice_number, customer_name, customer_phone, customer_address, subtotal, discount_amount, delivery_charge, installation_charge, round_off, grand_total, payment_method, payment_status, created_by, created_at)
VALUES (
  '441b3525-1731-405c-b234-c7dd2d1e3f39',
  '29f4e073-bc1d-4071-ae3a-c8718a90f998',
  'TF-1341',
  'Jyoti Prasad 159',
  '9831942494',
  'H.No. 83, Gali No. 5, Colony Road, Chennai, Tamil Nadu',
  136900,
  0,
  0,
  0,
  0,
  136900,
  'split',
  'completed',
  '11111111-1111-4111-a111-111111111111',
  '2026-06-12T14:11:00.000Z'
);
INSERT INTO invoice_items (id, invoice_id, product_id, product_name, sku, quantity, unit_price, discount_percent, discount_amount, line_total)
VALUES (
  '2de821a9-1192-4054-baa7-84318bbafbb8',
  '441b3525-1731-405c-b234-c7dd2d1e3f39',
  'cb469098-20af-41f4-ac4d-3be8ea9f8eb0',
  'Luxurious Glass Top Coffee Table (Teak Wood, Teak Finish)',
  'COF-TEA-0122',
  1,
  12000,
  5,
  600,
  11400
);
INSERT INTO invoice_items (id, invoice_id, product_id, product_name, sku, quantity, unit_price, discount_percent, discount_amount, line_total)
VALUES (
  '52158242-f85c-413f-9533-63fe62c1154d',
  '441b3525-1731-405c-b234-c7dd2d1e3f39',
  'cc1fe24a-9fbf-4ebd-b146-9926bc4dcdf4',
  'Luxurious Mesh Medium-Back Office Chair (Teak Wood, Ebony Black)',
  'OFF-TEA-0099',
  2,
  10000,
  0,
  0,
  20000
);
INSERT INTO invoice_items (id, invoice_id, product_id, product_name, sku, quantity, unit_price, discount_percent, discount_amount, line_total)
VALUES (
  'f7844272-c8a8-4193-8804-6e8e588c8ba4',
  '441b3525-1731-405c-b234-c7dd2d1e3f39',
  'dac7e591-f2c0-4dfe-9b77-54d1d0e28210',
  'Heritage Floor Standing TV Console (Rose Wood, Teak Finish)',
  'TV -ROS-0102',
  1,
  33000,
  0,
  0,
  33000
);
INSERT INTO invoice_items (id, invoice_id, product_id, product_name, sku, quantity, unit_price, discount_percent, discount_amount, line_total)
VALUES (
  '55e5ce0d-3eb2-492e-876c-102a99711d69',
  '441b3525-1731-405c-b234-c7dd2d1e3f39',
  '8d07e729-4a68-4596-baa0-70c120e00461',
  'Royal Compact Student Desk (Sheesham Wood, Teak Finish)',
  'STU-SHE-0177',
  2,
  22000,
  0,
  0,
  44000
);
INSERT INTO invoice_items (id, invoice_id, product_id, product_name, sku, quantity, unit_price, discount_percent, discount_amount, line_total)
VALUES (
  '3ec1018a-fef7-480f-b4ef-2023ec6d3056',
  '441b3525-1731-405c-b234-c7dd2d1e3f39',
  '2e57a82c-d824-4ec3-8af9-c460f570fc38',
  'Classic L-Shape Sofa Sectional (Teak Wood, Ivory White)',
  'SOF-TEA-0017',
  1,
  30000,
  5,
  1500,
  28500
);
INSERT INTO payments (id, invoice_id, method, amount, reference, created_at) VALUES ('3f1e4846-4fe9-41a2-a267-9e787bc3c6dd', '441b3525-1731-405c-b234-c7dd2d1e3f39', 'card', 54760, 'TXN-SPLIT-CARD', '2026-06-12T14:11:00.000Z');
INSERT INTO payments (id, invoice_id, method, amount, reference, created_at) VALUES ('fa8a8322-04ca-4584-9d54-f4c48b5f953c', '441b3525-1731-405c-b234-c7dd2d1e3f39', 'upi', 82140, 'TXN-SPLIT-UPI', '2026-06-12T14:11:00.000Z');

-- Invoice TF-1342
INSERT INTO invoices (id, store_id, invoice_number, customer_name, customer_phone, customer_address, subtotal, discount_amount, delivery_charge, installation_charge, round_off, grand_total, payment_method, payment_status, created_by, created_at)
VALUES (
  'b028ec55-7e60-432b-82ed-2597678546d4',
  '29f4e073-bc1d-4071-ae3a-c8718a90f998',
  'TF-1342',
  'Ishaan Gupta 158',
  '9839844892',
  'H.No. 82, Gali No. 4, Colony Road, Bangalore, Karnataka',
  199775,
  0,
  0,
  0,
  0,
  199775,
  'bank_transfer',
  'completed',
  '33333333-3333-4333-a333-333333333333',
  '2026-06-12T05:19:00.000Z'
);
INSERT INTO invoice_items (id, invoice_id, product_id, product_name, sku, quantity, unit_price, discount_percent, discount_amount, line_total)
VALUES (
  'd7cb425d-3509-4af6-9184-f697ae00af01',
  'b028ec55-7e60-432b-82ed-2597678546d4',
  '28fb694f-362c-463c-8587-9840d1a51fd7',
  'Heritage Dressing Table with LED Mirror (Oak Wood, Crimson Red)',
  'DRE-OAK-0207',
  1,
  14500,
  5,
  725,
  13775
);
INSERT INTO invoice_items (id, invoice_id, product_id, product_name, sku, quantity, unit_price, discount_percent, discount_amount, line_total)
VALUES (
  '72e2aec2-2dd1-4186-90a1-546da68dd7e2',
  'b028ec55-7e60-432b-82ed-2597678546d4',
  '018e8419-7505-4845-8b4b-c442cdda4e72',
  'Imperial Executive Leather High-Back (Sheesham Wood, Teak Finish)',
  'OFF-SHE-0094',
  2,
  6000,
  0,
  0,
  12000
);
INSERT INTO invoice_items (id, invoice_id, product_id, product_name, sku, quantity, unit_price, discount_percent, discount_amount, line_total)
VALUES (
  'e81c59ed-2be1-41fa-9b78-de2731a93dd4',
  'b028ec55-7e60-432b-82ed-2597678546d4',
  '863c1594-c882-4d72-8a33-d9000fa5b282',
  'Luxurious Shoe Storage Bench Rack (Teak Wood, Teak Finish)',
  'STO-TEA-0274',
  1,
  22000,
  0,
  0,
  22000
);
INSERT INTO invoice_items (id, invoice_id, product_id, product_name, sku, quantity, unit_price, discount_percent, discount_amount, line_total)
VALUES (
  'dd5000d5-d0c0-47f7-819b-0897849263b5',
  'b028ec55-7e60-432b-82ed-2597678546d4',
  '9953998f-b02f-48ea-b8d6-53da3fdeb0ab',
  'Eco-sustain Open Walk-in Closet Organizer (Sheesham Wood, Crimson Red)',
  'WAR-SHE-0144',
  2,
  76000,
  0,
  0,
  152000
);
INSERT INTO payments (id, invoice_id, method, amount, reference, created_at) VALUES ('537b4d0f-780e-4fb7-8083-34f7c84d7b47', 'b028ec55-7e60-432b-82ed-2597678546d4', 'bank_transfer', 199775, 'TXN-TF-1342', '2026-06-12T05:19:00.000Z');

-- Invoice TF-1343
INSERT INTO invoices (id, store_id, invoice_number, customer_name, customer_phone, customer_address, subtotal, discount_amount, delivery_charge, installation_charge, round_off, grand_total, payment_method, payment_status, created_by, created_at)
VALUES (
  'c173ec1c-89e8-4176-986c-8c1879e56ba0',
  '29f4e073-bc1d-4071-ae3a-c8718a90f998',
  'TF-1343',
  'Harish Rao 157',
  '9818539764',
  'H.No. 81, Gali No. 3, Colony Road, Secunderabad, Telangana',
  60675,
  0,
  0,
  0,
  0,
  60675,
  'card',
  'completed',
  '22222222-2222-4222-a222-222222222222',
  '2026-06-12T13:04:00.000Z'
);
INSERT INTO invoice_items (id, invoice_id, product_id, product_name, sku, quantity, unit_price, discount_percent, discount_amount, line_total)
VALUES (
  'c24edd64-35df-4a39-b15f-e173eccc625d',
  'c173ec1c-89e8-4176-986c-8c1879e56ba0',
  'c3bdab85-df81-4821-bebc-d23000ed008b',
  'Eco-sustain Poster Bed (Oak Wood, Ocean Blue)',
  'BED-OAK-0024',
  1,
  36500,
  5,
  1825,
  34675
);
INSERT INTO invoice_items (id, invoice_id, product_id, product_name, sku, quantity, unit_price, discount_percent, discount_amount, line_total)
VALUES (
  '826c562a-eb6d-4ccd-940d-beb8bdae20b2',
  'c173ec1c-89e8-4176-986c-8c1879e56ba0',
  '138586f2-81ee-460c-ae17-a1294ae23278',
  'Comfort Shoe Storage Bench Rack (Sheesham Wood, Walnut Brown)',
  'STO-SHE-0268',
  2,
  9000,
  0,
  0,
  18000
);
INSERT INTO invoice_items (id, invoice_id, product_id, product_name, sku, quantity, unit_price, discount_percent, discount_amount, line_total)
VALUES (
  '018f00ea-648b-4a92-a7da-8ff41fc9aafe',
  'c173ec1c-89e8-4176-986c-8c1879e56ba0',
  '8c3909d5-bed1-4939-a4b6-965954568ce1',
  'Luxurious Storage Trunk Coffee Table (Rose Wood, Teak Finish)',
  'COF-ROS-0127',
  1,
  8000,
  0,
  0,
  8000
);
INSERT INTO payments (id, invoice_id, method, amount, reference, created_at) VALUES ('510b4afc-0b1d-4bc2-a222-829fb52a3e1a', 'c173ec1c-89e8-4176-986c-8c1879e56ba0', 'card', 60675, 'TXN-TF-1343', '2026-06-12T13:04:00.000Z');

-- Invoice TF-1344
INSERT INTO invoices (id, store_id, invoice_number, customer_name, customer_phone, customer_address, subtotal, discount_amount, delivery_charge, installation_charge, round_off, grand_total, payment_method, payment_status, created_by, created_at)
VALUES (
  'b106b06e-7237-4635-a55a-5d4565f48b0b',
  '29f4e073-bc1d-4071-ae3a-c8718a90f998',
  'TF-1344',
  'Guest',
  '',
  '',
  53675,
  0,
  0,
  0,
  0,
  53675,
  'upi',
  'completed',
  '11111111-1111-4111-a111-111111111111',
  '2026-06-12T08:00:00.000Z'
);
INSERT INTO invoice_items (id, invoice_id, product_id, product_name, sku, quantity, unit_price, discount_percent, discount_amount, line_total)
VALUES (
  'beb682d0-5767-4600-8542-1f2e9d7c2a25',
  'b106b06e-7237-4635-a55a-5d4565f48b0b',
  '4f77337e-94b5-491e-896d-0bbf04244fc3',
  'Luxurious Wall Mounted TV Cabinet (Sheesham Wood, Walnut Brown)',
  'TV -SHE-0116',
  1,
  36500,
  5,
  1825,
  34675
);
INSERT INTO invoice_items (id, invoice_id, product_id, product_name, sku, quantity, unit_price, discount_percent, discount_amount, line_total)
VALUES (
  '87fab776-efc2-4d60-af09-c47b9a1c5122',
  'b106b06e-7237-4635-a55a-5d4565f48b0b',
  '060436f2-49d9-45ba-92ef-2430cbb1fed2',
  'Premium Solid Wood Dining Chair (Engineered Wood, Charcoal Grey)',
  'DIN-ENG-0066',
  2,
  9500,
  0,
  0,
  19000
);
INSERT INTO payments (id, invoice_id, method, amount, reference, created_at) VALUES ('eafdcaf7-591d-4e61-b689-c2efbbb3c924', 'b106b06e-7237-4635-a55a-5d4565f48b0b', 'upi', 53675, 'TXN-TF-1344', '2026-06-12T08:00:00.000Z');

-- Invoice TF-1345
INSERT INTO invoices (id, store_id, invoice_number, customer_name, customer_phone, customer_address, subtotal, discount_amount, delivery_charge, installation_charge, round_off, grand_total, payment_method, payment_status, created_by, created_at)
VALUES (
  '1e901d38-fd8d-447e-9982-a7a0fc74a3db',
  '29f4e073-bc1d-4071-ae3a-c8718a90f998',
  'TF-1345',
  'Deepak Reddy 155',
  '9841858281',
  'H.No. 79, Gali No. 1, Colony Road, Visakhapatnam, Andhra Pradesh',
  21850,
  0,
  0,
  0,
  0,
  21850,
  'cash',
  'completed',
  '33333333-3333-4333-a333-333333333333',
  '2026-06-13T07:18:00.000Z'
);
INSERT INTO invoice_items (id, invoice_id, product_id, product_name, sku, quantity, unit_price, discount_percent, discount_amount, line_total)
VALUES (
  'e245eccb-82d5-4074-843e-7e88e00ebb06',
  '1e901d38-fd8d-447e-9982-a7a0fc74a3db',
  '297e6588-3660-4997-98ba-33db9f93f15b',
  'Minimalist Closed Glass-door Library Cabinet (Engineered Wood, Warm Beige)',
  'BOO-ENG-0289',
  1,
  23000,
  5,
  1150,
  21850
);
INSERT INTO payments (id, invoice_id, method, amount, reference, created_at) VALUES ('a12801aa-181a-460c-93d1-e8151951501c', '1e901d38-fd8d-447e-9982-a7a0fc74a3db', 'cash', 21850, 'TXN-TF-1345', '2026-06-13T07:18:00.000Z');

-- Invoice TF-1346
INSERT INTO invoices (id, store_id, invoice_number, customer_name, customer_phone, customer_address, subtotal, discount_amount, delivery_charge, installation_charge, round_off, grand_total, payment_method, payment_status, created_by, created_at)
VALUES (
  'fae03c69-7d2f-4762-b990-bde001947160',
  '29f4e073-bc1d-4071-ae3a-c8718a90f998',
  'TF-1346',
  'Arjun Rao 154',
  '9897921232',
  'H.No. 78, Gali No. 5, Colony Road, Vijayawada, Andhra Pradesh',
  218450,
  0,
  1200,
  0,
  0,
  219650,
  'split',
  'completed',
  '22222222-2222-4222-a222-222222222222',
  '2026-06-13T06:38:00.000Z'
);
INSERT INTO invoice_items (id, invoice_id, product_id, product_name, sku, quantity, unit_price, discount_percent, discount_amount, line_total)
VALUES (
  '7c511f33-471e-4507-9fcc-664e22b5fc9d',
  'fae03c69-7d2f-4762-b990-bde001947160',
  'b0e89ba0-ba90-445e-ae35-c8ca81e8b940',
  'Luxurious Floor Standing TV Console (Teak Wood, Walnut Brown)',
  'TV -TEA-0111',
  1,
  24000,
  5,
  1200,
  22800
);
INSERT INTO invoice_items (id, invoice_id, product_id, product_name, sku, quantity, unit_price, discount_percent, discount_amount, line_total)
VALUES (
  'c701be33-67a4-4ebe-9e08-3aa799d3a158',
  'fae03c69-7d2f-4762-b990-bde001947160',
  '10341fc4-d078-4ad8-8651-fe77da941266',
  'Eco-sustain Rattan Outdoor Swing Chair (Rose Wood, Ebony Black)',
  'OUT-ROS-0257',
  2,
  67500,
  0,
  0,
  135000
);
INSERT INTO invoice_items (id, invoice_id, product_id, product_name, sku, quantity, unit_price, discount_percent, discount_amount, line_total)
VALUES (
  'cd8d6ab7-3434-4a2f-85a3-5b409303e679',
  'fae03c69-7d2f-4762-b990-bde001947160',
  '925692d6-167d-40d2-8621-1d3d0864b448',
  'Modern Compact Dresser Cabinet (Sheesham Wood, Teak Finish)',
  'DRE-SHE-0214',
  1,
  23000,
  0,
  0,
  23000
);
INSERT INTO invoice_items (id, invoice_id, product_id, product_name, sku, quantity, unit_price, discount_percent, discount_amount, line_total)
VALUES (
  '1a4e34ed-ca5c-47b4-aacb-bd979aea6e49',
  'fae03c69-7d2f-4762-b990-bde001947160',
  'd308b0b6-147b-458f-8f54-a63c002b9c42',
  'Minimalist Modular TV Stand with Shelves (Teak Wood, Crimson Red)',
  'TV -TEA-0118',
  2,
  15500,
  0,
  0,
  31000
);
INSERT INTO invoice_items (id, invoice_id, product_id, product_name, sku, quantity, unit_price, discount_percent, discount_amount, line_total)
VALUES (
  '46bffa30-13a9-4306-957b-8a841b79484e',
  'fae03c69-7d2f-4762-b990-bde001947160',
  '5c01fcaa-b59d-4ee2-8c81-400342c9a9da',
  'Comfort Multi-drawer Utility Cabinet (Oak Wood, Teak Finish)',
  'STO-OAK-0261',
  1,
  7000,
  5,
  350,
  6650
);
INSERT INTO payments (id, invoice_id, method, amount, reference, created_at) VALUES ('ab5d3631-8d8a-4020-a1fb-bbd53a68b67a', 'fae03c69-7d2f-4762-b990-bde001947160', 'card', 87860, 'TXN-SPLIT-CARD', '2026-06-13T06:38:00.000Z');
INSERT INTO payments (id, invoice_id, method, amount, reference, created_at) VALUES ('9062011b-9610-47b4-b68c-a5d0f89080c3', 'fae03c69-7d2f-4762-b990-bde001947160', 'upi', 131790, 'TXN-SPLIT-UPI', '2026-06-13T06:38:00.000Z');

-- Invoice TF-1347
INSERT INTO invoices (id, store_id, invoice_number, customer_name, customer_phone, customer_address, subtotal, discount_amount, delivery_charge, installation_charge, round_off, grand_total, payment_method, payment_status, created_by, created_at)
VALUES (
  'eea711b6-85b1-40dd-bbb4-22144697df36',
  '29f4e073-bc1d-4071-ae3a-c8718a90f998',
  'TF-1347',
  'Ananya Iyer 153',
  '9888325668',
  'H.No. 77, Gali No. 4, Colony Road, Chennai, Tamil Nadu',
  98975,
  0,
  0,
  500,
  0,
  99475,
  'bank_transfer',
  'completed',
  '11111111-1111-4111-a111-111111111111',
  '2026-06-13T12:36:00.000Z'
);
INSERT INTO invoice_items (id, invoice_id, product_id, product_name, sku, quantity, unit_price, discount_percent, discount_amount, line_total)
VALUES (
  '045398e7-8f6f-48b6-8907-bd30beee943b',
  'eea711b6-85b1-40dd-bbb4-22144697df36',
  'dc4ff223-2415-466f-a521-baeb9025d167',
  'Comfort Executive Study Desk with Drawers (Rose Wood, Warm Beige)',
  'STU-ROS-0174',
  1,
  10500,
  5,
  525,
  9975
);
INSERT INTO invoice_items (id, invoice_id, product_id, product_name, sku, quantity, unit_price, discount_percent, discount_amount, line_total)
VALUES (
  '8f2c00d6-b535-489f-924f-e83aee1ae10d',
  'eea711b6-85b1-40dd-bbb4-22144697df36',
  'd308b0b6-147b-458f-8f54-a63c002b9c42',
  'Minimalist Modular TV Stand with Shelves (Teak Wood, Crimson Red)',
  'TV -TEA-0118',
  2,
  15500,
  0,
  0,
  31000
);
INSERT INTO invoice_items (id, invoice_id, product_id, product_name, sku, quantity, unit_price, discount_percent, discount_amount, line_total)
VALUES (
  '4fe7b206-e5a8-4606-8bc6-884880efb6c6',
  'eea711b6-85b1-40dd-bbb4-22144697df36',
  '6ede8796-0c5b-4e65-8205-d36c81b71493',
  'Comfort Shoe Storage Bench Rack (Mahogany, Teak Finish)',
  'STO-MAH-0280',
  1,
  10000,
  0,
  0,
  10000
);
INSERT INTO invoice_items (id, invoice_id, product_id, product_name, sku, quantity, unit_price, discount_percent, discount_amount, line_total)
VALUES (
  'eec189d6-2e18-4522-b2db-0f931cb2d626',
  'eea711b6-85b1-40dd-bbb4-22144697df36',
  'a368cbb3-53c0-4fae-b6ec-f32a581d4f7a',
  'Modern 4-Seater Glass Top Dining Table (Sheesham Wood, Ivory White)',
  'DIN-SHE-0042',
  2,
  24000,
  0,
  0,
  48000
);
INSERT INTO payments (id, invoice_id, method, amount, reference, created_at) VALUES ('6e041b57-e592-46c8-82c1-e02ece994c1e', 'eea711b6-85b1-40dd-bbb4-22144697df36', 'bank_transfer', 99475, 'TXN-TF-1347', '2026-06-13T12:36:00.000Z');

-- Invoice TF-1348
INSERT INTO invoices (id, store_id, invoice_number, customer_name, customer_phone, customer_address, subtotal, discount_amount, delivery_charge, installation_charge, round_off, grand_total, payment_method, payment_status, created_by, created_at)
VALUES (
  '7d824e96-1850-4a16-9826-7043cca1a4df',
  '29f4e073-bc1d-4071-ae3a-c8718a90f998',
  'TF-1348',
  'Guest',
  '',
  '',
  160825,
  0,
  0,
  0,
  0,
  160825,
  'card',
  'completed',
  '33333333-3333-4333-a333-333333333333',
  '2026-06-13T04:37:00.000Z'
);
INSERT INTO invoice_items (id, invoice_id, product_id, product_name, sku, quantity, unit_price, discount_percent, discount_amount, line_total)
VALUES (
  '0223f29b-c828-451a-9f18-a265f0bc9173',
  '7d824e96-1850-4a16-9826-7043cca1a4df',
  '7383b85e-d118-4855-93d4-0b86c77b26f2',
  'Classic Garden Patio Bistro Set (Mahogany, Warm Beige)',
  'OUT-MAH-0259',
  1,
  73500,
  5,
  3675,
  69825
);
INSERT INTO invoice_items (id, invoice_id, product_id, product_name, sku, quantity, unit_price, discount_percent, discount_amount, line_total)
VALUES (
  '4d6b68a7-f6b8-41fd-b54c-40bce2510443',
  '7d824e96-1850-4a16-9826-7043cca1a4df',
  'd31dd9f8-ee67-431a-92f6-23449a91be2a',
  'Royal Wooden Nesting Tables (Oak Wood, Ebony Black)',
  'COF-OAK-0125',
  2,
  15000,
  0,
  0,
  30000
);
INSERT INTO invoice_items (id, invoice_id, product_id, product_name, sku, quantity, unit_price, discount_percent, discount_amount, line_total)
VALUES (
  '4557611e-521c-465d-9c45-adda2a579918',
  '7d824e96-1850-4a16-9826-7043cca1a4df',
  '6e164385-59ea-48a3-a6e2-78525d973ccb',
  'Classic Single Bed (Teak Wood, Crimson Red)',
  'BED-TEA-0033',
  1,
  61000,
  0,
  0,
  61000
);
INSERT INTO payments (id, invoice_id, method, amount, reference, created_at) VALUES ('09bad950-a524-4bc7-83fd-e08d9fdcc974', '7d824e96-1850-4a16-9826-7043cca1a4df', 'card', 160825, 'TXN-TF-1348', '2026-06-13T04:37:00.000Z');

-- Invoice TF-1349
INSERT INTO invoices (id, store_id, invoice_number, customer_name, customer_phone, customer_address, subtotal, discount_amount, delivery_charge, installation_charge, round_off, grand_total, payment_method, payment_status, created_by, created_at)
VALUES (
  'a3a5b739-1403-4f6b-8937-b8be10f4871f',
  '29f4e073-bc1d-4071-ae3a-c8718a90f998',
  'TF-1349',
  'Aditya Patel 151',
  '9818410126',
  'H.No. 75, Gali No. 2, Colony Road, Secunderabad, Telangana',
  71400,
  0,
  0,
  0,
  0,
  71400,
  'upi',
  'completed',
  '22222222-2222-4222-a222-222222222222',
  '2026-06-13T12:52:00.000Z'
);
INSERT INTO invoice_items (id, invoice_id, product_id, product_name, sku, quantity, unit_price, discount_percent, discount_amount, line_total)
VALUES (
  '1d887424-f3a8-493c-9d05-202c1d6da745',
  'a3a5b739-1403-4f6b-8937-b8be10f4871f',
  '1e240d28-04db-4745-8ec6-d007b6edf763',
  'Comfort Single Motor Power Recliner (Mahogany, Ivory White)',
  'REC-MAH-0224',
  1,
  32000,
  5,
  1600,
  30400
);
INSERT INTO invoice_items (id, invoice_id, product_id, product_name, sku, quantity, unit_price, discount_percent, discount_amount, line_total)
VALUES (
  '126f05d9-61b7-4e09-ace8-a5c176bec3ab',
  'a3a5b739-1403-4f6b-8937-b8be10f4871f',
  'ab550dda-419e-448d-9695-7ebf11a2f361',
  'Eco-sustain Rattan Outdoor Swing Chair (Rose Wood, Walnut Brown)',
  'OUT-ROS-0245',
  2,
  20500,
  0,
  0,
  41000
);
INSERT INTO payments (id, invoice_id, method, amount, reference, created_at) VALUES ('478ef850-6580-4446-a34e-efc5b97752b9', 'a3a5b739-1403-4f6b-8937-b8be10f4871f', 'upi', 71400, 'TXN-TF-1349', '2026-06-13T12:52:00.000Z');

-- Invoice TF-1350
INSERT INTO invoices (id, store_id, invoice_number, customer_name, customer_phone, customer_address, subtotal, discount_amount, delivery_charge, installation_charge, round_off, grand_total, payment_method, payment_status, created_by, created_at)
VALUES (
  '3ffcfb76-5507-4dde-b9f6-0200d0ed8ec9',
  '29f4e073-bc1d-4071-ae3a-c8718a90f998',
  'TF-1350',
  'Aarav Sharma 150',
  '9866312380',
  'H.No. 74, Gali No. 1, Colony Road, Hyderabad, Telangana',
  17100,
  513,
  0,
  0,
  0,
  16587,
  'cash',
  'cancelled',
  '11111111-1111-4111-a111-111111111111',
  '2026-06-13T05:37:00.000Z'
);
INSERT INTO invoice_items (id, invoice_id, product_id, product_name, sku, quantity, unit_price, discount_percent, discount_amount, line_total)
VALUES (
  'f4f4b26b-b32e-49d6-a0e1-6abb8235489e',
  '3ffcfb76-5507-4dde-b9f6-0200d0ed8ec9',
  'e9b65f20-afc6-4f19-9fc3-4c66b614b4c8',
  'Minimalist Ergonomic Task Chair (Teak Wood, Charcoal Grey)',
  'OFF-TEA-0097',
  1,
  18000,
  5,
  900,
  17100
);

-- Invoice TF-1351
INSERT INTO invoices (id, store_id, invoice_number, customer_name, customer_phone, customer_address, subtotal, discount_amount, delivery_charge, installation_charge, round_off, grand_total, payment_method, payment_status, created_by, created_at)
VALUES (
  'f6e640fa-b608-4e31-afc0-5770c592200d',
  '29f4e073-bc1d-4071-ae3a-c8718a90f998',
  'TF-1351',
  'Vijay Mallya 149',
  '9877892184',
  'H.No. 73, Gali No. 5, Colony Road, Visakhapatnam, Andhra Pradesh',
  229475,
  0,
  0,
  0,
  0,
  229475,
  'split',
  'completed',
  '33333333-3333-4333-a333-333333333333',
  '2026-06-14T05:50:00.000Z'
);
INSERT INTO invoice_items (id, invoice_id, product_id, product_name, sku, quantity, unit_price, discount_percent, discount_amount, line_total)
VALUES (
  'd6c10032-60f2-4c62-bb9a-3778c845cbe3',
  'f6e640fa-b608-4e31-afc0-5770c592200d',
  '55b103bb-657e-4a60-a57f-276b49971487',
  'Minimalist Closed Glass-door Library Cabinet (Teak Wood, Teak Finish)',
  'BOO-TEA-0295',
  1,
  19000,
  5,
  950,
  18050
);
INSERT INTO invoice_items (id, invoice_id, product_id, product_name, sku, quantity, unit_price, discount_percent, discount_amount, line_total)
VALUES (
  '58873c98-4f0f-4abf-8dfa-47416d8ffa76',
  'f6e640fa-b608-4e31-afc0-5770c592200d',
  '51b04775-aa17-42b6-b6ad-7d25120f20e3',
  'Premium King Size Bed with Storage (Engineered Wood, Ivory White)',
  'BED-ENG-0031',
  2,
  38500,
  0,
  0,
  77000
);
INSERT INTO invoice_items (id, invoice_id, product_id, product_name, sku, quantity, unit_price, discount_percent, discount_amount, line_total)
VALUES (
  '1ca34202-ea0b-4ffa-995d-6cc214559fe7',
  'f6e640fa-b608-4e31-afc0-5770c592200d',
  '3c384448-945c-464e-aeba-5d8bb6b1f3b8',
  'Classic Queen Size Wooden Bed (Rose Wood, Walnut Brown)',
  'BED-ROS-0027',
  1,
  16500,
  0,
  0,
  16500
);
INSERT INTO invoice_items (id, invoice_id, product_id, product_name, sku, quantity, unit_price, discount_percent, discount_amount, line_total)
VALUES (
  '9132aad9-68c0-496a-8f13-8d8ecd219498',
  'f6e640fa-b608-4e31-afc0-5770c592200d',
  '37a6c3c3-101c-48cc-a350-7d294835d4a1',
  'Royal L-Shape Sofa Sectional (Oak Wood, Ebony Black)',
  'SOF-OAK-0012',
  2,
  53500,
  0,
  0,
  107000
);
INSERT INTO invoice_items (id, invoice_id, product_id, product_name, sku, quantity, unit_price, discount_percent, discount_amount, line_total)
VALUES (
  'c3cace6b-4f54-4ecb-8120-a985c0449876',
  'f6e640fa-b608-4e31-afc0-5770c592200d',
  '36d65580-292f-4b8f-8b91-a243bd583959',
  'Modern Dressing Table with LED Mirror (Engineered Wood, Teak Finish)',
  'DRE-ENG-0213',
  1,
  11500,
  5,
  575,
  10925
);
INSERT INTO payments (id, invoice_id, method, amount, reference, created_at) VALUES ('7a936d3e-ad39-4954-a087-2feb8c5ebd86', 'f6e640fa-b608-4e31-afc0-5770c592200d', 'card', 91790, 'TXN-SPLIT-CARD', '2026-06-14T05:50:00.000Z');
INSERT INTO payments (id, invoice_id, method, amount, reference, created_at) VALUES ('98a99a8e-9803-410c-ab45-77873c01b065', 'f6e640fa-b608-4e31-afc0-5770c592200d', 'upi', 137685, 'TXN-SPLIT-UPI', '2026-06-14T05:50:00.000Z');

-- Invoice TF-1352
INSERT INTO invoices (id, store_id, invoice_number, customer_name, customer_phone, customer_address, subtotal, discount_amount, delivery_charge, installation_charge, round_off, grand_total, payment_method, payment_status, created_by, created_at)
VALUES (
  'e42c3d75-bb8a-417f-b934-e85bab3006b7',
  '29f4e073-bc1d-4071-ae3a-c8718a90f998',
  'TF-1352',
  'Guest',
  '',
  '',
  184600,
  0,
  0,
  0,
  0,
  184600,
  'bank_transfer',
  'completed',
  '22222222-2222-4222-a222-222222222222',
  '2026-06-14T12:35:00.000Z'
);
INSERT INTO invoice_items (id, invoice_id, product_id, product_name, sku, quantity, unit_price, discount_percent, discount_amount, line_total)
VALUES (
  '1a1e39a7-4a1f-44cc-99e9-da7cf75e3b90',
  'e42c3d75-bb8a-417f-b934-e85bab3006b7',
  '466e196d-8bba-44fa-8cc1-3b2b5a487d8e',
  'Luxurious 2-Door Sliding Wardrobe (Oak Wood, Ebony Black)',
  'WAR-OAK-0150',
  1,
  98000,
  5,
  4900,
  93100
);
INSERT INTO invoice_items (id, invoice_id, product_id, product_name, sku, quantity, unit_price, discount_percent, discount_amount, line_total)
VALUES (
  '9e65c44f-14ef-4f49-9544-3deaa8175a2d',
  'e42c3d75-bb8a-417f-b934-e85bab3006b7',
  '482e6765-ec8f-4de4-ba26-c5254f4d1766',
  'Imperial Wall Mounted TV Cabinet (Oak Wood, Ocean Blue)',
  'TV -OAK-0107',
  2,
  26000,
  0,
  0,
  52000
);
INSERT INTO invoice_items (id, invoice_id, product_id, product_name, sku, quantity, unit_price, discount_percent, discount_amount, line_total)
VALUES (
  'fcf47597-c731-4000-8a3d-3a4806fef9b8',
  'e42c3d75-bb8a-417f-b934-e85bab3006b7',
  '2305ee30-451d-47a1-9df9-d45de9e0d40e',
  'Classic 6-Drawer Wide Dresser chest (Mahogany, Ebony Black)',
  'DRE-MAH-0203',
  1,
  27500,
  0,
  0,
  27500
);
INSERT INTO invoice_items (id, invoice_id, product_id, product_name, sku, quantity, unit_price, discount_percent, discount_amount, line_total)
VALUES (
  '2fe713f4-55d1-4fb1-aad7-81d520a29c94',
  'e42c3d75-bb8a-417f-b934-e85bab3006b7',
  'dd6c98cd-ad0c-4287-8ac3-225fe5aa2c4d',
  'Royal Wooden Nesting Tables (Rose Wood, Ebony Black)',
  'COF-ROS-0129',
  2,
  6000,
  0,
  0,
  12000
);
INSERT INTO payments (id, invoice_id, method, amount, reference, created_at) VALUES ('35bd9aef-7944-439d-bd58-0a18781cae1d', 'e42c3d75-bb8a-417f-b934-e85bab3006b7', 'bank_transfer', 184600, 'TXN-TF-1352', '2026-06-14T12:35:00.000Z');

-- Invoice TF-1353
INSERT INTO invoices (id, store_id, invoice_number, customer_name, customer_phone, customer_address, subtotal, discount_amount, delivery_charge, installation_charge, round_off, grand_total, payment_method, payment_status, created_by, created_at)
VALUES (
  'b00e9d97-d010-4a9d-ac96-45e1ce1c9764',
  '29f4e073-bc1d-4071-ae3a-c8718a90f998',
  'TF-1353',
  'Yash Pal 147',
  '9869857654',
  'H.No. 71, Gali No. 3, Colony Road, Chennai, Tamil Nadu',
  282175,
  0,
  1200,
  0,
  0,
  283375,
  'card',
  'completed',
  '11111111-1111-4111-a111-111111111111',
  '2026-06-14T10:16:00.000Z'
);
INSERT INTO invoice_items (id, invoice_id, product_id, product_name, sku, quantity, unit_price, discount_percent, discount_amount, line_total)
VALUES (
  '0474b7a7-03ba-4b5e-98d3-9014d0940891',
  'b00e9d97-d010-4a9d-ac96-45e1ce1c9764',
  'c7f13d7f-df13-43de-aeba-718f47ec79fa',
  'Classic Solid Wood Computer Desk (Engineered Wood, Walnut Brown)',
  'STU-ENG-0172',
  1,
  6500,
  5,
  325,
  6175
);
INSERT INTO invoice_items (id, invoice_id, product_id, product_name, sku, quantity, unit_price, discount_percent, discount_amount, line_total)
VALUES (
  'f0fa755f-9802-4191-a750-042049b9929c',
  'b00e9d97-d010-4a9d-ac96-45e1ce1c9764',
  '9d4a4395-88b4-47c2-8523-e76b3b5587e8',
  'Royal Modular 4-Door Wardrobe (Oak Wood, Walnut Brown)',
  'WAR-OAK-0143',
  2,
  118500,
  0,
  0,
  237000
);
INSERT INTO invoice_items (id, invoice_id, product_id, product_name, sku, quantity, unit_price, discount_percent, discount_amount, line_total)
VALUES (
  '3e45543a-5773-4533-b379-8eaa1d8eb433',
  'b00e9d97-d010-4a9d-ac96-45e1ce1c9764',
  'c4c41318-93e6-40e0-a7e7-9471521e3216',
  'Luxurious Wall Mounted TV Cabinet (Rose Wood, Ocean Blue)',
  'TV -ROS-0113',
  1,
  39000,
  0,
  0,
  39000
);
INSERT INTO payments (id, invoice_id, method, amount, reference, created_at) VALUES ('20f7e775-d62a-4fc2-bc2b-9e270d1a9f90', 'b00e9d97-d010-4a9d-ac96-45e1ce1c9764', 'card', 283375, 'TXN-TF-1353', '2026-06-14T10:16:00.000Z');

-- Invoice TF-1354
INSERT INTO invoices (id, store_id, invoice_number, customer_name, customer_phone, customer_address, subtotal, discount_amount, delivery_charge, installation_charge, round_off, grand_total, payment_method, payment_status, created_by, created_at)
VALUES (
  '42981b61-8afc-49da-8103-17b03f883a53',
  '29f4e073-bc1d-4071-ae3a-c8718a90f998',
  'TF-1354',
  'Vivek Oberoi 146',
  '9891793751',
  'H.No. 70, Gali No. 2, Colony Road, Bangalore, Karnataka',
  86375,
  0,
  0,
  0,
  0,
  86375,
  'upi',
  'completed',
  '33333333-3333-4333-a333-333333333333',
  '2026-06-14T09:34:00.000Z'
);
INSERT INTO invoice_items (id, invoice_id, product_id, product_name, sku, quantity, unit_price, discount_percent, discount_amount, line_total)
VALUES (
  '46fd7480-17c8-494c-8943-b20ee4877ac7',
  '42981b61-8afc-49da-8103-17b03f883a53',
  '1e71e498-01c3-445e-a088-319fd6602ec8',
  'Minimalist Dressing Table with LED Mirror (Sheesham Wood, Ebony Black)',
  'DRE-SHE-0201',
  1,
  22500,
  5,
  1125,
  21375
);
INSERT INTO invoice_items (id, invoice_id, product_id, product_name, sku, quantity, unit_price, discount_percent, discount_amount, line_total)
VALUES (
  '8cd4fbec-c33a-444b-ba62-98eac443bb26',
  '42981b61-8afc-49da-8103-17b03f883a53',
  'b7306676-928a-4580-9b0c-f74908ec3c83',
  'Heritage 2-Door Sliding Wardrobe (Rose Wood, Ocean Blue)',
  'WAR-ROS-0146',
  2,
  32500,
  0,
  0,
  65000
);
INSERT INTO payments (id, invoice_id, method, amount, reference, created_at) VALUES ('6f68e3cf-b2ff-4459-b115-905a206b42ff', '42981b61-8afc-49da-8103-17b03f883a53', 'upi', 86375, 'TXN-TF-1354', '2026-06-14T09:34:00.000Z');

-- Invoice TF-1355
INSERT INTO invoices (id, store_id, invoice_number, customer_name, customer_phone, customer_address, subtotal, discount_amount, delivery_charge, installation_charge, round_off, grand_total, payment_method, payment_status, created_by, created_at)
VALUES (
  'a8a005eb-b4f7-4940-bddf-a45254a48f25',
  '29f4e073-bc1d-4071-ae3a-c8718a90f998',
  'TF-1355',
  'Vikram Seth 145',
  '9866935649',
  'H.No. 69, Gali No. 1, Colony Road, Secunderabad, Telangana',
  30400,
  0,
  0,
  0,
  0,
  30400,
  'cash',
  'completed',
  '22222222-2222-4222-a222-222222222222',
  '2026-06-14T12:45:00.000Z'
);
INSERT INTO invoice_items (id, invoice_id, product_id, product_name, sku, quantity, unit_price, discount_percent, discount_amount, line_total)
VALUES (
  '78e053be-2913-4160-b046-07b425c730ec',
  'a8a005eb-b4f7-4940-bddf-a45254a48f25',
  'fe3e472d-c51c-4b96-a365-31c3a12b7efe',
  'Modern Wooden Sideboard Credenza (Rose Wood, Ebony Black)',
  'STO-ROS-0275',
  1,
  32000,
  5,
  1600,
  30400
);
INSERT INTO payments (id, invoice_id, method, amount, reference, created_at) VALUES ('f9f351e8-2fc5-458d-bf53-61fe4ff70d1d', 'a8a005eb-b4f7-4940-bddf-a45254a48f25', 'cash', 30400, 'TXN-TF-1355', '2026-06-14T12:45:00.000Z');

-- Invoice TF-1356
INSERT INTO invoices (id, store_id, invoice_number, customer_name, customer_phone, customer_address, subtotal, discount_amount, delivery_charge, installation_charge, round_off, grand_total, payment_method, payment_status, created_by, created_at)
VALUES (
  'b887f4dc-7c6c-4a51-a200-947fadcde0d3',
  '29f4e073-bc1d-4071-ae3a-c8718a90f998',
  'TF-1356',
  'Guest',
  '',
  '',
  307875,
  0,
  0,
  500,
  0,
  308375,
  'split',
  'completed',
  '11111111-1111-4111-a111-111111111111',
  '2026-06-15T07:46:00.000Z'
);
INSERT INTO invoice_items (id, invoice_id, product_id, product_name, sku, quantity, unit_price, discount_percent, discount_amount, line_total)
VALUES (
  '16d82739-dce2-4352-9729-38cea3b94935',
  'b887f4dc-7c6c-4a51-a200-947fadcde0d3',
  'bb0bd4e1-20da-459e-b27c-f27c0ee651fc',
  'Royal Multi-drawer Utility Cabinet (Oak Wood, Warm Beige)',
  'STO-OAK-0279',
  1,
  19000,
  5,
  950,
  18050
);
INSERT INTO invoice_items (id, invoice_id, product_id, product_name, sku, quantity, unit_price, discount_percent, discount_amount, line_total)
VALUES (
  'aebfa5dc-9b04-45c9-afa0-c34a05ead0fa',
  'b887f4dc-7c6c-4a51-a200-947fadcde0d3',
  '964afc5e-e8fd-4384-a137-d1aae7cb9745',
  'Premium Floor Standing TV Console (Teak Wood, Walnut Brown)',
  'TV -TEA-0117',
  2,
  31500,
  0,
  0,
  63000
);
INSERT INTO invoice_items (id, invoice_id, product_id, product_name, sku, quantity, unit_price, discount_percent, discount_amount, line_total)
VALUES (
  '0c58bf35-5696-48b2-87ea-2025cbabfbe1',
  'b887f4dc-7c6c-4a51-a200-947fadcde0d3',
  'ca81f1db-6b79-4b6a-9bcd-d9ce601ddb8b',
  'Imperial Chesterfield Sofa (Engineered Wood, Ocean Blue)',
  'SOF-ENG-0004',
  1,
  89500,
  0,
  0,
  89500
);
INSERT INTO invoice_items (id, invoice_id, product_id, product_name, sku, quantity, unit_price, discount_percent, discount_amount, line_total)
VALUES (
  '83b71393-a607-4f0d-8140-cd5530bfbe9d',
  'b887f4dc-7c6c-4a51-a200-947fadcde0d3',
  '1c7e1a57-845e-47a1-8c12-ba41436fcc6f',
  'Eco-sustain Orthopedic Memory Foam Mattress (Sheesham Wood, Charcoal Grey)',
  'MAT-SHE-0181',
  2,
  57500,
  0,
  0,
  115000
);
INSERT INTO invoice_items (id, invoice_id, product_id, product_name, sku, quantity, unit_price, discount_percent, discount_amount, line_total)
VALUES (
  '249b6278-cdd3-40d0-87d5-c58c3bf70879',
  'b887f4dc-7c6c-4a51-a200-947fadcde0d3',
  '3cb2f9d4-4241-4be3-9eaa-509c83bb8f9e',
  'Minimalist Wooden Sideboard Credenza (Teak Wood, Ebony Black)',
  'STO-TEA-0269',
  1,
  23500,
  5,
  1175,
  22325
);
INSERT INTO payments (id, invoice_id, method, amount, reference, created_at) VALUES ('3bccd42c-18b6-4710-9bf1-640b87cdfe6f', 'b887f4dc-7c6c-4a51-a200-947fadcde0d3', 'card', 123350, 'TXN-SPLIT-CARD', '2026-06-15T07:46:00.000Z');
INSERT INTO payments (id, invoice_id, method, amount, reference, created_at) VALUES ('95114b90-c8b6-4ae2-95c3-ea145d53603f', 'b887f4dc-7c6c-4a51-a200-947fadcde0d3', 'upi', 185025, 'TXN-SPLIT-UPI', '2026-06-15T07:46:00.000Z');

-- Invoice TF-1357
INSERT INTO invoices (id, store_id, invoice_number, customer_name, customer_phone, customer_address, subtotal, discount_amount, delivery_charge, installation_charge, round_off, grand_total, payment_method, payment_status, created_by, created_at)
VALUES (
  '11379751-f48e-4eed-be52-82e8cc7e8943',
  '29f4e073-bc1d-4071-ae3a-c8718a90f998',
  'TF-1357',
  'Sneha Rao 143',
  '9828077332',
  'H.No. 67, Gali No. 4, Colony Road, Visakhapatnam, Andhra Pradesh',
  159800,
  0,
  0,
  0,
  0,
  159800,
  'bank_transfer',
  'completed',
  '33333333-3333-4333-a333-333333333333',
  '2026-06-15T13:54:00.000Z'
);
INSERT INTO invoice_items (id, invoice_id, product_id, product_name, sku, quantity, unit_price, discount_percent, discount_amount, line_total)
VALUES (
  'ed8fecbe-a2d3-4bb5-9151-aeef123c8a5a',
  '11379751-f48e-4eed-be52-82e8cc7e8943',
  'd1bfa1d2-939f-437f-a810-2b16376ba4a8',
  'Luxurious Orthopedic Memory Foam Mattress (Teak Wood, Teak Finish)',
  'MAT-TEA-0184',
  1,
  24000,
  5,
  1200,
  22800
);
INSERT INTO invoice_items (id, invoice_id, product_id, product_name, sku, quantity, unit_price, discount_percent, discount_amount, line_total)
VALUES (
  'b33e0890-f9bc-4b04-ab47-d3d5537d9df7',
  '11379751-f48e-4eed-be52-82e8cc7e8943',
  '36d65580-292f-4b8f-8b91-a243bd583959',
  'Modern Dressing Table with LED Mirror (Engineered Wood, Teak Finish)',
  'DRE-ENG-0213',
  2,
  11500,
  0,
  0,
  23000
);
INSERT INTO invoice_items (id, invoice_id, product_id, product_name, sku, quantity, unit_price, discount_percent, discount_amount, line_total)
VALUES (
  'b893efca-f384-40b7-b9c7-774564d08b97',
  '11379751-f48e-4eed-be52-82e8cc7e8943',
  '433d3373-2243-42b9-9bcc-8015834c5439',
  'Classic Storage Trunk Coffee Table (Mahogany, Ocean Blue)',
  'COF-MAH-0131',
  1,
  7000,
  0,
  0,
  7000
);
INSERT INTO invoice_items (id, invoice_id, product_id, product_name, sku, quantity, unit_price, discount_percent, discount_amount, line_total)
VALUES (
  '39f1e305-fe98-494c-9c25-2801151802dd',
  '11379751-f48e-4eed-be52-82e8cc7e8943',
  '37a6c3c3-101c-48cc-a350-7d294835d4a1',
  'Royal L-Shape Sofa Sectional (Oak Wood, Ebony Black)',
  'SOF-OAK-0012',
  2,
  53500,
  0,
  0,
  107000
);
INSERT INTO payments (id, invoice_id, method, amount, reference, created_at) VALUES ('fe09e5de-6cec-4157-8fc4-4f05e568146a', '11379751-f48e-4eed-be52-82e8cc7e8943', 'bank_transfer', 159800, 'TXN-TF-1357', '2026-06-15T13:54:00.000Z');

-- Invoice TF-1358
INSERT INTO invoices (id, store_id, invoice_number, customer_name, customer_phone, customer_address, subtotal, discount_amount, delivery_charge, installation_charge, round_off, grand_total, payment_method, payment_status, created_by, created_at)
VALUES (
  'd8252e32-c4fd-4cf5-84de-22b5118f1557',
  '29f4e073-bc1d-4071-ae3a-c8718a90f998',
  'TF-1358',
  'Siddharth Sen 142',
  '9818759034',
  'H.No. 66, Gali No. 3, Colony Road, Vijayawada, Andhra Pradesh',
  60600,
  0,
  0,
  0,
  0,
  60600,
  'card',
  'completed',
  '22222222-2222-4222-a222-222222222222',
  '2026-06-15T07:57:00.000Z'
);
INSERT INTO invoice_items (id, invoice_id, product_id, product_name, sku, quantity, unit_price, discount_percent, discount_amount, line_total)
VALUES (
  '1dca5a80-09e4-421f-bee5-1ae16afab128',
  'd8252e32-c4fd-4cf5-84de-22b5118f1557',
  '7c0e27c9-91f2-4b65-9f64-ccf61986bbdc',
  'Modern Manual Rocking Recliner Lounge Chair (Oak Wood, Ebony Black)',
  'REC-OAK-0234',
  1,
  18000,
  5,
  900,
  17100
);
INSERT INTO invoice_items (id, invoice_id, product_id, product_name, sku, quantity, unit_price, discount_percent, discount_amount, line_total)
VALUES (
  '31c395df-bce2-4fd9-8c0c-30c06863dcf2',
  'd8252e32-c4fd-4cf5-84de-22b5118f1557',
  '853d0482-2bba-4db5-bedd-febbf9e73e73',
  'Minimalist Solid Wood Computer Desk (Engineered Wood, Ebony Black)',
  'STU-ENG-0164',
  2,
  17500,
  0,
  0,
  35000
);
INSERT INTO invoice_items (id, invoice_id, product_id, product_name, sku, quantity, unit_price, discount_percent, discount_amount, line_total)
VALUES (
  '0e27e499-c7ba-4a21-99e9-fa9d5e72fb75',
  'd8252e32-c4fd-4cf5-84de-22b5118f1557',
  '799edafc-8805-4002-b273-a99da333aa00',
  'Premium Ladder Bookshelf Display Unit (Mahogany, Teak Finish)',
  'BOO-MAH-0299',
  1,
  8500,
  0,
  0,
  8500
);
INSERT INTO payments (id, invoice_id, method, amount, reference, created_at) VALUES ('8b0f6476-2fdb-43d3-93b1-83270a6bbee6', 'd8252e32-c4fd-4cf5-84de-22b5118f1557', 'card', 60600, 'TXN-TF-1358', '2026-06-15T07:57:00.000Z');

-- Invoice TF-1359
INSERT INTO invoices (id, store_id, invoice_number, customer_name, customer_phone, customer_address, subtotal, discount_amount, delivery_charge, installation_charge, round_off, grand_total, payment_method, payment_status, created_by, created_at)
VALUES (
  'f0bde549-18bf-400a-9627-1a82503faf8a',
  '29f4e073-bc1d-4071-ae3a-c8718a90f998',
  'TF-1359',
  'Sarita Mishra 141',
  '9887264602',
  'H.No. 65, Gali No. 2, Colony Road, Chennai, Tamil Nadu',
  68800,
  0,
  0,
  0,
  0,
  68800,
  'upi',
  'completed',
  '11111111-1111-4111-a111-111111111111',
  '2026-06-15T08:43:00.000Z'
);
INSERT INTO invoice_items (id, invoice_id, product_id, product_name, sku, quantity, unit_price, discount_percent, discount_amount, line_total)
VALUES (
  '2cd92a99-b52d-4c63-b882-631f0316246f',
  'f0bde549-18bf-400a-9627-1a82503faf8a',
  'f4d27558-4a15-48b2-9959-7f7cce45559c',
  'Royal Wooden Sideboard Credenza (Mahogany, Ocean Blue)',
  'STO-MAH-0263',
  1,
  24000,
  5,
  1200,
  22800
);
INSERT INTO invoice_items (id, invoice_id, product_id, product_name, sku, quantity, unit_price, discount_percent, discount_amount, line_total)
VALUES (
  '764da171-45ea-45a9-ba7d-0e3094a5fafe',
  'f0bde549-18bf-400a-9627-1a82503faf8a',
  '925692d6-167d-40d2-8621-1d3d0864b448',
  'Modern Compact Dresser Cabinet (Sheesham Wood, Teak Finish)',
  'DRE-SHE-0214',
  2,
  23000,
  0,
  0,
  46000
);
INSERT INTO payments (id, invoice_id, method, amount, reference, created_at) VALUES ('4389e4d6-2a19-44e5-b9dc-3f9dd7ae6ccb', 'f0bde549-18bf-400a-9627-1a82503faf8a', 'upi', 68800, 'TXN-TF-1359', '2026-06-15T08:43:00.000Z');

-- Invoice TF-1360
INSERT INTO invoices (id, store_id, invoice_number, customer_name, customer_phone, customer_address, subtotal, discount_amount, delivery_charge, installation_charge, round_off, grand_total, payment_method, payment_status, created_by, created_at)
VALUES (
  '5ed69a91-7b46-4b39-9be5-371faf2d017a',
  '29f4e073-bc1d-4071-ae3a-c8718a90f998',
  'TF-1360',
  'Guest',
  '',
  '',
  4750,
  142.5,
  1200,
  0,
  0.5,
  5808,
  'cash',
  'completed',
  '33333333-3333-4333-a333-333333333333',
  '2026-06-15T09:24:00.000Z'
);
INSERT INTO invoice_items (id, invoice_id, product_id, product_name, sku, quantity, unit_price, discount_percent, discount_amount, line_total)
VALUES (
  'a03fca3b-402a-430b-8336-9e3305b316c1',
  '5ed69a91-7b46-4b39-9be5-371faf2d017a',
  '54b6a8a9-4c1a-4c85-a9bc-10786fcb9b61',
  'Eco-sustain Round Accent Coffee Table (Rose Wood, Ocean Blue)',
  'COF-ROS-0136',
  1,
  5000,
  5,
  250,
  4750
);
INSERT INTO payments (id, invoice_id, method, amount, reference, created_at) VALUES ('c4dde06c-d677-4309-ac4a-0ae1ea61b353', '5ed69a91-7b46-4b39-9be5-371faf2d017a', 'cash', 5808, 'TXN-TF-1360', '2026-06-15T09:24:00.000Z');

-- Invoice TF-1361
INSERT INTO invoices (id, store_id, invoice_number, customer_name, customer_phone, customer_address, subtotal, discount_amount, delivery_charge, installation_charge, round_off, grand_total, payment_method, payment_status, created_by, created_at)
VALUES (
  '63de9508-d200-4923-88ef-6f297ff33037',
  '29f4e073-bc1d-4071-ae3a-c8718a90f998',
  'TF-1361',
  'Sandeep Hegde 139',
  '9855796967',
  'H.No. 63, Gali No. 5, Colony Road, Secunderabad, Telangana',
  190675,
  0,
  0,
  0,
  0,
  190675,
  'split',
  'completed',
  '22222222-2222-4222-a222-222222222222',
  '2026-06-15T08:13:00.000Z'
);
INSERT INTO invoice_items (id, invoice_id, product_id, product_name, sku, quantity, unit_price, discount_percent, discount_amount, line_total)
VALUES (
  'cbeb1431-90cf-427a-8e50-4ae40119f298',
  '63de9508-d200-4923-88ef-6f297ff33037',
  'dd675736-ed52-4b59-a191-b810835af4ea',
  'Classic Single Bed (Mahogany, Teak Finish)',
  'BED-MAH-0028',
  1,
  42500,
  5,
  2125,
  40375
);
INSERT INTO invoice_items (id, invoice_id, product_id, product_name, sku, quantity, unit_price, discount_percent, discount_amount, line_total)
VALUES (
  'fb7ea7c5-b062-4661-82af-f07f97f3341f',
  '63de9508-d200-4923-88ef-6f297ff33037',
  '695475e4-b4a1-49fe-848c-471c08aea77c',
  'Imperial Modular TV Stand with Shelves (Sheesham Wood, Teak Finish)',
  'TV -SHE-0106',
  2,
  45000,
  0,
  0,
  90000
);
INSERT INTO invoice_items (id, invoice_id, product_id, product_name, sku, quantity, unit_price, discount_percent, discount_amount, line_total)
VALUES (
  '28ffac30-f220-4525-a728-0a6b43dc7f7e',
  '63de9508-d200-4923-88ef-6f297ff33037',
  'c1800dec-cb8a-4d2d-926e-bb685c5b9366',
  'Premium 5-Tier Open Bookshelf Console (Sheesham Wood, Walnut Brown)',
  'BOO-SHE-0288',
  1,
  18500,
  0,
  0,
  18500
);
INSERT INTO invoice_items (id, invoice_id, product_id, product_name, sku, quantity, unit_price, discount_percent, discount_amount, line_total)
VALUES (
  '2917a6c2-8756-46fd-af2f-7cebee1a0ece',
  '63de9508-d200-4923-88ef-6f297ff33037',
  'f9b40d20-052f-4c8a-8fa7-c32b87ce1d35',
  'Modern Modular TV Stand with Shelves (Oak Wood, Crimson Red)',
  'TV -OAK-0115',
  2,
  9500,
  0,
  0,
  19000
);
INSERT INTO invoice_items (id, invoice_id, product_id, product_name, sku, quantity, unit_price, discount_percent, discount_amount, line_total)
VALUES (
  '8c8a7d59-960f-4ddc-8b19-5721427f3533',
  '63de9508-d200-4923-88ef-6f297ff33037',
  '637df026-9f25-4715-a8ae-0d6e4b9a29e8',
  'Heritage Closed Glass-door Library Cabinet (Rose Wood, Warm Beige)',
  'BOO-ROS-0298',
  1,
  24000,
  5,
  1200,
  22800
);
INSERT INTO payments (id, invoice_id, method, amount, reference, created_at) VALUES ('3e780424-9147-41c6-9cfc-941eb2052954', '63de9508-d200-4923-88ef-6f297ff33037', 'card', 76270, 'TXN-SPLIT-CARD', '2026-06-15T08:13:00.000Z');
INSERT INTO payments (id, invoice_id, method, amount, reference, created_at) VALUES ('62aa0261-47c5-491e-870a-ed12a372026a', '63de9508-d200-4923-88ef-6f297ff33037', 'upi', 114405, 'TXN-SPLIT-UPI', '2026-06-15T08:13:00.000Z');

-- Invoice TF-1362
INSERT INTO invoices (id, store_id, invoice_number, customer_name, customer_phone, customer_address, subtotal, discount_amount, delivery_charge, installation_charge, round_off, grand_total, payment_method, payment_status, created_by, created_at)
VALUES (
  'bfa045c6-7b07-494a-9712-b33b03b324ba',
  '29f4e073-bc1d-4071-ae3a-c8718a90f998',
  'TF-1362',
  'Ravi Shankar 138',
  '9837157954',
  'H.No. 62, Gali No. 4, Colony Road, Hyderabad, Telangana',
  89375,
  0,
  0,
  0,
  0,
  89375,
  'bank_transfer',
  'completed',
  '11111111-1111-4111-a111-111111111111',
  '2026-06-16T08:10:00.000Z'
);
INSERT INTO invoice_items (id, invoice_id, product_id, product_name, sku, quantity, unit_price, discount_percent, discount_amount, line_total)
VALUES (
  '34ff5c65-b517-45d8-b260-954ca944bbca',
  'bfa045c6-7b07-494a-9712-b33b03b324ba',
  'e2448723-33eb-4f33-ad36-53f5141545fd',
  'Luxurious Ladder Bookshelf Display Unit (Mahogany, Teak Finish)',
  'BOO-MAH-0293',
  1,
  22500,
  5,
  1125,
  21375
);
INSERT INTO invoice_items (id, invoice_id, product_id, product_name, sku, quantity, unit_price, discount_percent, discount_amount, line_total)
VALUES (
  'dada2f52-a50e-428d-a8db-ee26221c5a5e',
  'bfa045c6-7b07-494a-9712-b33b03b324ba',
  '24e59f2a-fc44-477a-b47c-a4c9026d1810',
  'Classic Poster Bed (Oak Wood, Walnut Brown)',
  'BED-OAK-0034',
  2,
  17000,
  0,
  0,
  34000
);
INSERT INTO invoice_items (id, invoice_id, product_id, product_name, sku, quantity, unit_price, discount_percent, discount_amount, line_total)
VALUES (
  'ec484475-ddd7-4dd7-a6d5-cbc9c887b0b4',
  'bfa045c6-7b07-494a-9712-b33b03b324ba',
  '117e2bde-d5a5-42f8-a908-fdb1167926c7',
  'Imperial Rattan Accent Chair (Teak Wood, Warm Beige)',
  'DIN-TEA-0072',
  1,
  15000,
  0,
  0,
  15000
);
INSERT INTO invoice_items (id, invoice_id, product_id, product_name, sku, quantity, unit_price, discount_percent, discount_amount, line_total)
VALUES (
  '60cdb534-d9f1-4f00-bfa6-7cd2ce74528f',
  'bfa045c6-7b07-494a-9712-b33b03b324ba',
  'f9b40d20-052f-4c8a-8fa7-c32b87ce1d35',
  'Modern Modular TV Stand with Shelves (Oak Wood, Crimson Red)',
  'TV -OAK-0115',
  2,
  9500,
  0,
  0,
  19000
);
INSERT INTO payments (id, invoice_id, method, amount, reference, created_at) VALUES ('c350aebc-83c7-4478-a602-825cfd7cc44e', 'bfa045c6-7b07-494a-9712-b33b03b324ba', 'bank_transfer', 89375, 'TXN-TF-1362', '2026-06-16T08:10:00.000Z');

-- Invoice TF-1363
INSERT INTO invoices (id, store_id, invoice_number, customer_name, customer_phone, customer_address, subtotal, discount_amount, delivery_charge, installation_charge, round_off, grand_total, payment_method, payment_status, created_by, created_at)
VALUES (
  '88e6ea0f-cc4c-4700-b3db-fadb5d1bd608',
  '29f4e073-bc1d-4071-ae3a-c8718a90f998',
  'TF-1363',
  'Ramesh Chandra 137',
  '9814762118',
  'H.No. 61, Gali No. 3, Colony Road, Visakhapatnam, Andhra Pradesh',
  65825,
  0,
  0,
  0,
  0,
  65825,
  'card',
  'completed',
  '33333333-3333-4333-a333-333333333333',
  '2026-06-16T11:37:00.000Z'
);
INSERT INTO invoice_items (id, invoice_id, product_id, product_name, sku, quantity, unit_price, discount_percent, discount_amount, line_total)
VALUES (
  '6ed2d882-ab21-49c6-a955-23af4db54f0d',
  '88e6ea0f-cc4c-4700-b3db-fadb5d1bd608',
  'dece08e4-fdc8-4e4a-8014-9259722efd67',
  'Luxurious Recliner Sofa (Mahogany, Teak Finish)',
  'SOF-MAH-0018',
  1,
  33500,
  5,
  1675,
  31825
);
INSERT INTO invoice_items (id, invoice_id, product_id, product_name, sku, quantity, unit_price, discount_percent, discount_amount, line_total)
VALUES (
  '07df7465-2e9e-49c5-8b5c-c15e3bb4f13a',
  '88e6ea0f-cc4c-4700-b3db-fadb5d1bd608',
  '26e97e22-a9a9-4748-b43f-4f06ff43b1cc',
  'Classic Cushioned Dining Chair (Mahogany, Warm Beige)',
  'DIN-MAH-0069',
  2,
  14000,
  0,
  0,
  28000
);
INSERT INTO invoice_items (id, invoice_id, product_id, product_name, sku, quantity, unit_price, discount_percent, discount_amount, line_total)
VALUES (
  'da453083-91bf-4584-bbf7-11f29e09e0c7',
  '88e6ea0f-cc4c-4700-b3db-fadb5d1bd608',
  '1911edb0-4fb5-49db-a8d9-b30659cd18d4',
  'Royal Storage Trunk Coffee Table (Oak Wood, Walnut Brown)',
  'COF-OAK-0123',
  1,
  6000,
  0,
  0,
  6000
);
INSERT INTO payments (id, invoice_id, method, amount, reference, created_at) VALUES ('bf87c48b-94ae-4ede-96a4-bea4c59f649a', '88e6ea0f-cc4c-4700-b3db-fadb5d1bd608', 'card', 65825, 'TXN-TF-1363', '2026-06-16T11:37:00.000Z');

-- Invoice TF-1364
INSERT INTO invoices (id, store_id, invoice_number, customer_name, customer_phone, customer_address, subtotal, discount_amount, delivery_charge, installation_charge, round_off, grand_total, payment_method, payment_status, created_by, created_at)
VALUES (
  'cf505f4e-85ee-4b21-ab3c-7196fcb03798',
  '29f4e073-bc1d-4071-ae3a-c8718a90f998',
  'TF-1364',
  'Guest',
  '',
  '',
  58050,
  0,
  0,
  0,
  0,
  58050,
  'upi',
  'completed',
  '22222222-2222-4222-a222-222222222222',
  '2026-06-16T05:23:00.000Z'
);
INSERT INTO invoice_items (id, invoice_id, product_id, product_name, sku, quantity, unit_price, discount_percent, discount_amount, line_total)
VALUES (
  '5ddb674a-406b-4da2-b70e-3706bc14b1c5',
  'cf505f4e-85ee-4b21-ab3c-7196fcb03798',
  '55b103bb-657e-4a60-a57f-276b49971487',
  'Minimalist Closed Glass-door Library Cabinet (Teak Wood, Teak Finish)',
  'BOO-TEA-0295',
  1,
  19000,
  5,
  950,
  18050
);
INSERT INTO invoice_items (id, invoice_id, product_id, product_name, sku, quantity, unit_price, discount_percent, discount_amount, line_total)
VALUES (
  '85492727-f2d2-4829-b029-4221ab6b463f',
  'cf505f4e-85ee-4b21-ab3c-7196fcb03798',
  '9c66da03-0ee6-4b1b-a9ec-f53da69d5a91',
  'Royal Visitor Stool Chair (Mahogany, Ivory White)',
  'OFF-MAH-0096',
  2,
  20000,
  0,
  0,
  40000
);
INSERT INTO payments (id, invoice_id, method, amount, reference, created_at) VALUES ('67313c24-cf77-4eed-8f07-edcef7e59897', 'cf505f4e-85ee-4b21-ab3c-7196fcb03798', 'upi', 58050, 'TXN-TF-1364', '2026-06-16T05:23:00.000Z');

-- Invoice TF-1365
INSERT INTO invoices (id, store_id, invoice_number, customer_name, customer_phone, customer_address, subtotal, discount_amount, delivery_charge, installation_charge, round_off, grand_total, payment_method, payment_status, created_by, created_at)
VALUES (
  'b49d673d-16b6-4425-814a-cd72dec49f2a',
  '29f4e073-bc1d-4071-ae3a-c8718a90f998',
  'TF-1365',
  'Priya Pillai 135',
  '9875302099',
  'H.No. 59, Gali No. 1, Colony Road, Chennai, Tamil Nadu',
  37525,
  0,
  0,
  500,
  0,
  38025,
  'cash',
  'completed',
  '11111111-1111-4111-a111-111111111111',
  '2026-06-16T05:26:00.000Z'
);
INSERT INTO invoice_items (id, invoice_id, product_id, product_name, sku, quantity, unit_price, discount_percent, discount_amount, line_total)
VALUES (
  '22b19eab-545e-4c5d-be87-7ca1e81037dc',
  'b49d673d-16b6-4425-814a-cd72dec49f2a',
  '14537655-6121-48ab-8427-6db88b953b18',
  'Eco-sustain Extendable Dining Table (Rose Wood, Ebony Black)',
  'DIN-ROS-0056',
  1,
  39500,
  5,
  1975,
  37525
);
INSERT INTO payments (id, invoice_id, method, amount, reference, created_at) VALUES ('cb56b6e1-d4ea-4fee-a6bd-eefcee32fe1f', 'b49d673d-16b6-4425-814a-cd72dec49f2a', 'cash', 38025, 'TXN-TF-1365', '2026-06-16T05:26:00.000Z');

-- Invoice TF-1366
INSERT INTO invoices (id, store_id, invoice_number, customer_name, customer_phone, customer_address, subtotal, discount_amount, delivery_charge, installation_charge, round_off, grand_total, payment_method, payment_status, created_by, created_at)
VALUES (
  '4b186e9f-ee9e-4f53-9bef-98754ad921a6',
  '29f4e073-bc1d-4071-ae3a-c8718a90f998',
  'TF-1366',
  'Pranav Kulkarni 134',
  '9825985966',
  'H.No. 58, Gali No. 5, Colony Road, Bangalore, Karnataka',
  314350,
  0,
  0,
  0,
  0,
  314350,
  'split',
  'completed',
  '33333333-3333-4333-a333-333333333333',
  '2026-06-16T10:00:00.000Z'
);
INSERT INTO invoice_items (id, invoice_id, product_id, product_name, sku, quantity, unit_price, discount_percent, discount_amount, line_total)
VALUES (
  'a4b2b062-3084-414e-b376-9f71890e52f3',
  '4b186e9f-ee9e-4f53-9bef-98754ad921a6',
  'ec134a51-3e2c-4b12-9bfc-4867ba09c6a5',
  'Heritage 4-Seater Glass Top Dining Table (Engineered Wood, Walnut Brown)',
  'DIN-ENG-0058',
  1,
  88500,
  5,
  4425,
  84075
);
INSERT INTO invoice_items (id, invoice_id, product_id, product_name, sku, quantity, unit_price, discount_percent, discount_amount, line_total)
VALUES (
  '14afec23-f37e-4572-8da3-f056fed6228f',
  '4b186e9f-ee9e-4f53-9bef-98754ad921a6',
  '83135fbd-1d23-4d54-837b-de9f9f1edc08',
  'Eco-sustain Poster Bed (Rose Wood, Teak Finish)',
  'BED-ROS-0029',
  2,
  45500,
  0,
  0,
  91000
);
INSERT INTO invoice_items (id, invoice_id, product_id, product_name, sku, quantity, unit_price, discount_percent, discount_amount, line_total)
VALUES (
  '5bf8a05e-cea1-408c-8dde-453fe9780ba4',
  '4b186e9f-ee9e-4f53-9bef-98754ad921a6',
  '0a7e4b67-6321-4356-8ca2-1d6e897aee14',
  'Heritage 5-Tier Open Bookshelf Console (Sheesham Wood, Ebony Black)',
  'BOO-SHE-0300',
  1,
  10500,
  0,
  0,
  10500
);
INSERT INTO invoice_items (id, invoice_id, product_id, product_name, sku, quantity, unit_price, discount_percent, discount_amount, line_total)
VALUES (
  'b1ab1a19-46c3-4bdb-9717-b2cd7b73d44e',
  '4b186e9f-ee9e-4f53-9bef-98754ad921a6',
  '51b04775-aa17-42b6-b6ad-7d25120f20e3',
  'Premium King Size Bed with Storage (Engineered Wood, Ivory White)',
  'BED-ENG-0031',
  2,
  38500,
  0,
  0,
  77000
);
INSERT INTO invoice_items (id, invoice_id, product_id, product_name, sku, quantity, unit_price, discount_percent, discount_amount, line_total)
VALUES (
  '8ae22a46-438c-44c0-82c5-b940226f5d21',
  '4b186e9f-ee9e-4f53-9bef-98754ad921a6',
  '74983340-bd60-4201-9ba5-a933fa636b18',
  'Classic Single Motor Power Recliner (Oak Wood, Teak Finish)',
  'REC-OAK-0221',
  1,
  54500,
  5,
  2725,
  51775
);
INSERT INTO payments (id, invoice_id, method, amount, reference, created_at) VALUES ('fc84591a-cadc-4aed-ac18-353a4d66b49c', '4b186e9f-ee9e-4f53-9bef-98754ad921a6', 'card', 125740, 'TXN-SPLIT-CARD', '2026-06-16T10:00:00.000Z');
INSERT INTO payments (id, invoice_id, method, amount, reference, created_at) VALUES ('1489eed1-8a37-4570-9be6-ee96cab1c1ce', '4b186e9f-ee9e-4f53-9bef-98754ad921a6', 'upi', 188610, 'TXN-SPLIT-UPI', '2026-06-16T10:00:00.000Z');

-- Invoice TF-1367
INSERT INTO invoices (id, store_id, invoice_number, customer_name, customer_phone, customer_address, subtotal, discount_amount, delivery_charge, installation_charge, round_off, grand_total, payment_method, payment_status, created_by, created_at)
VALUES (
  'a978d13f-06bc-4f29-a0f3-3fce432b79b8',
  '29f4e073-bc1d-4071-ae3a-c8718a90f998',
  'TF-1367',
  'Neha Deshmukh 133',
  '9842131759',
  'H.No. 57, Gali No. 4, Colony Road, Secunderabad, Telangana',
  146550,
  0,
  1200,
  0,
  0,
  147750,
  'bank_transfer',
  'completed',
  '22222222-2222-4222-a222-222222222222',
  '2026-06-17T07:42:00.000Z'
);
INSERT INTO invoice_items (id, invoice_id, product_id, product_name, sku, quantity, unit_price, discount_percent, discount_amount, line_total)
VALUES (
  '74a1a166-985d-4acd-97dd-6fa40cf5fc26',
  'a978d13f-06bc-4f29-a0f3-3fce432b79b8',
  'cd5bc776-f8af-47f6-9ac6-26fd88822683',
  'Modern Orthopedic Memory Foam Mattress (Engineered Wood, Charcoal Grey)',
  'MAT-ENG-0193',
  1,
  39000,
  5,
  1950,
  37050
);
INSERT INTO invoice_items (id, invoice_id, product_id, product_name, sku, quantity, unit_price, discount_percent, discount_amount, line_total)
VALUES (
  'e1f80955-6cc6-41d3-a84a-92df965dce0f',
  'a978d13f-06bc-4f29-a0f3-3fce432b79b8',
  'f077b01f-75f1-46ed-a171-4c4e6bb6abbb',
  'Comfort Closed Glass-door Library Cabinet (Mahogany, Crimson Red)',
  'BOO-MAH-0283',
  2,
  21000,
  0,
  0,
  42000
);
INSERT INTO invoice_items (id, invoice_id, product_id, product_name, sku, quantity, unit_price, discount_percent, discount_amount, line_total)
VALUES (
  '70373716-76c1-424c-b876-73b0bb94c7d2',
  'a978d13f-06bc-4f29-a0f3-3fce432b79b8',
  '6e43538a-a745-4e9a-a6ef-7dcd57f182fd',
  'Luxurious Queen Size Wooden Bed (Mahogany, Ocean Blue)',
  'BED-MAH-0022',
  1,
  46500,
  0,
  0,
  46500
);
INSERT INTO invoice_items (id, invoice_id, product_id, product_name, sku, quantity, unit_price, discount_percent, discount_amount, line_total)
VALUES (
  '4344a5f9-85c1-49b4-83ad-4540f276264b',
  'a978d13f-06bc-4f29-a0f3-3fce432b79b8',
  'c6c9baff-b6c0-4b26-840b-5ebd9022835d',
  'Royal 6-Drawer Wide Dresser chest (Mahogany, Charcoal Grey)',
  'DRE-MAH-0212',
  2,
  10500,
  0,
  0,
  21000
);
INSERT INTO payments (id, invoice_id, method, amount, reference, created_at) VALUES ('c33f3188-6b3f-4dde-a79a-47a08dc69e71', 'a978d13f-06bc-4f29-a0f3-3fce432b79b8', 'bank_transfer', 147750, 'TXN-TF-1367', '2026-06-17T07:42:00.000Z');

-- Invoice TF-1368
INSERT INTO invoices (id, store_id, invoice_number, customer_name, customer_phone, customer_address, subtotal, discount_amount, delivery_charge, installation_charge, round_off, grand_total, payment_method, payment_status, created_by, created_at)
VALUES (
  '2219474a-b58a-4b11-aceb-bd6d0b628d36',
  '29f4e073-bc1d-4071-ae3a-c8718a90f998',
  'TF-1368',
  'Guest',
  '',
  '',
  217000,
  0,
  0,
  0,
  0,
  217000,
  'card',
  'completed',
  '11111111-1111-4111-a111-111111111111',
  '2026-06-17T09:25:00.000Z'
);
INSERT INTO invoice_items (id, invoice_id, product_id, product_name, sku, quantity, unit_price, discount_percent, discount_amount, line_total)
VALUES (
  '35f2e57b-7744-486d-8dd8-4ab97ab87ba1',
  '2219474a-b58a-4b11-aceb-bd6d0b628d36',
  'ae31918e-2957-4d40-b94d-78f04b09337d',
  'Luxurious 2-Door Sliding Wardrobe (Oak Wood, Ocean Blue)',
  'WAR-OAK-0154',
  1,
  120000,
  5,
  6000,
  114000
);
INSERT INTO invoice_items (id, invoice_id, product_id, product_name, sku, quantity, unit_price, discount_percent, discount_amount, line_total)
VALUES (
  'a5da4348-5df0-439a-9ee6-741e9a9f45a7',
  '2219474a-b58a-4b11-aceb-bd6d0b628d36',
  '3a5f9708-fb43-44c9-b68f-8bc8d123070d',
  'Minimalist Open Walk-in Closet Organizer (Rose Wood, Ebony Black)',
  'WAR-ROS-0148',
  2,
  49000,
  0,
  0,
  98000
);
INSERT INTO invoice_items (id, invoice_id, product_id, product_name, sku, quantity, unit_price, discount_percent, discount_amount, line_total)
VALUES (
  '0a51555d-5b72-4222-bf5b-b789d2834177',
  '2219474a-b58a-4b11-aceb-bd6d0b628d36',
  'd78792d4-9569-4f36-a380-ba0fa0551bff',
  'Modern Rattan Accent Chair (Oak Wood, Ivory White)',
  'DIN-OAK-0076',
  1,
  5000,
  0,
  0,
  5000
);
INSERT INTO payments (id, invoice_id, method, amount, reference, created_at) VALUES ('deadd669-2e88-4323-9b22-412930b809bf', '2219474a-b58a-4b11-aceb-bd6d0b628d36', 'card', 217000, 'TXN-TF-1368', '2026-06-17T09:25:00.000Z');

-- Invoice TF-1369
INSERT INTO invoices (id, store_id, invoice_number, customer_name, customer_phone, customer_address, subtotal, discount_amount, delivery_charge, installation_charge, round_off, grand_total, payment_method, payment_status, created_by, created_at)
VALUES (
  'f6a3f68a-5155-481d-b6b3-5d21ca1b7e0e',
  '29f4e073-bc1d-4071-ae3a-c8718a90f998',
  'TF-1369',
  'Kavitha Hegde 131',
  '9838285879',
  'H.No. 55, Gali No. 2, Colony Road, Visakhapatnam, Andhra Pradesh',
  232950,
  0,
  0,
  0,
  0,
  232950,
  'upi',
  'completed',
  '33333333-3333-4333-a333-333333333333',
  '2026-06-17T10:25:00.000Z'
);
INSERT INTO invoice_items (id, invoice_id, product_id, product_name, sku, quantity, unit_price, discount_percent, discount_amount, line_total)
VALUES (
  'b2affafd-7002-429a-b671-91e77eaf44aa',
  'f6a3f68a-5155-481d-b6b3-5d21ca1b7e0e',
  'aaf9e9a7-2afd-4d6b-873e-3403eeb7bbf4',
  'Comfort L-Shape Sofa Sectional (Rose Wood, Ocean Blue)',
  'SOF-ROS-0007',
  1,
  101000,
  5,
  5050,
  95950
);
INSERT INTO invoice_items (id, invoice_id, product_id, product_name, sku, quantity, unit_price, discount_percent, discount_amount, line_total)
VALUES (
  '193f7bf2-bc99-49a9-832b-4f28b05b450e',
  'f6a3f68a-5155-481d-b6b3-5d21ca1b7e0e',
  '14858145-d9df-494d-a77d-ebcd2119d317',
  'Premium King Size Bed with Storage (Engineered Wood, Teak Finish)',
  'BED-ENG-0026',
  2,
  68500,
  0,
  0,
  137000
);
INSERT INTO payments (id, invoice_id, method, amount, reference, created_at) VALUES ('e537be44-f36e-49da-a4cc-5eed0660432d', 'f6a3f68a-5155-481d-b6b3-5d21ca1b7e0e', 'upi', 232950, 'TXN-TF-1369', '2026-06-17T10:25:00.000Z');

-- Invoice TF-1370
INSERT INTO invoices (id, store_id, invoice_number, customer_name, customer_phone, customer_address, subtotal, discount_amount, delivery_charge, installation_charge, round_off, grand_total, payment_method, payment_status, created_by, created_at)
VALUES (
  '68c4da57-912b-4a62-8238-77e5028a34bf',
  '29f4e073-bc1d-4071-ae3a-c8718a90f998',
  'TF-1370',
  'Karthik Swami 130',
  '9845191974',
  'H.No. 54, Gali No. 1, Colony Road, Vijayawada, Andhra Pradesh',
  30400,
  912,
  0,
  0,
  0,
  29488,
  'cash',
  'completed',
  '22222222-2222-4222-a222-222222222222',
  '2026-06-17T06:36:00.000Z'
);
INSERT INTO invoice_items (id, invoice_id, product_id, product_name, sku, quantity, unit_price, discount_percent, discount_amount, line_total)
VALUES (
  'a0331b8d-2250-48d2-aede-12e115f646bd',
  '68c4da57-912b-4a62-8238-77e5028a34bf',
  'fe3e472d-c51c-4b96-a365-31c3a12b7efe',
  'Modern Wooden Sideboard Credenza (Rose Wood, Ebony Black)',
  'STO-ROS-0275',
  1,
  32000,
  5,
  1600,
  30400
);
INSERT INTO payments (id, invoice_id, method, amount, reference, created_at) VALUES ('d7e7309f-9db8-435d-9dca-49f96fb265cd', '68c4da57-912b-4a62-8238-77e5028a34bf', 'cash', 29488, 'TXN-TF-1370', '2026-06-17T06:36:00.000Z');

-- Invoice TF-1371
INSERT INTO invoices (id, store_id, invoice_number, customer_name, customer_phone, customer_address, subtotal, discount_amount, delivery_charge, installation_charge, round_off, grand_total, payment_method, payment_status, created_by, created_at)
VALUES (
  '8536730b-f171-4db1-8bad-9e78ab3c5ad1',
  '29f4e073-bc1d-4071-ae3a-c8718a90f998',
  'TF-1371',
  'Jyoti Prasad 129',
  '9839342665',
  'H.No. 53, Gali No. 5, Colony Road, Chennai, Tamil Nadu',
  202700,
  0,
  0,
  0,
  0,
  202700,
  'split',
  'completed',
  '11111111-1111-4111-a111-111111111111',
  '2026-06-17T08:20:00.000Z'
);
INSERT INTO invoice_items (id, invoice_id, product_id, product_name, sku, quantity, unit_price, discount_percent, discount_amount, line_total)
VALUES (
  '3f9b6e9b-3359-43c7-b035-518c343d9662',
  '8536730b-f171-4db1-8bad-9e78ab3c5ad1',
  '15d86dcb-5df7-40ea-8d9a-ef921e8afc7f',
  'Luxurious Wooden Sideboard Credenza (Teak Wood, Charcoal Grey)',
  'STO-TEA-0266',
  1,
  8500,
  5,
  425,
  8075
);
INSERT INTO invoice_items (id, invoice_id, product_id, product_name, sku, quantity, unit_price, discount_percent, discount_amount, line_total)
VALUES (
  'd662ab4d-216b-4cde-8ee9-ac60510d0631',
  '8536730b-f171-4db1-8bad-9e78ab3c5ad1',
  '48c1d0bb-e99d-476f-a202-e963a97af61d',
  'Imperial Orthopedic Memory Foam Mattress (Mahogany, Teak Finish)',
  'MAT-MAH-0187',
  2,
  56500,
  0,
  0,
  113000
);
INSERT INTO invoice_items (id, invoice_id, product_id, product_name, sku, quantity, unit_price, discount_percent, discount_amount, line_total)
VALUES (
  'fbadec91-8ad0-48e6-b7e4-482111ffe464',
  '8536730b-f171-4db1-8bad-9e78ab3c5ad1',
  'b822937d-8c5a-4709-8617-a158829a5e65',
  'Classic 6-Seater Wooden Dining Table (Sheesham Wood, Teak Finish)',
  'DIN-SHE-0049',
  1,
  52000,
  0,
  0,
  52000
);
INSERT INTO invoice_items (id, invoice_id, product_id, product_name, sku, quantity, unit_price, discount_percent, discount_amount, line_total)
VALUES (
  '13d6dbd7-a9a0-4a77-acb5-de075cc517b2',
  '8536730b-f171-4db1-8bad-9e78ab3c5ad1',
  'db934a58-986a-4cf0-9883-fdff9c444d3a',
  'Luxurious Solid Wood Computer Desk (Oak Wood, Ocean Blue)',
  'STU-OAK-0168',
  2,
  6500,
  0,
  0,
  13000
);
INSERT INTO invoice_items (id, invoice_id, product_id, product_name, sku, quantity, unit_price, discount_percent, discount_amount, line_total)
VALUES (
  'a8d1c672-999b-4ca4-9f8b-1c143b653d6c',
  '8536730b-f171-4db1-8bad-9e78ab3c5ad1',
  '82345ae0-f851-4577-8a2f-ac1e48a15cbc',
  'Royal Compact Student Desk (Mahogany, Ocean Blue)',
  'STU-MAH-0173',
  1,
  17500,
  5,
  875,
  16625
);
INSERT INTO payments (id, invoice_id, method, amount, reference, created_at) VALUES ('7fe7e4ca-83ee-4244-92ec-8d90d0becc79', '8536730b-f171-4db1-8bad-9e78ab3c5ad1', 'card', 81080, 'TXN-SPLIT-CARD', '2026-06-17T08:20:00.000Z');
INSERT INTO payments (id, invoice_id, method, amount, reference, created_at) VALUES ('230ce6c5-a204-432f-908f-a809158be8fe', '8536730b-f171-4db1-8bad-9e78ab3c5ad1', 'upi', 121620, 'TXN-SPLIT-UPI', '2026-06-17T08:20:00.000Z');

-- Invoice TF-1372
INSERT INTO invoices (id, store_id, invoice_number, customer_name, customer_phone, customer_address, subtotal, discount_amount, delivery_charge, installation_charge, round_off, grand_total, payment_method, payment_status, created_by, created_at)
VALUES (
  'a965df86-f64a-44de-a84c-6000b591db82',
  '29f4e073-bc1d-4071-ae3a-c8718a90f998',
  'TF-1372',
  'Guest',
  '',
  '',
  202550,
  0,
  0,
  0,
  0,
  202550,
  'bank_transfer',
  'completed',
  '33333333-3333-4333-a333-333333333333',
  '2026-06-17T07:24:00.000Z'
);
INSERT INTO invoice_items (id, invoice_id, product_id, product_name, sku, quantity, unit_price, discount_percent, discount_amount, line_total)
VALUES (
  '7b3ccd73-349f-400e-86ca-c5c6141379a1',
  'a965df86-f64a-44de-a84c-6000b591db82',
  '66d0f462-e8d2-4221-9f49-d5cfe3ad553e',
  'Imperial Single Motor Power Recliner (Rose Wood, Ebony Black)',
  'REC-ROS-0227',
  1,
  39000,
  5,
  1950,
  37050
);
INSERT INTO invoice_items (id, invoice_id, product_id, product_name, sku, quantity, unit_price, discount_percent, discount_amount, line_total)
VALUES (
  '2dcb62cc-abd0-4caf-a286-6a771bb524aa',
  'a965df86-f64a-44de-a84c-6000b591db82',
  '445501a4-f6d2-441a-8fc1-e9986b57ade7',
  'Royal Multi-drawer Utility Cabinet (Rose Wood, Ocean Blue)',
  'STO-ROS-0270',
  2,
  28000,
  0,
  0,
  56000
);
INSERT INTO invoice_items (id, invoice_id, product_id, product_name, sku, quantity, unit_price, discount_percent, discount_amount, line_total)
VALUES (
  'f94a7a18-191b-49d8-b5ca-2305a6bc949e',
  'a965df86-f64a-44de-a84c-6000b591db82',
  'ab550dda-419e-448d-9695-7ebf11a2f361',
  'Eco-sustain Rattan Outdoor Swing Chair (Rose Wood, Walnut Brown)',
  'OUT-ROS-0245',
  1,
  20500,
  0,
  0,
  20500
);
INSERT INTO invoice_items (id, invoice_id, product_id, product_name, sku, quantity, unit_price, discount_percent, discount_amount, line_total)
VALUES (
  '77f67481-05e0-4728-8689-20ce0b2ac7f6',
  'a965df86-f64a-44de-a84c-6000b591db82',
  '04e6f2e3-71db-4095-a209-0fdf2c4ff348',
  'Modern Modular TV Stand with Shelves (Oak Wood, Charcoal Grey)',
  'TV -OAK-0112',
  2,
  44500,
  0,
  0,
  89000
);
INSERT INTO payments (id, invoice_id, method, amount, reference, created_at) VALUES ('5aa68d02-37e1-4fbd-b4e7-f310faca7f40', 'a965df86-f64a-44de-a84c-6000b591db82', 'bank_transfer', 202550, 'TXN-TF-1372', '2026-06-17T07:24:00.000Z');

-- Invoice TF-1373
INSERT INTO invoices (id, store_id, invoice_number, customer_name, customer_phone, customer_address, subtotal, discount_amount, delivery_charge, installation_charge, round_off, grand_total, payment_method, payment_status, created_by, created_at)
VALUES (
  'd0288d36-20bf-4017-8582-cad58e7bdd54',
  '29f4e073-bc1d-4071-ae3a-c8718a90f998',
  'TF-1373',
  'Harish Rao 127',
  '9849531854',
  'H.No. 51, Gali No. 3, Colony Road, Secunderabad, Telangana',
  254775,
  0,
  0,
  0,
  0,
  254775,
  'card',
  'completed',
  '22222222-2222-4222-a222-222222222222',
  '2026-06-18T13:08:00.000Z'
);
INSERT INTO invoice_items (id, invoice_id, product_id, product_name, sku, quantity, unit_price, discount_percent, discount_amount, line_total)
VALUES (
  '2856cd0b-f109-4087-812c-b18f28966fc0',
  'd0288d36-20bf-4017-8582-cad58e7bdd54',
  '9cac0f18-a728-4c46-a7b4-d68d4dcfc96d',
  'Minimalist Storage Trunk Coffee Table (Sheesham Wood, Warm Beige)',
  'COF-SHE-0135',
  1,
  4500,
  5,
  225,
  4275
);
INSERT INTO invoice_items (id, invoice_id, product_id, product_name, sku, quantity, unit_price, discount_percent, discount_amount, line_total)
VALUES (
  '9b20e45d-b0f2-44ae-a7a8-dc8f9fee3c2a',
  'd0288d36-20bf-4017-8582-cad58e7bdd54',
  'ae31918e-2957-4d40-b94d-78f04b09337d',
  'Luxurious 2-Door Sliding Wardrobe (Oak Wood, Ocean Blue)',
  'WAR-OAK-0154',
  2,
  120000,
  0,
  0,
  240000
);
INSERT INTO invoice_items (id, invoice_id, product_id, product_name, sku, quantity, unit_price, discount_percent, discount_amount, line_total)
VALUES (
  'fdbb7322-2313-4c12-9933-822a0c8934a0',
  'd0288d36-20bf-4017-8582-cad58e7bdd54',
  'dc4ff223-2415-466f-a521-baeb9025d167',
  'Comfort Executive Study Desk with Drawers (Rose Wood, Warm Beige)',
  'STU-ROS-0174',
  1,
  10500,
  0,
  0,
  10500
);
INSERT INTO payments (id, invoice_id, method, amount, reference, created_at) VALUES ('293c42f6-e9b5-4e0c-9d14-40141ed1502b', 'd0288d36-20bf-4017-8582-cad58e7bdd54', 'card', 254775, 'TXN-TF-1373', '2026-06-18T13:08:00.000Z');

-- Invoice TF-1374
INSERT INTO invoices (id, store_id, invoice_number, customer_name, customer_phone, customer_address, subtotal, discount_amount, delivery_charge, installation_charge, round_off, grand_total, payment_method, payment_status, created_by, created_at)
VALUES (
  'e1697a22-4a6f-4b32-8755-5bb6964e949e',
  '29f4e073-bc1d-4071-ae3a-c8718a90f998',
  'TF-1374',
  'Divya Nair 126',
  '9863195997',
  'H.No. 50, Gali No. 2, Colony Road, Hyderabad, Telangana',
  47050,
  0,
  1200,
  500,
  0,
  48750,
  'upi',
  'completed',
  '11111111-1111-4111-a111-111111111111',
  '2026-06-18T09:43:00.000Z'
);
INSERT INTO invoice_items (id, invoice_id, product_id, product_name, sku, quantity, unit_price, discount_percent, discount_amount, line_total)
VALUES (
  '35f6048e-c9d3-486f-ae91-ee077fab13e3',
  'e1697a22-4a6f-4b32-8755-5bb6964e949e',
  '6049902d-6b43-4578-8eb4-cfb603455a07',
  'Comfort Marble Top Dining Table (Oak Wood, Charcoal Grey)',
  'DIN-OAK-0051',
  1,
  39000,
  5,
  1950,
  37050
);
INSERT INTO invoice_items (id, invoice_id, product_id, product_name, sku, quantity, unit_price, discount_percent, discount_amount, line_total)
VALUES (
  'c2de1a87-5b59-4170-9078-d6bfe3c5efca',
  'e1697a22-4a6f-4b32-8755-5bb6964e949e',
  '54b6a8a9-4c1a-4c85-a9bc-10786fcb9b61',
  'Eco-sustain Round Accent Coffee Table (Rose Wood, Ocean Blue)',
  'COF-ROS-0136',
  2,
  5000,
  0,
  0,
  10000
);
INSERT INTO payments (id, invoice_id, method, amount, reference, created_at) VALUES ('b83547ef-7ed6-4ce1-a0a4-627e57070183', 'e1697a22-4a6f-4b32-8755-5bb6964e949e', 'upi', 48750, 'TXN-TF-1374', '2026-06-18T09:43:00.000Z');

-- Invoice TF-1375
INSERT INTO invoices (id, store_id, invoice_number, customer_name, customer_phone, customer_address, subtotal, discount_amount, delivery_charge, installation_charge, round_off, grand_total, payment_method, payment_status, created_by, created_at)
VALUES (
  'b23cd4db-44c7-4183-9b1b-7d053846f909',
  '29f4e073-bc1d-4071-ae3a-c8718a90f998',
  'TF-1375',
  'Deepak Reddy 125',
  '9851846391',
  'H.No. 49, Gali No. 1, Colony Road, Visakhapatnam, Andhra Pradesh',
  7125,
  0,
  0,
  0,
  0,
  7125,
  'cash',
  'cancelled',
  '33333333-3333-4333-a333-333333333333',
  '2026-06-18T13:01:00.000Z'
);
INSERT INTO invoice_items (id, invoice_id, product_id, product_name, sku, quantity, unit_price, discount_percent, discount_amount, line_total)
VALUES (
  'ded0ec99-9c8d-43c7-992f-6eef59cfee1b',
  'b23cd4db-44c7-4183-9b1b-7d053846f909',
  '4d3dbd05-9bce-40cd-8688-cae53cd77efd',
  'Eco-sustain High Back Chair (Teak Wood, Ebony Black)',
  'DIN-TEA-0071',
  1,
  7500,
  5,
  375,
  7125
);

-- Invoice TF-1376
INSERT INTO invoices (id, store_id, invoice_number, customer_name, customer_phone, customer_address, subtotal, discount_amount, delivery_charge, installation_charge, round_off, grand_total, payment_method, payment_status, created_by, created_at)
VALUES (
  '9f893725-6922-4d73-adf5-e66496434bc2',
  '29f4e073-bc1d-4071-ae3a-c8718a90f998',
  'TF-1376',
  'Guest',
  '',
  '',
  183175,
  0,
  0,
  0,
  0,
  183175,
  'split',
  'completed',
  '22222222-2222-4222-a222-222222222222',
  '2026-06-18T07:36:00.000Z'
);
INSERT INTO invoice_items (id, invoice_id, product_id, product_name, sku, quantity, unit_price, discount_percent, discount_amount, line_total)
VALUES (
  'b07239e2-4c7a-45df-ae98-33f1ae596379',
  '9f893725-6922-4d73-adf5-e66496434bc2',
  'd3bd37b5-7bce-4187-973c-bf99478a81d4',
  'Royal Round Accent Coffee Table (Teak Wood, Ivory White)',
  'COF-TEA-0132',
  1,
  13500,
  5,
  675,
  12825
);
INSERT INTO invoice_items (id, invoice_id, product_id, product_name, sku, quantity, unit_price, discount_percent, discount_amount, line_total)
VALUES (
  '78b9e92d-e309-4e5c-b1e6-d0b13733289c',
  '9f893725-6922-4d73-adf5-e66496434bc2',
  'b55e330c-b9f7-41d6-81cd-40b8253c85ec',
  'Luxurious Pocket Spring Premium Mattress (Rose Wood, Charcoal Grey)',
  'MAT-ROS-0200',
  2,
  12000,
  0,
  0,
  24000
);
INSERT INTO invoice_items (id, invoice_id, product_id, product_name, sku, quantity, unit_price, discount_percent, discount_amount, line_total)
VALUES (
  'f8232ad5-1b8b-44c0-86c6-39d6de1399d3',
  '9f893725-6922-4d73-adf5-e66496434bc2',
  '9825f632-103b-4099-bc2a-ac6abc48f3e4',
  'Premium Dressing Table with LED Mirror (Mahogany, Walnut Brown)',
  'DRE-MAH-0210',
  1,
  34500,
  0,
  0,
  34500
);
INSERT INTO invoice_items (id, invoice_id, product_id, product_name, sku, quantity, unit_price, discount_percent, discount_amount, line_total)
VALUES (
  'de4b3970-76be-4d3a-9fb3-950ea6a003a7',
  '9f893725-6922-4d73-adf5-e66496434bc2',
  '695475e4-b4a1-49fe-848c-471c08aea77c',
  'Imperial Modular TV Stand with Shelves (Sheesham Wood, Teak Finish)',
  'TV -SHE-0106',
  2,
  45000,
  0,
  0,
  90000
);
INSERT INTO invoice_items (id, invoice_id, product_id, product_name, sku, quantity, unit_price, discount_percent, discount_amount, line_total)
VALUES (
  '64fa5ac5-8fbc-4eef-8016-93dc38a6f956',
  '9f893725-6922-4d73-adf5-e66496434bc2',
  '6c74f543-e182-41e1-86d9-59fc02b2ddc9',
  'Imperial Single Motor Power Recliner (Engineered Wood, Warm Beige)',
  'REC-ENG-0233',
  1,
  23000,
  5,
  1150,
  21850
);
INSERT INTO payments (id, invoice_id, method, amount, reference, created_at) VALUES ('1d78f084-ad13-42e0-9df7-5e5ed978b11d', '9f893725-6922-4d73-adf5-e66496434bc2', 'card', 73270, 'TXN-SPLIT-CARD', '2026-06-18T07:36:00.000Z');
INSERT INTO payments (id, invoice_id, method, amount, reference, created_at) VALUES ('9c4229c0-cd98-4596-9c12-481f90f74ccf', '9f893725-6922-4d73-adf5-e66496434bc2', 'upi', 109905, 'TXN-SPLIT-UPI', '2026-06-18T07:36:00.000Z');

-- Invoice TF-1377
INSERT INTO invoices (id, store_id, invoice_number, customer_name, customer_phone, customer_address, subtotal, discount_amount, delivery_charge, installation_charge, round_off, grand_total, payment_method, payment_status, created_by, created_at)
VALUES (
  'a2658912-fea7-44da-b779-a0231f0ee556',
  '29f4e073-bc1d-4071-ae3a-c8718a90f998',
  'TF-1377',
  'Ananya Iyer 123',
  '9851973271',
  'H.No. 47, Gali No. 4, Colony Road, Chennai, Tamil Nadu',
  192700,
  0,
  0,
  0,
  0,
  192700,
  'bank_transfer',
  'completed',
  '11111111-1111-4111-a111-111111111111',
  '2026-06-18T06:40:00.000Z'
);
INSERT INTO invoice_items (id, invoice_id, product_id, product_name, sku, quantity, unit_price, discount_percent, discount_amount, line_total)
VALUES (
  '0a19495e-f476-45f2-9cc4-a029aede31c9',
  'a2658912-fea7-44da-b779-a0231f0ee556',
  '2f7a06df-e494-4adc-8eab-879b683291d5',
  'Heritage 4-Seater Glass Top Dining Table (Mahogany, Ebony Black)',
  'DIN-MAH-0050',
  1,
  96000,
  5,
  4800,
  91200
);
INSERT INTO invoice_items (id, invoice_id, product_id, product_name, sku, quantity, unit_price, discount_percent, discount_amount, line_total)
VALUES (
  'ca7af45c-de36-4cc1-bad0-a39a275918e2',
  'a2658912-fea7-44da-b779-a0231f0ee556',
  '988b76f0-cc4f-4289-98c4-aec3b799c233',
  'Imperial Wooden Sun Lounger Bed (Sheesham Wood, Ivory White)',
  'OUT-SHE-0258',
  2,
  16500,
  0,
  0,
  33000
);
INSERT INTO invoice_items (id, invoice_id, product_id, product_name, sku, quantity, unit_price, discount_percent, discount_amount, line_total)
VALUES (
  '074a0a6a-8684-492b-9eb2-6bc6c3ae6135',
  'a2658912-fea7-44da-b779-a0231f0ee556',
  '9c0f27c3-56a3-4c37-af63-2aa734d19353',
  'Imperial Visitor Stool Chair (Mahogany, Ocean Blue)',
  'OFF-MAH-0084',
  1,
  34500,
  0,
  0,
  34500
);
INSERT INTO invoice_items (id, invoice_id, product_id, product_name, sku, quantity, unit_price, discount_percent, discount_amount, line_total)
VALUES (
  '33c1c116-e1a2-450d-b5ab-0c90ae18cea9',
  'a2658912-fea7-44da-b779-a0231f0ee556',
  '24e59f2a-fc44-477a-b47c-a4c9026d1810',
  'Classic Poster Bed (Oak Wood, Walnut Brown)',
  'BED-OAK-0034',
  2,
  17000,
  0,
  0,
  34000
);
INSERT INTO payments (id, invoice_id, method, amount, reference, created_at) VALUES ('91b9693e-b972-4e14-9a8c-9a676660266e', 'a2658912-fea7-44da-b779-a0231f0ee556', 'bank_transfer', 192700, 'TXN-TF-1377', '2026-06-18T06:40:00.000Z');

-- Invoice TF-1378
INSERT INTO invoices (id, store_id, invoice_number, customer_name, customer_phone, customer_address, subtotal, discount_amount, delivery_charge, installation_charge, round_off, grand_total, payment_method, payment_status, created_by, created_at)
VALUES (
  'a7470fed-cf4b-4d8a-bda1-8b253acf3f3f',
  '29f4e073-bc1d-4071-ae3a-c8718a90f998',
  'TF-1378',
  'Amit Kumar 122',
  '9815829047',
  'H.No. 46, Gali No. 3, Colony Road, Bangalore, Karnataka',
  181275,
  0,
  0,
  0,
  0,
  181275,
  'card',
  'completed',
  '33333333-3333-4333-a333-333333333333',
  '2026-06-19T11:15:00.000Z'
);
INSERT INTO invoice_items (id, invoice_id, product_id, product_name, sku, quantity, unit_price, discount_percent, discount_amount, line_total)
VALUES (
  'b073c988-d3df-4dbc-a431-fe67758fd92e',
  'a7470fed-cf4b-4d8a-bda1-8b253acf3f3f',
  'f217098c-fa6f-48b1-83cf-ace92a7afcb2',
  'Royal 3-Seater Sofa (Rose Wood, Crimson Red)',
  'SOF-ROS-0006',
  1,
  94500,
  5,
  4725,
  89775
);
INSERT INTO invoice_items (id, invoice_id, product_id, product_name, sku, quantity, unit_price, discount_percent, discount_amount, line_total)
VALUES (
  '8d22c878-483d-415e-b1d7-fa213be0b131',
  'a7470fed-cf4b-4d8a-bda1-8b253acf3f3f',
  '0493c5d8-0fe3-44cf-97dc-8b1faa8dc55a',
  'Eco-sustain Marble Top Dining Table (Engineered Wood, Ebony Black)',
  'DIN-ENG-0059',
  2,
  40500,
  0,
  0,
  81000
);
INSERT INTO invoice_items (id, invoice_id, product_id, product_name, sku, quantity, unit_price, discount_percent, discount_amount, line_total)
VALUES (
  '647ab858-f9f1-43d0-9b52-1315b4a171f3',
  'a7470fed-cf4b-4d8a-bda1-8b253acf3f3f',
  '0a7e4b67-6321-4356-8ca2-1d6e897aee14',
  'Heritage 5-Tier Open Bookshelf Console (Sheesham Wood, Ebony Black)',
  'BOO-SHE-0300',
  1,
  10500,
  0,
  0,
  10500
);
INSERT INTO payments (id, invoice_id, method, amount, reference, created_at) VALUES ('1102ce04-e7be-4c2a-bbc1-d588bc272d00', 'a7470fed-cf4b-4d8a-bda1-8b253acf3f3f', 'card', 181275, 'TXN-TF-1378', '2026-06-19T11:15:00.000Z');

-- Invoice TF-1379
INSERT INTO invoices (id, store_id, invoice_number, customer_name, customer_phone, customer_address, subtotal, discount_amount, delivery_charge, installation_charge, round_off, grand_total, payment_method, payment_status, created_by, created_at)
VALUES (
  'b0096f14-e00e-4c5d-8013-640c65f114ee',
  '29f4e073-bc1d-4071-ae3a-c8718a90f998',
  'TF-1379',
  'Aditya Patel 121',
  '9896876583',
  'H.No. 45, Gali No. 2, Colony Road, Secunderabad, Telangana',
  89650,
  0,
  0,
  0,
  0,
  89650,
  'upi',
  'completed',
  '22222222-2222-4222-a222-222222222222',
  '2026-06-19T05:34:00.000Z'
);
INSERT INTO invoice_items (id, invoice_id, product_id, product_name, sku, quantity, unit_price, discount_percent, discount_amount, line_total)
VALUES (
  'b8a226fc-83f3-4be1-b7d8-cc7dd8d98368',
  'b0096f14-e00e-4c5d-8013-640c65f114ee',
  'ac5c8cd9-38a3-41d2-9369-a360a1ba0914',
  'Modern Chesterfield Sofa (Oak Wood, Ocean Blue)',
  'SOF-OAK-0014',
  1,
  27000,
  5,
  1350,
  25650
);
INSERT INTO invoice_items (id, invoice_id, product_id, product_name, sku, quantity, unit_price, discount_percent, discount_amount, line_total)
VALUES (
  '90ff4bdd-e6ce-4446-97a5-0b689c9e2901',
  'b0096f14-e00e-4c5d-8013-640c65f114ee',
  'fe3e472d-c51c-4b96-a365-31c3a12b7efe',
  'Modern Wooden Sideboard Credenza (Rose Wood, Ebony Black)',
  'STO-ROS-0275',
  2,
  32000,
  0,
  0,
  64000
);
INSERT INTO payments (id, invoice_id, method, amount, reference, created_at) VALUES ('4513e204-107e-4cce-a4f7-a73ab0f35ee5', 'b0096f14-e00e-4c5d-8013-640c65f114ee', 'upi', 89650, 'TXN-TF-1379', '2026-06-19T05:34:00.000Z');

-- Invoice TF-1380
INSERT INTO invoices (id, store_id, invoice_number, customer_name, customer_phone, customer_address, subtotal, discount_amount, delivery_charge, installation_charge, round_off, grand_total, payment_method, payment_status, created_by, created_at)
VALUES (
  '410df349-9da8-40f2-b44f-438441a6de61',
  '29f4e073-bc1d-4071-ae3a-c8718a90f998',
  'TF-1380',
  'Guest',
  '',
  '',
  8075,
  242.25,
  0,
  0,
  0.25,
  7833,
  'cash',
  'completed',
  '11111111-1111-4111-a111-111111111111',
  '2026-06-19T14:34:00.000Z'
);
INSERT INTO invoice_items (id, invoice_id, product_id, product_name, sku, quantity, unit_price, discount_percent, discount_amount, line_total)
VALUES (
  '50e311e4-cdf2-4d6e-b4a6-b33303fef0eb',
  '410df349-9da8-40f2-b44f-438441a6de61',
  '1f830695-350d-41b6-a4b3-9d85595b1a0c',
  'Eco-sustain Solid Wood Dining Chair (Oak Wood, Ivory White)',
  'DIN-OAK-0070',
  1,
  8500,
  5,
  425,
  8075
);
INSERT INTO payments (id, invoice_id, method, amount, reference, created_at) VALUES ('304b9c86-14a4-41ad-bf80-8e0eca20cbf3', '410df349-9da8-40f2-b44f-438441a6de61', 'cash', 7833, 'TXN-TF-1380', '2026-06-19T14:34:00.000Z');

-- Invoice TF-1381
INSERT INTO invoices (id, store_id, invoice_number, customer_name, customer_phone, customer_address, subtotal, discount_amount, delivery_charge, installation_charge, round_off, grand_total, payment_method, payment_status, created_by, created_at)
VALUES (
  '58ec74d0-00b1-402c-90a7-76d6ba501198',
  '29f4e073-bc1d-4071-ae3a-c8718a90f998',
  'TF-1381',
  'Vijay Mallya 119',
  '9817816500',
  'H.No. 43, Gali No. 5, Colony Road, Visakhapatnam, Andhra Pradesh',
  222500,
  0,
  1200,
  0,
  0,
  223700,
  'split',
  'completed',
  '33333333-3333-4333-a333-333333333333',
  '2026-06-19T11:28:00.000Z'
);
INSERT INTO invoice_items (id, invoice_id, product_id, product_name, sku, quantity, unit_price, discount_percent, discount_amount, line_total)
VALUES (
  '2504c040-861f-4154-a56c-21ff07623d7d',
  '58ec74d0-00b1-402c-90a7-76d6ba501198',
  '2ebef195-2645-4998-b72e-a507d5872822',
  'Luxurious Mesh Medium-Back Office Chair (Oak Wood, Ebony Black)',
  'OFF-OAK-0087',
  1,
  12000,
  5,
  600,
  11400
);
INSERT INTO invoice_items (id, invoice_id, product_id, product_name, sku, quantity, unit_price, discount_percent, discount_amount, line_total)
VALUES (
  'a8426d95-543e-4f76-aabb-fddde2c3c2a6',
  '58ec74d0-00b1-402c-90a7-76d6ba501198',
  'db1e6b86-8df5-44d2-9b37-7bf7cfef7d9c',
  'Heritage Single Motor Power Recliner (Sheesham Wood, Walnut Brown)',
  'REC-SHE-0230',
  2,
  53500,
  0,
  0,
  107000
);
INSERT INTO invoice_items (id, invoice_id, product_id, product_name, sku, quantity, unit_price, discount_percent, discount_amount, line_total)
VALUES (
  '7422ead1-93f6-4ea8-8dd5-423a19057d7a',
  '58ec74d0-00b1-402c-90a7-76d6ba501198',
  '9825f632-103b-4099-bc2a-ac6abc48f3e4',
  'Premium Dressing Table with LED Mirror (Mahogany, Walnut Brown)',
  'DRE-MAH-0210',
  1,
  34500,
  0,
  0,
  34500
);
INSERT INTO invoice_items (id, invoice_id, product_id, product_name, sku, quantity, unit_price, discount_percent, discount_amount, line_total)
VALUES (
  '2e51f5ad-25da-460e-8102-ff3a08d97b49',
  '58ec74d0-00b1-402c-90a7-76d6ba501198',
  'b55e330c-b9f7-41d6-81cd-40b8253c85ec',
  'Luxurious Pocket Spring Premium Mattress (Rose Wood, Charcoal Grey)',
  'MAT-ROS-0200',
  2,
  12000,
  0,
  0,
  24000
);
INSERT INTO invoice_items (id, invoice_id, product_id, product_name, sku, quantity, unit_price, discount_percent, discount_amount, line_total)
VALUES (
  '74390d02-d0f6-432a-949a-84f0c32ab854',
  '58ec74d0-00b1-402c-90a7-76d6ba501198',
  '673864fc-96aa-4ee5-be46-eaeecd987a1f',
  'Classic 3-Door Wardrobe with Mirror (Mahogany, Charcoal Grey)',
  'WAR-MAH-0157',
  1,
  48000,
  5,
  2400,
  45600
);
INSERT INTO payments (id, invoice_id, method, amount, reference, created_at) VALUES ('1449f62f-0fcc-46c6-9379-800ab0059f66', '58ec74d0-00b1-402c-90a7-76d6ba501198', 'card', 89480, 'TXN-SPLIT-CARD', '2026-06-19T11:28:00.000Z');
INSERT INTO payments (id, invoice_id, method, amount, reference, created_at) VALUES ('49d8f49c-4c01-4b2f-86fb-d7d176a579bd', '58ec74d0-00b1-402c-90a7-76d6ba501198', 'upi', 134220, 'TXN-SPLIT-UPI', '2026-06-19T11:28:00.000Z');

-- Invoice TF-1382
INSERT INTO invoices (id, store_id, invoice_number, customer_name, customer_phone, customer_address, subtotal, discount_amount, delivery_charge, installation_charge, round_off, grand_total, payment_method, payment_status, created_by, created_at)
VALUES (
  '7f6521d7-dc19-4cc8-b67c-3d0c02943f52',
  '29f4e073-bc1d-4071-ae3a-c8718a90f998',
  'TF-1382',
  'Zeeshan Khan 118',
  '9860117743',
  'H.No. 42, Gali No. 4, Colony Road, Vijayawada, Andhra Pradesh',
  185250,
  0,
  0,
  0,
  0,
  185250,
  'bank_transfer',
  'completed',
  '22222222-2222-4222-a222-222222222222',
  '2026-06-19T11:53:00.000Z'
);
INSERT INTO invoice_items (id, invoice_id, product_id, product_name, sku, quantity, unit_price, discount_percent, discount_amount, line_total)
VALUES (
  'be2f947d-d5a1-42e6-a8f8-c7a5c0d18e27',
  '7f6521d7-dc19-4cc8-b67c-3d0c02943f52',
  'c1e0e499-ec16-4506-9487-2fbd2a41bf0f',
  'Luxurious Floor Standing TV Console (Teak Wood, Warm Beige)',
  'TV -TEA-0108',
  1,
  25000,
  5,
  1250,
  23750
);
INSERT INTO invoice_items (id, invoice_id, product_id, product_name, sku, quantity, unit_price, discount_percent, discount_amount, line_total)
VALUES (
  '91603eba-f041-4a72-a30c-d0cb113b7393',
  '7f6521d7-dc19-4cc8-b67c-3d0c02943f52',
  '65816cb2-634c-42bb-912e-c302f7d948de',
  'Royal Glass Top Coffee Table (Engineered Wood, Charcoal Grey)',
  'COF-ENG-0134',
  2,
  6500,
  0,
  0,
  13000
);
INSERT INTO invoice_items (id, invoice_id, product_id, product_name, sku, quantity, unit_price, discount_percent, discount_amount, line_total)
VALUES (
  'cf7dc64e-761b-4db3-a418-9c08d13601e3',
  '7f6521d7-dc19-4cc8-b67c-3d0c02943f52',
  'ad43dc01-66f1-487c-9f06-f2bc3648b2f0',
  'Luxurious King Size Bed with Storage (Mahogany, Warm Beige)',
  'BED-MAH-0021',
  1,
  17500,
  0,
  0,
  17500
);
INSERT INTO invoice_items (id, invoice_id, product_id, product_name, sku, quantity, unit_price, discount_percent, discount_amount, line_total)
VALUES (
  '4893ae80-96b0-4359-b7f1-04958906ab34',
  '7f6521d7-dc19-4cc8-b67c-3d0c02943f52',
  'a21415de-5300-413b-bc5e-11991a807006',
  'Minimalist Rattan Outdoor Swing Chair (Mahogany, Charcoal Grey)',
  'OUT-MAH-0242',
  2,
  65500,
  0,
  0,
  131000
);
INSERT INTO payments (id, invoice_id, method, amount, reference, created_at) VALUES ('483866a9-92b1-4347-80eb-0483abadef87', '7f6521d7-dc19-4cc8-b67c-3d0c02943f52', 'bank_transfer', 185250, 'TXN-TF-1382', '2026-06-19T11:53:00.000Z');

-- Invoice TF-1383
INSERT INTO invoices (id, store_id, invoice_number, customer_name, customer_phone, customer_address, subtotal, discount_amount, delivery_charge, installation_charge, round_off, grand_total, payment_method, payment_status, created_by, created_at)
VALUES (
  '80a18f9a-2aa0-4fa2-bb27-c7b19f9e1678',
  '29f4e073-bc1d-4071-ae3a-c8718a90f998',
  'TF-1383',
  'Yash Pal 117',
  '9858821082',
  'H.No. 41, Gali No. 3, Colony Road, Chennai, Tamil Nadu',
  58300,
  0,
  0,
  500,
  0,
  58800,
  'card',
  'completed',
  '11111111-1111-4111-a111-111111111111',
  '2026-06-19T12:49:00.000Z'
);
INSERT INTO invoice_items (id, invoice_id, product_id, product_name, sku, quantity, unit_price, discount_percent, discount_amount, line_total)
VALUES (
  'de43ff80-931d-4300-a2e0-9f6036688d21',
  '80a18f9a-2aa0-4fa2-bb27-c7b19f9e1678',
  '7aac02d1-8e50-4be0-827f-61dfc0e26ab1',
  'Imperial Compact Student Desk (Sheesham Wood, Ebony Black)',
  'STU-SHE-0165',
  1,
  14000,
  5,
  700,
  13300
);
INSERT INTO invoice_items (id, invoice_id, product_id, product_name, sku, quantity, unit_price, discount_percent, discount_amount, line_total)
VALUES (
  '172315a0-c487-4cc4-8ba1-d05b2caa47fc',
  '80a18f9a-2aa0-4fa2-bb27-c7b19f9e1678',
  'cd1dfc63-1e9c-4d01-9a09-8eed915a6354',
  'Minimalist 3-Door Wardrobe with Mirror (Sheesham Wood, Ebony Black)',
  'WAR-SHE-0145',
  2,
  19500,
  0,
  0,
  39000
);
INSERT INTO invoice_items (id, invoice_id, product_id, product_name, sku, quantity, unit_price, discount_percent, discount_amount, line_total)
VALUES (
  '90c68df0-2531-4282-baac-7ac2ad4e22ae',
  '80a18f9a-2aa0-4fa2-bb27-c7b19f9e1678',
  'c825fff6-bc8c-441f-becc-5e4e6f369a88',
  'Luxurious Ergonomic Task Chair (Rose Wood, Teak Finish)',
  'OFF-ROS-0081',
  1,
  6000,
  0,
  0,
  6000
);
INSERT INTO payments (id, invoice_id, method, amount, reference, created_at) VALUES ('e95fabae-8e54-4b72-89cc-4e497250d335', '80a18f9a-2aa0-4fa2-bb27-c7b19f9e1678', 'card', 58800, 'TXN-TF-1383', '2026-06-19T12:49:00.000Z');

-- Invoice TF-1384
INSERT INTO invoices (id, store_id, invoice_number, customer_name, customer_phone, customer_address, subtotal, discount_amount, delivery_charge, installation_charge, round_off, grand_total, payment_method, payment_status, created_by, created_at)
VALUES (
  '5665d7eb-8f1d-41eb-8a8b-f62541089a33',
  '29f4e073-bc1d-4071-ae3a-c8718a90f998',
  'TF-1384',
  'Guest',
  '',
  '',
  36825,
  0,
  0,
  0,
  0,
  36825,
  'upi',
  'completed',
  '33333333-3333-4333-a333-333333333333',
  '2026-06-20T12:59:00.000Z'
);
INSERT INTO invoice_items (id, invoice_id, product_id, product_name, sku, quantity, unit_price, discount_percent, discount_amount, line_total)
VALUES (
  '72c1f40e-e984-4a77-9097-68e96dfeee6b',
  '5665d7eb-8f1d-41eb-8a8b-f62541089a33',
  'ae68bcea-be94-4ef7-969b-125a4ab0b778',
  'Classic Closed Glass-door Library Cabinet (Teak Wood, Crimson Red)',
  'BOO-TEA-0292',
  1,
  13500,
  5,
  675,
  12825
);
INSERT INTO invoice_items (id, invoice_id, product_id, product_name, sku, quantity, unit_price, discount_percent, discount_amount, line_total)
VALUES (
  'af8ac485-1fbc-4efc-9037-41d8e23f7783',
  '5665d7eb-8f1d-41eb-8a8b-f62541089a33',
  'b55e330c-b9f7-41d6-81cd-40b8253c85ec',
  'Luxurious Pocket Spring Premium Mattress (Rose Wood, Charcoal Grey)',
  'MAT-ROS-0200',
  2,
  12000,
  0,
  0,
  24000
);
INSERT INTO payments (id, invoice_id, method, amount, reference, created_at) VALUES ('e18eb3ab-3629-404d-8b92-b1e2091c3664', '5665d7eb-8f1d-41eb-8a8b-f62541089a33', 'upi', 36825, 'TXN-TF-1384', '2026-06-20T12:59:00.000Z');

-- Invoice TF-1385
INSERT INTO invoices (id, store_id, invoice_number, customer_name, customer_phone, customer_address, subtotal, discount_amount, delivery_charge, installation_charge, round_off, grand_total, payment_method, payment_status, created_by, created_at)
VALUES (
  '9ce2d66d-e332-4f11-875f-3cf86af936e2',
  '29f4e073-bc1d-4071-ae3a-c8718a90f998',
  'TF-1385',
  'Vikram Seth 115',
  '9860665844',
  'H.No. 39, Gali No. 1, Colony Road, Secunderabad, Telangana',
  9500,
  0,
  0,
  0,
  0,
  9500,
  'cash',
  'completed',
  '22222222-2222-4222-a222-222222222222',
  '2026-06-20T15:18:00.000Z'
);
INSERT INTO invoice_items (id, invoice_id, product_id, product_name, sku, quantity, unit_price, discount_percent, discount_amount, line_total)
VALUES (
  'dfc43251-45c4-4e77-b339-76b2bdbabf5f',
  '9ce2d66d-e332-4f11-875f-3cf86af936e2',
  '6ede8796-0c5b-4e65-8205-d36c81b71493',
  'Comfort Shoe Storage Bench Rack (Mahogany, Teak Finish)',
  'STO-MAH-0280',
  1,
  10000,
  5,
  500,
  9500
);
INSERT INTO payments (id, invoice_id, method, amount, reference, created_at) VALUES ('ef82ac97-6bd9-4db8-9898-7f59d5743dec', '9ce2d66d-e332-4f11-875f-3cf86af936e2', 'cash', 9500, 'TXN-TF-1385', '2026-06-20T15:18:00.000Z');

-- Invoice TF-1386
INSERT INTO invoices (id, store_id, invoice_number, customer_name, customer_phone, customer_address, subtotal, discount_amount, delivery_charge, installation_charge, round_off, grand_total, payment_method, payment_status, created_by, created_at)
VALUES (
  '08abd850-afe7-4631-999e-be6ed00ac3c0',
  '29f4e073-bc1d-4071-ae3a-c8718a90f998',
  'TF-1386',
  'Suresh Prabhu 114',
  '9899322965',
  'H.No. 38, Gali No. 5, Colony Road, Hyderabad, Telangana',
  256025,
  0,
  0,
  0,
  0,
  256025,
  'split',
  'completed',
  '11111111-1111-4111-a111-111111111111',
  '2026-06-20T14:09:00.000Z'
);
INSERT INTO invoice_items (id, invoice_id, product_id, product_name, sku, quantity, unit_price, discount_percent, discount_amount, line_total)
VALUES (
  'ce951241-2951-4e64-9dff-347beffe3110',
  '08abd850-afe7-4631-999e-be6ed00ac3c0',
  '1e2db180-eac0-41f5-a95c-847c1fa0b20a',
  'Eco-sustain Wooden Sideboard Credenza (Rose Wood, Ivory White)',
  'STO-ROS-0278',
  1,
  20500,
  5,
  1025,
  19475
);
INSERT INTO invoice_items (id, invoice_id, product_id, product_name, sku, quantity, unit_price, discount_percent, discount_amount, line_total)
VALUES (
  'c62f6f82-92d5-4465-b5e2-1e071e7d0b22',
  '08abd850-afe7-4631-999e-be6ed00ac3c0',
  '673864fc-96aa-4ee5-be46-eaeecd987a1f',
  'Classic 3-Door Wardrobe with Mirror (Mahogany, Charcoal Grey)',
  'WAR-MAH-0157',
  2,
  48000,
  0,
  0,
  96000
);
INSERT INTO invoice_items (id, invoice_id, product_id, product_name, sku, quantity, unit_price, discount_percent, discount_amount, line_total)
VALUES (
  'e7113254-f08d-4b15-8c49-9a0f9975caa5',
  '08abd850-afe7-4631-999e-be6ed00ac3c0',
  '10341fc4-d078-4ad8-8651-fe77da941266',
  'Eco-sustain Rattan Outdoor Swing Chair (Rose Wood, Ebony Black)',
  'OUT-ROS-0257',
  1,
  67500,
  0,
  0,
  67500
);
INSERT INTO invoice_items (id, invoice_id, product_id, product_name, sku, quantity, unit_price, discount_percent, discount_amount, line_total)
VALUES (
  'c224ca21-89cc-4e48-bc35-cfcfa3a57495',
  '08abd850-afe7-4631-999e-be6ed00ac3c0',
  '7c0e27c9-91f2-4b65-9f64-ccf61986bbdc',
  'Modern Manual Rocking Recliner Lounge Chair (Oak Wood, Ebony Black)',
  'REC-OAK-0234',
  2,
  18000,
  0,
  0,
  36000
);
INSERT INTO invoice_items (id, invoice_id, product_id, product_name, sku, quantity, unit_price, discount_percent, discount_amount, line_total)
VALUES (
  '5c373c55-45c4-49f9-b839-0f80113f0573',
  '08abd850-afe7-4631-999e-be6ed00ac3c0',
  '6049902d-6b43-4578-8eb4-cfb603455a07',
  'Comfort Marble Top Dining Table (Oak Wood, Charcoal Grey)',
  'DIN-OAK-0051',
  1,
  39000,
  5,
  1950,
  37050
);
INSERT INTO payments (id, invoice_id, method, amount, reference, created_at) VALUES ('5b788749-4f21-4b95-b760-56b00b8b68fa', '08abd850-afe7-4631-999e-be6ed00ac3c0', 'card', 102410, 'TXN-SPLIT-CARD', '2026-06-20T14:09:00.000Z');
INSERT INTO payments (id, invoice_id, method, amount, reference, created_at) VALUES ('32e78820-f7e0-43e2-9227-eb633b478780', '08abd850-afe7-4631-999e-be6ed00ac3c0', 'upi', 153615, 'TXN-SPLIT-UPI', '2026-06-20T14:09:00.000Z');

-- Invoice TF-1387
INSERT INTO invoices (id, store_id, invoice_number, customer_name, customer_phone, customer_address, subtotal, discount_amount, delivery_charge, installation_charge, round_off, grand_total, payment_method, payment_status, created_by, created_at)
VALUES (
  '17d89e7c-1f83-4bec-8e41-41a9179ab0f2',
  '29f4e073-bc1d-4071-ae3a-c8718a90f998',
  'TF-1387',
  'Sneha Rao 113',
  '9838573938',
  'H.No. 37, Gali No. 4, Colony Road, Visakhapatnam, Andhra Pradesh',
  114550,
  0,
  0,
  0,
  0,
  114550,
  'bank_transfer',
  'completed',
  '33333333-3333-4333-a333-333333333333',
  '2026-06-20T09:55:00.000Z'
);
INSERT INTO invoice_items (id, invoice_id, product_id, product_name, sku, quantity, unit_price, discount_percent, discount_amount, line_total)
VALUES (
  'c985b9cd-b431-4ddb-811b-818ffeab344b',
  '17d89e7c-1f83-4bec-8e41-41a9179ab0f2',
  '138586f2-81ee-460c-ae17-a1294ae23278',
  'Comfort Shoe Storage Bench Rack (Sheesham Wood, Walnut Brown)',
  'STO-SHE-0268',
  1,
  9000,
  5,
  450,
  8550
);
INSERT INTO invoice_items (id, invoice_id, product_id, product_name, sku, quantity, unit_price, discount_percent, discount_amount, line_total)
VALUES (
  'e4a436ac-266e-4666-9a78-70c56828b3d6',
  '17d89e7c-1f83-4bec-8e41-41a9179ab0f2',
  'd962ea49-1145-464e-ab65-42de5c30bf2c',
  'Imperial Multi-drawer Utility Cabinet (Engineered Wood, Walnut Brown)',
  'STO-ENG-0273',
  2,
  25000,
  0,
  0,
  50000
);
INSERT INTO invoice_items (id, invoice_id, product_id, product_name, sku, quantity, unit_price, discount_percent, discount_amount, line_total)
VALUES (
  '07ab3341-20b1-4290-af54-4b6fe9752aca',
  '17d89e7c-1f83-4bec-8e41-41a9179ab0f2',
  '7e92cf55-0bd4-4ad7-979a-0fe86acf3799',
  'Heritage Rattan Accent Chair (Mahogany, Ocean Blue)',
  'DIN-MAH-0068',
  1,
  8000,
  0,
  0,
  8000
);
INSERT INTO invoice_items (id, invoice_id, product_id, product_name, sku, quantity, unit_price, discount_percent, discount_amount, line_total)
VALUES (
  '428674d6-df5a-4148-969c-eb4c1b392960',
  '17d89e7c-1f83-4bec-8e41-41a9179ab0f2',
  'b0e89ba0-ba90-445e-ae35-c8ca81e8b940',
  'Luxurious Floor Standing TV Console (Teak Wood, Walnut Brown)',
  'TV -TEA-0111',
  2,
  24000,
  0,
  0,
  48000
);
INSERT INTO payments (id, invoice_id, method, amount, reference, created_at) VALUES ('3f071f33-d316-45f4-bf75-355c8e3706b3', '17d89e7c-1f83-4bec-8e41-41a9179ab0f2', 'bank_transfer', 114550, 'TXN-TF-1387', '2026-06-20T09:55:00.000Z');

-- Invoice TF-1388
INSERT INTO invoices (id, store_id, invoice_number, customer_name, customer_phone, customer_address, subtotal, discount_amount, delivery_charge, installation_charge, round_off, grand_total, payment_method, payment_status, created_by, created_at)
VALUES (
  '143ba335-577d-49d5-9cf4-f0e9aa4f8bc4',
  '29f4e073-bc1d-4071-ae3a-c8718a90f998',
  'TF-1388',
  'Guest',
  '',
  '',
  190400,
  0,
  1200,
  0,
  0,
  191600,
  'card',
  'completed',
  '22222222-2222-4222-a222-222222222222',
  '2026-06-20T12:06:00.000Z'
);
INSERT INTO invoice_items (id, invoice_id, product_id, product_name, sku, quantity, unit_price, discount_percent, discount_amount, line_total)
VALUES (
  '7ef4b389-bc3f-477e-95da-1f381e79c243',
  '143ba335-577d-49d5-9cf4-f0e9aa4f8bc4',
  'cdfea8d1-e377-4e2a-86a8-301988e8ba9f',
  'Minimalist Extendable Dining Table (Sheesham Wood, Crimson Red)',
  'DIN-SHE-0052',
  1,
  62000,
  5,
  3100,
  58900
);
INSERT INTO invoice_items (id, invoice_id, product_id, product_name, sku, quantity, unit_price, discount_percent, discount_amount, line_total)
VALUES (
  '7fd83e9e-5d35-41ed-a74d-8143131ab3ca',
  '143ba335-577d-49d5-9cf4-f0e9aa4f8bc4',
  '2d6adab8-8ce8-408b-aa29-15b041f686ca',
  'Premium Massage Recliner Chair (Mahogany, Ocean Blue)',
  'REC-MAH-0229',
  2,
  58500,
  0,
  0,
  117000
);
INSERT INTO invoice_items (id, invoice_id, product_id, product_name, sku, quantity, unit_price, discount_percent, discount_amount, line_total)
VALUES (
  'dbb49b4f-44cc-4d9a-805b-255807d9c326',
  '143ba335-577d-49d5-9cf4-f0e9aa4f8bc4',
  '28fb694f-362c-463c-8587-9840d1a51fd7',
  'Heritage Dressing Table with LED Mirror (Oak Wood, Crimson Red)',
  'DRE-OAK-0207',
  1,
  14500,
  0,
  0,
  14500
);
INSERT INTO payments (id, invoice_id, method, amount, reference, created_at) VALUES ('11674542-d575-411f-8f51-cc234ea38508', '143ba335-577d-49d5-9cf4-f0e9aa4f8bc4', 'card', 191600, 'TXN-TF-1388', '2026-06-20T12:06:00.000Z');

-- Invoice TF-1389
INSERT INTO invoices (id, store_id, invoice_number, customer_name, customer_phone, customer_address, subtotal, discount_amount, delivery_charge, installation_charge, round_off, grand_total, payment_method, payment_status, created_by, created_at)
VALUES (
  '743b318f-4966-4a00-9636-c53ae384207d',
  '29f4e073-bc1d-4071-ae3a-c8718a90f998',
  'TF-1389',
  'Sarita Mishra 111',
  '9890977371',
  'H.No. 35, Gali No. 2, Colony Road, Chennai, Tamil Nadu',
  95625,
  0,
  0,
  0,
  0,
  95625,
  'upi',
  'completed',
  '11111111-1111-4111-a111-111111111111',
  '2026-06-21T12:27:00.000Z'
);
INSERT INTO invoice_items (id, invoice_id, product_id, product_name, sku, quantity, unit_price, discount_percent, discount_amount, line_total)
VALUES (
  '45d2e1ee-e0e6-4b71-9f5b-c8e8f3f591a8',
  '743b318f-4966-4a00-9636-c53ae384207d',
  '853d0482-2bba-4db5-bedd-febbf9e73e73',
  'Minimalist Solid Wood Computer Desk (Engineered Wood, Ebony Black)',
  'STU-ENG-0164',
  1,
  17500,
  5,
  875,
  16625
);
INSERT INTO invoice_items (id, invoice_id, product_id, product_name, sku, quantity, unit_price, discount_percent, discount_amount, line_total)
VALUES (
  'd242ba01-25be-49ce-b4c5-32deee68fba2',
  '743b318f-4966-4a00-9636-c53ae384207d',
  '14537655-6121-48ab-8427-6db88b953b18',
  'Eco-sustain Extendable Dining Table (Rose Wood, Ebony Black)',
  'DIN-ROS-0056',
  2,
  39500,
  0,
  0,
  79000
);
INSERT INTO payments (id, invoice_id, method, amount, reference, created_at) VALUES ('281547c5-87e9-4429-a90e-9b20819630d9', '743b318f-4966-4a00-9636-c53ae384207d', 'upi', 95625, 'TXN-TF-1389', '2026-06-21T12:27:00.000Z');

-- Invoice TF-1390
INSERT INTO invoices (id, store_id, invoice_number, customer_name, customer_phone, customer_address, subtotal, discount_amount, delivery_charge, installation_charge, round_off, grand_total, payment_method, payment_status, created_by, created_at)
VALUES (
  '3ec83103-c347-413d-91ec-26997d1fd1c1',
  '29f4e073-bc1d-4071-ae3a-c8718a90f998',
  'TF-1390',
  'Sanjay Dutt 110',
  '9883723668',
  'H.No. 34, Gali No. 1, Colony Road, Bangalore, Karnataka',
  17575,
  527.25,
  0,
  0,
  0.25,
  17048,
  'cash',
  'completed',
  '33333333-3333-4333-a333-333333333333',
  '2026-06-21T10:19:00.000Z'
);
INSERT INTO invoice_items (id, invoice_id, product_id, product_name, sku, quantity, unit_price, discount_percent, discount_amount, line_total)
VALUES (
  'c3745327-046f-4b1a-b76e-633f2f0ec030',
  '3ec83103-c347-413d-91ec-26997d1fd1c1',
  'c1800dec-cb8a-4d2d-926e-bb685c5b9366',
  'Premium 5-Tier Open Bookshelf Console (Sheesham Wood, Walnut Brown)',
  'BOO-SHE-0288',
  1,
  18500,
  5,
  925,
  17575
);
INSERT INTO payments (id, invoice_id, method, amount, reference, created_at) VALUES ('e211456a-cfff-4e08-a2ad-ba7d80b28da1', '3ec83103-c347-413d-91ec-26997d1fd1c1', 'cash', 17048, 'TXN-TF-1390', '2026-06-21T10:19:00.000Z');

-- Invoice TF-1391
INSERT INTO invoices (id, store_id, invoice_number, customer_name, customer_phone, customer_address, subtotal, discount_amount, delivery_charge, installation_charge, round_off, grand_total, payment_method, payment_status, created_by, created_at)
VALUES (
  '2d355ecf-a460-4974-a98a-4de21daa9794',
  '29f4e073-bc1d-4071-ae3a-c8718a90f998',
  'TF-1391',
  'Sandeep Hegde 109',
  '9861830892',
  'H.No. 33, Gali No. 5, Colony Road, Secunderabad, Telangana',
  206275,
  0,
  0,
  0,
  0,
  206275,
  'split',
  'completed',
  '22222222-2222-4222-a222-222222222222',
  '2026-06-21T15:10:00.000Z'
);
INSERT INTO invoice_items (id, invoice_id, product_id, product_name, sku, quantity, unit_price, discount_percent, discount_amount, line_total)
VALUES (
  '811f348d-60f7-4c45-b763-7d780d3ea705',
  '2d355ecf-a460-4974-a98a-4de21daa9794',
  '2c84a2a1-1b4f-4366-8e11-43df5f4b9044',
  'Eco-sustain Executive Study Desk with Drawers (Engineered Wood, Charcoal Grey)',
  'STU-ENG-0166',
  1,
  18000,
  5,
  900,
  17100
);
INSERT INTO invoice_items (id, invoice_id, product_id, product_name, sku, quantity, unit_price, discount_percent, discount_amount, line_total)
VALUES (
  '7fb3e805-055d-4746-9eb5-4b7ca680fc91',
  '2d355ecf-a460-4974-a98a-4de21daa9794',
  '2ebef195-2645-4998-b72e-a507d5872822',
  'Luxurious Mesh Medium-Back Office Chair (Oak Wood, Ebony Black)',
  'OFF-OAK-0087',
  2,
  12000,
  0,
  0,
  24000
);
INSERT INTO invoice_items (id, invoice_id, product_id, product_name, sku, quantity, unit_price, discount_percent, discount_amount, line_total)
VALUES (
  'faba4d65-b6f6-4b2e-9e3b-e78571d0f267',
  '2d355ecf-a460-4974-a98a-4de21daa9794',
  'd449acce-7b49-4170-bfe0-d366cbbef163',
  'Eco-sustain Sofa Cum Bed (Sheesham Wood, Warm Beige)',
  'SOF-SHE-0015',
  1,
  90500,
  0,
  0,
  90500
);
INSERT INTO invoice_items (id, invoice_id, product_id, product_name, sku, quantity, unit_price, discount_percent, discount_amount, line_total)
VALUES (
  'c07ee57f-b049-4361-bd0b-3eaa40566019',
  '2d355ecf-a460-4974-a98a-4de21daa9794',
  'c6c9baff-b6c0-4b26-840b-5ebd9022835d',
  'Royal 6-Drawer Wide Dresser chest (Mahogany, Charcoal Grey)',
  'DRE-MAH-0212',
  2,
  10500,
  0,
  0,
  21000
);
INSERT INTO invoice_items (id, invoice_id, product_id, product_name, sku, quantity, unit_price, discount_percent, discount_amount, line_total)
VALUES (
  '763b1106-f621-465c-88ad-8468f79714cb',
  '2d355ecf-a460-4974-a98a-4de21daa9794',
  '48c1d0bb-e99d-476f-a202-e963a97af61d',
  'Imperial Orthopedic Memory Foam Mattress (Mahogany, Teak Finish)',
  'MAT-MAH-0187',
  1,
  56500,
  5,
  2825,
  53675
);
INSERT INTO payments (id, invoice_id, method, amount, reference, created_at) VALUES ('b22a62ef-b3c3-4a88-a4c1-c48f1bcf45a7', '2d355ecf-a460-4974-a98a-4de21daa9794', 'card', 82510, 'TXN-SPLIT-CARD', '2026-06-21T15:10:00.000Z');
INSERT INTO payments (id, invoice_id, method, amount, reference, created_at) VALUES ('bd3fdca9-fbe5-4c44-9eee-cff3a307be66', '2d355ecf-a460-4974-a98a-4de21daa9794', 'upi', 123765, 'TXN-SPLIT-UPI', '2026-06-21T15:10:00.000Z');

-- Invoice TF-1392
INSERT INTO invoices (id, store_id, invoice_number, customer_name, customer_phone, customer_address, subtotal, discount_amount, delivery_charge, installation_charge, round_off, grand_total, payment_method, payment_status, created_by, created_at)
VALUES (
  '0577ae38-a794-4e71-9962-d9e3c1647117',
  '29f4e073-bc1d-4071-ae3a-c8718a90f998',
  'TF-1392',
  'Guest',
  '',
  '',
  144825,
  0,
  0,
  500,
  0,
  145325,
  'bank_transfer',
  'completed',
  '11111111-1111-4111-a111-111111111111',
  '2026-06-21T11:35:00.000Z'
);
INSERT INTO invoice_items (id, invoice_id, product_id, product_name, sku, quantity, unit_price, discount_percent, discount_amount, line_total)
VALUES (
  '7d8923ba-1785-4587-b0a3-712b1628295d',
  '0577ae38-a794-4e71-9962-d9e3c1647117',
  '9cc31cf2-7542-4cf9-b2b4-a6c5f7781c35',
  'Heritage Single Bed (Mahogany, Ebony Black)',
  'BED-MAH-0038',
  1,
  53500,
  5,
  2675,
  50825
);
INSERT INTO invoice_items (id, invoice_id, product_id, product_name, sku, quantity, unit_price, discount_percent, discount_amount, line_total)
VALUES (
  'f8952fd4-a750-4837-b257-e6a5c688a58a',
  '0577ae38-a794-4e71-9962-d9e3c1647117',
  'd016867f-446b-4b95-b58b-d1e2a6e1cb10',
  'Royal High Back Chair (Oak Wood, Charcoal Grey)',
  'DIN-OAK-0079',
  2,
  9500,
  0,
  0,
  19000
);
INSERT INTO invoice_items (id, invoice_id, product_id, product_name, sku, quantity, unit_price, discount_percent, discount_amount, line_total)
VALUES (
  'eb624ad6-0032-449a-aef1-9e8b20d356e1',
  '0577ae38-a794-4e71-9962-d9e3c1647117',
  '8c3909d5-bed1-4939-a4b6-965954568ce1',
  'Luxurious Storage Trunk Coffee Table (Rose Wood, Teak Finish)',
  'COF-ROS-0127',
  1,
  8000,
  0,
  0,
  8000
);
INSERT INTO invoice_items (id, invoice_id, product_id, product_name, sku, quantity, unit_price, discount_percent, discount_amount, line_total)
VALUES (
  'a6fd390a-4565-4a74-afe7-b1a3d1549c92',
  '0577ae38-a794-4e71-9962-d9e3c1647117',
  'f613219f-aec2-49d3-aecb-7acbe9492489',
  'Royal Modular 4-Door Wardrobe (Teak Wood, Warm Beige)',
  'WAR-TEA-0159',
  2,
  33500,
  0,
  0,
  67000
);
INSERT INTO payments (id, invoice_id, method, amount, reference, created_at) VALUES ('d5864843-a3c9-4efe-bbe1-14733d310041', '0577ae38-a794-4e71-9962-d9e3c1647117', 'bank_transfer', 145325, 'TXN-TF-1392', '2026-06-21T11:35:00.000Z');

-- Invoice TF-1393
INSERT INTO invoices (id, store_id, invoice_number, customer_name, customer_phone, customer_address, subtotal, discount_amount, delivery_charge, installation_charge, round_off, grand_total, payment_method, payment_status, created_by, created_at)
VALUES (
  '070e3b63-4944-4075-8982-12b4a7415db2',
  '29f4e073-bc1d-4071-ae3a-c8718a90f998',
  'TF-1393',
  'Ramesh Chandra 107',
  '9852928763',
  'H.No. 31, Gali No. 3, Colony Road, Visakhapatnam, Andhra Pradesh',
  168075,
  0,
  0,
  0,
  0,
  168075,
  'card',
  'completed',
  '33333333-3333-4333-a333-333333333333',
  '2026-06-21T13:15:00.000Z'
);
INSERT INTO invoice_items (id, invoice_id, product_id, product_name, sku, quantity, unit_price, discount_percent, discount_amount, line_total)
VALUES (
  '73b43e6f-58c7-4bb5-abc5-32ce99686392',
  '070e3b63-4944-4075-8982-12b4a7415db2',
  '0ad575b6-f822-4798-bc2e-7508555b0061',
  'Premium 6-Drawer Wide Dresser chest (Rose Wood, Walnut Brown)',
  'DRE-ROS-0209',
  1,
  18500,
  5,
  925,
  17575
);
INSERT INTO invoice_items (id, invoice_id, product_id, product_name, sku, quantity, unit_price, discount_percent, discount_amount, line_total)
VALUES (
  'c53df593-f69e-400d-b6d4-6a06eb95bc18',
  '070e3b63-4944-4075-8982-12b4a7415db2',
  '4585c91f-6d5e-4e31-8fae-a27af5b2c83e',
  'Heritage 6-Seater Wooden Dining Table (Engineered Wood, Warm Beige)',
  'DIN-ENG-0045',
  2,
  72000,
  0,
  0,
  144000
);
INSERT INTO invoice_items (id, invoice_id, product_id, product_name, sku, quantity, unit_price, discount_percent, discount_amount, line_total)
VALUES (
  'a387e499-383e-4dfa-8e80-68cb7dd9b84e',
  '070e3b63-4944-4075-8982-12b4a7415db2',
  '360a1a04-cc81-4bf9-9099-d74213e685fd',
  'Classic Round Accent Coffee Table (Teak Wood, Ocean Blue)',
  'COF-TEA-0140',
  1,
  6500,
  0,
  0,
  6500
);
INSERT INTO payments (id, invoice_id, method, amount, reference, created_at) VALUES ('3a7e78cb-d669-4639-ab0b-734fbc51cce3', '070e3b63-4944-4075-8982-12b4a7415db2', 'card', 168075, 'TXN-TF-1393', '2026-06-21T13:15:00.000Z');

-- Invoice TF-1394
INSERT INTO invoices (id, store_id, invoice_number, customer_name, customer_phone, customer_address, subtotal, discount_amount, delivery_charge, installation_charge, round_off, grand_total, payment_method, payment_status, created_by, created_at)
VALUES (
  '90800e33-e20d-4aec-ae9f-57883761ade8',
  '29f4e073-bc1d-4071-ae3a-c8718a90f998',
  'TF-1394',
  'Rahul Verma 106',
  '9895923414',
  'H.No. 30, Gali No. 2, Colony Road, Vijayawada, Andhra Pradesh',
  33650,
  0,
  0,
  0,
  0,
  33650,
  'upi',
  'completed',
  '22222222-2222-4222-a222-222222222222',
  '2026-06-21T05:50:00.000Z'
);
INSERT INTO invoice_items (id, invoice_id, product_id, product_name, sku, quantity, unit_price, discount_percent, discount_amount, line_total)
VALUES (
  '8a3f22dc-b7e2-4f8c-a307-542478094bc6',
  '90800e33-e20d-4aec-ae9f-57883761ade8',
  'e6444158-024c-435e-94f4-c75b95ee3a56',
  'Luxurious Garden Patio Bistro Set (Engineered Wood, Ebony Black)',
  'OUT-ENG-0247',
  1,
  27000,
  5,
  1350,
  25650
);
INSERT INTO invoice_items (id, invoice_id, product_id, product_name, sku, quantity, unit_price, discount_percent, discount_amount, line_total)
VALUES (
  '26ee88ca-18c6-4fcb-b05a-85b6e8208cc3',
  '90800e33-e20d-4aec-ae9f-57883761ade8',
  '1d070939-2b6c-434f-9689-87c7e063d8f1',
  'Modern Cushioned Dining Chair (Teak Wood, Walnut Brown)',
  'DIN-TEA-0073',
  2,
  4000,
  0,
  0,
  8000
);
INSERT INTO payments (id, invoice_id, method, amount, reference, created_at) VALUES ('3b661128-69ad-43d0-8198-0e6a272453cf', '90800e33-e20d-4aec-ae9f-57883761ade8', 'upi', 33650, 'TXN-TF-1394', '2026-06-21T05:50:00.000Z');

-- Invoice TF-1395
INSERT INTO invoices (id, store_id, invoice_number, customer_name, customer_phone, customer_address, subtotal, discount_amount, delivery_charge, installation_charge, round_off, grand_total, payment_method, payment_status, created_by, created_at)
VALUES (
  '608619d0-468b-4a7f-ad23-e92526e25d5f',
  '29f4e073-bc1d-4071-ae3a-c8718a90f998',
  'TF-1395',
  'Priya Pillai 105',
  '9848919618',
  'H.No. 29, Gali No. 1, Colony Road, Chennai, Tamil Nadu',
  38475,
  0,
  1200,
  0,
  0,
  39675,
  'cash',
  'completed',
  '11111111-1111-4111-a111-111111111111',
  '2026-06-22T06:14:00.000Z'
);
INSERT INTO invoice_items (id, invoice_id, product_id, product_name, sku, quantity, unit_price, discount_percent, discount_amount, line_total)
VALUES (
  'c320807e-970d-4a44-97b6-34cdb4d655bb',
  '608619d0-468b-4a7f-ad23-e92526e25d5f',
  '0493c5d8-0fe3-44cf-97dc-8b1faa8dc55a',
  'Eco-sustain Marble Top Dining Table (Engineered Wood, Ebony Black)',
  'DIN-ENG-0059',
  1,
  40500,
  5,
  2025,
  38475
);
INSERT INTO payments (id, invoice_id, method, amount, reference, created_at) VALUES ('6aeb1e50-1031-4337-8e74-026944b341f1', '608619d0-468b-4a7f-ad23-e92526e25d5f', 'cash', 39675, 'TXN-TF-1395', '2026-06-22T06:14:00.000Z');

-- Invoice TF-1396
INSERT INTO invoices (id, store_id, invoice_number, customer_name, customer_phone, customer_address, subtotal, discount_amount, delivery_charge, installation_charge, round_off, grand_total, payment_method, payment_status, created_by, created_at)
VALUES (
  '5087601d-6ddb-45fc-b9f0-27d8a3f9e9c0',
  '29f4e073-bc1d-4071-ae3a-c8718a90f998',
  'TF-1396',
  'Guest',
  '',
  '',
  113800,
  0,
  0,
  0,
  0,
  113800,
  'split',
  'completed',
  '33333333-3333-4333-a333-333333333333',
  '2026-06-22T09:07:00.000Z'
);
INSERT INTO invoice_items (id, invoice_id, product_id, product_name, sku, quantity, unit_price, discount_percent, discount_amount, line_total)
VALUES (
  '3873844f-8de4-4490-b50c-be7edf61d6c3',
  '5087601d-6ddb-45fc-b9f0-27d8a3f9e9c0',
  'f9b40d20-052f-4c8a-8fa7-c32b87ce1d35',
  'Modern Modular TV Stand with Shelves (Oak Wood, Crimson Red)',
  'TV -OAK-0115',
  1,
  9500,
  5,
  475,
  9025
);
INSERT INTO invoice_items (id, invoice_id, product_id, product_name, sku, quantity, unit_price, discount_percent, discount_amount, line_total)
VALUES (
  '7c2bd77b-0f6b-41cb-ac11-0b6d24770534',
  '5087601d-6ddb-45fc-b9f0-27d8a3f9e9c0',
  'c1800dec-cb8a-4d2d-926e-bb685c5b9366',
  'Premium 5-Tier Open Bookshelf Console (Sheesham Wood, Walnut Brown)',
  'BOO-SHE-0288',
  2,
  18500,
  0,
  0,
  37000
);
INSERT INTO invoice_items (id, invoice_id, product_id, product_name, sku, quantity, unit_price, discount_percent, discount_amount, line_total)
VALUES (
  '31264f80-a1ce-4ec2-859f-d44eef524e59',
  '5087601d-6ddb-45fc-b9f0-27d8a3f9e9c0',
  'd31dd9f8-ee67-431a-92f6-23449a91be2a',
  'Royal Wooden Nesting Tables (Oak Wood, Ebony Black)',
  'COF-OAK-0125',
  1,
  15000,
  0,
  0,
  15000
);
INSERT INTO invoice_items (id, invoice_id, product_id, product_name, sku, quantity, unit_price, discount_percent, discount_amount, line_total)
VALUES (
  'd0b92cf9-d588-457a-b6e0-187395cb97f1',
  '5087601d-6ddb-45fc-b9f0-27d8a3f9e9c0',
  '43b516c1-0eb3-4b97-ab01-56c4918d0676',
  'Eco-sustain Ladder Bookshelf Display Unit (Engineered Wood, Warm Beige)',
  'BOO-ENG-0284',
  2,
  10000,
  0,
  0,
  20000
);
INSERT INTO invoice_items (id, invoice_id, product_id, product_name, sku, quantity, unit_price, discount_percent, discount_amount, line_total)
VALUES (
  'c297ea10-a856-4003-85e2-ce7cc480969a',
  '5087601d-6ddb-45fc-b9f0-27d8a3f9e9c0',
  '9825f632-103b-4099-bc2a-ac6abc48f3e4',
  'Premium Dressing Table with LED Mirror (Mahogany, Walnut Brown)',
  'DRE-MAH-0210',
  1,
  34500,
  5,
  1725,
  32775
);
INSERT INTO payments (id, invoice_id, method, amount, reference, created_at) VALUES ('3bf7071b-f554-4011-9216-e4c5460166fa', '5087601d-6ddb-45fc-b9f0-27d8a3f9e9c0', 'card', 45520, 'TXN-SPLIT-CARD', '2026-06-22T09:07:00.000Z');
INSERT INTO payments (id, invoice_id, method, amount, reference, created_at) VALUES ('7ab85ab4-1f9b-43ae-ae08-e0bba0c0dfcc', '5087601d-6ddb-45fc-b9f0-27d8a3f9e9c0', 'upi', 68280, 'TXN-SPLIT-UPI', '2026-06-22T09:07:00.000Z');

-- Invoice TF-1397
INSERT INTO invoices (id, store_id, invoice_number, customer_name, customer_phone, customer_address, subtotal, discount_amount, delivery_charge, installation_charge, round_off, grand_total, payment_method, payment_status, created_by, created_at)
VALUES (
  '31998749-b956-43fb-be29-9252f55c6c56',
  '29f4e073-bc1d-4071-ae3a-c8718a90f998',
  'TF-1397',
  'Neha Deshmukh 103',
  '9817491177',
  'H.No. 27, Gali No. 4, Colony Road, Secunderabad, Telangana',
  340325,
  0,
  0,
  0,
  0,
  340325,
  'bank_transfer',
  'completed',
  '22222222-2222-4222-a222-222222222222',
  '2026-06-22T11:30:00.000Z'
);
INSERT INTO invoice_items (id, invoice_id, product_id, product_name, sku, quantity, unit_price, discount_percent, discount_amount, line_total)
VALUES (
  'a705198a-c8db-4f61-9130-f7861c4bf876',
  '31998749-b956-43fb-be29-9252f55c6c56',
  'dff9c288-5cef-4f4e-91e4-2058ea894768',
  'Eco-sustain Wall Mounted TV Cabinet (Engineered Wood, Charcoal Grey)',
  'TV -ENG-0101',
  1,
  33500,
  5,
  1675,
  31825
);
INSERT INTO invoice_items (id, invoice_id, product_id, product_name, sku, quantity, unit_price, discount_percent, discount_amount, line_total)
VALUES (
  'a4a07364-7010-4a29-ba7e-d52de0733f11',
  '31998749-b956-43fb-be29-9252f55c6c56',
  'd449acce-7b49-4170-bfe0-d366cbbef163',
  'Eco-sustain Sofa Cum Bed (Sheesham Wood, Warm Beige)',
  'SOF-SHE-0015',
  2,
  90500,
  0,
  0,
  181000
);
INSERT INTO invoice_items (id, invoice_id, product_id, product_name, sku, quantity, unit_price, discount_percent, discount_amount, line_total)
VALUES (
  '1d7da704-2417-4794-80ff-27429546202f',
  '31998749-b956-43fb-be29-9252f55c6c56',
  '2d6adab8-8ce8-408b-aa29-15b041f686ca',
  'Premium Massage Recliner Chair (Mahogany, Ocean Blue)',
  'REC-MAH-0229',
  1,
  58500,
  0,
  0,
  58500
);
INSERT INTO invoice_items (id, invoice_id, product_id, product_name, sku, quantity, unit_price, discount_percent, discount_amount, line_total)
VALUES (
  'ec236cde-74dc-43af-9e49-8aea71651fdd',
  '31998749-b956-43fb-be29-9252f55c6c56',
  '9c0f27c3-56a3-4c37-af63-2aa734d19353',
  'Imperial Visitor Stool Chair (Mahogany, Ocean Blue)',
  'OFF-MAH-0084',
  2,
  34500,
  0,
  0,
  69000
);
INSERT INTO payments (id, invoice_id, method, amount, reference, created_at) VALUES ('54b947ad-d830-4208-a1ae-37f063dc8dbf', '31998749-b956-43fb-be29-9252f55c6c56', 'bank_transfer', 340325, 'TXN-TF-1397', '2026-06-22T11:30:00.000Z');

-- Invoice TF-1398
INSERT INTO invoices (id, store_id, invoice_number, customer_name, customer_phone, customer_address, subtotal, discount_amount, delivery_charge, installation_charge, round_off, grand_total, payment_method, payment_status, created_by, created_at)
VALUES (
  '54a33ed7-1b9a-4861-9914-84ed7c911187',
  '29f4e073-bc1d-4071-ae3a-c8718a90f998',
  'TF-1398',
  'Manoj Gowda 102',
  '9833056116',
  'H.No. 26, Gali No. 3, Colony Road, Hyderabad, Telangana',
  173625,
  0,
  0,
  0,
  0,
  173625,
  'card',
  'completed',
  '11111111-1111-4111-a111-111111111111',
  '2026-06-22T09:06:00.000Z'
);
INSERT INTO invoice_items (id, invoice_id, product_id, product_name, sku, quantity, unit_price, discount_percent, discount_amount, line_total)
VALUES (
  'cd556885-a589-446f-9098-62075945c1e1',
  '54a33ed7-1b9a-4861-9914-84ed7c911187',
  '192fc844-339e-4f31-aeb6-eb3ee716131a',
  'Eco-sustain Ergonomic Task Chair (Engineered Wood, Crimson Red)',
  'OFF-ENG-0093',
  1,
  7500,
  5,
  375,
  7125
);
INSERT INTO invoice_items (id, invoice_id, product_id, product_name, sku, quantity, unit_price, discount_percent, discount_amount, line_total)
VALUES (
  '80fa7742-0a2a-4077-b6e8-1350e157b94d',
  '54a33ed7-1b9a-4861-9914-84ed7c911187',
  'ac54d925-2f92-4f04-9b3f-e89963428209',
  'Premium Manual Rocking Recliner Lounge Chair (Mahogany, Ivory White)',
  'REC-MAH-0222',
  2,
  64000,
  0,
  0,
  128000
);
INSERT INTO invoice_items (id, invoice_id, product_id, product_name, sku, quantity, unit_price, discount_percent, discount_amount, line_total)
VALUES (
  '580c9778-5cd7-4355-9a44-a67f77b42341',
  '54a33ed7-1b9a-4861-9914-84ed7c911187',
  '269baf12-2c80-46b8-9fc2-6550d3452bf9',
  'Premium Floor Standing TV Console (Teak Wood, Ocean Blue)',
  'TV -TEA-0114',
  1,
  38500,
  0,
  0,
  38500
);
INSERT INTO payments (id, invoice_id, method, amount, reference, created_at) VALUES ('7d11c919-c2d6-4e08-b09b-5087fb2d5700', '54a33ed7-1b9a-4861-9914-84ed7c911187', 'card', 173625, 'TXN-TF-1398', '2026-06-22T09:06:00.000Z');

-- Invoice TF-1399
INSERT INTO invoices (id, store_id, invoice_number, customer_name, customer_phone, customer_address, subtotal, discount_amount, delivery_charge, installation_charge, round_off, grand_total, payment_method, payment_status, created_by, created_at)
VALUES (
  '8fb2da1e-6a3a-42f2-8427-5e43769e8e46',
  '29f4e073-bc1d-4071-ae3a-c8718a90f998',
  'TF-1399',
  'Kavitha Hegde 101',
  '9821278050',
  'H.No. 25, Gali No. 2, Colony Road, Visakhapatnam, Andhra Pradesh',
  29625,
  0,
  0,
  0,
  0,
  29625,
  'upi',
  'completed',
  '33333333-3333-4333-a333-333333333333',
  '2026-06-22T04:57:00.000Z'
);
INSERT INTO invoice_items (id, invoice_id, product_id, product_name, sku, quantity, unit_price, discount_percent, discount_amount, line_total)
VALUES (
  'abdcd764-60f0-4a68-98cb-03fa2b36f408',
  '8fb2da1e-6a3a-42f2-8427-5e43769e8e46',
  '82345ae0-f851-4577-8a2f-ac1e48a15cbc',
  'Royal Compact Student Desk (Mahogany, Ocean Blue)',
  'STU-MAH-0173',
  1,
  17500,
  5,
  875,
  16625
);
INSERT INTO invoice_items (id, invoice_id, product_id, product_name, sku, quantity, unit_price, discount_percent, discount_amount, line_total)
VALUES (
  '3161263f-0301-458d-bfab-ff99fcabaaa9',
  '8fb2da1e-6a3a-42f2-8427-5e43769e8e46',
  'db934a58-986a-4cf0-9883-fdff9c444d3a',
  'Luxurious Solid Wood Computer Desk (Oak Wood, Ocean Blue)',
  'STU-OAK-0168',
  2,
  6500,
  0,
  0,
  13000
);
INSERT INTO payments (id, invoice_id, method, amount, reference, created_at) VALUES ('76677868-ef23-4013-a90f-b7a0e2f08251', '8fb2da1e-6a3a-42f2-8427-5e43769e8e46', 'upi', 29625, 'TXN-TF-1399', '2026-06-22T04:57:00.000Z');

-- Invoice TF-1400
INSERT INTO invoices (id, store_id, invoice_number, customer_name, customer_phone, customer_address, subtotal, discount_amount, delivery_charge, installation_charge, round_off, grand_total, payment_method, payment_status, created_by, created_at)
VALUES (
  '49a66500-3b83-4b3f-8033-78e319ee4c80',
  '29f4e073-bc1d-4071-ae3a-c8718a90f998',
  'TF-1400',
  'Guest',
  '',
  '',
  30875,
  926.25,
  0,
  0,
  0.25,
  29949,
  'cash',
  'cancelled',
  '22222222-2222-4222-a222-222222222222',
  '2026-06-22T11:54:00.000Z'
);
INSERT INTO invoice_items (id, invoice_id, product_id, product_name, sku, quantity, unit_price, discount_percent, discount_amount, line_total)
VALUES (
  '5b398778-a248-41f4-affa-cb34c1abfa12',
  '49a66500-3b83-4b3f-8033-78e319ee4c80',
  'b7306676-928a-4580-9b0c-f74908ec3c83',
  'Heritage 2-Door Sliding Wardrobe (Rose Wood, Ocean Blue)',
  'WAR-ROS-0146',
  1,
  32500,
  5,
  1625,
  30875
);

-- Invoice TF-1401
INSERT INTO invoices (id, store_id, invoice_number, customer_name, customer_phone, customer_address, subtotal, discount_amount, delivery_charge, installation_charge, round_off, grand_total, payment_method, payment_status, created_by, created_at)
VALUES (
  '6b19aad5-5a22-4d3d-8897-290ae6955369',
  '29f4e073-bc1d-4071-ae3a-c8718a90f998',
  'TF-1401',
  'Jyoti Prasad 99',
  '9833326104',
  'H.No. 23, Gali No. 5, Colony Road, Chennai, Tamil Nadu',
  312575,
  0,
  0,
  500,
  0,
  313075,
  'split',
  'completed',
  '11111111-1111-4111-a111-111111111111',
  '2026-06-23T07:12:00.000Z'
);
INSERT INTO invoice_items (id, invoice_id, product_id, product_name, sku, quantity, unit_price, discount_percent, discount_amount, line_total)
VALUES (
  'c8872f0d-9202-4c0f-a767-b09d62e3d70f',
  '6b19aad5-5a22-4d3d-8897-290ae6955369',
  '6810fb29-f093-4331-96c3-2d791089fd93',
  'Comfort Multi-drawer Utility Cabinet (Mahogany, Ocean Blue)',
  'STO-MAH-0264',
  1,
  25000,
  5,
  1250,
  23750
);
INSERT INTO invoice_items (id, invoice_id, product_id, product_name, sku, quantity, unit_price, discount_percent, discount_amount, line_total)
VALUES (
  '4db3585d-f89d-459b-8546-30034d329a8b',
  '6b19aad5-5a22-4d3d-8897-290ae6955369',
  'f077b01f-75f1-46ed-a171-4c4e6bb6abbb',
  'Comfort Closed Glass-door Library Cabinet (Mahogany, Crimson Red)',
  'BOO-MAH-0283',
  2,
  21000,
  0,
  0,
  42000
);
INSERT INTO invoice_items (id, invoice_id, product_id, product_name, sku, quantity, unit_price, discount_percent, discount_amount, line_total)
VALUES (
  'a7d6e306-f2f0-46f3-9745-c259741890d6',
  '6b19aad5-5a22-4d3d-8897-290ae6955369',
  '9953998f-b02f-48ea-b8d6-53da3fdeb0ab',
  'Eco-sustain Open Walk-in Closet Organizer (Sheesham Wood, Crimson Red)',
  'WAR-SHE-0144',
  1,
  76000,
  0,
  0,
  76000
);
INSERT INTO invoice_items (id, invoice_id, product_id, product_name, sku, quantity, unit_price, discount_percent, discount_amount, line_total)
VALUES (
  '1aabe7bb-8ce1-422d-88d8-4ac601b19ded',
  '6b19aad5-5a22-4d3d-8897-290ae6955369',
  '96113491-acab-4db5-90a3-8fc4e240b7f6',
  'Royal Recliner Sofa (Oak Wood, Ocean Blue)',
  'SOF-OAK-0003',
  2,
  79000,
  0,
  0,
  158000
);
INSERT INTO invoice_items (id, invoice_id, product_id, product_name, sku, quantity, unit_price, discount_percent, discount_amount, line_total)
VALUES (
  'df8f9da7-cd03-4061-a81b-256b2ce1c379',
  '6b19aad5-5a22-4d3d-8897-290ae6955369',
  'efb65228-fb21-44f6-b8b6-6a70f38350c8',
  'Modern Wall Mounted TV Cabinet (Sheesham Wood, Ocean Blue)',
  'TV -SHE-0110',
  1,
  13500,
  5,
  675,
  12825
);
INSERT INTO payments (id, invoice_id, method, amount, reference, created_at) VALUES ('f02f8455-5337-445a-a28a-aba630f8a39e', '6b19aad5-5a22-4d3d-8897-290ae6955369', 'card', 125230, 'TXN-SPLIT-CARD', '2026-06-23T07:12:00.000Z');
INSERT INTO payments (id, invoice_id, method, amount, reference, created_at) VALUES ('fea4c0dd-b4b4-4651-97a5-d415408ae98d', '6b19aad5-5a22-4d3d-8897-290ae6955369', 'upi', 187845, 'TXN-SPLIT-UPI', '2026-06-23T07:12:00.000Z');

-- Invoice TF-1402
INSERT INTO invoices (id, store_id, invoice_number, customer_name, customer_phone, customer_address, subtotal, discount_amount, delivery_charge, installation_charge, round_off, grand_total, payment_method, payment_status, created_by, created_at)
VALUES (
  'e30dd1e6-0c98-4a97-af65-4baa12bf6a85',
  '29f4e073-bc1d-4071-ae3a-c8718a90f998',
  'TF-1402',
  'Ishaan Gupta 98',
  '9874898093',
  'H.No. 22, Gali No. 4, Colony Road, Bangalore, Karnataka',
  257900,
  0,
  1200,
  0,
  0,
  259100,
  'bank_transfer',
  'completed',
  '33333333-3333-4333-a333-333333333333',
  '2026-06-23T08:18:00.000Z'
);
INSERT INTO invoice_items (id, invoice_id, product_id, product_name, sku, quantity, unit_price, discount_percent, discount_amount, line_total)
VALUES (
  '794f1382-d3b9-4cec-a3d4-ef82fac52193',
  'e30dd1e6-0c98-4a97-af65-4baa12bf6a85',
  'b55e330c-b9f7-41d6-81cd-40b8253c85ec',
  'Luxurious Pocket Spring Premium Mattress (Rose Wood, Charcoal Grey)',
  'MAT-ROS-0200',
  1,
  12000,
  5,
  600,
  11400
);
INSERT INTO invoice_items (id, invoice_id, product_id, product_name, sku, quantity, unit_price, discount_percent, discount_amount, line_total)
VALUES (
  'b2cd36f7-01ca-41a4-a167-f741e9a60130',
  'e30dd1e6-0c98-4a97-af65-4baa12bf6a85',
  'ea2b40ba-51ff-425a-ad4e-28a38cc61dc0',
  'Minimalist Orthopedic Memory Foam Mattress (Sheesham Wood, Ivory White)',
  'MAT-SHE-0199',
  2,
  63000,
  0,
  0,
  126000
);
INSERT INTO invoice_items (id, invoice_id, product_id, product_name, sku, quantity, unit_price, discount_percent, discount_amount, line_total)
VALUES (
  'beff3df9-e0d8-4f3d-bd48-6d2c5624422b',
  'e30dd1e6-0c98-4a97-af65-4baa12bf6a85',
  '9207f17d-d6b1-4d88-bf9c-e69d0dc30b30',
  'Premium Single Bed (Mahogany, Walnut Brown)',
  'BED-MAH-0023',
  1,
  92500,
  0,
  0,
  92500
);
INSERT INTO invoice_items (id, invoice_id, product_id, product_name, sku, quantity, unit_price, discount_percent, discount_amount, line_total)
VALUES (
  '2102c724-4cf8-443f-8a18-e14cae69178a',
  'e30dd1e6-0c98-4a97-af65-4baa12bf6a85',
  '26e97e22-a9a9-4748-b43f-4f06ff43b1cc',
  'Classic Cushioned Dining Chair (Mahogany, Warm Beige)',
  'DIN-MAH-0069',
  2,
  14000,
  0,
  0,
  28000
);
INSERT INTO payments (id, invoice_id, method, amount, reference, created_at) VALUES ('ff0f83eb-b845-4032-8cb6-6665fd7abcf6', 'e30dd1e6-0c98-4a97-af65-4baa12bf6a85', 'bank_transfer', 259100, 'TXN-TF-1402', '2026-06-23T08:18:00.000Z');

-- Invoice TF-1403
INSERT INTO invoices (id, store_id, invoice_number, customer_name, customer_phone, customer_address, subtotal, discount_amount, delivery_charge, installation_charge, round_off, grand_total, payment_method, payment_status, created_by, created_at)
VALUES (
  'e3bf6f48-85d8-460e-b9f5-f24e70b5653b',
  '29f4e073-bc1d-4071-ae3a-c8718a90f998',
  'TF-1403',
  'Harish Rao 97',
  '9850568780',
  'H.No. 21, Gali No. 3, Colony Road, Secunderabad, Telangana',
  117575,
  0,
  0,
  0,
  0,
  117575,
  'card',
  'completed',
  '22222222-2222-4222-a222-222222222222',
  '2026-06-23T08:16:00.000Z'
);
INSERT INTO invoice_items (id, invoice_id, product_id, product_name, sku, quantity, unit_price, discount_percent, discount_amount, line_total)
VALUES (
  '901e5f8d-4fe3-45dc-a6be-9031a2d8c775',
  'e3bf6f48-85d8-460e-b9f5-f24e70b5653b',
  'c1800dec-cb8a-4d2d-926e-bb685c5b9366',
  'Premium 5-Tier Open Bookshelf Console (Sheesham Wood, Walnut Brown)',
  'BOO-SHE-0288',
  1,
  18500,
  5,
  925,
  17575
);
INSERT INTO invoice_items (id, invoice_id, product_id, product_name, sku, quantity, unit_price, discount_percent, discount_amount, line_total)
VALUES (
  '75a3c50a-43d3-4f27-bfc1-802cc356d88c',
  'e3bf6f48-85d8-460e-b9f5-f24e70b5653b',
  'db9ba286-92a8-4ace-b5cb-263e80c36301',
  'Royal Pocket Spring Premium Mattress (Oak Wood, Ebony Black)',
  'MAT-OAK-0197',
  2,
  38000,
  0,
  0,
  76000
);
INSERT INTO invoice_items (id, invoice_id, product_id, product_name, sku, quantity, unit_price, discount_percent, discount_amount, line_total)
VALUES (
  '1a21eab7-afd8-4f01-b921-3566d5f67ace',
  'e3bf6f48-85d8-460e-b9f5-f24e70b5653b',
  '637df026-9f25-4715-a8ae-0d6e4b9a29e8',
  'Heritage Closed Glass-door Library Cabinet (Rose Wood, Warm Beige)',
  'BOO-ROS-0298',
  1,
  24000,
  0,
  0,
  24000
);
INSERT INTO payments (id, invoice_id, method, amount, reference, created_at) VALUES ('7ae728e6-95b6-4cc7-b6fa-1d0c49ac0d3f', 'e3bf6f48-85d8-460e-b9f5-f24e70b5653b', 'card', 117575, 'TXN-TF-1403', '2026-06-23T08:16:00.000Z');

-- Invoice TF-1404
INSERT INTO invoices (id, store_id, invoice_number, customer_name, customer_phone, customer_address, subtotal, discount_amount, delivery_charge, installation_charge, round_off, grand_total, payment_method, payment_status, created_by, created_at)
VALUES (
  'f159bd44-4b7b-4ecb-afc6-65e1b490a30a',
  '29f4e073-bc1d-4071-ae3a-c8718a90f998',
  'TF-1404',
  'Guest',
  '',
  '',
  152975,
  0,
  0,
  0,
  0,
  152975,
  'upi',
  'completed',
  '11111111-1111-4111-a111-111111111111',
  '2026-06-23T04:51:00.000Z'
);
INSERT INTO invoice_items (id, invoice_id, product_id, product_name, sku, quantity, unit_price, discount_percent, discount_amount, line_total)
VALUES (
  'd0cc94d5-c753-4e3f-9612-f27cd217e52b',
  'f159bd44-4b7b-4ecb-afc6-65e1b490a30a',
  'd449acce-7b49-4170-bfe0-d366cbbef163',
  'Eco-sustain Sofa Cum Bed (Sheesham Wood, Warm Beige)',
  'SOF-SHE-0015',
  1,
  90500,
  5,
  4525,
  85975
);
INSERT INTO invoice_items (id, invoice_id, product_id, product_name, sku, quantity, unit_price, discount_percent, discount_amount, line_total)
VALUES (
  'f7f31eff-a400-47fe-8018-610ab7a61583',
  'f159bd44-4b7b-4ecb-afc6-65e1b490a30a',
  'dece08e4-fdc8-4e4a-8014-9259722efd67',
  'Luxurious Recliner Sofa (Mahogany, Teak Finish)',
  'SOF-MAH-0018',
  2,
  33500,
  0,
  0,
  67000
);
INSERT INTO payments (id, invoice_id, method, amount, reference, created_at) VALUES ('a097433a-130e-46a5-812b-138f08b7faa1', 'f159bd44-4b7b-4ecb-afc6-65e1b490a30a', 'upi', 152975, 'TXN-TF-1404', '2026-06-23T04:51:00.000Z');

-- Invoice TF-1405
INSERT INTO invoices (id, store_id, invoice_number, customer_name, customer_phone, customer_address, subtotal, discount_amount, delivery_charge, installation_charge, round_off, grand_total, payment_method, payment_status, created_by, created_at)
VALUES (
  'e29ba232-3714-4013-b0de-be3db126ec5b',
  '29f4e073-bc1d-4071-ae3a-c8718a90f998',
  'TF-1405',
  'Deepak Reddy 95',
  '9841095758',
  'H.No. 19, Gali No. 1, Colony Road, Visakhapatnam, Andhra Pradesh',
  16625,
  0,
  0,
  0,
  0,
  16625,
  'cash',
  'completed',
  '33333333-3333-4333-a333-333333333333',
  '2026-06-23T13:52:00.000Z'
);
INSERT INTO invoice_items (id, invoice_id, product_id, product_name, sku, quantity, unit_price, discount_percent, discount_amount, line_total)
VALUES (
  '47e3f018-9078-48dd-83cf-2bca08cd2c01',
  'e29ba232-3714-4013-b0de-be3db126ec5b',
  '853d0482-2bba-4db5-bedd-febbf9e73e73',
  'Minimalist Solid Wood Computer Desk (Engineered Wood, Ebony Black)',
  'STU-ENG-0164',
  1,
  17500,
  5,
  875,
  16625
);
INSERT INTO payments (id, invoice_id, method, amount, reference, created_at) VALUES ('38aee492-5718-4e4d-a81a-01ab5f34f994', 'e29ba232-3714-4013-b0de-be3db126ec5b', 'cash', 16625, 'TXN-TF-1405', '2026-06-23T13:52:00.000Z');

-- Invoice TF-1406
INSERT INTO invoices (id, store_id, invoice_number, customer_name, customer_phone, customer_address, subtotal, discount_amount, delivery_charge, installation_charge, round_off, grand_total, payment_method, payment_status, created_by, created_at)
VALUES (
  'e5f7aa88-50af-4030-8a90-10d80d736264',
  '29f4e073-bc1d-4071-ae3a-c8718a90f998',
  'TF-1406',
  'Arjun Rao 94',
  '9833493238',
  'H.No. 18, Gali No. 5, Colony Road, Vijayawada, Andhra Pradesh',
  148825,
  0,
  0,
  0,
  0,
  148825,
  'split',
  'completed',
  '22222222-2222-4222-a222-222222222222',
  '2026-06-24T06:24:00.000Z'
);
INSERT INTO invoice_items (id, invoice_id, product_id, product_name, sku, quantity, unit_price, discount_percent, discount_amount, line_total)
VALUES (
  'a8a924fb-9ac9-4fef-8b45-c28e612cc613',
  'e5f7aa88-50af-4030-8a90-10d80d736264',
  '7840be5e-2be3-467f-a7e7-f6e36356b392',
  'Heritage Garden Patio Bistro Set (Oak Wood, Ebony Black)',
  'OUT-OAK-0244',
  1,
  25000,
  5,
  1250,
  23750
);
INSERT INTO invoice_items (id, invoice_id, product_id, product_name, sku, quantity, unit_price, discount_percent, discount_amount, line_total)
VALUES (
  'f87f973e-5933-4eea-ba61-8269605e7cad',
  'e5f7aa88-50af-4030-8a90-10d80d736264',
  'd3bd37b5-7bce-4187-973c-bf99478a81d4',
  'Royal Round Accent Coffee Table (Teak Wood, Ivory White)',
  'COF-TEA-0132',
  2,
  13500,
  0,
  0,
  27000
);
INSERT INTO invoice_items (id, invoice_id, product_id, product_name, sku, quantity, unit_price, discount_percent, discount_amount, line_total)
VALUES (
  '424bfaec-7c84-4f59-8418-a9806d288ef3',
  'e5f7aa88-50af-4030-8a90-10d80d736264',
  'ff86d0e1-e886-4ed0-b8a0-726b93277dcc',
  'Comfort Extendable Dining Table (Teak Wood, Ocean Blue)',
  'DIN-TEA-0060',
  1,
  70500,
  0,
  0,
  70500
);
INSERT INTO invoice_items (id, invoice_id, product_id, product_name, sku, quantity, unit_price, discount_percent, discount_amount, line_total)
VALUES (
  '93727e90-8fef-44d4-8c63-0297dcf18ee3',
  'e5f7aa88-50af-4030-8a90-10d80d736264',
  'd78792d4-9569-4f36-a380-ba0fa0551bff',
  'Modern Rattan Accent Chair (Oak Wood, Ivory White)',
  'DIN-OAK-0076',
  2,
  5000,
  0,
  0,
  10000
);
INSERT INTO invoice_items (id, invoice_id, product_id, product_name, sku, quantity, unit_price, discount_percent, discount_amount, line_total)
VALUES (
  'fd1021d4-42f5-4b14-8c03-8ea71697f9d3',
  'e5f7aa88-50af-4030-8a90-10d80d736264',
  '0ad575b6-f822-4798-bc2e-7508555b0061',
  'Premium 6-Drawer Wide Dresser chest (Rose Wood, Walnut Brown)',
  'DRE-ROS-0209',
  1,
  18500,
  5,
  925,
  17575
);
INSERT INTO payments (id, invoice_id, method, amount, reference, created_at) VALUES ('76c4e037-9e83-439d-87c9-afed5329ac1d', 'e5f7aa88-50af-4030-8a90-10d80d736264', 'card', 59530, 'TXN-SPLIT-CARD', '2026-06-24T06:24:00.000Z');
INSERT INTO payments (id, invoice_id, method, amount, reference, created_at) VALUES ('9b76d278-2239-4c2a-9b2f-1eaa483c20b8', 'e5f7aa88-50af-4030-8a90-10d80d736264', 'upi', 89295, 'TXN-SPLIT-UPI', '2026-06-24T06:24:00.000Z');

-- Invoice TF-1407
INSERT INTO invoices (id, store_id, invoice_number, customer_name, customer_phone, customer_address, subtotal, discount_amount, delivery_charge, installation_charge, round_off, grand_total, payment_method, payment_status, created_by, created_at)
VALUES (
  '37c67429-19ef-443e-980c-87db18a8bbea',
  '29f4e073-bc1d-4071-ae3a-c8718a90f998',
  'TF-1407',
  'Ananya Iyer 93',
  '9862133499',
  'H.No. 17, Gali No. 4, Colony Road, Chennai, Tamil Nadu',
  164750,
  0,
  0,
  0,
  0,
  164750,
  'bank_transfer',
  'completed',
  '11111111-1111-4111-a111-111111111111',
  '2026-06-24T04:55:00.000Z'
);
INSERT INTO invoice_items (id, invoice_id, product_id, product_name, sku, quantity, unit_price, discount_percent, discount_amount, line_total)
VALUES (
  'a691be94-d268-4444-b486-20dbc50d91d4',
  '37c67429-19ef-443e-980c-87db18a8bbea',
  '6ff68994-076a-4f93-bba9-909e6d60a495',
  'Royal 6-Drawer Wide Dresser chest (Rose Wood, Crimson Red)',
  'DRE-ROS-0206',
  1,
  35000,
  5,
  1750,
  33250
);
INSERT INTO invoice_items (id, invoice_id, product_id, product_name, sku, quantity, unit_price, discount_percent, discount_amount, line_total)
VALUES (
  '71970d14-3fd9-4a43-ad4a-81039f19d6da',
  '37c67429-19ef-443e-980c-87db18a8bbea',
  'd308b0b6-147b-458f-8f54-a63c002b9c42',
  'Minimalist Modular TV Stand with Shelves (Teak Wood, Crimson Red)',
  'TV -TEA-0118',
  2,
  15500,
  0,
  0,
  31000
);
INSERT INTO invoice_items (id, invoice_id, product_id, product_name, sku, quantity, unit_price, discount_percent, discount_amount, line_total)
VALUES (
  '65915841-bd25-4233-a210-0c763f86dfee',
  '37c67429-19ef-443e-980c-87db18a8bbea',
  '38b26c18-2204-48be-a37f-398136c8052f',
  'Royal Wooden Sun Lounger Bed (Engineered Wood, Teak Finish)',
  'OUT-ENG-0252',
  1,
  52500,
  0,
  0,
  52500
);
INSERT INTO invoice_items (id, invoice_id, product_id, product_name, sku, quantity, unit_price, discount_percent, discount_amount, line_total)
VALUES (
  '0824de44-b410-4d51-9d06-08da57863f42',
  '37c67429-19ef-443e-980c-87db18a8bbea',
  'f4d27558-4a15-48b2-9959-7f7cce45559c',
  'Royal Wooden Sideboard Credenza (Mahogany, Ocean Blue)',
  'STO-MAH-0263',
  2,
  24000,
  0,
  0,
  48000
);
INSERT INTO payments (id, invoice_id, method, amount, reference, created_at) VALUES ('ea06bb88-9de0-47a1-ab76-7307c77d5724', '37c67429-19ef-443e-980c-87db18a8bbea', 'bank_transfer', 164750, 'TXN-TF-1407', '2026-06-24T04:55:00.000Z');

-- Invoice TF-1408
INSERT INTO invoices (id, store_id, invoice_number, customer_name, customer_phone, customer_address, subtotal, discount_amount, delivery_charge, installation_charge, round_off, grand_total, payment_method, payment_status, created_by, created_at)
VALUES (
  'a70cceff-5550-4028-9d70-9bb943803fb8',
  '29f4e073-bc1d-4071-ae3a-c8718a90f998',
  'TF-1408',
  'Guest',
  '',
  '',
  98850,
  0,
  0,
  0,
  0,
  98850,
  'card',
  'completed',
  '33333333-3333-4333-a333-333333333333',
  '2026-06-24T10:25:00.000Z'
);
INSERT INTO invoice_items (id, invoice_id, product_id, product_name, sku, quantity, unit_price, discount_percent, discount_amount, line_total)
VALUES (
  '89d416e6-7a08-4017-b033-833ec15c5a23',
  'a70cceff-5550-4028-9d70-9bb943803fb8',
  'dac7e591-f2c0-4dfe-9b77-54d1d0e28210',
  'Heritage Floor Standing TV Console (Rose Wood, Teak Finish)',
  'TV -ROS-0102',
  1,
  33000,
  5,
  1650,
  31350
);
INSERT INTO invoice_items (id, invoice_id, product_id, product_name, sku, quantity, unit_price, discount_percent, discount_amount, line_total)
VALUES (
  '93d5e5e2-9301-40a3-abf5-f84c19e66b45',
  'a70cceff-5550-4028-9d70-9bb943803fb8',
  'dd88417a-f687-4859-a0c7-7bfa3233750c',
  'Minimalist Massage Recliner Chair (Teak Wood, Crimson Red)',
  'REC-TEA-0226',
  2,
  28000,
  0,
  0,
  56000
);
INSERT INTO invoice_items (id, invoice_id, product_id, product_name, sku, quantity, unit_price, discount_percent, discount_amount, line_total)
VALUES (
  'cc428bd3-9668-40b8-83f8-2fe7947d8b4e',
  'a70cceff-5550-4028-9d70-9bb943803fb8',
  '693d6f47-226e-4d1c-8e02-1266784e08c8',
  'Royal Glass Top Coffee Table (Oak Wood, Warm Beige)',
  'COF-OAK-0126',
  1,
  11500,
  0,
  0,
  11500
);
INSERT INTO payments (id, invoice_id, method, amount, reference, created_at) VALUES ('8f236f6d-a40b-4a4d-8e62-64859109b39f', 'a70cceff-5550-4028-9d70-9bb943803fb8', 'card', 98850, 'TXN-TF-1408', '2026-06-24T10:25:00.000Z');

-- Invoice TF-1409
INSERT INTO invoices (id, store_id, invoice_number, customer_name, customer_phone, customer_address, subtotal, discount_amount, delivery_charge, installation_charge, round_off, grand_total, payment_method, payment_status, created_by, created_at)
VALUES (
  '6a464d78-3061-4458-a8c5-d41fb6ca0be5',
  '29f4e073-bc1d-4071-ae3a-c8718a90f998',
  'TF-1409',
  'Aditya Patel 91',
  '9837289949',
  'H.No. 15, Gali No. 2, Colony Road, Secunderabad, Telangana',
  43075,
  0,
  1200,
  0,
  0,
  44275,
  'upi',
  'completed',
  '22222222-2222-4222-a222-222222222222',
  '2026-06-24T14:34:00.000Z'
);
INSERT INTO invoice_items (id, invoice_id, product_id, product_name, sku, quantity, unit_price, discount_percent, discount_amount, line_total)
VALUES (
  'b7b0d97d-1bb8-47ab-a7f9-8e7cc0440fe8',
  '6a464d78-3061-4458-a8c5-d41fb6ca0be5',
  '1f830695-350d-41b6-a4b3-9d85595b1a0c',
  'Eco-sustain Solid Wood Dining Chair (Oak Wood, Ivory White)',
  'DIN-OAK-0070',
  1,
  8500,
  5,
  425,
  8075
);
INSERT INTO invoice_items (id, invoice_id, product_id, product_name, sku, quantity, unit_price, discount_percent, discount_amount, line_total)
VALUES (
  '0e6a74be-e759-48ad-8637-13f0e5891419',
  '6a464d78-3061-4458-a8c5-d41fb6ca0be5',
  '853d0482-2bba-4db5-bedd-febbf9e73e73',
  'Minimalist Solid Wood Computer Desk (Engineered Wood, Ebony Black)',
  'STU-ENG-0164',
  2,
  17500,
  0,
  0,
  35000
);
INSERT INTO payments (id, invoice_id, method, amount, reference, created_at) VALUES ('23b1ffb8-cbba-4605-8403-0db8428c213d', '6a464d78-3061-4458-a8c5-d41fb6ca0be5', 'upi', 44275, 'TXN-TF-1409', '2026-06-24T14:34:00.000Z');

-- Invoice TF-1410
INSERT INTO invoices (id, store_id, invoice_number, customer_name, customer_phone, customer_address, subtotal, discount_amount, delivery_charge, installation_charge, round_off, grand_total, payment_method, payment_status, created_by, created_at)
VALUES (
  'bfe42d1d-e3cc-45c8-b17a-ed22c7654ff3',
  '29f4e073-bc1d-4071-ae3a-c8718a90f998',
  'TF-1410',
  'Aarav Sharma 90',
  '9812618761',
  'H.No. 14, Gali No. 1, Colony Road, Hyderabad, Telangana',
  19950,
  598.5,
  0,
  500,
  0.5,
  19852,
  'cash',
  'completed',
  '11111111-1111-4111-a111-111111111111',
  '2026-06-24T06:10:00.000Z'
);
INSERT INTO invoice_items (id, invoice_id, product_id, product_name, sku, quantity, unit_price, discount_percent, discount_amount, line_total)
VALUES (
  'c92f69c7-619c-4344-b304-5eafa5bb3fac',
  'bfe42d1d-e3cc-45c8-b17a-ed22c7654ff3',
  'f077b01f-75f1-46ed-a171-4c4e6bb6abbb',
  'Comfort Closed Glass-door Library Cabinet (Mahogany, Crimson Red)',
  'BOO-MAH-0283',
  1,
  21000,
  5,
  1050,
  19950
);
INSERT INTO payments (id, invoice_id, method, amount, reference, created_at) VALUES ('28794396-cfb5-4f5a-a462-d1dba7b53cc5', 'bfe42d1d-e3cc-45c8-b17a-ed22c7654ff3', 'cash', 19852, 'TXN-TF-1410', '2026-06-24T06:10:00.000Z');

-- Invoice TF-1411
INSERT INTO invoices (id, store_id, invoice_number, customer_name, customer_phone, customer_address, subtotal, discount_amount, delivery_charge, installation_charge, round_off, grand_total, payment_method, payment_status, created_by, created_at)
VALUES (
  'd70fb09a-c48f-47ed-b1c0-3764049afc43',
  '29f4e073-bc1d-4071-ae3a-c8718a90f998',
  'TF-1411',
  'Vijay Mallya 89',
  '9879473951',
  'H.No. 13, Gali No. 5, Colony Road, Visakhapatnam, Andhra Pradesh',
  217675,
  0,
  0,
  0,
  0,
  217675,
  'split',
  'completed',
  '33333333-3333-4333-a333-333333333333',
  '2026-06-24T12:14:00.000Z'
);
INSERT INTO invoice_items (id, invoice_id, product_id, product_name, sku, quantity, unit_price, discount_percent, discount_amount, line_total)
VALUES (
  'd9ea494b-5214-4707-8409-3301ae6a9ef5',
  'd70fb09a-c48f-47ed-b1c0-3764049afc43',
  '297e6588-3660-4997-98ba-33db9f93f15b',
  'Minimalist Closed Glass-door Library Cabinet (Engineered Wood, Warm Beige)',
  'BOO-ENG-0289',
  1,
  23000,
  5,
  1150,
  21850
);
INSERT INTO invoice_items (id, invoice_id, product_id, product_name, sku, quantity, unit_price, discount_percent, discount_amount, line_total)
VALUES (
  '264ea53d-6757-4477-bafc-417c71803e5f',
  'd70fb09a-c48f-47ed-b1c0-3764049afc43',
  '1c7e1a57-845e-47a1-8c12-ba41436fcc6f',
  'Eco-sustain Orthopedic Memory Foam Mattress (Sheesham Wood, Charcoal Grey)',
  'MAT-SHE-0181',
  2,
  57500,
  0,
  0,
  115000
);
INSERT INTO invoice_items (id, invoice_id, product_id, product_name, sku, quantity, unit_price, discount_percent, discount_amount, line_total)
VALUES (
  '8b8a8465-d741-4340-bc5f-e72ad5efa45e',
  'd70fb09a-c48f-47ed-b1c0-3764049afc43',
  '7840be5e-2be3-467f-a7e7-f6e36356b392',
  'Heritage Garden Patio Bistro Set (Oak Wood, Ebony Black)',
  'OUT-OAK-0244',
  1,
  25000,
  0,
  0,
  25000
);
INSERT INTO invoice_items (id, invoice_id, product_id, product_name, sku, quantity, unit_price, discount_percent, discount_amount, line_total)
VALUES (
  '2fe11ed2-2d62-4c07-9f16-e8abf3502464',
  'd70fb09a-c48f-47ed-b1c0-3764049afc43',
  '2ebef195-2645-4998-b72e-a507d5872822',
  'Luxurious Mesh Medium-Back Office Chair (Oak Wood, Ebony Black)',
  'OFF-OAK-0087',
  2,
  12000,
  0,
  0,
  24000
);
INSERT INTO invoice_items (id, invoice_id, product_id, product_name, sku, quantity, unit_price, discount_percent, discount_amount, line_total)
VALUES (
  'a00107bd-7ea8-4da3-b95e-ffb5c85a63b1',
  'd70fb09a-c48f-47ed-b1c0-3764049afc43',
  'dff9c288-5cef-4f4e-91e4-2058ea894768',
  'Eco-sustain Wall Mounted TV Cabinet (Engineered Wood, Charcoal Grey)',
  'TV -ENG-0101',
  1,
  33500,
  5,
  1675,
  31825
);
INSERT INTO payments (id, invoice_id, method, amount, reference, created_at) VALUES ('8906ed6b-6caf-4407-963c-f456de0a9acc', 'd70fb09a-c48f-47ed-b1c0-3764049afc43', 'card', 87070, 'TXN-SPLIT-CARD', '2026-06-24T12:14:00.000Z');
INSERT INTO payments (id, invoice_id, method, amount, reference, created_at) VALUES ('865906e5-e078-4d5e-832f-cd0c8cda810b', 'd70fb09a-c48f-47ed-b1c0-3764049afc43', 'upi', 130605, 'TXN-SPLIT-UPI', '2026-06-24T12:14:00.000Z');

-- Invoice TF-1412
INSERT INTO invoices (id, store_id, invoice_number, customer_name, customer_phone, customer_address, subtotal, discount_amount, delivery_charge, installation_charge, round_off, grand_total, payment_method, payment_status, created_by, created_at)
VALUES (
  'b2c4417a-42a0-42b3-a1c1-f1152ad7034d',
  '29f4e073-bc1d-4071-ae3a-c8718a90f998',
  'TF-1412',
  'Guest',
  '',
  '',
  212175,
  0,
  0,
  0,
  0,
  212175,
  'bank_transfer',
  'completed',
  '22222222-2222-4222-a222-222222222222',
  '2026-06-25T06:53:00.000Z'
);
INSERT INTO invoice_items (id, invoice_id, product_id, product_name, sku, quantity, unit_price, discount_percent, discount_amount, line_total)
VALUES (
  '21dc1449-4f34-4993-bf8f-f99b272c1155',
  'b2c4417a-42a0-42b3-a1c1-f1152ad7034d',
  'c7f13d7f-df13-43de-aeba-718f47ec79fa',
  'Classic Solid Wood Computer Desk (Engineered Wood, Walnut Brown)',
  'STU-ENG-0172',
  1,
  6500,
  5,
  325,
  6175
);
INSERT INTO invoice_items (id, invoice_id, product_id, product_name, sku, quantity, unit_price, discount_percent, discount_amount, line_total)
VALUES (
  'afa0ea2e-9c33-4acd-9e1d-0210141ce0ea',
  'b2c4417a-42a0-42b3-a1c1-f1152ad7034d',
  'daa55337-8a17-46da-a3f2-5955d8fa5f76',
  'Classic Storage Trunk Coffee Table (Teak Wood, Ivory White)',
  'COF-TEA-0139',
  2,
  21000,
  0,
  0,
  42000
);
INSERT INTO invoice_items (id, invoice_id, product_id, product_name, sku, quantity, unit_price, discount_percent, discount_amount, line_total)
VALUES (
  'bb0fbad5-2fa2-4364-a339-ddd7e542a36d',
  'b2c4417a-42a0-42b3-a1c1-f1152ad7034d',
  '683ad21e-1aa2-472d-b66a-1720d1f62971',
  'Premium 4-Seater Glass Top Dining Table (Rose Wood, Ivory White)',
  'DIN-ROS-0046',
  1,
  83000,
  0,
  0,
  83000
);
INSERT INTO invoice_items (id, invoice_id, product_id, product_name, sku, quantity, unit_price, discount_percent, discount_amount, line_total)
VALUES (
  '6266a017-c0fb-4d51-80e3-d4790b5d1cbb',
  'b2c4417a-42a0-42b3-a1c1-f1152ad7034d',
  '9db7520c-6881-4de3-9ec8-86be4c0694c6',
  'Classic Rattan Outdoor Swing Chair (Teak Wood, Charcoal Grey)',
  'OUT-TEA-0248',
  2,
  40500,
  0,
  0,
  81000
);
INSERT INTO payments (id, invoice_id, method, amount, reference, created_at) VALUES ('d50bd481-f6eb-4a0b-bc95-f7da785bd49f', 'b2c4417a-42a0-42b3-a1c1-f1152ad7034d', 'bank_transfer', 212175, 'TXN-TF-1412', '2026-06-25T06:53:00.000Z');

-- Invoice TF-1413
INSERT INTO invoices (id, store_id, invoice_number, customer_name, customer_phone, customer_address, subtotal, discount_amount, delivery_charge, installation_charge, round_off, grand_total, payment_method, payment_status, created_by, created_at)
VALUES (
  '3ad36850-1fb9-4efc-81fb-ec4d5ba49906',
  '29f4e073-bc1d-4071-ae3a-c8718a90f998',
  'TF-1413',
  'Yash Pal 87',
  '9868762640',
  'H.No. 99, Gali No. 3, Colony Road, Chennai, Tamil Nadu',
  231725,
  0,
  0,
  0,
  0,
  231725,
  'card',
  'completed',
  '11111111-1111-4111-a111-111111111111',
  '2026-06-25T12:54:00.000Z'
);
INSERT INTO invoice_items (id, invoice_id, product_id, product_name, sku, quantity, unit_price, discount_percent, discount_amount, line_total)
VALUES (
  '80ff8d6d-c6f2-4924-bce3-a759b5b5ecab',
  '3ad36850-1fb9-4efc-81fb-ec4d5ba49906',
  'dda8aa9f-e176-4f99-81c9-82dfef9a761a',
  'Luxurious Executive Leather High-Back (Rose Wood, Ocean Blue)',
  'OFF-ROS-0098',
  1,
  15500,
  5,
  775,
  14725
);
INSERT INTO invoice_items (id, invoice_id, product_id, product_name, sku, quantity, unit_price, discount_percent, discount_amount, line_total)
VALUES (
  'ef4b7c9b-9b8b-49ab-be26-bcfbfe2a7828',
  '3ad36850-1fb9-4efc-81fb-ec4d5ba49906',
  'b3737457-0c49-4d3d-89d9-f788446eda0d',
  'Comfort 3-Seater Sofa (Rose Wood, Walnut Brown)',
  'SOF-ROS-0011',
  2,
  48500,
  0,
  0,
  97000
);
INSERT INTO invoice_items (id, invoice_id, product_id, product_name, sku, quantity, unit_price, discount_percent, discount_amount, line_total)
VALUES (
  '0333a640-5a68-4bea-a35e-43258c45a568',
  '3ad36850-1fb9-4efc-81fb-ec4d5ba49906',
  'ae31918e-2957-4d40-b94d-78f04b09337d',
  'Luxurious 2-Door Sliding Wardrobe (Oak Wood, Ocean Blue)',
  'WAR-OAK-0154',
  1,
  120000,
  0,
  0,
  120000
);
INSERT INTO payments (id, invoice_id, method, amount, reference, created_at) VALUES ('902470e3-576f-49d8-8a16-773cce508a5c', '3ad36850-1fb9-4efc-81fb-ec4d5ba49906', 'card', 231725, 'TXN-TF-1413', '2026-06-25T12:54:00.000Z');

-- Invoice TF-1414
INSERT INTO invoices (id, store_id, invoice_number, customer_name, customer_phone, customer_address, subtotal, discount_amount, delivery_charge, installation_charge, round_off, grand_total, payment_method, payment_status, created_by, created_at)
VALUES (
  '1d048c50-90d5-456f-a1c0-88f87258818c',
  '29f4e073-bc1d-4071-ae3a-c8718a90f998',
  'TF-1414',
  'Vivek Oberoi 86',
  '9848149431',
  'H.No. 98, Gali No. 2, Colony Road, Bangalore, Karnataka',
  110050,
  0,
  0,
  0,
  0,
  110050,
  'upi',
  'completed',
  '33333333-3333-4333-a333-333333333333',
  '2026-06-25T07:53:00.000Z'
);
INSERT INTO invoice_items (id, invoice_id, product_id, product_name, sku, quantity, unit_price, discount_percent, discount_amount, line_total)
VALUES (
  '20b33854-1b9d-4106-bf12-62b87a2e7a84',
  '1d048c50-90d5-456f-a1c0-88f87258818c',
  '55b103bb-657e-4a60-a57f-276b49971487',
  'Minimalist Closed Glass-door Library Cabinet (Teak Wood, Teak Finish)',
  'BOO-TEA-0295',
  1,
  19000,
  5,
  950,
  18050
);
INSERT INTO invoice_items (id, invoice_id, product_id, product_name, sku, quantity, unit_price, discount_percent, discount_amount, line_total)
VALUES (
  '83c49613-cb71-4a95-805d-428326a78991',
  '1d048c50-90d5-456f-a1c0-88f87258818c',
  '27169ec6-331f-40e9-9bdf-64b723992789',
  'Minimalist Pocket Spring Premium Mattress (Engineered Wood, Crimson Red)',
  'MAT-ENG-0185',
  2,
  46000,
  0,
  0,
  92000
);
INSERT INTO payments (id, invoice_id, method, amount, reference, created_at) VALUES ('e4a38ec2-d1c5-4edc-89db-a74ff739d1c3', '1d048c50-90d5-456f-a1c0-88f87258818c', 'upi', 110050, 'TXN-TF-1414', '2026-06-25T07:53:00.000Z');

-- Invoice TF-1415
INSERT INTO invoices (id, store_id, invoice_number, customer_name, customer_phone, customer_address, subtotal, discount_amount, delivery_charge, installation_charge, round_off, grand_total, payment_method, payment_status, created_by, created_at)
VALUES (
  '2066cd41-9e68-49cf-a1f1-6f641e26da11',
  '29f4e073-bc1d-4071-ae3a-c8718a90f998',
  'TF-1415',
  'Vikram Seth 85',
  '9828669866',
  'H.No. 97, Gali No. 1, Colony Road, Secunderabad, Telangana',
  112575,
  0,
  0,
  0,
  0,
  112575,
  'cash',
  'completed',
  '22222222-2222-4222-a222-222222222222',
  '2026-06-25T09:01:00.000Z'
);
INSERT INTO invoice_items (id, invoice_id, product_id, product_name, sku, quantity, unit_price, discount_percent, discount_amount, line_total)
VALUES (
  'd29bbb2b-138b-45cd-9b5d-f4a20cc19ea0',
  '2066cd41-9e68-49cf-a1f1-6f641e26da11',
  '9d4a4395-88b4-47c2-8523-e76b3b5587e8',
  'Royal Modular 4-Door Wardrobe (Oak Wood, Walnut Brown)',
  'WAR-OAK-0143',
  1,
  118500,
  5,
  5925,
  112575
);
INSERT INTO payments (id, invoice_id, method, amount, reference, created_at) VALUES ('fb3c8c97-a812-4034-a30f-0d02e29baf4f', '2066cd41-9e68-49cf-a1f1-6f641e26da11', 'cash', 112575, 'TXN-TF-1415', '2026-06-25T09:01:00.000Z');

-- Invoice TF-1416
INSERT INTO invoices (id, store_id, invoice_number, customer_name, customer_phone, customer_address, subtotal, discount_amount, delivery_charge, installation_charge, round_off, grand_total, payment_method, payment_status, created_by, created_at)
VALUES (
  '40957cbe-cec4-4c94-98bf-7bb378fbf895',
  '29f4e073-bc1d-4071-ae3a-c8718a90f998',
  'TF-1416',
  'Guest',
  '',
  '',
  127375,
  0,
  1200,
  0,
  0,
  128575,
  'split',
  'completed',
  '11111111-1111-4111-a111-111111111111',
  '2026-06-25T09:46:00.000Z'
);
INSERT INTO invoice_items (id, invoice_id, product_id, product_name, sku, quantity, unit_price, discount_percent, discount_amount, line_total)
VALUES (
  'bdbdefe5-9fce-4595-a9f3-c79ece83627d',
  '40957cbe-cec4-4c94-98bf-7bb378fbf895',
  '2e57a82c-d824-4ec3-8af9-c460f570fc38',
  'Classic L-Shape Sofa Sectional (Teak Wood, Ivory White)',
  'SOF-TEA-0017',
  1,
  30000,
  5,
  1500,
  28500
);
INSERT INTO invoice_items (id, invoice_id, product_id, product_name, sku, quantity, unit_price, discount_percent, discount_amount, line_total)
VALUES (
  '6bca1657-c065-41a9-99f1-97d006c953c8',
  '40957cbe-cec4-4c94-98bf-7bb378fbf895',
  '297e6588-3660-4997-98ba-33db9f93f15b',
  'Minimalist Closed Glass-door Library Cabinet (Engineered Wood, Warm Beige)',
  'BOO-ENG-0289',
  2,
  23000,
  0,
  0,
  46000
);
INSERT INTO invoice_items (id, invoice_id, product_id, product_name, sku, quantity, unit_price, discount_percent, discount_amount, line_total)
VALUES (
  'e0c726a7-dbd6-4975-bb5f-2c0b317c31c9',
  '40957cbe-cec4-4c94-98bf-7bb378fbf895',
  '6ede8796-0c5b-4e65-8205-d36c81b71493',
  'Comfort Shoe Storage Bench Rack (Mahogany, Teak Finish)',
  'STO-MAH-0280',
  1,
  10000,
  0,
  0,
  10000
);
INSERT INTO invoice_items (id, invoice_id, product_id, product_name, sku, quantity, unit_price, discount_percent, discount_amount, line_total)
VALUES (
  '3e121322-e752-4b29-9478-1a0e6c79c767',
  '40957cbe-cec4-4c94-98bf-7bb378fbf895',
  '1911edb0-4fb5-49db-a8d9-b30659cd18d4',
  'Royal Storage Trunk Coffee Table (Oak Wood, Walnut Brown)',
  'COF-OAK-0123',
  2,
  6000,
  0,
  0,
  12000
);
INSERT INTO invoice_items (id, invoice_id, product_id, product_name, sku, quantity, unit_price, discount_percent, discount_amount, line_total)
VALUES (
  '13a957eb-0555-4a2e-b085-6a3616578ed4',
  '40957cbe-cec4-4c94-98bf-7bb378fbf895',
  'ea4e9179-3ad2-409b-84b5-55444060bc57',
  'Modern Massage Recliner Chair (Teak Wood, Charcoal Grey)',
  'REC-TEA-0235',
  1,
  32500,
  5,
  1625,
  30875
);
INSERT INTO payments (id, invoice_id, method, amount, reference, created_at) VALUES ('0e88633e-a1bd-41dd-879f-950adcad397b', '40957cbe-cec4-4c94-98bf-7bb378fbf895', 'card', 51430, 'TXN-SPLIT-CARD', '2026-06-25T09:46:00.000Z');
INSERT INTO payments (id, invoice_id, method, amount, reference, created_at) VALUES ('08492ae9-611a-4343-bd37-e80f795ca2bd', '40957cbe-cec4-4c94-98bf-7bb378fbf895', 'upi', 77145, 'TXN-SPLIT-UPI', '2026-06-25T09:46:00.000Z');

-- Invoice TF-1417
INSERT INTO invoices (id, store_id, invoice_number, customer_name, customer_phone, customer_address, subtotal, discount_amount, delivery_charge, installation_charge, round_off, grand_total, payment_method, payment_status, created_by, created_at)
VALUES (
  '17971e41-144f-47e4-b288-1dfa114e6927',
  '29f4e073-bc1d-4071-ae3a-c8718a90f998',
  'TF-1417',
  'Sneha Rao 83',
  '9873874962',
  'H.No. 95, Gali No. 4, Colony Road, Visakhapatnam, Andhra Pradesh',
  227675,
  0,
  0,
  0,
  0,
  227675,
  'bank_transfer',
  'completed',
  '33333333-3333-4333-a333-333333333333',
  '2026-06-26T14:14:00.000Z'
);
INSERT INTO invoice_items (id, invoice_id, product_id, product_name, sku, quantity, unit_price, discount_percent, discount_amount, line_total)
VALUES (
  '7d8f6f1b-418d-4293-a815-eff83be70b6d',
  '17971e41-144f-47e4-b288-1dfa114e6927',
  'c7f13d7f-df13-43de-aeba-718f47ec79fa',
  'Classic Solid Wood Computer Desk (Engineered Wood, Walnut Brown)',
  'STU-ENG-0172',
  1,
  6500,
  5,
  325,
  6175
);
INSERT INTO invoice_items (id, invoice_id, product_id, product_name, sku, quantity, unit_price, discount_percent, discount_amount, line_total)
VALUES (
  'd65e849d-2031-478a-b2d1-57ed246e6a1c',
  '17971e41-144f-47e4-b288-1dfa114e6927',
  '270a7c5b-50c4-4ac8-9e15-30b5283f6d68',
  'Comfort Rattan Outdoor Swing Chair (Oak Wood, Teak Finish)',
  'OUT-OAK-0260',
  2,
  70000,
  0,
  0,
  140000
);
INSERT INTO invoice_items (id, invoice_id, product_id, product_name, sku, quantity, unit_price, discount_percent, discount_amount, line_total)
VALUES (
  'bd423b51-8e92-4fe3-a581-6302fe475f42',
  '17971e41-144f-47e4-b288-1dfa114e6927',
  '80cf3cab-c718-4427-8775-8237e67c7b47',
  'Modern 5-Tier Open Bookshelf Console (Sheesham Wood, Crimson Red)',
  'BOO-SHE-0294',
  1,
  12500,
  0,
  0,
  12500
);
INSERT INTO invoice_items (id, invoice_id, product_id, product_name, sku, quantity, unit_price, discount_percent, discount_amount, line_total)
VALUES (
  '1752c08d-336a-4d6b-975d-c9893d67f409',
  '17971e41-144f-47e4-b288-1dfa114e6927',
  '9825f632-103b-4099-bc2a-ac6abc48f3e4',
  'Premium Dressing Table with LED Mirror (Mahogany, Walnut Brown)',
  'DRE-MAH-0210',
  2,
  34500,
  0,
  0,
  69000
);
INSERT INTO payments (id, invoice_id, method, amount, reference, created_at) VALUES ('52d737fa-a837-4848-b157-40c4880b9987', '17971e41-144f-47e4-b288-1dfa114e6927', 'bank_transfer', 227675, 'TXN-TF-1417', '2026-06-26T14:14:00.000Z');

-- Invoice TF-1418
INSERT INTO invoices (id, store_id, invoice_number, customer_name, customer_phone, customer_address, subtotal, discount_amount, delivery_charge, installation_charge, round_off, grand_total, payment_method, payment_status, created_by, created_at)
VALUES (
  'dcc50eaf-5c17-4e3b-a62a-6843a18534ab',
  '29f4e073-bc1d-4071-ae3a-c8718a90f998',
  'TF-1418',
  'Siddharth Sen 82',
  '9890276665',
  'H.No. 94, Gali No. 3, Colony Road, Vijayawada, Andhra Pradesh',
  123525,
  0,
  0,
  0,
  0,
  123525,
  'card',
  'completed',
  '22222222-2222-4222-a222-222222222222',
  '2026-06-26T07:34:00.000Z'
);
INSERT INTO invoice_items (id, invoice_id, product_id, product_name, sku, quantity, unit_price, discount_percent, discount_amount, line_total)
VALUES (
  'e69b1e7b-fa94-484c-b4f0-fe34825db6ab',
  'dcc50eaf-5c17-4e3b-a62a-6843a18534ab',
  'ca58ecf2-a452-4fc6-8224-a40a5f4cc238',
  'Premium Sofa Cum Bed (Oak Wood, Charcoal Grey)',
  'SOF-OAK-0010',
  1,
  29500,
  5,
  1475,
  28025
);
INSERT INTO invoice_items (id, invoice_id, product_id, product_name, sku, quantity, unit_price, discount_percent, discount_amount, line_total)
VALUES (
  'c4727128-0d1d-44d5-b4ef-a48df611d730',
  'dcc50eaf-5c17-4e3b-a62a-6843a18534ab',
  'f22b5c8c-e06e-4b9b-88ed-f46837e41e9a',
  'Eco-sustain Wooden Nesting Tables (Mahogany, Ebony Black)',
  'COF-MAH-0137',
  2,
  20000,
  0,
  0,
  40000
);
INSERT INTO invoice_items (id, invoice_id, product_id, product_name, sku, quantity, unit_price, discount_percent, discount_amount, line_total)
VALUES (
  '8fb5b429-26ee-4c9a-b5a2-12f64a9faa31',
  'dcc50eaf-5c17-4e3b-a62a-6843a18534ab',
  '3abd833a-7296-402a-a7f2-ae66f2432e12',
  'Comfort Queen Size Wooden Bed (Mahogany, Warm Beige)',
  'BED-MAH-0032',
  1,
  55500,
  0,
  0,
  55500
);
INSERT INTO payments (id, invoice_id, method, amount, reference, created_at) VALUES ('7c363f84-24d4-40ba-9f2e-6c1431c1182c', 'dcc50eaf-5c17-4e3b-a62a-6843a18534ab', 'card', 123525, 'TXN-TF-1418', '2026-06-26T07:34:00.000Z');

-- Invoice TF-1419
INSERT INTO invoices (id, store_id, invoice_number, customer_name, customer_phone, customer_address, subtotal, discount_amount, delivery_charge, installation_charge, round_off, grand_total, payment_method, payment_status, created_by, created_at)
VALUES (
  '5e81704d-650a-49e5-886b-1c24d85c06a3',
  '29f4e073-bc1d-4071-ae3a-c8718a90f998',
  'TF-1419',
  'Sarita Mishra 81',
  '9887069661',
  'H.No. 93, Gali No. 2, Colony Road, Chennai, Tamil Nadu',
  124650,
  0,
  0,
  500,
  0,
  125150,
  'upi',
  'completed',
  '11111111-1111-4111-a111-111111111111',
  '2026-06-26T11:09:00.000Z'
);
INSERT INTO invoice_items (id, invoice_id, product_id, product_name, sku, quantity, unit_price, discount_percent, discount_amount, line_total)
VALUES (
  'c3af6bc4-fe44-4815-8555-75f8f0cd5190',
  '5e81704d-650a-49e5-886b-1c24d85c06a3',
  'e6444158-024c-435e-94f4-c75b95ee3a56',
  'Luxurious Garden Patio Bistro Set (Engineered Wood, Ebony Black)',
  'OUT-ENG-0247',
  1,
  27000,
  5,
  1350,
  25650
);
INSERT INTO invoice_items (id, invoice_id, product_id, product_name, sku, quantity, unit_price, discount_percent, discount_amount, line_total)
VALUES (
  '85cd9fb6-b2d2-4ea9-b305-89e4c8e769b5',
  '5e81704d-650a-49e5-886b-1c24d85c06a3',
  '247a6615-8092-4bb0-9531-dd6ff2dbc55a',
  'Imperial Manual Rocking Recliner Lounge Chair (Teak Wood, Charcoal Grey)',
  'REC-TEA-0231',
  2,
  49500,
  0,
  0,
  99000
);
INSERT INTO payments (id, invoice_id, method, amount, reference, created_at) VALUES ('353f4846-d916-4ef6-903f-6ac074123e74', '5e81704d-650a-49e5-886b-1c24d85c06a3', 'upi', 125150, 'TXN-TF-1419', '2026-06-26T11:09:00.000Z');

-- Invoice TF-1420
INSERT INTO invoices (id, store_id, invoice_number, customer_name, customer_phone, customer_address, subtotal, discount_amount, delivery_charge, installation_charge, round_off, grand_total, payment_method, payment_status, created_by, created_at)
VALUES (
  'd61afba2-210d-4a76-abd4-329e681d9ba9',
  '29f4e073-bc1d-4071-ae3a-c8718a90f998',
  'TF-1420',
  'Guest',
  '',
  '',
  47025,
  1410.75,
  0,
  0,
  -0.25,
  45614,
  'cash',
  'completed',
  '33333333-3333-4333-a333-333333333333',
  '2026-06-26T05:47:00.000Z'
);
INSERT INTO invoice_items (id, invoice_id, product_id, product_name, sku, quantity, unit_price, discount_percent, discount_amount, line_total)
VALUES (
  '8aa321f0-1b35-4330-baa3-3b8f863d2022',
  'd61afba2-210d-4a76-abd4-329e681d9ba9',
  '247a6615-8092-4bb0-9531-dd6ff2dbc55a',
  'Imperial Manual Rocking Recliner Lounge Chair (Teak Wood, Charcoal Grey)',
  'REC-TEA-0231',
  1,
  49500,
  5,
  2475,
  47025
);
INSERT INTO payments (id, invoice_id, method, amount, reference, created_at) VALUES ('de7bac4b-819f-480b-b1b4-262a75ec585c', 'd61afba2-210d-4a76-abd4-329e681d9ba9', 'cash', 45614, 'TXN-TF-1420', '2026-06-26T05:47:00.000Z');

-- Invoice TF-1421
INSERT INTO invoices (id, store_id, invoice_number, customer_name, customer_phone, customer_address, subtotal, discount_amount, delivery_charge, installation_charge, round_off, grand_total, payment_method, payment_status, created_by, created_at)
VALUES (
  '413f66a2-e28a-48d2-a7b4-6bd50d414564',
  '29f4e073-bc1d-4071-ae3a-c8718a90f998',
  'TF-1421',
  'Sandeep Hegde 79',
  '9877830918',
  'H.No. 91, Gali No. 5, Colony Road, Secunderabad, Telangana',
  288400,
  0,
  0,
  0,
  0,
  288400,
  'split',
  'completed',
  '22222222-2222-4222-a222-222222222222',
  '2026-06-26T11:02:00.000Z'
);
INSERT INTO invoice_items (id, invoice_id, product_id, product_name, sku, quantity, unit_price, discount_percent, discount_amount, line_total)
VALUES (
  'c3703669-29c1-4dfd-a980-c8bb2f3fbbdb',
  '413f66a2-e28a-48d2-a7b4-6bd50d414564',
  'ac54d925-2f92-4f04-9b3f-e89963428209',
  'Premium Manual Rocking Recliner Lounge Chair (Mahogany, Ivory White)',
  'REC-MAH-0222',
  1,
  64000,
  5,
  3200,
  60800
);
INSERT INTO invoice_items (id, invoice_id, product_id, product_name, sku, quantity, unit_price, discount_percent, discount_amount, line_total)
VALUES (
  'ecec8793-f3d4-40d7-9764-3f3ec1baddc3',
  '413f66a2-e28a-48d2-a7b4-6bd50d414564',
  '6386c70a-0d45-4665-9097-fee54a630fac',
  'Comfort Single Motor Power Recliner (Engineered Wood, Crimson Red)',
  'REC-ENG-0239',
  2,
  49000,
  0,
  0,
  98000
);
INSERT INTO invoice_items (id, invoice_id, product_id, product_name, sku, quantity, unit_price, discount_percent, discount_amount, line_total)
VALUES (
  '23dafb4d-caaa-451c-b214-24ecb2718b50',
  '413f66a2-e28a-48d2-a7b4-6bd50d414564',
  '724c1e89-0847-4bc1-90b0-beaf17d8b73a',
  'Modern 5-Tier Open Bookshelf Console (Teak Wood, Ebony Black)',
  'BOO-TEA-0285',
  1,
  21000,
  0,
  0,
  21000
);
INSERT INTO invoice_items (id, invoice_id, product_id, product_name, sku, quantity, unit_price, discount_percent, discount_amount, line_total)
VALUES (
  '45dd0ac7-d47d-4b33-b345-60c6700a1825',
  '413f66a2-e28a-48d2-a7b4-6bd50d414564',
  '8d07e729-4a68-4596-baa0-70c120e00461',
  'Royal Compact Student Desk (Sheesham Wood, Teak Finish)',
  'STU-SHE-0177',
  2,
  22000,
  0,
  0,
  44000
);
INSERT INTO invoice_items (id, invoice_id, product_id, product_name, sku, quantity, unit_price, discount_percent, discount_amount, line_total)
VALUES (
  '728d0f08-6da1-43cb-8a4d-bfb3a412235d',
  '413f66a2-e28a-48d2-a7b4-6bd50d414564',
  '66714533-af7b-4dc1-a3da-3f62a5b8e4cf',
  'Classic Poster Bed (Rose Wood, Teak Finish)',
  'BED-ROS-0039',
  1,
  68000,
  5,
  3400,
  64600
);
INSERT INTO payments (id, invoice_id, method, amount, reference, created_at) VALUES ('79b3cb44-870e-46e6-945e-13cd9dde3c8f', '413f66a2-e28a-48d2-a7b4-6bd50d414564', 'card', 115360, 'TXN-SPLIT-CARD', '2026-06-26T11:02:00.000Z');
INSERT INTO payments (id, invoice_id, method, amount, reference, created_at) VALUES ('009045d3-f2ff-4fa2-a32a-0474a4340418', '413f66a2-e28a-48d2-a7b4-6bd50d414564', 'upi', 173040, 'TXN-SPLIT-UPI', '2026-06-26T11:02:00.000Z');

-- Invoice TF-1422
INSERT INTO invoices (id, store_id, invoice_number, customer_name, customer_phone, customer_address, subtotal, discount_amount, delivery_charge, installation_charge, round_off, grand_total, payment_method, payment_status, created_by, created_at)
VALUES (
  '16b306d7-8403-484e-b135-dd588343244a',
  '29f4e073-bc1d-4071-ae3a-c8718a90f998',
  'TF-1422',
  'Ravi Shankar 78',
  '9895883585',
  'H.No. 90, Gali No. 4, Colony Road, Hyderabad, Telangana',
  136800,
  0,
  0,
  0,
  0,
  136800,
  'bank_transfer',
  'completed',
  '11111111-1111-4111-a111-111111111111',
  '2026-06-26T14:54:00.000Z'
);
INSERT INTO invoice_items (id, invoice_id, product_id, product_name, sku, quantity, unit_price, discount_percent, discount_amount, line_total)
VALUES (
  'a7a6091f-ea2a-4c45-9083-1d7e03e35e54',
  '16b306d7-8403-484e-b135-dd588343244a',
  '9daca54c-237b-4c01-ba37-ee062d75517c',
  'Modern 5-Tier Open Bookshelf Console (Sheesham Wood, Warm Beige)',
  'BOO-SHE-0297',
  1,
  14000,
  5,
  700,
  13300
);
INSERT INTO invoice_items (id, invoice_id, product_id, product_name, sku, quantity, unit_price, discount_percent, discount_amount, line_total)
VALUES (
  '524fefc5-4bcc-4ec7-9574-b9528a630fb3',
  '16b306d7-8403-484e-b135-dd588343244a',
  'a5510930-e139-42b6-aa7a-ad0522efea79',
  'Comfort 6-Drawer Wide Dresser chest (Sheesham Wood, Teak Finish)',
  'DRE-SHE-0218',
  2,
  29500,
  0,
  0,
  59000
);
INSERT INTO invoice_items (id, invoice_id, product_id, product_name, sku, quantity, unit_price, discount_percent, discount_amount, line_total)
VALUES (
  '80493c81-1766-456c-baeb-3001a532f09c',
  '16b306d7-8403-484e-b135-dd588343244a',
  'e981ecd4-f45c-412e-b741-cdae67530aaf',
  'Premium Queen Size Wooden Bed (Oak Wood, Charcoal Grey)',
  'BED-OAK-0037',
  1,
  46500,
  0,
  0,
  46500
);
INSERT INTO invoice_items (id, invoice_id, product_id, product_name, sku, quantity, unit_price, discount_percent, discount_amount, line_total)
VALUES (
  '1e587b5e-acb6-4d88-9244-d6a31c205c27',
  '16b306d7-8403-484e-b135-dd588343244a',
  '249a0f8e-bb21-425f-bb7c-f8c77f73e7f5',
  'Comfort Compact Student Desk (Oak Wood, Charcoal Grey)',
  'STU-OAK-0161',
  2,
  9000,
  0,
  0,
  18000
);
INSERT INTO payments (id, invoice_id, method, amount, reference, created_at) VALUES ('5d844ced-8a65-4331-a510-7a23323e75f7', '16b306d7-8403-484e-b135-dd588343244a', 'bank_transfer', 136800, 'TXN-TF-1422', '2026-06-26T14:54:00.000Z');

-- Invoice TF-1423
INSERT INTO invoices (id, store_id, invoice_number, customer_name, customer_phone, customer_address, subtotal, discount_amount, delivery_charge, installation_charge, round_off, grand_total, payment_method, payment_status, created_by, created_at)
VALUES (
  'ca6db1de-d3df-46df-8556-7894ab7b709a',
  '29f4e073-bc1d-4071-ae3a-c8718a90f998',
  'TF-1423',
  'Ramesh Chandra 77',
  '9869152787',
  'H.No. 89, Gali No. 3, Colony Road, Visakhapatnam, Andhra Pradesh',
  170825,
  0,
  1200,
  0,
  0,
  172025,
  'card',
  'completed',
  '33333333-3333-4333-a333-333333333333',
  '2026-06-27T07:42:00.000Z'
);
INSERT INTO invoice_items (id, invoice_id, product_id, product_name, sku, quantity, unit_price, discount_percent, discount_amount, line_total)
VALUES (
  '18b1737c-1c70-413c-aa77-df3c2fde239e',
  'ca6db1de-d3df-46df-8556-7894ab7b709a',
  '1280de43-e6cc-42f2-98a3-76c7934f4b5c',
  'Comfort Marble Top Dining Table (Rose Wood, Ebony Black)',
  'DIN-ROS-0047',
  1,
  103500,
  5,
  5175,
  98325
);
INSERT INTO invoice_items (id, invoice_id, product_id, product_name, sku, quantity, unit_price, discount_percent, discount_amount, line_total)
VALUES (
  '208f9c1f-927f-49b0-8d22-c411a05ed32d',
  'ca6db1de-d3df-46df-8556-7894ab7b709a',
  '7aac02d1-8e50-4be0-827f-61dfc0e26ab1',
  'Imperial Compact Student Desk (Sheesham Wood, Ebony Black)',
  'STU-SHE-0165',
  2,
  14000,
  0,
  0,
  28000
);
INSERT INTO invoice_items (id, invoice_id, product_id, product_name, sku, quantity, unit_price, discount_percent, discount_amount, line_total)
VALUES (
  '13e67fb0-e90c-40a6-8483-58bffbfc4f95',
  'ca6db1de-d3df-46df-8556-7894ab7b709a',
  'c7b46c58-d8ab-4bb0-a759-8652c20a988c',
  'Classic Orthopedic Memory Foam Mattress (Oak Wood, Teak Finish)',
  'MAT-OAK-0190',
  1,
  44500,
  0,
  0,
  44500
);
INSERT INTO payments (id, invoice_id, method, amount, reference, created_at) VALUES ('3d8c1bb1-3536-4424-bff1-debdcfb57783', 'ca6db1de-d3df-46df-8556-7894ab7b709a', 'card', 172025, 'TXN-TF-1423', '2026-06-27T07:42:00.000Z');

-- Invoice TF-1424
INSERT INTO invoices (id, store_id, invoice_number, customer_name, customer_phone, customer_address, subtotal, discount_amount, delivery_charge, installation_charge, round_off, grand_total, payment_method, payment_status, created_by, created_at)
VALUES (
  'da46ec15-abe8-47a3-b163-57fcb4d58ebc',
  '29f4e073-bc1d-4071-ae3a-c8718a90f998',
  'TF-1424',
  'Guest',
  '',
  '',
  55425,
  0,
  0,
  0,
  0,
  55425,
  'upi',
  'completed',
  '22222222-2222-4222-a222-222222222222',
  '2026-06-27T13:30:00.000Z'
);
INSERT INTO invoice_items (id, invoice_id, product_id, product_name, sku, quantity, unit_price, discount_percent, discount_amount, line_total)
VALUES (
  '14d1205a-93ef-4f61-8191-d53fbf2f0977',
  'da46ec15-abe8-47a3-b163-57fcb4d58ebc',
  '9f572dd5-cbbe-4acf-b7c6-cd9904cfeaf4',
  'Luxurious 2-Door Sliding Wardrobe (Engineered Wood, Ebony Black)',
  'WAR-ENG-0142',
  1,
  21500,
  5,
  1075,
  20425
);
INSERT INTO invoice_items (id, invoice_id, product_id, product_name, sku, quantity, unit_price, discount_percent, discount_amount, line_total)
VALUES (
  'e9af6970-e8c0-4775-9b6f-386bfd5e0e6a',
  'da46ec15-abe8-47a3-b163-57fcb4d58ebc',
  'b6dab7c1-bf96-42bc-9974-72cc6dbd9c89',
  'Imperial Solid Wood Computer Desk (Mahogany, Walnut Brown)',
  'STU-MAH-0180',
  2,
  17500,
  0,
  0,
  35000
);
INSERT INTO payments (id, invoice_id, method, amount, reference, created_at) VALUES ('e40a02af-57ea-4343-8d54-c5d2a5b9c341', 'da46ec15-abe8-47a3-b163-57fcb4d58ebc', 'upi', 55425, 'TXN-TF-1424', '2026-06-27T13:30:00.000Z');

-- Invoice TF-1425
INSERT INTO invoices (id, store_id, invoice_number, customer_name, customer_phone, customer_address, subtotal, discount_amount, delivery_charge, installation_charge, round_off, grand_total, payment_method, payment_status, created_by, created_at)
VALUES (
  'cdaa5348-a648-4722-a8f7-3255f20a9542',
  '29f4e073-bc1d-4071-ae3a-c8718a90f998',
  'TF-1425',
  'Priya Pillai 75',
  '9858180741',
  'H.No. 87, Gali No. 1, Colony Road, Chennai, Tamil Nadu',
  109725,
  0,
  0,
  0,
  0,
  109725,
  'cash',
  'cancelled',
  '11111111-1111-4111-a111-111111111111',
  '2026-06-27T14:48:00.000Z'
);
INSERT INTO invoice_items (id, invoice_id, product_id, product_name, sku, quantity, unit_price, discount_percent, discount_amount, line_total)
VALUES (
  '98539d12-118c-4d43-b2cc-0ab514fa6d9d',
  'cdaa5348-a648-4722-a8f7-3255f20a9542',
  'e4513259-363d-4f87-a80b-f9895dc0963f',
  'Comfort 2-Door Sliding Wardrobe (Oak Wood, Ivory White)',
  'WAR-OAK-0158',
  1,
  115500,
  5,
  5775,
  109725
);

-- Invoice TF-1426
INSERT INTO invoices (id, store_id, invoice_number, customer_name, customer_phone, customer_address, subtotal, discount_amount, delivery_charge, installation_charge, round_off, grand_total, payment_method, payment_status, created_by, created_at)
VALUES (
  '62356405-9999-4926-bccc-fd8ea05e8e90',
  '29f4e073-bc1d-4071-ae3a-c8718a90f998',
  'TF-1426',
  'Pranav Kulkarni 74',
  '9873714466',
  'H.No. 86, Gali No. 5, Colony Road, Bangalore, Karnataka',
  161475,
  0,
  0,
  0,
  0,
  161475,
  'split',
  'completed',
  '33333333-3333-4333-a333-333333333333',
  '2026-06-27T05:40:00.000Z'
);
INSERT INTO invoice_items (id, invoice_id, product_id, product_name, sku, quantity, unit_price, discount_percent, discount_amount, line_total)
VALUES (
  '23e1ed0a-0120-422c-847b-11c719e6718f',
  '62356405-9999-4926-bccc-fd8ea05e8e90',
  '80cf3cab-c718-4427-8775-8237e67c7b47',
  'Modern 5-Tier Open Bookshelf Console (Sheesham Wood, Crimson Red)',
  'BOO-SHE-0294',
  1,
  12500,
  5,
  625,
  11875
);
INSERT INTO invoice_items (id, invoice_id, product_id, product_name, sku, quantity, unit_price, discount_percent, discount_amount, line_total)
VALUES (
  '9a8cd6bf-e1e3-42f0-bdf7-f966163e784e',
  '62356405-9999-4926-bccc-fd8ea05e8e90',
  '75e3ad51-3d14-4712-ab6b-65251037f898',
  'Classic Rattan Accent Chair (Teak Wood, Walnut Brown)',
  'DIN-TEA-0064',
  2,
  6000,
  0,
  0,
  12000
);
INSERT INTO invoice_items (id, invoice_id, product_id, product_name, sku, quantity, unit_price, discount_percent, discount_amount, line_total)
VALUES (
  '25ecfa28-3d8a-485a-a83c-dc1f6e4b9d61',
  '62356405-9999-4926-bccc-fd8ea05e8e90',
  'dd675736-ed52-4b59-a191-b810835af4ea',
  'Classic Single Bed (Mahogany, Teak Finish)',
  'BED-MAH-0028',
  1,
  42500,
  0,
  0,
  42500
);
INSERT INTO invoice_items (id, invoice_id, product_id, product_name, sku, quantity, unit_price, discount_percent, discount_amount, line_total)
VALUES (
  'ab908ccd-a8ca-43c2-9a85-596597879dbb',
  '62356405-9999-4926-bccc-fd8ea05e8e90',
  '66d0f462-e8d2-4221-9f49-d5cfe3ad553e',
  'Imperial Single Motor Power Recliner (Rose Wood, Ebony Black)',
  'REC-ROS-0227',
  2,
  39000,
  0,
  0,
  78000
);
INSERT INTO invoice_items (id, invoice_id, product_id, product_name, sku, quantity, unit_price, discount_percent, discount_amount, line_total)
VALUES (
  'd5d90ddc-00d9-45f1-a09e-37832088641d',
  '62356405-9999-4926-bccc-fd8ea05e8e90',
  'e9b65f20-afc6-4f19-9fc3-4c66b614b4c8',
  'Minimalist Ergonomic Task Chair (Teak Wood, Charcoal Grey)',
  'OFF-TEA-0097',
  1,
  18000,
  5,
  900,
  17100
);
INSERT INTO payments (id, invoice_id, method, amount, reference, created_at) VALUES ('21b174d6-ee7f-4cf8-8caf-d07d13b84f10', '62356405-9999-4926-bccc-fd8ea05e8e90', 'card', 64590, 'TXN-SPLIT-CARD', '2026-06-27T05:40:00.000Z');
INSERT INTO payments (id, invoice_id, method, amount, reference, created_at) VALUES ('2691455e-b9fc-4fa8-b11e-47273840ba04', '62356405-9999-4926-bccc-fd8ea05e8e90', 'upi', 96885, 'TXN-SPLIT-UPI', '2026-06-27T05:40:00.000Z');

-- Invoice TF-1427
INSERT INTO invoices (id, store_id, invoice_number, customer_name, customer_phone, customer_address, subtotal, discount_amount, delivery_charge, installation_charge, round_off, grand_total, payment_method, payment_status, created_by, created_at)
VALUES (
  'a95b16df-d64a-4da1-9a02-96c2c8339d70',
  '29f4e073-bc1d-4071-ae3a-c8718a90f998',
  'TF-1427',
  'Neha Deshmukh 73',
  '9817255110',
  'H.No. 85, Gali No. 4, Colony Road, Secunderabad, Telangana',
  216925,
  0,
  0,
  0,
  0,
  216925,
  'bank_transfer',
  'completed',
  '22222222-2222-4222-a222-222222222222',
  '2026-06-27T11:19:00.000Z'
);
INSERT INTO invoice_items (id, invoice_id, product_id, product_name, sku, quantity, unit_price, discount_percent, discount_amount, line_total)
VALUES (
  '454c50cb-22dc-49d4-a0fb-ce804fdcee32',
  'a95b16df-d64a-4da1-9a02-96c2c8339d70',
  'de5a441f-fdb0-484e-939b-3294a89ddd1f',
  'Minimalist 3-Door Wardrobe with Mirror (Sheesham Wood, Ivory White)',
  'WAR-SHE-0149',
  1,
  91500,
  5,
  4575,
  86925
);
INSERT INTO invoice_items (id, invoice_id, product_id, product_name, sku, quantity, unit_price, discount_percent, discount_amount, line_total)
VALUES (
  'c23e73d4-f466-4cd2-8836-559736a9818f',
  'a95b16df-d64a-4da1-9a02-96c2c8339d70',
  '0493c5d8-0fe3-44cf-97dc-8b1faa8dc55a',
  'Eco-sustain Marble Top Dining Table (Engineered Wood, Ebony Black)',
  'DIN-ENG-0059',
  2,
  40500,
  0,
  0,
  81000
);
INSERT INTO invoice_items (id, invoice_id, product_id, product_name, sku, quantity, unit_price, discount_percent, discount_amount, line_total)
VALUES (
  '556dc3c1-2230-4b60-9fb6-c08c581048b4',
  'a95b16df-d64a-4da1-9a02-96c2c8339d70',
  '138586f2-81ee-460c-ae17-a1294ae23278',
  'Comfort Shoe Storage Bench Rack (Sheesham Wood, Walnut Brown)',
  'STO-SHE-0268',
  1,
  9000,
  0,
  0,
  9000
);
INSERT INTO invoice_items (id, invoice_id, product_id, product_name, sku, quantity, unit_price, discount_percent, discount_amount, line_total)
VALUES (
  '07a0c8eb-14cf-456d-b0a7-1282e1fe24bf',
  'a95b16df-d64a-4da1-9a02-96c2c8339d70',
  '1ffc0d53-7cbf-4a45-9195-85b74571e2a3',
  'Heritage Garden Patio Bistro Set (Rose Wood, Ivory White)',
  'OUT-ROS-0256',
  2,
  20000,
  0,
  0,
  40000
);
INSERT INTO payments (id, invoice_id, method, amount, reference, created_at) VALUES ('e7559554-f936-46f6-b760-f99f70128369', 'a95b16df-d64a-4da1-9a02-96c2c8339d70', 'bank_transfer', 216925, 'TXN-TF-1427', '2026-06-27T11:19:00.000Z');

-- Invoice TF-1428
INSERT INTO invoices (id, store_id, invoice_number, customer_name, customer_phone, customer_address, subtotal, discount_amount, delivery_charge, installation_charge, round_off, grand_total, payment_method, payment_status, created_by, created_at)
VALUES (
  '03ca3817-5b4e-4bac-99d4-14f3e7fd21e7',
  '29f4e073-bc1d-4071-ae3a-c8718a90f998',
  'TF-1428',
  'Guest',
  '',
  '',
  127700,
  0,
  0,
  500,
  0,
  128200,
  'card',
  'completed',
  '11111111-1111-4111-a111-111111111111',
  '2026-06-28T12:04:00.000Z'
);
INSERT INTO invoice_items (id, invoice_id, product_id, product_name, sku, quantity, unit_price, discount_percent, discount_amount, line_total)
VALUES (
  '0a03780a-61df-4deb-8e55-f474c5d9a595',
  '03ca3817-5b4e-4bac-99d4-14f3e7fd21e7',
  'dd6c98cd-ad0c-4287-8ac3-225fe5aa2c4d',
  'Royal Wooden Nesting Tables (Rose Wood, Ebony Black)',
  'COF-ROS-0129',
  1,
  6000,
  5,
  300,
  5700
);
INSERT INTO invoice_items (id, invoice_id, product_id, product_name, sku, quantity, unit_price, discount_percent, discount_amount, line_total)
VALUES (
  '96c90242-bb23-4f29-a943-0b2dc561a3c9',
  '03ca3817-5b4e-4bac-99d4-14f3e7fd21e7',
  'dff9c288-5cef-4f4e-91e4-2058ea894768',
  'Eco-sustain Wall Mounted TV Cabinet (Engineered Wood, Charcoal Grey)',
  'TV -ENG-0101',
  2,
  33500,
  0,
  0,
  67000
);
INSERT INTO invoice_items (id, invoice_id, product_id, product_name, sku, quantity, unit_price, discount_percent, discount_amount, line_total)
VALUES (
  '10d82316-1fd9-4f4d-8904-cd6ac5f9f22d',
  '03ca3817-5b4e-4bac-99d4-14f3e7fd21e7',
  'e5e8c18e-63a3-4746-bd07-08c73514992a',
  'Comfort Pocket Spring Premium Mattress (Teak Wood, Ivory White)',
  'MAT-TEA-0182',
  1,
  55000,
  0,
  0,
  55000
);
INSERT INTO payments (id, invoice_id, method, amount, reference, created_at) VALUES ('eef743c1-f785-4eb7-80a7-e88aa3363c02', '03ca3817-5b4e-4bac-99d4-14f3e7fd21e7', 'card', 128200, 'TXN-TF-1428', '2026-06-28T12:04:00.000Z');

-- Invoice TF-1429
INSERT INTO invoices (id, store_id, invoice_number, customer_name, customer_phone, customer_address, subtotal, discount_amount, delivery_charge, installation_charge, round_off, grand_total, payment_method, payment_status, created_by, created_at)
VALUES (
  '783016cc-bf8b-4585-a063-5687b541d6a7',
  '29f4e073-bc1d-4071-ae3a-c8718a90f998',
  'TF-1429',
  'Kavitha Hegde 71',
  '9888335467',
  'H.No. 83, Gali No. 2, Colony Road, Visakhapatnam, Andhra Pradesh',
  35625,
  0,
  0,
  0,
  0,
  35625,
  'upi',
  'completed',
  '33333333-3333-4333-a333-333333333333',
  '2026-06-28T07:33:00.000Z'
);
INSERT INTO invoice_items (id, invoice_id, product_id, product_name, sku, quantity, unit_price, discount_percent, discount_amount, line_total)
VALUES (
  '12c5f3a7-1518-4bb7-bde1-53a4088efe87',
  '783016cc-bf8b-4585-a063-5687b541d6a7',
  'ad43dc01-66f1-487c-9f06-f2bc3648b2f0',
  'Luxurious King Size Bed with Storage (Mahogany, Warm Beige)',
  'BED-MAH-0021',
  1,
  17500,
  5,
  875,
  16625
);
INSERT INTO invoice_items (id, invoice_id, product_id, product_name, sku, quantity, unit_price, discount_percent, discount_amount, line_total)
VALUES (
  'aa8d7d6e-956f-42af-a151-0c27d8c72c8f',
  '783016cc-bf8b-4585-a063-5687b541d6a7',
  'e2a346ed-dbcd-4755-91ba-c6bed535d05e',
  'Imperial Shoe Storage Bench Rack (Rose Wood, Warm Beige)',
  'STO-ROS-0277',
  2,
  9500,
  0,
  0,
  19000
);
INSERT INTO payments (id, invoice_id, method, amount, reference, created_at) VALUES ('d31f13cf-68eb-4ee3-ba11-3dadf11871e4', '783016cc-bf8b-4585-a063-5687b541d6a7', 'upi', 35625, 'TXN-TF-1429', '2026-06-28T07:33:00.000Z');

-- Invoice TF-1430
INSERT INTO invoices (id, store_id, invoice_number, customer_name, customer_phone, customer_address, subtotal, discount_amount, delivery_charge, installation_charge, round_off, grand_total, payment_method, payment_status, created_by, created_at)
VALUES (
  '11bfe48b-215b-4853-939a-eacd2f018fe0',
  '29f4e073-bc1d-4071-ae3a-c8718a90f998',
  'TF-1430',
  'Karthik Swami 70',
  '9886962591',
  'H.No. 82, Gali No. 1, Colony Road, Vijayawada, Andhra Pradesh',
  9025,
  270.75,
  1200,
  0,
  -0.25,
  9954,
  'cash',
  'completed',
  '22222222-2222-4222-a222-222222222222',
  '2026-06-28T10:47:00.000Z'
);
INSERT INTO invoice_items (id, invoice_id, product_id, product_name, sku, quantity, unit_price, discount_percent, discount_amount, line_total)
VALUES (
  '6c67c87f-50c9-47d7-a17f-4f1ed05f9838',
  '11bfe48b-215b-4853-939a-eacd2f018fe0',
  'f9b40d20-052f-4c8a-8fa7-c32b87ce1d35',
  'Modern Modular TV Stand with Shelves (Oak Wood, Crimson Red)',
  'TV -OAK-0115',
  1,
  9500,
  5,
  475,
  9025
);
INSERT INTO payments (id, invoice_id, method, amount, reference, created_at) VALUES ('a2d4a4c3-3e6d-4176-9ec3-9c20b3164e44', '11bfe48b-215b-4853-939a-eacd2f018fe0', 'cash', 9954, 'TXN-TF-1430', '2026-06-28T10:47:00.000Z');

-- Invoice TF-1431
INSERT INTO invoices (id, store_id, invoice_number, customer_name, customer_phone, customer_address, subtotal, discount_amount, delivery_charge, installation_charge, round_off, grand_total, payment_method, payment_status, created_by, created_at)
VALUES (
  'ce64a8b6-97cd-48ce-8907-d747771c8c31',
  '29f4e073-bc1d-4071-ae3a-c8718a90f998',
  'TF-1431',
  'Jyoti Prasad 69',
  '9894252754',
  'H.No. 81, Gali No. 5, Colony Road, Chennai, Tamil Nadu',
  99550,
  0,
  0,
  0,
  0,
  99550,
  'split',
  'completed',
  '11111111-1111-4111-a111-111111111111',
  '2026-06-28T06:50:00.000Z'
);
INSERT INTO invoice_items (id, invoice_id, product_id, product_name, sku, quantity, unit_price, discount_percent, discount_amount, line_total)
VALUES (
  '88508913-be26-4781-a612-b20e9638e8ca',
  'ce64a8b6-97cd-48ce-8907-d747771c8c31',
  '63829521-e822-4979-94fa-614ef8a61549',
  'Eco-sustain High Back Chair (Sheesham Wood, Teak Finish)',
  'DIN-SHE-0075',
  1,
  9000,
  5,
  450,
  8550
);
INSERT INTO invoice_items (id, invoice_id, product_id, product_name, sku, quantity, unit_price, discount_percent, discount_amount, line_total)
VALUES (
  '668c3de6-0631-4e44-bf88-bb145c1dfc18',
  'ce64a8b6-97cd-48ce-8907-d747771c8c31',
  'c1771c62-acea-49f4-99d5-7cc40f440a36',
  'Eco-sustain Solid Wood Dining Chair (Sheesham Wood, Teak Finish)',
  'DIN-SHE-0074',
  2,
  12000,
  0,
  0,
  24000
);
INSERT INTO invoice_items (id, invoice_id, product_id, product_name, sku, quantity, unit_price, discount_percent, discount_amount, line_total)
VALUES (
  'dec2e64c-4e0c-4f35-896c-bd3c58a1ded4',
  'ce64a8b6-97cd-48ce-8907-d747771c8c31',
  'ad43dc01-66f1-487c-9f06-f2bc3648b2f0',
  'Luxurious King Size Bed with Storage (Mahogany, Warm Beige)',
  'BED-MAH-0021',
  1,
  17500,
  0,
  0,
  17500
);
INSERT INTO invoice_items (id, invoice_id, product_id, product_name, sku, quantity, unit_price, discount_percent, discount_amount, line_total)
VALUES (
  'c22984e4-ee53-4e05-8995-77bcbc24c303',
  'ce64a8b6-97cd-48ce-8907-d747771c8c31',
  'f22b5c8c-e06e-4b9b-88ed-f46837e41e9a',
  'Eco-sustain Wooden Nesting Tables (Mahogany, Ebony Black)',
  'COF-MAH-0137',
  2,
  20000,
  0,
  0,
  40000
);
INSERT INTO invoice_items (id, invoice_id, product_id, product_name, sku, quantity, unit_price, discount_percent, discount_amount, line_total)
VALUES (
  '138daefe-d3d1-4ede-a806-07618e140ce5',
  'ce64a8b6-97cd-48ce-8907-d747771c8c31',
  '43b516c1-0eb3-4b97-ab01-56c4918d0676',
  'Eco-sustain Ladder Bookshelf Display Unit (Engineered Wood, Warm Beige)',
  'BOO-ENG-0284',
  1,
  10000,
  5,
  500,
  9500
);
INSERT INTO payments (id, invoice_id, method, amount, reference, created_at) VALUES ('d025975c-b6e4-4479-b16e-9e24085e9ec3', 'ce64a8b6-97cd-48ce-8907-d747771c8c31', 'card', 39820, 'TXN-SPLIT-CARD', '2026-06-28T06:50:00.000Z');
INSERT INTO payments (id, invoice_id, method, amount, reference, created_at) VALUES ('34d647ba-4302-43b6-99ad-4556343c6551', 'ce64a8b6-97cd-48ce-8907-d747771c8c31', 'upi', 59730, 'TXN-SPLIT-UPI', '2026-06-28T06:50:00.000Z');

-- Invoice TF-1432
INSERT INTO invoices (id, store_id, invoice_number, customer_name, customer_phone, customer_address, subtotal, discount_amount, delivery_charge, installation_charge, round_off, grand_total, payment_method, payment_status, created_by, created_at)
VALUES (
  '8a77a405-9a46-478c-ab01-2d2c3b8f7a7c',
  '29f4e073-bc1d-4071-ae3a-c8718a90f998',
  'TF-1432',
  'Guest',
  '',
  '',
  110075,
  0,
  0,
  0,
  0,
  110075,
  'bank_transfer',
  'completed',
  '33333333-3333-4333-a333-333333333333',
  '2026-06-28T08:31:00.000Z'
);
INSERT INTO invoice_items (id, invoice_id, product_id, product_name, sku, quantity, unit_price, discount_percent, discount_amount, line_total)
VALUES (
  '7655a562-fdfc-412b-832d-a5cc7f9ac02c',
  '8a77a405-9a46-478c-ab01-2d2c3b8f7a7c',
  '269baf12-2c80-46b8-9fc2-6550d3452bf9',
  'Premium Floor Standing TV Console (Teak Wood, Ocean Blue)',
  'TV -TEA-0114',
  1,
  38500,
  5,
  1925,
  36575
);
INSERT INTO invoice_items (id, invoice_id, product_id, product_name, sku, quantity, unit_price, discount_percent, discount_amount, line_total)
VALUES (
  '6e8bdd75-3b9b-450c-acc9-a3a98bd95cec',
  '8a77a405-9a46-478c-ab01-2d2c3b8f7a7c',
  'c6c9baff-b6c0-4b26-840b-5ebd9022835d',
  'Royal 6-Drawer Wide Dresser chest (Mahogany, Charcoal Grey)',
  'DRE-MAH-0212',
  2,
  10500,
  0,
  0,
  21000
);
INSERT INTO invoice_items (id, invoice_id, product_id, product_name, sku, quantity, unit_price, discount_percent, discount_amount, line_total)
VALUES (
  '4f56640e-15f3-48bc-8d25-1ab70970e1e3',
  '8a77a405-9a46-478c-ab01-2d2c3b8f7a7c',
  '853d0482-2bba-4db5-bedd-febbf9e73e73',
  'Minimalist Solid Wood Computer Desk (Engineered Wood, Ebony Black)',
  'STU-ENG-0164',
  1,
  17500,
  0,
  0,
  17500
);
INSERT INTO invoice_items (id, invoice_id, product_id, product_name, sku, quantity, unit_price, discount_percent, discount_amount, line_total)
VALUES (
  'd60d915c-fd1f-42e2-a488-256b06081ffa',
  '8a77a405-9a46-478c-ab01-2d2c3b8f7a7c',
  '82345ae0-f851-4577-8a2f-ac1e48a15cbc',
  'Royal Compact Student Desk (Mahogany, Ocean Blue)',
  'STU-MAH-0173',
  2,
  17500,
  0,
  0,
  35000
);
INSERT INTO payments (id, invoice_id, method, amount, reference, created_at) VALUES ('0f05fe7f-16f2-40c2-a384-9108a18724c6', '8a77a405-9a46-478c-ab01-2d2c3b8f7a7c', 'bank_transfer', 110075, 'TXN-TF-1432', '2026-06-28T08:31:00.000Z');

-- Invoice TF-1433
INSERT INTO invoices (id, store_id, invoice_number, customer_name, customer_phone, customer_address, subtotal, discount_amount, delivery_charge, installation_charge, round_off, grand_total, payment_method, payment_status, created_by, created_at)
VALUES (
  '2bc50e22-6f43-4415-9c52-65261bc2eff6',
  '29f4e073-bc1d-4071-ae3a-c8718a90f998',
  'TF-1433',
  'Harish Rao 67',
  '9868969461',
  'H.No. 79, Gali No. 3, Colony Road, Secunderabad, Telangana',
  62575,
  0,
  0,
  0,
  0,
  62575,
  'card',
  'completed',
  '22222222-2222-4222-a222-222222222222',
  '2026-06-28T13:35:00.000Z'
);
INSERT INTO invoice_items (id, invoice_id, product_id, product_name, sku, quantity, unit_price, discount_percent, discount_amount, line_total)
VALUES (
  'e42ec6d9-dd78-4ce8-90f8-301b690624ad',
  '2bc50e22-6f43-4415-9c52-65261bc2eff6',
  '0ad575b6-f822-4798-bc2e-7508555b0061',
  'Premium 6-Drawer Wide Dresser chest (Rose Wood, Walnut Brown)',
  'DRE-ROS-0209',
  1,
  18500,
  5,
  925,
  17575
);
INSERT INTO invoice_items (id, invoice_id, product_id, product_name, sku, quantity, unit_price, discount_percent, discount_amount, line_total)
VALUES (
  '8decdccb-4844-4c24-ad66-cbc97ce985d5',
  '2bc50e22-6f43-4415-9c52-65261bc2eff6',
  'cc1fe24a-9fbf-4ebd-b146-9926bc4dcdf4',
  'Luxurious Mesh Medium-Back Office Chair (Teak Wood, Ebony Black)',
  'OFF-TEA-0099',
  2,
  10000,
  0,
  0,
  20000
);
INSERT INTO invoice_items (id, invoice_id, product_id, product_name, sku, quantity, unit_price, discount_percent, discount_amount, line_total)
VALUES (
  '6da0c0eb-075b-4fd3-9267-21d6fea528dd',
  '2bc50e22-6f43-4415-9c52-65261bc2eff6',
  'd962ea49-1145-464e-ab65-42de5c30bf2c',
  'Imperial Multi-drawer Utility Cabinet (Engineered Wood, Walnut Brown)',
  'STO-ENG-0273',
  1,
  25000,
  0,
  0,
  25000
);
INSERT INTO payments (id, invoice_id, method, amount, reference, created_at) VALUES ('e66cb7e4-2ae8-400b-bcc2-2d2b27ba0b9b', '2bc50e22-6f43-4415-9c52-65261bc2eff6', 'card', 62575, 'TXN-TF-1433', '2026-06-28T13:35:00.000Z');

-- Invoice TF-1434
INSERT INTO invoices (id, store_id, invoice_number, customer_name, customer_phone, customer_address, subtotal, discount_amount, delivery_charge, installation_charge, round_off, grand_total, payment_method, payment_status, created_by, created_at)
VALUES (
  '90cf7e9b-ec06-4496-b926-af1a25e8af9b',
  '29f4e073-bc1d-4071-ae3a-c8718a90f998',
  'TF-1434',
  'Divya Nair 66',
  '9833632371',
  'H.No. 78, Gali No. 2, Colony Road, Hyderabad, Telangana',
  55825,
  0,
  0,
  0,
  0,
  55825,
  'upi',
  'completed',
  '11111111-1111-4111-a111-111111111111',
  '2026-06-29T06:40:00.000Z'
);
INSERT INTO invoice_items (id, invoice_id, product_id, product_name, sku, quantity, unit_price, discount_percent, discount_amount, line_total)
VALUES (
  '665b3ec1-7322-40a7-93e9-01ab5d39349b',
  '90cf7e9b-ec06-4496-b926-af1a25e8af9b',
  'dece08e4-fdc8-4e4a-8014-9259722efd67',
  'Luxurious Recliner Sofa (Mahogany, Teak Finish)',
  'SOF-MAH-0018',
  1,
  33500,
  5,
  1675,
  31825
);
INSERT INTO invoice_items (id, invoice_id, product_id, product_name, sku, quantity, unit_price, discount_percent, discount_amount, line_total)
VALUES (
  '11d3d052-3737-4b7f-8559-4a05b536b117',
  '90cf7e9b-ec06-4496-b926-af1a25e8af9b',
  '15feddc0-50c6-404f-99d9-74ae44294f02',
  'Minimalist Shoe Storage Bench Rack (Sheesham Wood, Crimson Red)',
  'STO-SHE-0271',
  2,
  12000,
  0,
  0,
  24000
);
INSERT INTO payments (id, invoice_id, method, amount, reference, created_at) VALUES ('2a5299fa-be2d-415b-956f-3a129024d027', '90cf7e9b-ec06-4496-b926-af1a25e8af9b', 'upi', 55825, 'TXN-TF-1434', '2026-06-29T06:40:00.000Z');

-- Invoice TF-1435
INSERT INTO invoices (id, store_id, invoice_number, customer_name, customer_phone, customer_address, subtotal, discount_amount, delivery_charge, installation_charge, round_off, grand_total, payment_method, payment_status, created_by, created_at)
VALUES (
  '62eaf621-97f2-4398-b0a3-ef885b829cd0',
  '29f4e073-bc1d-4071-ae3a-c8718a90f998',
  'TF-1435',
  'Deepak Reddy 65',
  '9845429366',
  'H.No. 77, Gali No. 1, Colony Road, Visakhapatnam, Andhra Pradesh',
  95950,
  0,
  0,
  0,
  0,
  95950,
  'cash',
  'completed',
  '33333333-3333-4333-a333-333333333333',
  '2026-06-29T10:59:00.000Z'
);
INSERT INTO invoice_items (id, invoice_id, product_id, product_name, sku, quantity, unit_price, discount_percent, discount_amount, line_total)
VALUES (
  'a1a42812-35dd-4dcf-a1ab-ae19d70824fe',
  '62eaf621-97f2-4398-b0a3-ef885b829cd0',
  'aaf9e9a7-2afd-4d6b-873e-3403eeb7bbf4',
  'Comfort L-Shape Sofa Sectional (Rose Wood, Ocean Blue)',
  'SOF-ROS-0007',
  1,
  101000,
  5,
  5050,
  95950
);
INSERT INTO payments (id, invoice_id, method, amount, reference, created_at) VALUES ('6c627ed7-98ec-41d7-ae97-022cb107cc6f', '62eaf621-97f2-4398-b0a3-ef885b829cd0', 'cash', 95950, 'TXN-TF-1435', '2026-06-29T10:59:00.000Z');

-- Invoice TF-1436
INSERT INTO invoices (id, store_id, invoice_number, customer_name, customer_phone, customer_address, subtotal, discount_amount, delivery_charge, installation_charge, round_off, grand_total, payment_method, payment_status, created_by, created_at)
VALUES (
  '63ed74cc-7c8c-4d06-967a-b2908e142538',
  '29f4e073-bc1d-4071-ae3a-c8718a90f998',
  'TF-1436',
  'Guest',
  '',
  '',
  240425,
  0,
  0,
  0,
  0,
  240425,
  'split',
  'completed',
  '22222222-2222-4222-a222-222222222222',
  '2026-06-29T05:05:00.000Z'
);
INSERT INTO invoice_items (id, invoice_id, product_id, product_name, sku, quantity, unit_price, discount_percent, discount_amount, line_total)
VALUES (
  '89ff08a1-c8bb-4a58-a8e5-3cfff94bee09',
  '63ed74cc-7c8c-4d06-967a-b2908e142538',
  'daa55337-8a17-46da-a3f2-5955d8fa5f76',
  'Classic Storage Trunk Coffee Table (Teak Wood, Ivory White)',
  'COF-TEA-0139',
  1,
  21000,
  5,
  1050,
  19950
);
INSERT INTO invoice_items (id, invoice_id, product_id, product_name, sku, quantity, unit_price, discount_percent, discount_amount, line_total)
VALUES (
  'a02ef070-a86f-46bf-b4e5-52739d1bedec',
  '63ed74cc-7c8c-4d06-967a-b2908e142538',
  'f22b5c8c-e06e-4b9b-88ed-f46837e41e9a',
  'Eco-sustain Wooden Nesting Tables (Mahogany, Ebony Black)',
  'COF-MAH-0137',
  2,
  20000,
  0,
  0,
  40000
);
INSERT INTO invoice_items (id, invoice_id, product_id, product_name, sku, quantity, unit_price, discount_percent, discount_amount, line_total)
VALUES (
  '6e24fb0b-fd1f-4c1c-a461-648a7d3d10db',
  '63ed74cc-7c8c-4d06-967a-b2908e142538',
  '786e7a3f-ba93-4ac2-b981-00c03f0be352',
  'Luxurious Modular 4-Door Wardrobe (Sheesham Wood, Ebony Black)',
  'WAR-SHE-0147',
  1,
  75000,
  0,
  0,
  75000
);
INSERT INTO invoice_items (id, invoice_id, product_id, product_name, sku, quantity, unit_price, discount_percent, discount_amount, line_total)
VALUES (
  '5d2fa568-bb78-4bb9-9c1b-c1774fcb1947',
  '63ed74cc-7c8c-4d06-967a-b2908e142538',
  '637df026-9f25-4715-a8ae-0d6e4b9a29e8',
  'Heritage Closed Glass-door Library Cabinet (Rose Wood, Warm Beige)',
  'BOO-ROS-0298',
  2,
  24000,
  0,
  0,
  48000
);
INSERT INTO invoice_items (id, invoice_id, product_id, product_name, sku, quantity, unit_price, discount_percent, discount_amount, line_total)
VALUES (
  '1ccdf379-42e6-4df8-9ff1-bec85194923e',
  '63ed74cc-7c8c-4d06-967a-b2908e142538',
  'b6a6fd11-7b41-4135-a9dc-47447b75c11e',
  'Premium Extendable Dining Table (Sheesham Wood, Teak Finish)',
  'DIN-SHE-0044',
  1,
  60500,
  5,
  3025,
  57475
);
INSERT INTO payments (id, invoice_id, method, amount, reference, created_at) VALUES ('271cbcbc-b936-4f8b-8ce3-bba8d141e751', '63ed74cc-7c8c-4d06-967a-b2908e142538', 'card', 96170, 'TXN-SPLIT-CARD', '2026-06-29T05:05:00.000Z');
INSERT INTO payments (id, invoice_id, method, amount, reference, created_at) VALUES ('79186e0d-a8b8-428f-b9f5-d78685352822', '63ed74cc-7c8c-4d06-967a-b2908e142538', 'upi', 144255, 'TXN-SPLIT-UPI', '2026-06-29T05:05:00.000Z');

-- Invoice TF-1437
INSERT INTO invoices (id, store_id, invoice_number, customer_name, customer_phone, customer_address, subtotal, discount_amount, delivery_charge, installation_charge, round_off, grand_total, payment_method, payment_status, created_by, created_at)
VALUES (
  '657fe80e-dfee-4944-9c88-7db77ac0697a',
  '29f4e073-bc1d-4071-ae3a-c8718a90f998',
  'TF-1437',
  'Ananya Iyer 63',
  '9891484171',
  'H.No. 75, Gali No. 4, Colony Road, Chennai, Tamil Nadu',
  284125,
  0,
  1200,
  500,
  0,
  285825,
  'bank_transfer',
  'completed',
  '11111111-1111-4111-a111-111111111111',
  '2026-06-29T12:33:00.000Z'
);
INSERT INTO invoice_items (id, invoice_id, product_id, product_name, sku, quantity, unit_price, discount_percent, discount_amount, line_total)
VALUES (
  '1f44f865-8184-4c21-9f41-c9beb1fbe423',
  '657fe80e-dfee-4944-9c88-7db77ac0697a',
  '3b887fdc-e681-4eb9-a8f9-ed3a55c5f4af',
  'Classic Ladder Bookshelf Display Unit (Engineered Wood, Warm Beige)',
  'BOO-ENG-0287',
  1,
  17500,
  5,
  875,
  16625
);
INSERT INTO invoice_items (id, invoice_id, product_id, product_name, sku, quantity, unit_price, discount_percent, discount_amount, line_total)
VALUES (
  '088c090c-ba71-4357-a166-e181b84284d0',
  '657fe80e-dfee-4944-9c88-7db77ac0697a',
  '7840be5e-2be3-467f-a7e7-f6e36356b392',
  'Heritage Garden Patio Bistro Set (Oak Wood, Ebony Black)',
  'OUT-OAK-0244',
  2,
  25000,
  0,
  0,
  50000
);
INSERT INTO invoice_items (id, invoice_id, product_id, product_name, sku, quantity, unit_price, discount_percent, discount_amount, line_total)
VALUES (
  '084d469c-db3d-40f1-aa9b-6e4167288331',
  '657fe80e-dfee-4944-9c88-7db77ac0697a',
  '3abd833a-7296-402a-a7f2-ae66f2432e12',
  'Comfort Queen Size Wooden Bed (Mahogany, Warm Beige)',
  'BED-MAH-0032',
  1,
  55500,
  0,
  0,
  55500
);
INSERT INTO invoice_items (id, invoice_id, product_id, product_name, sku, quantity, unit_price, discount_percent, discount_amount, line_total)
VALUES (
  'cf5cd4a4-5f75-43c3-94e3-3334e5823622',
  '657fe80e-dfee-4944-9c88-7db77ac0697a',
  'b8b2bedb-190a-46cc-ad7a-a5c7f215f29d',
  'Luxurious Recliner Sofa (Rose Wood, Crimson Red)',
  'SOF-ROS-0013',
  2,
  81000,
  0,
  0,
  162000
);
INSERT INTO payments (id, invoice_id, method, amount, reference, created_at) VALUES ('f10f6fe3-f7d9-402a-b68c-9ac3881e52e4', '657fe80e-dfee-4944-9c88-7db77ac0697a', 'bank_transfer', 285825, 'TXN-TF-1437', '2026-06-29T12:33:00.000Z');

-- Invoice TF-1438
INSERT INTO invoices (id, store_id, invoice_number, customer_name, customer_phone, customer_address, subtotal, discount_amount, delivery_charge, installation_charge, round_off, grand_total, payment_method, payment_status, created_by, created_at)
VALUES (
  'fceb4722-b74b-4fc7-8378-8933d90caab7',
  '29f4e073-bc1d-4071-ae3a-c8718a90f998',
  'TF-1438',
  'Amit Kumar 62',
  '9890414312',
  'H.No. 74, Gali No. 3, Colony Road, Bangalore, Karnataka',
  253150,
  0,
  0,
  0,
  0,
  253150,
  'card',
  'completed',
  '33333333-3333-4333-a333-333333333333',
  '2026-06-29T11:25:00.000Z'
);
INSERT INTO invoice_items (id, invoice_id, product_id, product_name, sku, quantity, unit_price, discount_percent, discount_amount, line_total)
VALUES (
  'acb7ff5b-9395-447a-be86-63a6777a2d23',
  'fceb4722-b74b-4fc7-8378-8933d90caab7',
  '433d3373-2243-42b9-9bcc-8015834c5439',
  'Classic Storage Trunk Coffee Table (Mahogany, Ocean Blue)',
  'COF-MAH-0131',
  1,
  7000,
  5,
  350,
  6650
);
INSERT INTO invoice_items (id, invoice_id, product_id, product_name, sku, quantity, unit_price, discount_percent, discount_amount, line_total)
VALUES (
  'c50b317f-cb44-4462-b8f6-4d3b6aa4d7ed',
  'fceb4722-b74b-4fc7-8378-8933d90caab7',
  '0ad179c7-5166-4d4b-b22b-847e0b2384ac',
  'Premium Open Walk-in Closet Organizer (Teak Wood, Ocean Blue)',
  'WAR-TEA-0156',
  2,
  106000,
  0,
  0,
  212000
);
INSERT INTO invoice_items (id, invoice_id, product_id, product_name, sku, quantity, unit_price, discount_percent, discount_amount, line_total)
VALUES (
  '9907a511-6560-44c8-9d72-b7317e836f88',
  'fceb4722-b74b-4fc7-8378-8933d90caab7',
  '9825f632-103b-4099-bc2a-ac6abc48f3e4',
  'Premium Dressing Table with LED Mirror (Mahogany, Walnut Brown)',
  'DRE-MAH-0210',
  1,
  34500,
  0,
  0,
  34500
);
INSERT INTO payments (id, invoice_id, method, amount, reference, created_at) VALUES ('c17c5791-9dc6-4f1c-818b-10e96017b1f9', 'fceb4722-b74b-4fc7-8378-8933d90caab7', 'card', 253150, 'TXN-TF-1438', '2026-06-29T11:25:00.000Z');

-- Invoice TF-1439
INSERT INTO invoices (id, store_id, invoice_number, customer_name, customer_phone, customer_address, subtotal, discount_amount, delivery_charge, installation_charge, round_off, grand_total, payment_method, payment_status, created_by, created_at)
VALUES (
  'a6799d65-0644-4e94-8e9f-7ace5e5614ef',
  '29f4e073-bc1d-4071-ae3a-c8718a90f998',
  'TF-1439',
  'Aditya Patel 61',
  '9879616736',
  'H.No. 73, Gali No. 2, Colony Road, Secunderabad, Telangana',
  110300,
  0,
  0,
  0,
  0,
  110300,
  'upi',
  'completed',
  '22222222-2222-4222-a222-222222222222',
  '2026-06-30T08:08:00.000Z'
);
INSERT INTO invoice_items (id, invoice_id, product_id, product_name, sku, quantity, unit_price, discount_percent, discount_amount, line_total)
VALUES (
  '03760437-5df4-4089-b976-1e85110cd5d8',
  'a6799d65-0644-4e94-8e9f-7ace5e5614ef',
  '26e97e22-a9a9-4748-b43f-4f06ff43b1cc',
  'Classic Cushioned Dining Chair (Mahogany, Warm Beige)',
  'DIN-MAH-0069',
  1,
  14000,
  5,
  700,
  13300
);
INSERT INTO invoice_items (id, invoice_id, product_id, product_name, sku, quantity, unit_price, discount_percent, discount_amount, line_total)
VALUES (
  '64e0bd53-dc8b-46d2-9173-036eb228ba36',
  'a6799d65-0644-4e94-8e9f-7ace5e5614ef',
  'd7b96116-6403-43a6-b7f3-f6392d813c27',
  'Royal 6-Seater Wooden Dining Table (Sheesham Wood, Teak Finish)',
  'DIN-SHE-0053',
  2,
  48500,
  0,
  0,
  97000
);
INSERT INTO payments (id, invoice_id, method, amount, reference, created_at) VALUES ('f2bdb21f-dfd4-4f22-8a38-cc8c0561a368', 'a6799d65-0644-4e94-8e9f-7ace5e5614ef', 'upi', 110300, 'TXN-TF-1439', '2026-06-30T08:08:00.000Z');

-- Invoice TF-1440
INSERT INTO invoices (id, store_id, invoice_number, customer_name, customer_phone, customer_address, subtotal, discount_amount, delivery_charge, installation_charge, round_off, grand_total, payment_method, payment_status, created_by, created_at)
VALUES (
  'a031fe04-77bd-4798-9f8c-1934d6d20357',
  '29f4e073-bc1d-4071-ae3a-c8718a90f998',
  'TF-1440',
  'Guest',
  '',
  '',
  44175,
  1325.25,
  0,
  0,
  0.25,
  42850,
  'cash',
  'completed',
  '11111111-1111-4111-a111-111111111111',
  '2026-06-30T08:26:00.000Z'
);
INSERT INTO invoice_items (id, invoice_id, product_id, product_name, sku, quantity, unit_price, discount_percent, discount_amount, line_total)
VALUES (
  '3a516f8a-5d6d-448b-82ea-4f91f42546b7',
  'a031fe04-77bd-4798-9f8c-1934d6d20357',
  '6e43538a-a745-4e9a-a6ef-7dcd57f182fd',
  'Luxurious Queen Size Wooden Bed (Mahogany, Ocean Blue)',
  'BED-MAH-0022',
  1,
  46500,
  5,
  2325,
  44175
);
INSERT INTO payments (id, invoice_id, method, amount, reference, created_at) VALUES ('58b0d19c-bcc3-422b-a585-59d0a139b538', 'a031fe04-77bd-4798-9f8c-1934d6d20357', 'cash', 42850, 'TXN-TF-1440', '2026-06-30T08:26:00.000Z');

-- Invoice TF-1441
INSERT INTO invoices (id, store_id, invoice_number, customer_name, customer_phone, customer_address, subtotal, discount_amount, delivery_charge, installation_charge, round_off, grand_total, payment_method, payment_status, created_by, created_at)
VALUES (
  '731a4aac-05e3-4a85-8640-9a123c578fe9',
  '29f4e073-bc1d-4071-ae3a-c8718a90f998',
  'TF-1441',
  'Vijay Mallya 59',
  '9866285714',
  'H.No. 71, Gali No. 5, Colony Road, Visakhapatnam, Andhra Pradesh',
  270450,
  0,
  0,
  0,
  0,
  270450,
  'split',
  'completed',
  '33333333-3333-4333-a333-333333333333',
  '2026-06-30T10:32:00.000Z'
);
INSERT INTO invoice_items (id, invoice_id, product_id, product_name, sku, quantity, unit_price, discount_percent, discount_amount, line_total)
VALUES (
  '233186e5-4433-4350-aabe-e8a4ec57940f',
  '731a4aac-05e3-4a85-8640-9a123c578fe9',
  'fc52567c-cacd-4bb1-a8e9-ef018872a34f',
  'Luxurious 3-Seater Sofa (Mahogany, Walnut Brown)',
  'SOF-MAH-0001',
  1,
  102000,
  5,
  5100,
  96900
);
INSERT INTO invoice_items (id, invoice_id, product_id, product_name, sku, quantity, unit_price, discount_percent, discount_amount, line_total)
VALUES (
  '5747e4e2-e7b3-4e86-a682-19b5d803df94',
  '731a4aac-05e3-4a85-8640-9a123c578fe9',
  '7ba1bbf5-147c-4942-bd03-6d07e55db083',
  'Eco-sustain Compact Student Desk (Mahogany, Ebony Black)',
  'STU-MAH-0169',
  2,
  16500,
  0,
  0,
  33000
);
INSERT INTO invoice_items (id, invoice_id, product_id, product_name, sku, quantity, unit_price, discount_percent, discount_amount, line_total)
VALUES (
  'fc0f733c-0a07-4f75-9d55-24bc79a25c78',
  '731a4aac-05e3-4a85-8640-9a123c578fe9',
  '811c781c-13c7-4eb5-9b8f-be158d9afe7b',
  'Minimalist Executive Leather High-Back (Sheesham Wood, Ivory White)',
  'OFF-SHE-0082',
  1,
  17500,
  0,
  0,
  17500
);
INSERT INTO invoice_items (id, invoice_id, product_id, product_name, sku, quantity, unit_price, discount_percent, discount_amount, line_total)
VALUES (
  'ca2273bd-03c6-487e-b3e2-604002ea2617',
  '731a4aac-05e3-4a85-8640-9a123c578fe9',
  '7d9f3fe3-ab91-4396-a6f7-d7485895bccf',
  'Luxurious Ladder Bookshelf Display Unit (Sheesham Wood, Crimson Red)',
  'BOO-SHE-0281',
  2,
  24000,
  0,
  0,
  48000
);
INSERT INTO invoice_items (id, invoice_id, product_id, product_name, sku, quantity, unit_price, discount_percent, discount_amount, line_total)
VALUES (
  'de737b5b-3f43-4f62-8ca9-d33f18e923f1',
  '731a4aac-05e3-4a85-8640-9a123c578fe9',
  '96113491-acab-4db5-90a3-8fc4e240b7f6',
  'Royal Recliner Sofa (Oak Wood, Ocean Blue)',
  'SOF-OAK-0003',
  1,
  79000,
  5,
  3950,
  75050
);
INSERT INTO payments (id, invoice_id, method, amount, reference, created_at) VALUES ('715e1a7e-7eec-4475-bd46-e339f59ad2c5', '731a4aac-05e3-4a85-8640-9a123c578fe9', 'card', 108180, 'TXN-SPLIT-CARD', '2026-06-30T10:32:00.000Z');
INSERT INTO payments (id, invoice_id, method, amount, reference, created_at) VALUES ('dfc6faae-de8e-4ff6-a63b-b908f6336699', '731a4aac-05e3-4a85-8640-9a123c578fe9', 'upi', 162270, 'TXN-SPLIT-UPI', '2026-06-30T10:32:00.000Z');

-- Invoice TF-1442
INSERT INTO invoices (id, store_id, invoice_number, customer_name, customer_phone, customer_address, subtotal, discount_amount, delivery_charge, installation_charge, round_off, grand_total, payment_method, payment_status, created_by, created_at)
VALUES (
  'ad0ff986-a2a0-4145-aa2e-18456ad56798',
  '29f4e073-bc1d-4071-ae3a-c8718a90f998',
  'TF-1442',
  'Zeeshan Khan 58',
  '9822566698',
  'H.No. 70, Gali No. 4, Colony Road, Vijayawada, Andhra Pradesh',
  141500,
  0,
  0,
  0,
  0,
  141500,
  'bank_transfer',
  'completed',
  '22222222-2222-4222-a222-222222222222',
  '2026-06-30T10:20:00.000Z'
);
INSERT INTO invoice_items (id, invoice_id, product_id, product_name, sku, quantity, unit_price, discount_percent, discount_amount, line_total)
VALUES (
  'd880e051-da4b-4c22-a903-cdceab184a87',
  'ad0ff986-a2a0-4145-aa2e-18456ad56798',
  'f22b5c8c-e06e-4b9b-88ed-f46837e41e9a',
  'Eco-sustain Wooden Nesting Tables (Mahogany, Ebony Black)',
  'COF-MAH-0137',
  1,
  20000,
  5,
  1000,
  19000
);
INSERT INTO invoice_items (id, invoice_id, product_id, product_name, sku, quantity, unit_price, discount_percent, discount_amount, line_total)
VALUES (
  '5592f7dd-bd1a-4173-a2b7-9ee6ce286425',
  'ad0ff986-a2a0-4145-aa2e-18456ad56798',
  'dda8aa9f-e176-4f99-81c9-82dfef9a761a',
  'Luxurious Executive Leather High-Back (Rose Wood, Ocean Blue)',
  'OFF-ROS-0098',
  2,
  15500,
  0,
  0,
  31000
);
INSERT INTO invoice_items (id, invoice_id, product_id, product_name, sku, quantity, unit_price, discount_percent, discount_amount, line_total)
VALUES (
  'b7301705-e487-4b4c-8baf-570b113d7418',
  'ad0ff986-a2a0-4145-aa2e-18456ad56798',
  '811c781c-13c7-4eb5-9b8f-be158d9afe7b',
  'Minimalist Executive Leather High-Back (Sheesham Wood, Ivory White)',
  'OFF-SHE-0082',
  1,
  17500,
  0,
  0,
  17500
);
INSERT INTO invoice_items (id, invoice_id, product_id, product_name, sku, quantity, unit_price, discount_percent, discount_amount, line_total)
VALUES (
  'eca6da7e-2088-4964-b3fb-0b8bf5209454',
  'ad0ff986-a2a0-4145-aa2e-18456ad56798',
  '65fcdb5b-7aad-4606-b16a-b28e2286c58f',
  'Classic Recliner Sofa (Engineered Wood, Ebony Black)',
  'SOF-ENG-0008',
  2,
  37000,
  0,
  0,
  74000
);
INSERT INTO payments (id, invoice_id, method, amount, reference, created_at) VALUES ('2d508130-151b-4cc5-99c9-afbbe7591034', 'ad0ff986-a2a0-4145-aa2e-18456ad56798', 'bank_transfer', 141500, 'TXN-TF-1442', '2026-06-30T10:20:00.000Z');

-- Invoice TF-1443
INSERT INTO invoices (id, store_id, invoice_number, customer_name, customer_phone, customer_address, subtotal, discount_amount, delivery_charge, installation_charge, round_off, grand_total, payment_method, payment_status, created_by, created_at)
VALUES (
  '3ee05307-2ea1-4673-bfdb-825eed51fc68',
  '29f4e073-bc1d-4071-ae3a-c8718a90f998',
  'TF-1443',
  'Yash Pal 57',
  '9846607666',
  'H.No. 69, Gali No. 3, Colony Road, Chennai, Tamil Nadu',
  176825,
  0,
  0,
  0,
  0,
  176825,
  'card',
  'completed',
  '11111111-1111-4111-a111-111111111111',
  '2026-06-30T07:56:00.000Z'
);
INSERT INTO invoice_items (id, invoice_id, product_id, product_name, sku, quantity, unit_price, discount_percent, discount_amount, line_total)
VALUES (
  '41681240-47b6-496f-ac2b-ea57b88781d3',
  '3ee05307-2ea1-4673-bfdb-825eed51fc68',
  'efb65228-fb21-44f6-b8b6-6a70f38350c8',
  'Modern Wall Mounted TV Cabinet (Sheesham Wood, Ocean Blue)',
  'TV -SHE-0110',
  1,
  13500,
  5,
  675,
  12825
);
INSERT INTO invoice_items (id, invoice_id, product_id, product_name, sku, quantity, unit_price, discount_percent, discount_amount, line_total)
VALUES (
  '803316f6-4add-4408-8713-8c5e43438da2',
  '3ee05307-2ea1-4673-bfdb-825eed51fc68',
  '2630ffc9-3ee7-4216-b0bd-0bb6d21b3fa2',
  'Imperial Manual Rocking Recliner Lounge Chair (Sheesham Wood, Ocean Blue)',
  'REC-SHE-0237',
  2,
  70500,
  0,
  0,
  141000
);
INSERT INTO invoice_items (id, invoice_id, product_id, product_name, sku, quantity, unit_price, discount_percent, discount_amount, line_total)
VALUES (
  '8e7f7748-70c2-4d87-aeee-536b3d4c8253',
  '3ee05307-2ea1-4673-bfdb-825eed51fc68',
  '72d25ea9-c043-4738-9bbe-5a6b42ce5ee6',
  'Classic Rattan Outdoor Swing Chair (Oak Wood, Crimson Red)',
  'OUT-OAK-0251',
  1,
  23000,
  0,
  0,
  23000
);
INSERT INTO payments (id, invoice_id, method, amount, reference, created_at) VALUES ('866d9214-f4df-43db-9bf7-2d2529614d88', '3ee05307-2ea1-4673-bfdb-825eed51fc68', 'card', 176825, 'TXN-TF-1443', '2026-06-30T07:56:00.000Z');

-- Invoice TF-1444
INSERT INTO invoices (id, store_id, invoice_number, customer_name, customer_phone, customer_address, subtotal, discount_amount, delivery_charge, installation_charge, round_off, grand_total, payment_method, payment_status, created_by, created_at)
VALUES (
  '3851429f-751c-4e50-bbde-c2339e6545c4',
  '29f4e073-bc1d-4071-ae3a-c8718a90f998',
  'TF-1444',
  'Guest',
  '',
  '',
  81825,
  0,
  1200,
  0,
  0,
  83025,
  'upi',
  'completed',
  '33333333-3333-4333-a333-333333333333',
  '2026-06-30T13:53:00.000Z'
);
INSERT INTO invoice_items (id, invoice_id, product_id, product_name, sku, quantity, unit_price, discount_percent, discount_amount, line_total)
VALUES (
  '2ccb7483-3ca1-4e7a-a8a7-3bdd4c57b423',
  '3851429f-751c-4e50-bbde-c2339e6545c4',
  '7383b85e-d118-4855-93d4-0b86c77b26f2',
  'Classic Garden Patio Bistro Set (Mahogany, Warm Beige)',
  'OUT-MAH-0259',
  1,
  73500,
  5,
  3675,
  69825
);
INSERT INTO invoice_items (id, invoice_id, product_id, product_name, sku, quantity, unit_price, discount_percent, discount_amount, line_total)
VALUES (
  '539b3aa0-b474-4695-a5ce-f7767fdc520f',
  '3851429f-751c-4e50-bbde-c2339e6545c4',
  'cd429820-3fc2-45f2-b8f6-41fb496abdae',
  'Comfort Solid Wood Computer Desk (Engineered Wood, Crimson Red)',
  'STU-ENG-0176',
  2,
  6000,
  0,
  0,
  12000
);
INSERT INTO payments (id, invoice_id, method, amount, reference, created_at) VALUES ('a18e4c18-dcc9-4d67-be98-08b3f60f0a5d', '3851429f-751c-4e50-bbde-c2339e6545c4', 'upi', 83025, 'TXN-TF-1444', '2026-06-30T13:53:00.000Z');

-- Invoice TF-1445
INSERT INTO invoices (id, store_id, invoice_number, customer_name, customer_phone, customer_address, subtotal, discount_amount, delivery_charge, installation_charge, round_off, grand_total, payment_method, payment_status, created_by, created_at)
VALUES (
  '628c1370-b64c-49f5-ac32-dbfaf753b91e',
  '29f4e073-bc1d-4071-ae3a-c8718a90f998',
  'TF-1445',
  'Vikram Seth 55',
  '9821499756',
  'H.No. 67, Gali No. 1, Colony Road, Secunderabad, Telangana',
  51775,
  0,
  0,
  0,
  0,
  51775,
  'cash',
  'completed',
  '22222222-2222-4222-a222-222222222222',
  '2026-07-01T11:01:00.000Z'
);
INSERT INTO invoice_items (id, invoice_id, product_id, product_name, sku, quantity, unit_price, discount_percent, discount_amount, line_total)
VALUES (
  '2947d7fd-bb32-4b35-9d52-f75471ebe875',
  '628c1370-b64c-49f5-ac32-dbfaf753b91e',
  '56f48d47-d20f-4396-a9d8-83d5e69913a6',
  'Minimalist Manual Rocking Recliner Lounge Chair (Teak Wood, Crimson Red)',
  'REC-TEA-0225',
  1,
  54500,
  5,
  2725,
  51775
);
INSERT INTO payments (id, invoice_id, method, amount, reference, created_at) VALUES ('9ccc8d83-0001-4c18-bc37-9467c854ef20', '628c1370-b64c-49f5-ac32-dbfaf753b91e', 'cash', 51775, 'TXN-TF-1445', '2026-07-01T11:01:00.000Z');

-- Invoice TF-1446
INSERT INTO invoices (id, store_id, invoice_number, customer_name, customer_phone, customer_address, subtotal, discount_amount, delivery_charge, installation_charge, round_off, grand_total, payment_method, payment_status, created_by, created_at)
VALUES (
  '38e7ee9a-7c35-41f1-b36f-ca7346d0ce8c',
  '29f4e073-bc1d-4071-ae3a-c8718a90f998',
  'TF-1446',
  'Suresh Prabhu 54',
  '9848820877',
  'H.No. 66, Gali No. 5, Colony Road, Hyderabad, Telangana',
  209375,
  0,
  0,
  500,
  0,
  209875,
  'split',
  'completed',
  '11111111-1111-4111-a111-111111111111',
  '2026-07-01T09:08:00.000Z'
);
INSERT INTO invoice_items (id, invoice_id, product_id, product_name, sku, quantity, unit_price, discount_percent, discount_amount, line_total)
VALUES (
  '0af5f07e-e3ca-4c19-81fd-a9e92f4d0764',
  '38e7ee9a-7c35-41f1-b36f-ca7346d0ce8c',
  '6ede8796-0c5b-4e65-8205-d36c81b71493',
  'Comfort Shoe Storage Bench Rack (Mahogany, Teak Finish)',
  'STO-MAH-0280',
  1,
  10000,
  5,
  500,
  9500
);
INSERT INTO invoice_items (id, invoice_id, product_id, product_name, sku, quantity, unit_price, discount_percent, discount_amount, line_total)
VALUES (
  'a5b51e95-2a56-4315-bf37-f8be2be30aa1',
  '38e7ee9a-7c35-41f1-b36f-ca7346d0ce8c',
  '360a1a04-cc81-4bf9-9099-d74213e685fd',
  'Classic Round Accent Coffee Table (Teak Wood, Ocean Blue)',
  'COF-TEA-0140',
  2,
  6500,
  0,
  0,
  13000
);
INSERT INTO invoice_items (id, invoice_id, product_id, product_name, sku, quantity, unit_price, discount_percent, discount_amount, line_total)
VALUES (
  'd3608491-2f37-4b3b-81d7-17006f2c1c1d',
  '38e7ee9a-7c35-41f1-b36f-ca7346d0ce8c',
  '7840be5e-2be3-467f-a7e7-f6e36356b392',
  'Heritage Garden Patio Bistro Set (Oak Wood, Ebony Black)',
  'OUT-OAK-0244',
  1,
  25000,
  0,
  0,
  25000
);
INSERT INTO invoice_items (id, invoice_id, product_id, product_name, sku, quantity, unit_price, discount_percent, discount_amount, line_total)
VALUES (
  '317fb6e1-418a-447a-a3e7-2177e483c27a',
  '38e7ee9a-7c35-41f1-b36f-ca7346d0ce8c',
  'a21415de-5300-413b-bc5e-11991a807006',
  'Minimalist Rattan Outdoor Swing Chair (Mahogany, Charcoal Grey)',
  'OUT-MAH-0242',
  2,
  65500,
  0,
  0,
  131000
);
INSERT INTO invoice_items (id, invoice_id, product_id, product_name, sku, quantity, unit_price, discount_percent, discount_amount, line_total)
VALUES (
  'a2209428-f2be-4d09-94b7-ee2116548eb9',
  '38e7ee9a-7c35-41f1-b36f-ca7346d0ce8c',
  'aabd3d3c-81bf-41ca-97c5-417d512c2000',
  'Premium Ergonomic Task Chair (Mahogany, Walnut Brown)',
  'OFF-MAH-0089',
  1,
  32500,
  5,
  1625,
  30875
);
INSERT INTO payments (id, invoice_id, method, amount, reference, created_at) VALUES ('4fea96f0-f44e-48c4-92a7-61c0949af570', '38e7ee9a-7c35-41f1-b36f-ca7346d0ce8c', 'card', 83950, 'TXN-SPLIT-CARD', '2026-07-01T09:08:00.000Z');
INSERT INTO payments (id, invoice_id, method, amount, reference, created_at) VALUES ('1e5d7766-e894-4f9c-9421-1c999089e80f', '38e7ee9a-7c35-41f1-b36f-ca7346d0ce8c', 'upi', 125925, 'TXN-SPLIT-UPI', '2026-07-01T09:08:00.000Z');

-- Invoice TF-1447
INSERT INTO invoices (id, store_id, invoice_number, customer_name, customer_phone, customer_address, subtotal, discount_amount, delivery_charge, installation_charge, round_off, grand_total, payment_method, payment_status, created_by, created_at)
VALUES (
  'ae853542-6cc5-44cb-9f4f-e5fb53761161',
  '29f4e073-bc1d-4071-ae3a-c8718a90f998',
  'TF-1447',
  'Sneha Rao 53',
  '9824370344',
  'H.No. 65, Gali No. 4, Colony Road, Visakhapatnam, Andhra Pradesh',
  201525,
  0,
  0,
  0,
  0,
  201525,
  'bank_transfer',
  'completed',
  '33333333-3333-4333-a333-333333333333',
  '2026-07-01T11:58:00.000Z'
);
INSERT INTO invoice_items (id, invoice_id, product_id, product_name, sku, quantity, unit_price, discount_percent, discount_amount, line_total)
VALUES (
  '01a9e478-b0e8-486f-9c61-4e689936a848',
  'ae853542-6cc5-44cb-9f4f-e5fb53761161',
  'cd1dfc63-1e9c-4d01-9a09-8eed915a6354',
  'Minimalist 3-Door Wardrobe with Mirror (Sheesham Wood, Ebony Black)',
  'WAR-SHE-0145',
  1,
  19500,
  5,
  975,
  18525
);
INSERT INTO invoice_items (id, invoice_id, product_id, product_name, sku, quantity, unit_price, discount_percent, discount_amount, line_total)
VALUES (
  '7af4939d-7ed0-4a83-a11f-9dc4522b46aa',
  'ae853542-6cc5-44cb-9f4f-e5fb53761161',
  'b7ccc90e-8841-40bc-bdd5-ea6ce759dba4',
  'Comfort Manual Rocking Recliner Lounge Chair (Engineered Wood, Ivory White)',
  'REC-ENG-0240',
  2,
  20000,
  0,
  0,
  40000
);
INSERT INTO invoice_items (id, invoice_id, product_id, product_name, sku, quantity, unit_price, discount_percent, discount_amount, line_total)
VALUES (
  '998019b5-cd4c-4576-aaf8-388ff4738568',
  'ae853542-6cc5-44cb-9f4f-e5fb53761161',
  '7d33530d-ad06-4337-b8c8-cb33996a0d3f',
  'Royal Dual Comfort Latex Mattress (Mahogany, Teak Finish)',
  'MAT-MAH-0186',
  1,
  12000,
  0,
  0,
  12000
);
INSERT INTO invoice_items (id, invoice_id, product_id, product_name, sku, quantity, unit_price, discount_percent, discount_amount, line_total)
VALUES (
  '8479c4cb-2a1c-4a57-8c22-8dd2bd1ae770',
  'ae853542-6cc5-44cb-9f4f-e5fb53761161',
  'a21415de-5300-413b-bc5e-11991a807006',
  'Minimalist Rattan Outdoor Swing Chair (Mahogany, Charcoal Grey)',
  'OUT-MAH-0242',
  2,
  65500,
  0,
  0,
  131000
);
INSERT INTO payments (id, invoice_id, method, amount, reference, created_at) VALUES ('06f2d0da-6ffc-43e6-980c-eabc339dffad', 'ae853542-6cc5-44cb-9f4f-e5fb53761161', 'bank_transfer', 201525, 'TXN-TF-1447', '2026-07-01T11:58:00.000Z');

-- Invoice TF-1448
INSERT INTO invoices (id, store_id, invoice_number, customer_name, customer_phone, customer_address, subtotal, discount_amount, delivery_charge, installation_charge, round_off, grand_total, payment_method, payment_status, created_by, created_at)
VALUES (
  '80fc4c4a-9b4b-42c1-b011-c8afb3b392d9',
  '29f4e073-bc1d-4071-ae3a-c8718a90f998',
  'TF-1448',
  'Guest',
  '',
  '',
  264650,
  0,
  0,
  0,
  0,
  264650,
  'card',
  'completed',
  '22222222-2222-4222-a222-222222222222',
  '2026-07-01T14:54:00.000Z'
);
INSERT INTO invoice_items (id, invoice_id, product_id, product_name, sku, quantity, unit_price, discount_percent, discount_amount, line_total)
VALUES (
  'd35f4444-cc66-47d5-a65a-fcf2002ffe6e',
  '80fc4c4a-9b4b-42c1-b011-c8afb3b392d9',
  '335432cc-b09b-4970-9a6b-4c45ae51415b',
  'Comfort Visitor Stool Chair (Engineered Wood, Ocean Blue)',
  'OFF-ENG-0088',
  1,
  27000,
  5,
  1350,
  25650
);
INSERT INTO invoice_items (id, invoice_id, product_id, product_name, sku, quantity, unit_price, discount_percent, discount_amount, line_total)
VALUES (
  'e67c6de9-b3f3-423e-8c6f-f5b85ef757bf',
  '80fc4c4a-9b4b-42c1-b011-c8afb3b392d9',
  'e4513259-363d-4f87-a80b-f9895dc0963f',
  'Comfort 2-Door Sliding Wardrobe (Oak Wood, Ivory White)',
  'WAR-OAK-0158',
  2,
  115500,
  0,
  0,
  231000
);
INSERT INTO invoice_items (id, invoice_id, product_id, product_name, sku, quantity, unit_price, discount_percent, discount_amount, line_total)
VALUES (
  'd461bd4d-28d2-4a98-b8e8-4eee9c628d1b',
  '80fc4c4a-9b4b-42c1-b011-c8afb3b392d9',
  '7e92cf55-0bd4-4ad7-979a-0fe86acf3799',
  'Heritage Rattan Accent Chair (Mahogany, Ocean Blue)',
  'DIN-MAH-0068',
  1,
  8000,
  0,
  0,
  8000
);
INSERT INTO payments (id, invoice_id, method, amount, reference, created_at) VALUES ('67925ed2-1b0c-40e7-ac11-ecbf5b17cb52', '80fc4c4a-9b4b-42c1-b011-c8afb3b392d9', 'card', 264650, 'TXN-TF-1448', '2026-07-01T14:54:00.000Z');

-- Invoice TF-1449
INSERT INTO invoices (id, store_id, invoice_number, customer_name, customer_phone, customer_address, subtotal, discount_amount, delivery_charge, installation_charge, round_off, grand_total, payment_method, payment_status, created_by, created_at)
VALUES (
  '43cf739d-5aa5-4da7-8c94-87880bc5302a',
  '29f4e073-bc1d-4071-ae3a-c8718a90f998',
  'TF-1449',
  'Sarita Mishra 51',
  '9895757419',
  'H.No. 63, Gali No. 2, Colony Road, Chennai, Tamil Nadu',
  129725,
  0,
  0,
  0,
  0,
  129725,
  'upi',
  'completed',
  '11111111-1111-4111-a111-111111111111',
  '2026-07-01T12:11:00.000Z'
);
INSERT INTO invoice_items (id, invoice_id, product_id, product_name, sku, quantity, unit_price, discount_percent, discount_amount, line_total)
VALUES (
  'b233c15b-4434-45d6-8b34-0ce99846261e',
  '43cf739d-5aa5-4da7-8c94-87880bc5302a',
  'd308b0b6-147b-458f-8f54-a63c002b9c42',
  'Minimalist Modular TV Stand with Shelves (Teak Wood, Crimson Red)',
  'TV -TEA-0118',
  1,
  15500,
  5,
  775,
  14725
);
INSERT INTO invoice_items (id, invoice_id, product_id, product_name, sku, quantity, unit_price, discount_percent, discount_amount, line_total)
VALUES (
  'faf5bed5-ea4a-4d67-bd52-a62aeaff9418',
  '43cf739d-5aa5-4da7-8c94-87880bc5302a',
  '1c7e1a57-845e-47a1-8c12-ba41436fcc6f',
  'Eco-sustain Orthopedic Memory Foam Mattress (Sheesham Wood, Charcoal Grey)',
  'MAT-SHE-0181',
  2,
  57500,
  0,
  0,
  115000
);
INSERT INTO payments (id, invoice_id, method, amount, reference, created_at) VALUES ('48c6397f-7468-43e2-b878-cf31535bd888', '43cf739d-5aa5-4da7-8c94-87880bc5302a', 'upi', 129725, 'TXN-TF-1449', '2026-07-01T12:11:00.000Z');

-- Invoice TF-1450
INSERT INTO invoices (id, store_id, invoice_number, customer_name, customer_phone, customer_address, subtotal, discount_amount, delivery_charge, installation_charge, round_off, grand_total, payment_method, payment_status, created_by, created_at)
VALUES (
  '566080f8-ba86-4cad-8307-bfdf9c288ca6',
  '29f4e073-bc1d-4071-ae3a-c8718a90f998',
  'TF-1450',
  'Sanjay Dutt 50',
  '9858628070',
  'H.No. 62, Gali No. 1, Colony Road, Bangalore, Karnataka',
  9975,
  299.25,
  0,
  0,
  0.25,
  9676,
  'cash',
  'cancelled',
  '33333333-3333-4333-a333-333333333333',
  '2026-07-01T12:30:00.000Z'
);
INSERT INTO invoice_items (id, invoice_id, product_id, product_name, sku, quantity, unit_price, discount_percent, discount_amount, line_total)
VALUES (
  '8c0a070f-328f-4c7e-8899-39d1886f4371',
  '566080f8-ba86-4cad-8307-bfdf9c288ca6',
  'dc4ff223-2415-466f-a521-baeb9025d167',
  'Comfort Executive Study Desk with Drawers (Rose Wood, Warm Beige)',
  'STU-ROS-0174',
  1,
  10500,
  5,
  525,
  9975
);

-- Invoice TF-1451
INSERT INTO invoices (id, store_id, invoice_number, customer_name, customer_phone, customer_address, subtotal, discount_amount, delivery_charge, installation_charge, round_off, grand_total, payment_method, payment_status, created_by, created_at)
VALUES (
  'ed3a3d6a-de8c-43be-90d0-a62b0aec337f',
  '29f4e073-bc1d-4071-ae3a-c8718a90f998',
  'TF-1451',
  'Sandeep Hegde 49',
  '9884622864',
  'H.No. 61, Gali No. 5, Colony Road, Secunderabad, Telangana',
  202575,
  0,
  1200,
  0,
  0,
  203775,
  'split',
  'completed',
  '22222222-2222-4222-a222-222222222222',
  '2026-07-02T09:28:00.000Z'
);
INSERT INTO invoice_items (id, invoice_id, product_id, product_name, sku, quantity, unit_price, discount_percent, discount_amount, line_total)
VALUES (
  '6d26600f-2031-401e-9cf0-432ff5c66faf',
  'ed3a3d6a-de8c-43be-90d0-a62b0aec337f',
  'cb469098-20af-41f4-ac4d-3be8ea9f8eb0',
  'Luxurious Glass Top Coffee Table (Teak Wood, Teak Finish)',
  'COF-TEA-0122',
  1,
  12000,
  5,
  600,
  11400
);
INSERT INTO invoice_items (id, invoice_id, product_id, product_name, sku, quantity, unit_price, discount_percent, discount_amount, line_total)
VALUES (
  '14da013c-78b6-45be-af23-91e0d0a4ce94',
  'ed3a3d6a-de8c-43be-90d0-a62b0aec337f',
  '445501a4-f6d2-441a-8fc1-e9986b57ade7',
  'Royal Multi-drawer Utility Cabinet (Rose Wood, Ocean Blue)',
  'STO-ROS-0270',
  2,
  28000,
  0,
  0,
  56000
);
INSERT INTO invoice_items (id, invoice_id, product_id, product_name, sku, quantity, unit_price, discount_percent, discount_amount, line_total)
VALUES (
  '8238051f-7570-435e-a81a-d15b1796e3f4',
  'ed3a3d6a-de8c-43be-90d0-a62b0aec337f',
  '637df026-9f25-4715-a8ae-0d6e4b9a29e8',
  'Heritage Closed Glass-door Library Cabinet (Rose Wood, Warm Beige)',
  'BOO-ROS-0298',
  1,
  24000,
  0,
  0,
  24000
);
INSERT INTO invoice_items (id, invoice_id, product_id, product_name, sku, quantity, unit_price, discount_percent, discount_amount, line_total)
VALUES (
  'ae0f4aa3-9941-4e0d-84c6-fa2c29bfaa30',
  'ed3a3d6a-de8c-43be-90d0-a62b0aec337f',
  'dece08e4-fdc8-4e4a-8014-9259722efd67',
  'Luxurious Recliner Sofa (Mahogany, Teak Finish)',
  'SOF-MAH-0018',
  2,
  33500,
  0,
  0,
  67000
);
INSERT INTO invoice_items (id, invoice_id, product_id, product_name, sku, quantity, unit_price, discount_percent, discount_amount, line_total)
VALUES (
  '00ab5b5a-bca7-4596-a28b-1d1afaccb0e5',
  'ed3a3d6a-de8c-43be-90d0-a62b0aec337f',
  'e981ecd4-f45c-412e-b741-cdae67530aaf',
  'Premium Queen Size Wooden Bed (Oak Wood, Charcoal Grey)',
  'BED-OAK-0037',
  1,
  46500,
  5,
  2325,
  44175
);
INSERT INTO payments (id, invoice_id, method, amount, reference, created_at) VALUES ('a0518438-b714-49b3-a1ed-a6a8a9e7c216', 'ed3a3d6a-de8c-43be-90d0-a62b0aec337f', 'card', 81510, 'TXN-SPLIT-CARD', '2026-07-02T09:28:00.000Z');
INSERT INTO payments (id, invoice_id, method, amount, reference, created_at) VALUES ('19434d74-a2aa-4c54-9952-dafbb40353a2', 'ed3a3d6a-de8c-43be-90d0-a62b0aec337f', 'upi', 122265, 'TXN-SPLIT-UPI', '2026-07-02T09:28:00.000Z');

-- Invoice TF-1452
INSERT INTO invoices (id, store_id, invoice_number, customer_name, customer_phone, customer_address, subtotal, discount_amount, delivery_charge, installation_charge, round_off, grand_total, payment_method, payment_status, created_by, created_at)
VALUES (
  'c4af370c-cb7b-4ced-844e-b272e1c9657f',
  '29f4e073-bc1d-4071-ae3a-c8718a90f998',
  'TF-1452',
  'Guest',
  '',
  '',
  94250,
  0,
  0,
  0,
  0,
  94250,
  'bank_transfer',
  'completed',
  '11111111-1111-4111-a111-111111111111',
  '2026-07-02T13:54:00.000Z'
);
INSERT INTO invoice_items (id, invoice_id, product_id, product_name, sku, quantity, unit_price, discount_percent, discount_amount, line_total)
VALUES (
  '285061f2-4416-4912-9dcc-c2a5960beccb',
  'c4af370c-cb7b-4ced-844e-b272e1c9657f',
  'c1e0e499-ec16-4506-9487-2fbd2a41bf0f',
  'Luxurious Floor Standing TV Console (Teak Wood, Warm Beige)',
  'TV -TEA-0108',
  1,
  25000,
  5,
  1250,
  23750
);
INSERT INTO invoice_items (id, invoice_id, product_id, product_name, sku, quantity, unit_price, discount_percent, discount_amount, line_total)
VALUES (
  '0728e3ee-4b6f-4b53-8e66-40c877affa60',
  'c4af370c-cb7b-4ced-844e-b272e1c9657f',
  '9cac0f18-a728-4c46-a7b4-d68d4dcfc96d',
  'Minimalist Storage Trunk Coffee Table (Sheesham Wood, Warm Beige)',
  'COF-SHE-0135',
  2,
  4500,
  0,
  0,
  9000
);
INSERT INTO invoice_items (id, invoice_id, product_id, product_name, sku, quantity, unit_price, discount_percent, discount_amount, line_total)
VALUES (
  'aef6feae-8d5b-40a4-9fba-9aeacab4074b',
  'c4af370c-cb7b-4ced-844e-b272e1c9657f',
  'c3cbb4b4-46c9-42f7-851d-3d8cfd70108a',
  'Premium Multi-drawer Utility Cabinet (Rose Wood, Teak Finish)',
  'STO-ROS-0276',
  1,
  14500,
  0,
  0,
  14500
);
INSERT INTO invoice_items (id, invoice_id, product_id, product_name, sku, quantity, unit_price, discount_percent, discount_amount, line_total)
VALUES (
  '138faa7c-6bd9-4c13-a7db-b81068b2b537',
  'c4af370c-cb7b-4ced-844e-b272e1c9657f',
  '3cb2f9d4-4241-4be3-9eaa-509c83bb8f9e',
  'Minimalist Wooden Sideboard Credenza (Teak Wood, Ebony Black)',
  'STO-TEA-0269',
  2,
  23500,
  0,
  0,
  47000
);
INSERT INTO payments (id, invoice_id, method, amount, reference, created_at) VALUES ('07f4e61a-48a2-469a-92ef-1b461abed3dc', 'c4af370c-cb7b-4ced-844e-b272e1c9657f', 'bank_transfer', 94250, 'TXN-TF-1452', '2026-07-02T13:54:00.000Z');

-- Invoice TF-1453
INSERT INTO invoices (id, store_id, invoice_number, customer_name, customer_phone, customer_address, subtotal, discount_amount, delivery_charge, installation_charge, round_off, grand_total, payment_method, payment_status, created_by, created_at)
VALUES (
  '899d063c-203e-43e9-b3d2-fb2f465dd71d',
  '29f4e073-bc1d-4071-ae3a-c8718a90f998',
  'TF-1453',
  'Ramesh Chandra 47',
  '9890319804',
  'H.No. 59, Gali No. 3, Colony Road, Visakhapatnam, Andhra Pradesh',
  118800,
  0,
  0,
  0,
  0,
  118800,
  'card',
  'completed',
  '33333333-3333-4333-a333-333333333333',
  '2026-07-02T15:02:00.000Z'
);
INSERT INTO invoice_items (id, invoice_id, product_id, product_name, sku, quantity, unit_price, discount_percent, discount_amount, line_total)
VALUES (
  '08b6f445-f425-4329-bc6d-a70f9bf26722',
  '899d063c-203e-43e9-b3d2-fb2f465dd71d',
  '19290989-3b5e-4b10-80e6-d38f738667d8',
  'Minimalist Wooden Nesting Tables (Rose Wood, Charcoal Grey)',
  'COF-ROS-0133',
  1,
  14000,
  5,
  700,
  13300
);
INSERT INTO invoice_items (id, invoice_id, product_id, product_name, sku, quantity, unit_price, discount_percent, discount_amount, line_total)
VALUES (
  'b1cc8825-1502-42ac-9dc1-9f37fc230749',
  '899d063c-203e-43e9-b3d2-fb2f465dd71d',
  '936e386c-5292-4d9e-b355-0b3edc7505c0',
  'Comfort High Back Chair (Teak Wood, Ebony Black)',
  'DIN-TEA-0063',
  2,
  8500,
  0,
  0,
  17000
);
INSERT INTO invoice_items (id, invoice_id, product_id, product_name, sku, quantity, unit_price, discount_percent, discount_amount, line_total)
VALUES (
  'b4715b02-5d40-4739-a7d0-30d573985ddf',
  '899d063c-203e-43e9-b3d2-fb2f465dd71d',
  'd592303c-95ab-40b8-80dd-b41558eee2be',
  'Modern Open Walk-in Closet Organizer (Engineered Wood, Warm Beige)',
  'WAR-ENG-0152',
  1,
  88500,
  0,
  0,
  88500
);
INSERT INTO payments (id, invoice_id, method, amount, reference, created_at) VALUES ('930dc51e-5b30-4ba7-b9c1-00a7e1d047a2', '899d063c-203e-43e9-b3d2-fb2f465dd71d', 'card', 118800, 'TXN-TF-1453', '2026-07-02T15:02:00.000Z');

-- Invoice TF-1454
INSERT INTO invoices (id, store_id, invoice_number, customer_name, customer_phone, customer_address, subtotal, discount_amount, delivery_charge, installation_charge, round_off, grand_total, payment_method, payment_status, created_by, created_at)
VALUES (
  '9987ba82-0782-4edf-ab0d-6db96c522c44',
  '29f4e073-bc1d-4071-ae3a-c8718a90f998',
  'TF-1454',
  'Rahul Verma 46',
  '9810555735',
  'H.No. 58, Gali No. 2, Colony Road, Vijayawada, Andhra Pradesh',
  59725,
  0,
  0,
  0,
  0,
  59725,
  'upi',
  'completed',
  '22222222-2222-4222-a222-222222222222',
  '2026-07-02T05:28:00.000Z'
);
INSERT INTO invoice_items (id, invoice_id, product_id, product_name, sku, quantity, unit_price, discount_percent, discount_amount, line_total)
VALUES (
  'e9f7c328-25b7-43b6-b73d-adaf07ba19f5',
  '9987ba82-0782-4edf-ab0d-6db96c522c44',
  '45b029af-1b46-4141-84a7-5a0a282002d9',
  'Comfort Wall Mounted TV Cabinet (Engineered Wood, Crimson Red)',
  'TV -ENG-0104',
  1,
  35500,
  5,
  1775,
  33725
);
INSERT INTO invoice_items (id, invoice_id, product_id, product_name, sku, quantity, unit_price, discount_percent, discount_amount, line_total)
VALUES (
  'a541fa25-00cc-4679-a7b7-e57a76c4d65e',
  '9987ba82-0782-4edf-ab0d-6db96c522c44',
  'afad88ca-7631-419b-bb19-b3cdc6079db6',
  'Classic Rattan Accent Chair (Mahogany, Ocean Blue)',
  'DIN-MAH-0080',
  2,
  13000,
  0,
  0,
  26000
);
INSERT INTO payments (id, invoice_id, method, amount, reference, created_at) VALUES ('97828a26-5e31-4e24-a508-ddac48edeb07', '9987ba82-0782-4edf-ab0d-6db96c522c44', 'upi', 59725, 'TXN-TF-1454', '2026-07-02T05:28:00.000Z');

-- Invoice TF-1455
INSERT INTO invoices (id, store_id, invoice_number, customer_name, customer_phone, customer_address, subtotal, discount_amount, delivery_charge, installation_charge, round_off, grand_total, payment_method, payment_status, created_by, created_at)
VALUES (
  'fd9a317f-0d7a-437b-a17f-7ac4e6c95dc5',
  '29f4e073-bc1d-4071-ae3a-c8718a90f998',
  'TF-1455',
  'Priya Pillai 45',
  '9845545401',
  'H.No. 57, Gali No. 1, Colony Road, Chennai, Tamil Nadu',
  34200,
  0,
  0,
  500,
  0,
  34700,
  'cash',
  'completed',
  '11111111-1111-4111-a111-111111111111',
  '2026-07-02T11:53:00.000Z'
);
INSERT INTO invoice_items (id, invoice_id, product_id, product_name, sku, quantity, unit_price, discount_percent, discount_amount, line_total)
VALUES (
  '9b771601-e8ca-4fb0-85ed-8ed18d0047fb',
  'fd9a317f-0d7a-437b-a17f-7ac4e6c95dc5',
  '2763336d-b6de-4bf1-9030-9592fced7f5f',
  'Classic 3-Door Wardrobe with Mirror (Rose Wood, Charcoal Grey)',
  'WAR-ROS-0141',
  1,
  36000,
  5,
  1800,
  34200
);
INSERT INTO payments (id, invoice_id, method, amount, reference, created_at) VALUES ('16422127-c15d-4ec3-9fdf-c5d82f0bb8bf', 'fd9a317f-0d7a-437b-a17f-7ac4e6c95dc5', 'cash', 34700, 'TXN-TF-1455', '2026-07-02T11:53:00.000Z');

-- Invoice TF-1456
INSERT INTO invoices (id, store_id, invoice_number, customer_name, customer_phone, customer_address, subtotal, discount_amount, delivery_charge, installation_charge, round_off, grand_total, payment_method, payment_status, created_by, created_at)
VALUES (
  'c3ccd079-640a-47ca-b95b-abbe8b26f781',
  '29f4e073-bc1d-4071-ae3a-c8718a90f998',
  'TF-1456',
  'Guest',
  '',
  '',
  232250,
  0,
  0,
  0,
  0,
  232250,
  'split',
  'completed',
  '33333333-3333-4333-a333-333333333333',
  '2026-07-03T12:02:00.000Z'
);
INSERT INTO invoice_items (id, invoice_id, product_id, product_name, sku, quantity, unit_price, discount_percent, discount_amount, line_total)
VALUES (
  '3e0806a6-d7f5-48bc-9f3c-40017e58c779',
  'c3ccd079-640a-47ca-b95b-abbe8b26f781',
  '14858145-d9df-494d-a77d-ebcd2119d317',
  'Premium King Size Bed with Storage (Engineered Wood, Teak Finish)',
  'BED-ENG-0026',
  1,
  68500,
  5,
  3425,
  65075
);
INSERT INTO invoice_items (id, invoice_id, product_id, product_name, sku, quantity, unit_price, discount_percent, discount_amount, line_total)
VALUES (
  'c7fc8a76-1ae3-403d-b86e-e1f450a58589',
  'c3ccd079-640a-47ca-b95b-abbe8b26f781',
  '433d3373-2243-42b9-9bcc-8015834c5439',
  'Classic Storage Trunk Coffee Table (Mahogany, Ocean Blue)',
  'COF-MAH-0131',
  2,
  7000,
  0,
  0,
  14000
);
INSERT INTO invoice_items (id, invoice_id, product_id, product_name, sku, quantity, unit_price, discount_percent, discount_amount, line_total)
VALUES (
  'c7b2556d-5bed-4fff-bcc8-6528d6f115d8',
  'c3ccd079-640a-47ca-b95b-abbe8b26f781',
  '7d9f3fe3-ab91-4396-a6f7-d7485895bccf',
  'Luxurious Ladder Bookshelf Display Unit (Sheesham Wood, Crimson Red)',
  'BOO-SHE-0281',
  1,
  24000,
  0,
  0,
  24000
);
INSERT INTO invoice_items (id, invoice_id, product_id, product_name, sku, quantity, unit_price, discount_percent, discount_amount, line_total)
VALUES (
  '0f7cf4a1-210e-465b-9cd5-c391030add62',
  'c3ccd079-640a-47ca-b95b-abbe8b26f781',
  '47e7106e-10d8-4b20-8774-9074af7b2be1',
  'Royal 5-Tier Open Bookshelf Console (Sheesham Wood, Ivory White)',
  'BOO-SHE-0291',
  2,
  23500,
  0,
  0,
  47000
);
INSERT INTO invoice_items (id, invoice_id, product_id, product_name, sku, quantity, unit_price, discount_percent, discount_amount, line_total)
VALUES (
  '7969023d-2337-4994-9d2c-73a725387eb5',
  'c3ccd079-640a-47ca-b95b-abbe8b26f781',
  'a60d2932-4d27-42fc-950c-b010bfc97fd9',
  'Imperial Modular 4-Door Wardrobe (Teak Wood, Ocean Blue)',
  'WAR-TEA-0155',
  1,
  86500,
  5,
  4325,
  82175
);
INSERT INTO payments (id, invoice_id, method, amount, reference, created_at) VALUES ('366ef262-42df-4711-a716-609ecf2a5e9b', 'c3ccd079-640a-47ca-b95b-abbe8b26f781', 'card', 92900, 'TXN-SPLIT-CARD', '2026-07-03T12:02:00.000Z');
INSERT INTO payments (id, invoice_id, method, amount, reference, created_at) VALUES ('6d04ea56-5a44-454e-8190-4bae1771daaf', 'c3ccd079-640a-47ca-b95b-abbe8b26f781', 'upi', 139350, 'TXN-SPLIT-UPI', '2026-07-03T12:02:00.000Z');

-- Invoice TF-1457
INSERT INTO invoices (id, store_id, invoice_number, customer_name, customer_phone, customer_address, subtotal, discount_amount, delivery_charge, installation_charge, round_off, grand_total, payment_method, payment_status, created_by, created_at)
VALUES (
  'f6272061-33c4-4a89-82fc-780da6471cd5',
  '29f4e073-bc1d-4071-ae3a-c8718a90f998',
  'TF-1457',
  'Neha Deshmukh 43',
  '9833376707',
  'H.No. 55, Gali No. 4, Colony Road, Secunderabad, Telangana',
  79400,
  0,
  0,
  0,
  0,
  79400,
  'bank_transfer',
  'completed',
  '22222222-2222-4222-a222-222222222222',
  '2026-07-03T15:09:00.000Z'
);
INSERT INTO invoice_items (id, invoice_id, product_id, product_name, sku, quantity, unit_price, discount_percent, discount_amount, line_total)
VALUES (
  'cfd02c30-25d6-4e9c-afef-4f7f77e9e3a2',
  'f6272061-33c4-4a89-82fc-780da6471cd5',
  'c1771c62-acea-49f4-99d5-7cc40f440a36',
  'Eco-sustain Solid Wood Dining Chair (Sheesham Wood, Teak Finish)',
  'DIN-SHE-0074',
  1,
  12000,
  5,
  600,
  11400
);
INSERT INTO invoice_items (id, invoice_id, product_id, product_name, sku, quantity, unit_price, discount_percent, discount_amount, line_total)
VALUES (
  '64d21a8e-d444-484e-abb7-470e7f5d6e82',
  'f6272061-33c4-4a89-82fc-780da6471cd5',
  '677b4ed7-b68c-4721-baf6-4c79f7a858e0',
  'Eco-sustain Cushioned Dining Chair (Sheesham Wood, Charcoal Grey)',
  'DIN-SHE-0061',
  2,
  7000,
  0,
  0,
  14000
);
INSERT INTO invoice_items (id, invoice_id, product_id, product_name, sku, quantity, unit_price, discount_percent, discount_amount, line_total)
VALUES (
  'aa00940f-ffd9-40de-9fd9-f259c03acc54',
  'f6272061-33c4-4a89-82fc-780da6471cd5',
  'daa55337-8a17-46da-a3f2-5955d8fa5f76',
  'Classic Storage Trunk Coffee Table (Teak Wood, Ivory White)',
  'COF-TEA-0139',
  1,
  21000,
  0,
  0,
  21000
);
INSERT INTO invoice_items (id, invoice_id, product_id, product_name, sku, quantity, unit_price, discount_percent, discount_amount, line_total)
VALUES (
  'e20b1188-3672-4946-a671-9be901932a8e',
  'f6272061-33c4-4a89-82fc-780da6471cd5',
  '3c384448-945c-464e-aeba-5d8bb6b1f3b8',
  'Classic Queen Size Wooden Bed (Rose Wood, Walnut Brown)',
  'BED-ROS-0027',
  2,
  16500,
  0,
  0,
  33000
);
INSERT INTO payments (id, invoice_id, method, amount, reference, created_at) VALUES ('086a73aa-d74a-4ad8-bf04-c8bd69a54015', 'f6272061-33c4-4a89-82fc-780da6471cd5', 'bank_transfer', 79400, 'TXN-TF-1457', '2026-07-03T15:09:00.000Z');

-- Invoice TF-1458
INSERT INTO invoices (id, store_id, invoice_number, customer_name, customer_phone, customer_address, subtotal, discount_amount, delivery_charge, installation_charge, round_off, grand_total, payment_method, payment_status, created_by, created_at)
VALUES (
  '92f2f121-a423-460f-818f-bf72c73f103b',
  '29f4e073-bc1d-4071-ae3a-c8718a90f998',
  'TF-1458',
  'Manoj Gowda 42',
  '9819543944',
  'H.No. 54, Gali No. 3, Colony Road, Hyderabad, Telangana',
  151125,
  0,
  1200,
  0,
  0,
  152325,
  'card',
  'completed',
  '11111111-1111-4111-a111-111111111111',
  '2026-07-03T09:25:00.000Z'
);
INSERT INTO invoice_items (id, invoice_id, product_id, product_name, sku, quantity, unit_price, discount_percent, discount_amount, line_total)
VALUES (
  '62f9242e-6d5f-4dc8-91d1-ba92acff23c0',
  '92f2f121-a423-460f-818f-bf72c73f103b',
  '5a47b543-0e83-4610-9794-e48996ce966c',
  'Minimalist Sofa Cum Bed (Mahogany, Warm Beige)',
  'SOF-MAH-0020',
  1,
  117500,
  5,
  5875,
  111625
);
INSERT INTO invoice_items (id, invoice_id, product_id, product_name, sku, quantity, unit_price, discount_percent, discount_amount, line_total)
VALUES (
  '918a4fe9-ea6a-4754-a618-d47241113703',
  '92f2f121-a423-460f-818f-bf72c73f103b',
  'f9b40d20-052f-4c8a-8fa7-c32b87ce1d35',
  'Modern Modular TV Stand with Shelves (Oak Wood, Crimson Red)',
  'TV -OAK-0115',
  2,
  9500,
  0,
  0,
  19000
);
INSERT INTO invoice_items (id, invoice_id, product_id, product_name, sku, quantity, unit_price, discount_percent, discount_amount, line_total)
VALUES (
  'c76cff77-a2ca-4078-b89f-f0c8bf64183e',
  '92f2f121-a423-460f-818f-bf72c73f103b',
  'ab550dda-419e-448d-9695-7ebf11a2f361',
  'Eco-sustain Rattan Outdoor Swing Chair (Rose Wood, Walnut Brown)',
  'OUT-ROS-0245',
  1,
  20500,
  0,
  0,
  20500
);
INSERT INTO payments (id, invoice_id, method, amount, reference, created_at) VALUES ('5014033c-d802-43ab-ab61-7a4352978340', '92f2f121-a423-460f-818f-bf72c73f103b', 'card', 152325, 'TXN-TF-1458', '2026-07-03T09:25:00.000Z');

-- Invoice TF-1459
INSERT INTO invoices (id, store_id, invoice_number, customer_name, customer_phone, customer_address, subtotal, discount_amount, delivery_charge, installation_charge, round_off, grand_total, payment_method, payment_status, created_by, created_at)
VALUES (
  '7c3b1975-dc5e-4f54-9b95-0891a253b6b3',
  '29f4e073-bc1d-4071-ae3a-c8718a90f998',
  'TF-1459',
  'Kavitha Hegde 41',
  '9870933168',
  'H.No. 53, Gali No. 2, Colony Road, Visakhapatnam, Andhra Pradesh',
  124975,
  0,
  0,
  0,
  0,
  124975,
  'upi',
  'completed',
  '33333333-3333-4333-a333-333333333333',
  '2026-07-03T13:38:00.000Z'
);
INSERT INTO invoice_items (id, invoice_id, product_id, product_name, sku, quantity, unit_price, discount_percent, discount_amount, line_total)
VALUES (
  'd62a5412-53bd-4513-9909-a1849d1ab89f',
  '7c3b1975-dc5e-4f54-9b95-0891a253b6b3',
  '685de896-144b-49c1-86f3-38d2c27670b5',
  'Eco-sustain Executive Leather High-Back (Oak Wood, Warm Beige)',
  'OFF-OAK-0090',
  1,
  10500,
  5,
  525,
  9975
);
INSERT INTO invoice_items (id, invoice_id, product_id, product_name, sku, quantity, unit_price, discount_percent, discount_amount, line_total)
VALUES (
  'f56f8648-8e07-4cf8-854c-d304dc645293',
  '7c3b1975-dc5e-4f54-9b95-0891a253b6b3',
  '1c7e1a57-845e-47a1-8c12-ba41436fcc6f',
  'Eco-sustain Orthopedic Memory Foam Mattress (Sheesham Wood, Charcoal Grey)',
  'MAT-SHE-0181',
  2,
  57500,
  0,
  0,
  115000
);
INSERT INTO payments (id, invoice_id, method, amount, reference, created_at) VALUES ('65de09e2-2ad1-4407-a68a-8244c6dcd574', '7c3b1975-dc5e-4f54-9b95-0891a253b6b3', 'upi', 124975, 'TXN-TF-1459', '2026-07-03T13:38:00.000Z');

-- Invoice TF-1460
INSERT INTO invoices (id, store_id, invoice_number, customer_name, customer_phone, customer_address, subtotal, discount_amount, delivery_charge, installation_charge, round_off, grand_total, payment_method, payment_status, created_by, created_at)
VALUES (
  '05319c2c-82c2-44e6-b711-e6306007d8a0',
  '29f4e073-bc1d-4071-ae3a-c8718a90f998',
  'TF-1460',
  'Guest',
  '',
  '',
  9500,
  285,
  0,
  0,
  0,
  9215,
  'cash',
  'completed',
  '22222222-2222-4222-a222-222222222222',
  '2026-07-03T05:40:00.000Z'
);
INSERT INTO invoice_items (id, invoice_id, product_id, product_name, sku, quantity, unit_price, discount_percent, discount_amount, line_total)
VALUES (
  '393435b1-c2e9-4d83-b57b-07e15b801deb',
  '05319c2c-82c2-44e6-b711-e6306007d8a0',
  'cc1fe24a-9fbf-4ebd-b146-9926bc4dcdf4',
  'Luxurious Mesh Medium-Back Office Chair (Teak Wood, Ebony Black)',
  'OFF-TEA-0099',
  1,
  10000,
  5,
  500,
  9500
);
INSERT INTO payments (id, invoice_id, method, amount, reference, created_at) VALUES ('1ec08c50-592a-4525-82b9-131279a6b21e', '05319c2c-82c2-44e6-b711-e6306007d8a0', 'cash', 9215, 'TXN-TF-1460', '2026-07-03T05:40:00.000Z');

-- Invoice TF-1461
INSERT INTO invoices (id, store_id, invoice_number, customer_name, customer_phone, customer_address, subtotal, discount_amount, delivery_charge, installation_charge, round_off, grand_total, payment_method, payment_status, created_by, created_at)
VALUES (
  '595e2aae-b40b-4e67-934b-796ed38ff4e2',
  '29f4e073-bc1d-4071-ae3a-c8718a90f998',
  'TF-1461',
  'Jyoti Prasad 39',
  '9823740331',
  'H.No. 51, Gali No. 5, Colony Road, Chennai, Tamil Nadu',
  241500,
  0,
  0,
  0,
  0,
  241500,
  'split',
  'completed',
  '11111111-1111-4111-a111-111111111111',
  '2026-07-03T12:19:00.000Z'
);
INSERT INTO invoice_items (id, invoice_id, product_id, product_name, sku, quantity, unit_price, discount_percent, discount_amount, line_total)
VALUES (
  '08b0c5e0-d9dd-461b-acc0-6d4973549b79',
  '595e2aae-b40b-4e67-934b-796ed38ff4e2',
  '433d3373-2243-42b9-9bcc-8015834c5439',
  'Classic Storage Trunk Coffee Table (Mahogany, Ocean Blue)',
  'COF-MAH-0131',
  1,
  7000,
  5,
  350,
  6650
);
INSERT INTO invoice_items (id, invoice_id, product_id, product_name, sku, quantity, unit_price, discount_percent, discount_amount, line_total)
VALUES (
  'd30162e5-c494-4469-be73-8ac7c5ab1b7c',
  '595e2aae-b40b-4e67-934b-796ed38ff4e2',
  '7aac02d1-8e50-4be0-827f-61dfc0e26ab1',
  'Imperial Compact Student Desk (Sheesham Wood, Ebony Black)',
  'STU-SHE-0165',
  2,
  14000,
  0,
  0,
  28000
);
INSERT INTO invoice_items (id, invoice_id, product_id, product_name, sku, quantity, unit_price, discount_percent, discount_amount, line_total)
VALUES (
  '786d01ec-75dc-4691-b093-e6d13bf10fa5',
  '595e2aae-b40b-4e67-934b-796ed38ff4e2',
  'cdfea8d1-e377-4e2a-86a8-301988e8ba9f',
  'Minimalist Extendable Dining Table (Sheesham Wood, Crimson Red)',
  'DIN-SHE-0052',
  1,
  62000,
  0,
  0,
  62000
);
INSERT INTO invoice_items (id, invoice_id, product_id, product_name, sku, quantity, unit_price, discount_percent, discount_amount, line_total)
VALUES (
  '100e5d88-207c-479d-86fc-aeecd2df7151',
  '595e2aae-b40b-4e67-934b-796ed38ff4e2',
  'dd675736-ed52-4b59-a191-b810835af4ea',
  'Classic Single Bed (Mahogany, Teak Finish)',
  'BED-MAH-0028',
  2,
  42500,
  0,
  0,
  85000
);
INSERT INTO invoice_items (id, invoice_id, product_id, product_name, sku, quantity, unit_price, discount_percent, discount_amount, line_total)
VALUES (
  'f9714671-ca25-4616-a5b2-ba588d29af3e',
  '595e2aae-b40b-4e67-934b-796ed38ff4e2',
  'ea2b40ba-51ff-425a-ad4e-28a38cc61dc0',
  'Minimalist Orthopedic Memory Foam Mattress (Sheesham Wood, Ivory White)',
  'MAT-SHE-0199',
  1,
  63000,
  5,
  3150,
  59850
);
INSERT INTO payments (id, invoice_id, method, amount, reference, created_at) VALUES ('3c5ba0b9-a978-40a2-afa7-0c8d28d9c386', '595e2aae-b40b-4e67-934b-796ed38ff4e2', 'card', 96600, 'TXN-SPLIT-CARD', '2026-07-03T12:19:00.000Z');
INSERT INTO payments (id, invoice_id, method, amount, reference, created_at) VALUES ('d1ae7917-c15a-448a-81e4-00900b5c440b', '595e2aae-b40b-4e67-934b-796ed38ff4e2', 'upi', 144900, 'TXN-SPLIT-UPI', '2026-07-03T12:19:00.000Z');

-- Invoice TF-1462
INSERT INTO invoices (id, store_id, invoice_number, customer_name, customer_phone, customer_address, subtotal, discount_amount, delivery_charge, installation_charge, round_off, grand_total, payment_method, payment_status, created_by, created_at)
VALUES (
  '4a6f5f66-c45f-4bd0-b993-61772cc986f2',
  '29f4e073-bc1d-4071-ae3a-c8718a90f998',
  'TF-1462',
  'Ishaan Gupta 38',
  '9843572645',
  'H.No. 50, Gali No. 4, Colony Road, Bangalore, Karnataka',
  99625,
  0,
  0,
  0,
  0,
  99625,
  'bank_transfer',
  'completed',
  '33333333-3333-4333-a333-333333333333',
  '2026-07-04T07:18:00.000Z'
);
INSERT INTO invoice_items (id, invoice_id, product_id, product_name, sku, quantity, unit_price, discount_percent, discount_amount, line_total)
VALUES (
  'e96aca82-315a-4398-b767-a49571b2d4b6',
  '4a6f5f66-c45f-4bd0-b993-61772cc986f2',
  '36b58c66-2f4c-4e9e-b051-c44c48a93883',
  'Imperial Multi-drawer Utility Cabinet (Rose Wood, Teak Finish)',
  'STO-ROS-0267',
  1,
  17500,
  5,
  875,
  16625
);
INSERT INTO invoice_items (id, invoice_id, product_id, product_name, sku, quantity, unit_price, discount_percent, discount_amount, line_total)
VALUES (
  'f54cdc2a-32ed-4586-b16c-93a1230fbb00',
  '4a6f5f66-c45f-4bd0-b993-61772cc986f2',
  'ac5c8cd9-38a3-41d2-9369-a360a1ba0914',
  'Modern Chesterfield Sofa (Oak Wood, Ocean Blue)',
  'SOF-OAK-0014',
  2,
  27000,
  0,
  0,
  54000
);
INSERT INTO invoice_items (id, invoice_id, product_id, product_name, sku, quantity, unit_price, discount_percent, discount_amount, line_total)
VALUES (
  '64687d0f-1285-477a-b929-40493c987727',
  '4a6f5f66-c45f-4bd0-b993-61772cc986f2',
  'a1241166-b936-416e-9501-41e19bc2ae03',
  'Minimalist Wooden Nesting Tables (Oak Wood, Walnut Brown)',
  'COF-OAK-0121',
  1,
  19000,
  0,
  0,
  19000
);
INSERT INTO invoice_items (id, invoice_id, product_id, product_name, sku, quantity, unit_price, discount_percent, discount_amount, line_total)
VALUES (
  '189bf388-724c-4611-9467-0872c4cdb61c',
  '4a6f5f66-c45f-4bd0-b993-61772cc986f2',
  '54b6a8a9-4c1a-4c85-a9bc-10786fcb9b61',
  'Eco-sustain Round Accent Coffee Table (Rose Wood, Ocean Blue)',
  'COF-ROS-0136',
  2,
  5000,
  0,
  0,
  10000
);
INSERT INTO payments (id, invoice_id, method, amount, reference, created_at) VALUES ('95478643-5494-4cb4-8a35-82e4800a3dcc', '4a6f5f66-c45f-4bd0-b993-61772cc986f2', 'bank_transfer', 99625, 'TXN-TF-1462', '2026-07-04T07:18:00.000Z');

-- Invoice TF-1463
INSERT INTO invoices (id, store_id, invoice_number, customer_name, customer_phone, customer_address, subtotal, discount_amount, delivery_charge, installation_charge, round_off, grand_total, payment_method, payment_status, created_by, created_at)
VALUES (
  '7eddf412-cf9c-4504-99c1-1ce62e5c9e78',
  '29f4e073-bc1d-4071-ae3a-c8718a90f998',
  'TF-1463',
  'Harish Rao 37',
  '9829690088',
  'H.No. 49, Gali No. 3, Colony Road, Secunderabad, Telangana',
  293100,
  0,
  0,
  0,
  0,
  293100,
  'card',
  'completed',
  '22222222-2222-4222-a222-222222222222',
  '2026-07-04T06:59:00.000Z'
);
INSERT INTO invoice_items (id, invoice_id, product_id, product_name, sku, quantity, unit_price, discount_percent, discount_amount, line_total)
VALUES (
  'f77d2f25-da02-4b1c-9a17-046bec2e120e',
  '7eddf412-cf9c-4504-99c1-1ce62e5c9e78',
  '2c84a2a1-1b4f-4366-8e11-43df5f4b9044',
  'Eco-sustain Executive Study Desk with Drawers (Engineered Wood, Charcoal Grey)',
  'STU-ENG-0166',
  1,
  18000,
  5,
  900,
  17100
);
INSERT INTO invoice_items (id, invoice_id, product_id, product_name, sku, quantity, unit_price, discount_percent, discount_amount, line_total)
VALUES (
  '0b908e8c-ba58-4f2b-b15c-9e828b44a409',
  '7eddf412-cf9c-4504-99c1-1ce62e5c9e78',
  '9d4a4395-88b4-47c2-8523-e76b3b5587e8',
  'Royal Modular 4-Door Wardrobe (Oak Wood, Walnut Brown)',
  'WAR-OAK-0143',
  2,
  118500,
  0,
  0,
  237000
);
INSERT INTO invoice_items (id, invoice_id, product_id, product_name, sku, quantity, unit_price, discount_percent, discount_amount, line_total)
VALUES (
  'a1f57673-95c6-4c99-8a56-ba7bafe67003',
  '7eddf412-cf9c-4504-99c1-1ce62e5c9e78',
  '6049902d-6b43-4578-8eb4-cfb603455a07',
  'Comfort Marble Top Dining Table (Oak Wood, Charcoal Grey)',
  'DIN-OAK-0051',
  1,
  39000,
  0,
  0,
  39000
);
INSERT INTO payments (id, invoice_id, method, amount, reference, created_at) VALUES ('daec370c-eefb-4072-94a5-19786b898288', '7eddf412-cf9c-4504-99c1-1ce62e5c9e78', 'card', 293100, 'TXN-TF-1463', '2026-07-04T06:59:00.000Z');

-- Invoice TF-1464
INSERT INTO invoices (id, store_id, invoice_number, customer_name, customer_phone, customer_address, subtotal, discount_amount, delivery_charge, installation_charge, round_off, grand_total, payment_method, payment_status, created_by, created_at)
VALUES (
  '65b75df8-2aac-4ef2-8e3e-56564fd92c9e',
  '29f4e073-bc1d-4071-ae3a-c8718a90f998',
  'TF-1464',
  'Guest',
  '',
  '',
  214800,
  0,
  0,
  500,
  0,
  215300,
  'upi',
  'completed',
  '11111111-1111-4111-a111-111111111111',
  '2026-07-04T06:01:00.000Z'
);
INSERT INTO invoice_items (id, invoice_id, product_id, product_name, sku, quantity, unit_price, discount_percent, discount_amount, line_total)
VALUES (
  'b7c86989-e726-43da-881e-c8116f00b1ad',
  '65b75df8-2aac-4ef2-8e3e-56564fd92c9e',
  '7d9f3fe3-ab91-4396-a6f7-d7485895bccf',
  'Luxurious Ladder Bookshelf Display Unit (Sheesham Wood, Crimson Red)',
  'BOO-SHE-0281',
  1,
  24000,
  5,
  1200,
  22800
);
INSERT INTO invoice_items (id, invoice_id, product_id, product_name, sku, quantity, unit_price, discount_percent, discount_amount, line_total)
VALUES (
  '072262c9-4813-4483-9cbb-85fc82413e8a',
  '65b75df8-2aac-4ef2-8e3e-56564fd92c9e',
  '2f7a06df-e494-4adc-8eab-879b683291d5',
  'Heritage 4-Seater Glass Top Dining Table (Mahogany, Ebony Black)',
  'DIN-MAH-0050',
  2,
  96000,
  0,
  0,
  192000
);
INSERT INTO payments (id, invoice_id, method, amount, reference, created_at) VALUES ('0c2a7995-ca34-4905-917f-9b7fe56b90b0', '65b75df8-2aac-4ef2-8e3e-56564fd92c9e', 'upi', 215300, 'TXN-TF-1464', '2026-07-04T06:01:00.000Z');

-- Invoice TF-1465
INSERT INTO invoices (id, store_id, invoice_number, customer_name, customer_phone, customer_address, subtotal, discount_amount, delivery_charge, installation_charge, round_off, grand_total, payment_method, payment_status, created_by, created_at)
VALUES (
  '97bc05ce-2b6a-49e5-921c-ffa6483d4594',
  '29f4e073-bc1d-4071-ae3a-c8718a90f998',
  'TF-1465',
  'Deepak Reddy 35',
  '9852563370',
  'H.No. 47, Gali No. 1, Colony Road, Visakhapatnam, Andhra Pradesh',
  21375,
  0,
  1200,
  0,
  0,
  22575,
  'cash',
  'completed',
  '33333333-3333-4333-a333-333333333333',
  '2026-07-04T12:12:00.000Z'
);
INSERT INTO invoice_items (id, invoice_id, product_id, product_name, sku, quantity, unit_price, discount_percent, discount_amount, line_total)
VALUES (
  '2f22d489-cd25-4c19-b64c-ab4a1a081d76',
  '97bc05ce-2b6a-49e5-921c-ffa6483d4594',
  '1e71e498-01c3-445e-a088-319fd6602ec8',
  'Minimalist Dressing Table with LED Mirror (Sheesham Wood, Ebony Black)',
  'DRE-SHE-0201',
  1,
  22500,
  5,
  1125,
  21375
);
INSERT INTO payments (id, invoice_id, method, amount, reference, created_at) VALUES ('fa720e4f-90d3-48d2-9042-7a055baf39e2', '97bc05ce-2b6a-49e5-921c-ffa6483d4594', 'cash', 22575, 'TXN-TF-1465', '2026-07-04T12:12:00.000Z');

-- Invoice TF-1466
INSERT INTO invoices (id, store_id, invoice_number, customer_name, customer_phone, customer_address, subtotal, discount_amount, delivery_charge, installation_charge, round_off, grand_total, payment_method, payment_status, created_by, created_at)
VALUES (
  '4eea015d-08ff-4df2-9ef6-a0288bf408d0',
  '29f4e073-bc1d-4071-ae3a-c8718a90f998',
  'TF-1466',
  'Arjun Rao 34',
  '9832921674',
  'H.No. 46, Gali No. 5, Colony Road, Vijayawada, Andhra Pradesh',
  226350,
  0,
  0,
  0,
  0,
  226350,
  'split',
  'completed',
  '22222222-2222-4222-a222-222222222222',
  '2026-07-04T08:26:00.000Z'
);
INSERT INTO invoice_items (id, invoice_id, product_id, product_name, sku, quantity, unit_price, discount_percent, discount_amount, line_total)
VALUES (
  'bbef2963-5229-4cad-b569-10ebf00a58cf',
  '4eea015d-08ff-4df2-9ef6-a0288bf408d0',
  'c7f13d7f-df13-43de-aeba-718f47ec79fa',
  'Classic Solid Wood Computer Desk (Engineered Wood, Walnut Brown)',
  'STU-ENG-0172',
  1,
  6500,
  5,
  325,
  6175
);
INSERT INTO invoice_items (id, invoice_id, product_id, product_name, sku, quantity, unit_price, discount_percent, discount_amount, line_total)
VALUES (
  '54a91d05-5a06-43d9-abb2-1e19d682534e',
  '4eea015d-08ff-4df2-9ef6-a0288bf408d0',
  'db1e6b86-8df5-44d2-9b37-7bf7cfef7d9c',
  'Heritage Single Motor Power Recliner (Sheesham Wood, Walnut Brown)',
  'REC-SHE-0230',
  2,
  53500,
  0,
  0,
  107000
);
INSERT INTO invoice_items (id, invoice_id, product_id, product_name, sku, quantity, unit_price, discount_percent, discount_amount, line_total)
VALUES (
  '90e0bc0c-dcb5-4859-a642-a056d7f9f4cb',
  '4eea015d-08ff-4df2-9ef6-a0288bf408d0',
  '060436f2-49d9-45ba-92ef-2430cbb1fed2',
  'Premium Solid Wood Dining Chair (Engineered Wood, Charcoal Grey)',
  'DIN-ENG-0066',
  1,
  9500,
  0,
  0,
  9500
);
INSERT INTO invoice_items (id, invoice_id, product_id, product_name, sku, quantity, unit_price, discount_percent, discount_amount, line_total)
VALUES (
  '09ecdefe-62ae-4e6a-a227-39d707e619a3',
  '4eea015d-08ff-4df2-9ef6-a0288bf408d0',
  '9825f632-103b-4099-bc2a-ac6abc48f3e4',
  'Premium Dressing Table with LED Mirror (Mahogany, Walnut Brown)',
  'DRE-MAH-0210',
  2,
  34500,
  0,
  0,
  69000
);
INSERT INTO invoice_items (id, invoice_id, product_id, product_name, sku, quantity, unit_price, discount_percent, discount_amount, line_total)
VALUES (
  '6e130d56-e3bf-47eb-9740-54a0ffbebcf6',
  '4eea015d-08ff-4df2-9ef6-a0288bf408d0',
  '0f5c5087-0b28-4e8e-a90a-3ba6054e1159',
  'Luxurious Compact Dresser Cabinet (Oak Wood, Warm Beige)',
  'DRE-OAK-0211',
  1,
  36500,
  5,
  1825,
  34675
);
INSERT INTO payments (id, invoice_id, method, amount, reference, created_at) VALUES ('b5fb9a14-5fd0-4f12-9cf0-72bb68387e5e', '4eea015d-08ff-4df2-9ef6-a0288bf408d0', 'card', 90540, 'TXN-SPLIT-CARD', '2026-07-04T08:26:00.000Z');
INSERT INTO payments (id, invoice_id, method, amount, reference, created_at) VALUES ('d749ca3d-f465-4bc2-a1be-984a4f9badb5', '4eea015d-08ff-4df2-9ef6-a0288bf408d0', 'upi', 135810, 'TXN-SPLIT-UPI', '2026-07-04T08:26:00.000Z');

-- Invoice TF-1467
INSERT INTO invoices (id, store_id, invoice_number, customer_name, customer_phone, customer_address, subtotal, discount_amount, delivery_charge, installation_charge, round_off, grand_total, payment_method, payment_status, created_by, created_at)
VALUES (
  'd2ee066b-dd1b-46af-97e3-a4df07e5d7fc',
  '29f4e073-bc1d-4071-ae3a-c8718a90f998',
  'TF-1467',
  'Ananya Iyer 33',
  '9893622592',
  'H.No. 45, Gali No. 4, Colony Road, Chennai, Tamil Nadu',
  207525,
  0,
  0,
  0,
  0,
  207525,
  'bank_transfer',
  'completed',
  '11111111-1111-4111-a111-111111111111',
  '2026-07-05T05:51:00.000Z'
);
INSERT INTO invoice_items (id, invoice_id, product_id, product_name, sku, quantity, unit_price, discount_percent, discount_amount, line_total)
VALUES (
  '6036a139-d7c1-4749-8003-800873ace91d',
  'd2ee066b-dd1b-46af-97e3-a4df07e5d7fc',
  'ca58ecf2-a452-4fc6-8224-a40a5f4cc238',
  'Premium Sofa Cum Bed (Oak Wood, Charcoal Grey)',
  'SOF-OAK-0010',
  1,
  29500,
  5,
  1475,
  28025
);
INSERT INTO invoice_items (id, invoice_id, product_id, product_name, sku, quantity, unit_price, discount_percent, discount_amount, line_total)
VALUES (
  'ee67cc93-ffc6-455a-9278-67174e1af826',
  'd2ee066b-dd1b-46af-97e3-a4df07e5d7fc',
  '4d3dbd05-9bce-40cd-8688-cae53cd77efd',
  'Eco-sustain High Back Chair (Teak Wood, Ebony Black)',
  'DIN-TEA-0071',
  2,
  7500,
  0,
  0,
  15000
);
INSERT INTO invoice_items (id, invoice_id, product_id, product_name, sku, quantity, unit_price, discount_percent, discount_amount, line_total)
VALUES (
  '7f00dc38-29b6-4e7f-b5d6-c91abcc05b83',
  'd2ee066b-dd1b-46af-97e3-a4df07e5d7fc',
  'de5a441f-fdb0-484e-939b-3294a89ddd1f',
  'Minimalist 3-Door Wardrobe with Mirror (Sheesham Wood, Ivory White)',
  'WAR-SHE-0149',
  1,
  91500,
  0,
  0,
  91500
);
INSERT INTO invoice_items (id, invoice_id, product_id, product_name, sku, quantity, unit_price, discount_percent, discount_amount, line_total)
VALUES (
  '2408b209-d4da-42e5-a9bb-5c446efa741f',
  'd2ee066b-dd1b-46af-97e3-a4df07e5d7fc',
  '4f77337e-94b5-491e-896d-0bbf04244fc3',
  'Luxurious Wall Mounted TV Cabinet (Sheesham Wood, Walnut Brown)',
  'TV -SHE-0116',
  2,
  36500,
  0,
  0,
  73000
);
INSERT INTO payments (id, invoice_id, method, amount, reference, created_at) VALUES ('6d2c6052-de4e-4cfa-9e4f-f2c03b9f99c1', 'd2ee066b-dd1b-46af-97e3-a4df07e5d7fc', 'bank_transfer', 207525, 'TXN-TF-1467', '2026-07-05T05:51:00.000Z');

-- Invoice TF-1468
INSERT INTO invoices (id, store_id, invoice_number, customer_name, customer_phone, customer_address, subtotal, discount_amount, delivery_charge, installation_charge, round_off, grand_total, payment_method, payment_status, created_by, created_at)
VALUES (
  '1686809d-1060-431d-9fdc-c5c6071d6fa1',
  '29f4e073-bc1d-4071-ae3a-c8718a90f998',
  'TF-1468',
  'Guest',
  '',
  '',
  58150,
  0,
  0,
  0,
  0,
  58150,
  'card',
  'completed',
  '33333333-3333-4333-a333-333333333333',
  '2026-07-05T10:35:00.000Z'
);
INSERT INTO invoice_items (id, invoice_id, product_id, product_name, sku, quantity, unit_price, discount_percent, discount_amount, line_total)
VALUES (
  '0ee84740-5996-4cc7-b176-e63235d3b7b0',
  '1686809d-1060-431d-9fdc-c5c6071d6fa1',
  '5c01fcaa-b59d-4ee2-8c81-400342c9a9da',
  'Comfort Multi-drawer Utility Cabinet (Oak Wood, Teak Finish)',
  'STO-OAK-0261',
  1,
  7000,
  5,
  350,
  6650
);
INSERT INTO invoice_items (id, invoice_id, product_id, product_name, sku, quantity, unit_price, discount_percent, discount_amount, line_total)
VALUES (
  '7311987d-a1ba-4a37-a989-90fba92a3135',
  '1686809d-1060-431d-9fdc-c5c6071d6fa1',
  'c7f13d7f-df13-43de-aeba-718f47ec79fa',
  'Classic Solid Wood Computer Desk (Engineered Wood, Walnut Brown)',
  'STU-ENG-0172',
  2,
  6500,
  0,
  0,
  13000
);
INSERT INTO invoice_items (id, invoice_id, product_id, product_name, sku, quantity, unit_price, discount_percent, discount_amount, line_total)
VALUES (
  'f002d583-2ca3-4d1e-ae76-111adf513749',
  '1686809d-1060-431d-9fdc-c5c6071d6fa1',
  '269baf12-2c80-46b8-9fc2-6550d3452bf9',
  'Premium Floor Standing TV Console (Teak Wood, Ocean Blue)',
  'TV -TEA-0114',
  1,
  38500,
  0,
  0,
  38500
);
INSERT INTO payments (id, invoice_id, method, amount, reference, created_at) VALUES ('72a0a26d-7cf8-43ed-a8ae-63981fcde53c', '1686809d-1060-431d-9fdc-c5c6071d6fa1', 'card', 58150, 'TXN-TF-1468', '2026-07-05T10:35:00.000Z');

-- Invoice TF-1469
INSERT INTO invoices (id, store_id, invoice_number, customer_name, customer_phone, customer_address, subtotal, discount_amount, delivery_charge, installation_charge, round_off, grand_total, payment_method, payment_status, created_by, created_at)
VALUES (
  'f9f32d12-57dc-4aba-a46d-663b3fe9c441',
  '29f4e073-bc1d-4071-ae3a-c8718a90f998',
  'TF-1469',
  'Aditya Patel 31',
  '9859497100',
  'H.No. 43, Gali No. 2, Colony Road, Secunderabad, Telangana',
  54650,
  0,
  0,
  0,
  0,
  54650,
  'upi',
  'completed',
  '22222222-2222-4222-a222-222222222222',
  '2026-07-05T13:14:00.000Z'
);
INSERT INTO invoice_items (id, invoice_id, product_id, product_name, sku, quantity, unit_price, discount_percent, discount_amount, line_total)
VALUES (
  'e2520d93-05ec-407a-8383-234b12ee60ef',
  'f9f32d12-57dc-4aba-a46d-663b3fe9c441',
  '335432cc-b09b-4970-9a6b-4c45ae51415b',
  'Comfort Visitor Stool Chair (Engineered Wood, Ocean Blue)',
  'OFF-ENG-0088',
  1,
  27000,
  5,
  1350,
  25650
);
INSERT INTO invoice_items (id, invoice_id, product_id, product_name, sku, quantity, unit_price, discount_percent, discount_amount, line_total)
VALUES (
  'ae173c71-608b-45d2-b799-3daa14bbf27d',
  'f9f32d12-57dc-4aba-a46d-663b3fe9c441',
  '28fb694f-362c-463c-8587-9840d1a51fd7',
  'Heritage Dressing Table with LED Mirror (Oak Wood, Crimson Red)',
  'DRE-OAK-0207',
  2,
  14500,
  0,
  0,
  29000
);
INSERT INTO payments (id, invoice_id, method, amount, reference, created_at) VALUES ('722e38a6-4372-4e1b-b170-2528d1eb5f49', 'f9f32d12-57dc-4aba-a46d-663b3fe9c441', 'upi', 54650, 'TXN-TF-1469', '2026-07-05T13:14:00.000Z');

-- Invoice TF-1470
INSERT INTO invoices (id, store_id, invoice_number, customer_name, customer_phone, customer_address, subtotal, discount_amount, delivery_charge, installation_charge, round_off, grand_total, payment_method, payment_status, created_by, created_at)
VALUES (
  '732b7daf-4c75-4fb8-9e4a-bb1058975184',
  '29f4e073-bc1d-4071-ae3a-c8718a90f998',
  'TF-1470',
  'Aarav Sharma',
  '9895497108',
  'H.No. 42, Gali No. 1, Colony Road, Hyderabad, Telangana',
  29925,
  897.75,
  0,
  0,
  -0.25,
  29027,
  'cash',
  'completed',
  '11111111-1111-4111-a111-111111111111',
  '2026-07-05T11:22:00.000Z'
);
INSERT INTO invoice_items (id, invoice_id, product_id, product_name, sku, quantity, unit_price, discount_percent, discount_amount, line_total)
VALUES (
  '053ca2d2-be27-46a8-b2d0-76fe32731564',
  '732b7daf-4c75-4fb8-9e4a-bb1058975184',
  'd196a103-6d41-4e84-98cf-8a3188fb3cf3',
  'Minimalist Massage Recliner Chair (Sheesham Wood, Charcoal Grey)',
  'REC-SHE-0232',
  1,
  31500,
  5,
  1575,
  29925
);
INSERT INTO payments (id, invoice_id, method, amount, reference, created_at) VALUES ('380114a0-dcf6-4784-a6c1-ac5686de0661', '732b7daf-4c75-4fb8-9e4a-bb1058975184', 'cash', 29027, 'TXN-TF-1470', '2026-07-05T11:22:00.000Z');

-- Invoice TF-1471
INSERT INTO invoices (id, store_id, invoice_number, customer_name, customer_phone, customer_address, subtotal, discount_amount, delivery_charge, installation_charge, round_off, grand_total, payment_method, payment_status, created_by, created_at)
VALUES (
  'e710a629-a31a-4642-a54e-667e5af2e209',
  '29f4e073-bc1d-4071-ae3a-c8718a90f998',
  'TF-1471',
  'Vijay Mallya',
  '9842213850',
  'H.No. 41, Gali No. 5, Colony Road, Visakhapatnam, Andhra Pradesh',
  102900,
  0,
  0,
  0,
  0,
  102900,
  'split',
  'completed',
  '33333333-3333-4333-a333-333333333333',
  '2026-07-05T15:11:00.000Z'
);
INSERT INTO invoice_items (id, invoice_id, product_id, product_name, sku, quantity, unit_price, discount_percent, discount_amount, line_total)
VALUES (
  'adf06896-0c23-4e0a-9ce6-2ac5fbb4d2bc',
  'e710a629-a31a-4642-a54e-667e5af2e209',
  'cb469098-20af-41f4-ac4d-3be8ea9f8eb0',
  'Luxurious Glass Top Coffee Table (Teak Wood, Teak Finish)',
  'COF-TEA-0122',
  1,
  12000,
  5,
  600,
  11400
);
INSERT INTO invoice_items (id, invoice_id, product_id, product_name, sku, quantity, unit_price, discount_percent, discount_amount, line_total)
VALUES (
  'a2004c5c-dd9c-4e60-9edc-e534030d61a1',
  'e710a629-a31a-4642-a54e-667e5af2e209',
  '72d25ea9-c043-4738-9bbe-5a6b42ce5ee6',
  'Classic Rattan Outdoor Swing Chair (Oak Wood, Crimson Red)',
  'OUT-OAK-0251',
  2,
  23000,
  0,
  0,
  46000
);
INSERT INTO invoice_items (id, invoice_id, product_id, product_name, sku, quantity, unit_price, discount_percent, discount_amount, line_total)
VALUES (
  '92b3964c-9af2-4c53-9c5a-784bd05e9326',
  'e710a629-a31a-4642-a54e-667e5af2e209',
  '24e59f2a-fc44-477a-b47c-a4c9026d1810',
  'Classic Poster Bed (Oak Wood, Walnut Brown)',
  'BED-OAK-0034',
  1,
  17000,
  0,
  0,
  17000
);
INSERT INTO invoice_items (id, invoice_id, product_id, product_name, sku, quantity, unit_price, discount_percent, discount_amount, line_total)
VALUES (
  '6cb6dd87-9967-458c-af27-7a2b386301f1',
  'e710a629-a31a-4642-a54e-667e5af2e209',
  '060436f2-49d9-45ba-92ef-2430cbb1fed2',
  'Premium Solid Wood Dining Chair (Engineered Wood, Charcoal Grey)',
  'DIN-ENG-0066',
  2,
  9500,
  0,
  0,
  19000
);
INSERT INTO invoice_items (id, invoice_id, product_id, product_name, sku, quantity, unit_price, discount_percent, discount_amount, line_total)
VALUES (
  'e87144d8-dc28-43e9-8201-240ceddcd907',
  'e710a629-a31a-4642-a54e-667e5af2e209',
  '202ef786-0c84-48d3-82cd-f74a4b54cc72',
  'Royal Ladder Bookshelf Display Unit (Engineered Wood, Teak Finish)',
  'BOO-ENG-0290',
  1,
  10000,
  5,
  500,
  9500
);
INSERT INTO payments (id, invoice_id, method, amount, reference, created_at) VALUES ('c4f47d19-9a40-46ae-99e2-4c70b86b498e', 'e710a629-a31a-4642-a54e-667e5af2e209', 'card', 41160, 'TXN-SPLIT-CARD', '2026-07-05T15:11:00.000Z');
INSERT INTO payments (id, invoice_id, method, amount, reference, created_at) VALUES ('9a02d6e8-3da8-46e8-80ca-57cc60516e09', 'e710a629-a31a-4642-a54e-667e5af2e209', 'upi', 61740, 'TXN-SPLIT-UPI', '2026-07-05T15:11:00.000Z');

-- Invoice TF-1472
INSERT INTO invoices (id, store_id, invoice_number, customer_name, customer_phone, customer_address, subtotal, discount_amount, delivery_charge, installation_charge, round_off, grand_total, payment_method, payment_status, created_by, created_at)
VALUES (
  'c9fafecf-cf54-476b-a93b-4ce3ab933d60',
  '29f4e073-bc1d-4071-ae3a-c8718a90f998',
  'TF-1472',
  'Guest',
  '',
  '',
  212575,
  0,
  1200,
  0,
  0,
  213775,
  'bank_transfer',
  'completed',
  '22222222-2222-4222-a222-222222222222',
  '2026-07-05T07:50:00.000Z'
);
INSERT INTO invoice_items (id, invoice_id, product_id, product_name, sku, quantity, unit_price, discount_percent, discount_amount, line_total)
VALUES (
  'cf26ba7a-2e50-4cee-a200-aeddee51db36',
  'c9fafecf-cf54-476b-a93b-4ce3ab933d60',
  '0ad575b6-f822-4798-bc2e-7508555b0061',
  'Premium 6-Drawer Wide Dresser chest (Rose Wood, Walnut Brown)',
  'DRE-ROS-0209',
  1,
  18500,
  5,
  925,
  17575
);
INSERT INTO invoice_items (id, invoice_id, product_id, product_name, sku, quantity, unit_price, discount_percent, discount_amount, line_total)
VALUES (
  '808ecb3f-d0dd-472a-b454-eb8ae8aacb2c',
  'c9fafecf-cf54-476b-a93b-4ce3ab933d60',
  '360a1a04-cc81-4bf9-9099-d74213e685fd',
  'Classic Round Accent Coffee Table (Teak Wood, Ocean Blue)',
  'COF-TEA-0140',
  2,
  6500,
  0,
  0,
  13000
);
INSERT INTO invoice_items (id, invoice_id, product_id, product_name, sku, quantity, unit_price, discount_percent, discount_amount, line_total)
VALUES (
  '63a0daaf-34de-426f-afac-603c5741920a',
  'c9fafecf-cf54-476b-a93b-4ce3ab933d60',
  '2a70887d-c393-4b67-b917-9dbce13f8239',
  'Imperial Pocket Spring Premium Mattress (Engineered Wood, Warm Beige)',
  'MAT-ENG-0188',
  1,
  47000,
  0,
  0,
  47000
);
INSERT INTO invoice_items (id, invoice_id, product_id, product_name, sku, quantity, unit_price, discount_percent, discount_amount, line_total)
VALUES (
  '04547f58-633c-4c17-81ec-eed112575c34',
  'c9fafecf-cf54-476b-a93b-4ce3ab933d60',
  '10341fc4-d078-4ad8-8651-fe77da941266',
  'Eco-sustain Rattan Outdoor Swing Chair (Rose Wood, Ebony Black)',
  'OUT-ROS-0257',
  2,
  67500,
  0,
  0,
  135000
);
INSERT INTO payments (id, invoice_id, method, amount, reference, created_at) VALUES ('58b47db5-7b84-4c64-bd8c-1456efd95fcb', 'c9fafecf-cf54-476b-a93b-4ce3ab933d60', 'bank_transfer', 213775, 'TXN-TF-1472', '2026-07-05T07:50:00.000Z');

-- Invoice TF-1473
INSERT INTO invoices (id, store_id, invoice_number, customer_name, customer_phone, customer_address, subtotal, discount_amount, delivery_charge, installation_charge, round_off, grand_total, payment_method, payment_status, created_by, created_at)
VALUES (
  '7f202b35-72cb-46ca-bb78-115d7ddff7c2',
  '29f4e073-bc1d-4071-ae3a-c8718a90f998',
  'TF-1473',
  'Yash Pal',
  '9848451205',
  'H.No. 39, Gali No. 3, Colony Road, Chennai, Tamil Nadu',
  94925,
  0,
  0,
  500,
  0,
  95425,
  'card',
  'completed',
  '11111111-1111-4111-a111-111111111111',
  '2026-07-06T08:33:00.000Z'
);
INSERT INTO invoice_items (id, invoice_id, product_id, product_name, sku, quantity, unit_price, discount_percent, discount_amount, line_total)
VALUES (
  'd85a367a-9ee2-4264-9dd7-1226e937315c',
  '7f202b35-72cb-46ca-bb78-115d7ddff7c2',
  '36d65580-292f-4b8f-8b91-a243bd583959',
  'Modern Dressing Table with LED Mirror (Engineered Wood, Teak Finish)',
  'DRE-ENG-0213',
  1,
  11500,
  5,
  575,
  10925
);
INSERT INTO invoice_items (id, invoice_id, product_id, product_name, sku, quantity, unit_price, discount_percent, discount_amount, line_total)
VALUES (
  '930d8de8-71f4-42d4-89ae-a7ebe9e02198',
  '7f202b35-72cb-46ca-bb78-115d7ddff7c2',
  '3b887fdc-e681-4eb9-a8f9-ed3a55c5f4af',
  'Classic Ladder Bookshelf Display Unit (Engineered Wood, Warm Beige)',
  'BOO-ENG-0287',
  2,
  17500,
  0,
  0,
  35000
);
INSERT INTO invoice_items (id, invoice_id, product_id, product_name, sku, quantity, unit_price, discount_percent, discount_amount, line_total)
VALUES (
  '4f796f4c-df83-4a72-9e5a-e1d39c143536',
  '7f202b35-72cb-46ca-bb78-115d7ddff7c2',
  '3a5f9708-fb43-44c9-b68f-8bc8d123070d',
  'Minimalist Open Walk-in Closet Organizer (Rose Wood, Ebony Black)',
  'WAR-ROS-0148',
  1,
  49000,
  0,
  0,
  49000
);
INSERT INTO payments (id, invoice_id, method, amount, reference, created_at) VALUES ('281ec4c6-de4f-4d3a-86ce-2134e102ae71', '7f202b35-72cb-46ca-bb78-115d7ddff7c2', 'card', 95425, 'TXN-TF-1473', '2026-07-06T08:33:00.000Z');

-- Invoice TF-1474
INSERT INTO invoices (id, store_id, invoice_number, customer_name, customer_phone, customer_address, subtotal, discount_amount, delivery_charge, installation_charge, round_off, grand_total, payment_method, payment_status, created_by, created_at)
VALUES (
  '08b75be3-47a9-4ca2-923d-99cd0d251197',
  '29f4e073-bc1d-4071-ae3a-c8718a90f998',
  'TF-1474',
  'Vivek Oberoi',
  '9856941302',
  'H.No. 38, Gali No. 2, Colony Road, Bangalore, Karnataka',
  72500,
  0,
  0,
  0,
  0,
  72500,
  'upi',
  'completed',
  '33333333-3333-4333-a333-333333333333',
  '2026-07-06T05:20:00.000Z'
);
INSERT INTO invoice_items (id, invoice_id, product_id, product_name, sku, quantity, unit_price, discount_percent, discount_amount, line_total)
VALUES (
  '276a9017-c48a-491b-bc21-b5546c19c06e',
  '08b75be3-47a9-4ca2-923d-99cd0d251197',
  '1a0955b9-fd9c-4c64-b0f8-57b92b6ea77d',
  'Classic Pocket Spring Premium Mattress (Mahogany, Ebony Black)',
  'MAT-MAH-0191',
  1,
  10000,
  5,
  500,
  9500
);
INSERT INTO invoice_items (id, invoice_id, product_id, product_name, sku, quantity, unit_price, discount_percent, discount_amount, line_total)
VALUES (
  '45c1721b-34e6-45ed-a393-8498aa51f40a',
  '08b75be3-47a9-4ca2-923d-99cd0d251197',
  '964afc5e-e8fd-4384-a137-d1aae7cb9745',
  'Premium Floor Standing TV Console (Teak Wood, Walnut Brown)',
  'TV -TEA-0117',
  2,
  31500,
  0,
  0,
  63000
);
INSERT INTO payments (id, invoice_id, method, amount, reference, created_at) VALUES ('786e17ba-3d60-4059-86ed-ec9be60c14b4', '08b75be3-47a9-4ca2-923d-99cd0d251197', 'upi', 72500, 'TXN-TF-1474', '2026-07-06T05:20:00.000Z');

-- Invoice TF-1475
INSERT INTO invoices (id, store_id, invoice_number, customer_name, customer_phone, customer_address, subtotal, discount_amount, delivery_charge, installation_charge, round_off, grand_total, payment_method, payment_status, created_by, created_at)
VALUES (
  '73849983-6a58-4ce3-b1ca-cf4ee81189e8',
  '29f4e073-bc1d-4071-ae3a-c8718a90f998',
  'TF-1475',
  'Vikram Seth',
  '9840068596',
  'H.No. 37, Gali No. 1, Colony Road, Secunderabad, Telangana',
  30875,
  0,
  0,
  0,
  0,
  30875,
  'cash',
  'cancelled',
  '22222222-2222-4222-a222-222222222222',
  '2026-07-06T07:45:00.000Z'
);
INSERT INTO invoice_items (id, invoice_id, product_id, product_name, sku, quantity, unit_price, discount_percent, discount_amount, line_total)
VALUES (
  'e16be512-8518-4277-a3c6-26ea85bd64af',
  '73849983-6a58-4ce3-b1ca-cf4ee81189e8',
  'b7306676-928a-4580-9b0c-f74908ec3c83',
  'Heritage 2-Door Sliding Wardrobe (Rose Wood, Ocean Blue)',
  'WAR-ROS-0146',
  1,
  32500,
  5,
  1625,
  30875
);

-- Invoice TF-1476
INSERT INTO invoices (id, store_id, invoice_number, customer_name, customer_phone, customer_address, subtotal, discount_amount, delivery_charge, installation_charge, round_off, grand_total, payment_method, payment_status, created_by, created_at)
VALUES (
  '41f5f55c-797e-424c-8508-cb46c8fc045b',
  '29f4e073-bc1d-4071-ae3a-c8718a90f998',
  'TF-1476',
  'Guest',
  '',
  '',
  319925,
  0,
  0,
  0,
  0,
  319925,
  'split',
  'completed',
  '11111111-1111-4111-a111-111111111111',
  '2026-07-06T07:43:00.000Z'
);
INSERT INTO invoice_items (id, invoice_id, product_id, product_name, sku, quantity, unit_price, discount_percent, discount_amount, line_total)
VALUES (
  '8f3c678b-3aca-4905-9847-654637a1c190',
  '41f5f55c-797e-424c-8508-cb46c8fc045b',
  '37a6c3c3-101c-48cc-a350-7d294835d4a1',
  'Royal L-Shape Sofa Sectional (Oak Wood, Ebony Black)',
  'SOF-OAK-0012',
  1,
  53500,
  5,
  2675,
  50825
);
INSERT INTO invoice_items (id, invoice_id, product_id, product_name, sku, quantity, unit_price, discount_percent, discount_amount, line_total)
VALUES (
  '8862743b-0347-4c5c-ad0d-14063b47cc0e',
  '41f5f55c-797e-424c-8508-cb46c8fc045b',
  'd449acce-7b49-4170-bfe0-d366cbbef163',
  'Eco-sustain Sofa Cum Bed (Sheesham Wood, Warm Beige)',
  'SOF-SHE-0015',
  2,
  90500,
  0,
  0,
  181000
);
INSERT INTO invoice_items (id, invoice_id, product_id, product_name, sku, quantity, unit_price, discount_percent, discount_amount, line_total)
VALUES (
  '97bf5732-9608-4bbd-9e6c-480f60c8844a',
  '41f5f55c-797e-424c-8508-cb46c8fc045b',
  'c1800dec-cb8a-4d2d-926e-bb685c5b9366',
  'Premium 5-Tier Open Bookshelf Console (Sheesham Wood, Walnut Brown)',
  'BOO-SHE-0288',
  1,
  18500,
  0,
  0,
  18500
);
INSERT INTO invoice_items (id, invoice_id, product_id, product_name, sku, quantity, unit_price, discount_percent, discount_amount, line_total)
VALUES (
  '6c83f6b4-3436-47d6-bd9e-12dbf31335e8',
  '41f5f55c-797e-424c-8508-cb46c8fc045b',
  '7d33530d-ad06-4337-b8c8-cb33996a0d3f',
  'Royal Dual Comfort Latex Mattress (Mahogany, Teak Finish)',
  'MAT-MAH-0186',
  2,
  12000,
  0,
  0,
  24000
);
INSERT INTO invoice_items (id, invoice_id, product_id, product_name, sku, quantity, unit_price, discount_percent, discount_amount, line_total)
VALUES (
  'd5833cbf-1c15-4e19-88da-fdb016106f51',
  '41f5f55c-797e-424c-8508-cb46c8fc045b',
  '673864fc-96aa-4ee5-be46-eaeecd987a1f',
  'Classic 3-Door Wardrobe with Mirror (Mahogany, Charcoal Grey)',
  'WAR-MAH-0157',
  1,
  48000,
  5,
  2400,
  45600
);
INSERT INTO payments (id, invoice_id, method, amount, reference, created_at) VALUES ('dff6e5dc-6e37-4a57-9c3c-c6a46e920e95', '41f5f55c-797e-424c-8508-cb46c8fc045b', 'card', 127970, 'TXN-SPLIT-CARD', '2026-07-06T07:43:00.000Z');
INSERT INTO payments (id, invoice_id, method, amount, reference, created_at) VALUES ('58aa7239-56e7-4838-87d4-e948fd50929a', '41f5f55c-797e-424c-8508-cb46c8fc045b', 'upi', 191955, 'TXN-SPLIT-UPI', '2026-07-06T07:43:00.000Z');

-- Invoice TF-1477
INSERT INTO invoices (id, store_id, invoice_number, customer_name, customer_phone, customer_address, subtotal, discount_amount, delivery_charge, installation_charge, round_off, grand_total, payment_method, payment_status, created_by, created_at)
VALUES (
  '8e783e22-f8ad-4d15-acd8-a908c5149453',
  '29f4e073-bc1d-4071-ae3a-c8718a90f998',
  'TF-1477',
  'Sneha Rao',
  '9838919308',
  'H.No. 35, Gali No. 4, Colony Road, Visakhapatnam, Andhra Pradesh',
  368325,
  0,
  0,
  0,
  0,
  368325,
  'bank_transfer',
  'completed',
  '33333333-3333-4333-a333-333333333333',
  '2026-07-06T08:49:00.000Z'
);
INSERT INTO invoice_items (id, invoice_id, product_id, product_name, sku, quantity, unit_price, discount_percent, discount_amount, line_total)
VALUES (
  'f4a96289-55d4-4285-9595-1196df1e0b07',
  '8e783e22-f8ad-4d15-acd8-a908c5149453',
  '09041bef-8468-41ea-a03e-691ef424e3c8',
  'Luxurious Upholstered Bed Platform (Engineered Wood, Ivory White)',
  'BED-ENG-0040',
  1,
  43500,
  5,
  2175,
  41325
);
INSERT INTO invoice_items (id, invoice_id, product_id, product_name, sku, quantity, unit_price, discount_percent, discount_amount, line_total)
VALUES (
  'a09c51de-5c3f-4556-ab5e-25bb3aede5e3',
  '8e783e22-f8ad-4d15-acd8-a908c5149453',
  '4174cdcb-4594-4201-a807-ce979874f326',
  'Comfort Rattan Outdoor Swing Chair (Mahogany, Ivory White)',
  'OUT-MAH-0254',
  2,
  51500,
  0,
  0,
  103000
);
INSERT INTO invoice_items (id, invoice_id, product_id, product_name, sku, quantity, unit_price, discount_percent, discount_amount, line_total)
VALUES (
  '1f409469-2142-4e1e-9327-d1cd88a6e90b',
  '8e783e22-f8ad-4d15-acd8-a908c5149453',
  'dd88417a-f687-4859-a0c7-7bfa3233750c',
  'Minimalist Massage Recliner Chair (Teak Wood, Crimson Red)',
  'REC-TEA-0226',
  1,
  28000,
  0,
  0,
  28000
);
INSERT INTO invoice_items (id, invoice_id, product_id, product_name, sku, quantity, unit_price, discount_percent, discount_amount, line_total)
VALUES (
  '68c5927d-874a-448b-846d-128bc1ac02fb',
  '8e783e22-f8ad-4d15-acd8-a908c5149453',
  '466e196d-8bba-44fa-8cc1-3b2b5a487d8e',
  'Luxurious 2-Door Sliding Wardrobe (Oak Wood, Ebony Black)',
  'WAR-OAK-0150',
  2,
  98000,
  0,
  0,
  196000
);
INSERT INTO payments (id, invoice_id, method, amount, reference, created_at) VALUES ('bc1ec2e5-b02b-40c6-8a83-445902745e6d', '8e783e22-f8ad-4d15-acd8-a908c5149453', 'bank_transfer', 368325, 'TXN-TF-1477', '2026-07-06T08:49:00.000Z');

-- Invoice TF-1478
INSERT INTO invoices (id, store_id, invoice_number, customer_name, customer_phone, customer_address, subtotal, discount_amount, delivery_charge, installation_charge, round_off, grand_total, payment_method, payment_status, created_by, created_at)
VALUES (
  'bdd81d06-6955-4a60-9b3c-fbc8e4959f9b',
  '29f4e073-bc1d-4071-ae3a-c8718a90f998',
  'TF-1478',
  'Siddharth Sen',
  '9818468602',
  'H.No. 34, Gali No. 3, Colony Road, Vijayawada, Andhra Pradesh',
  31950,
  0,
  0,
  0,
  0,
  31950,
  'card',
  'completed',
  '22222222-2222-4222-a222-222222222222',
  '2026-07-07T07:17:00.000Z'
);
INSERT INTO invoice_items (id, invoice_id, product_id, product_name, sku, quantity, unit_price, discount_percent, discount_amount, line_total)
VALUES (
  '7a85bb35-d1f6-49b5-be6f-46f0e1fe77a5',
  'bdd81d06-6955-4a60-9b3c-fbc8e4959f9b',
  '5a1c7880-0492-4124-bbed-efab59c864e7',
  'Comfort Wall Folding Laptop Desk (Engineered Wood, Ocean Blue)',
  'STU-ENG-0175',
  1,
  11000,
  5,
  550,
  10450
);
INSERT INTO invoice_items (id, invoice_id, product_id, product_name, sku, quantity, unit_price, discount_percent, discount_amount, line_total)
VALUES (
  '9b0b1b04-d99a-464f-90c1-11ac8f121bbf',
  'bdd81d06-6955-4a60-9b3c-fbc8e4959f9b',
  'dd6c98cd-ad0c-4287-8ac3-225fe5aa2c4d',
  'Royal Wooden Nesting Tables (Rose Wood, Ebony Black)',
  'COF-ROS-0129',
  2,
  6000,
  0,
  0,
  12000
);
INSERT INTO invoice_items (id, invoice_id, product_id, product_name, sku, quantity, unit_price, discount_percent, discount_amount, line_total)
VALUES (
  'efd9a820-2411-4448-9677-d7473ad35847',
  'bdd81d06-6955-4a60-9b3c-fbc8e4959f9b',
  'd016867f-446b-4b95-b58b-d1e2a6e1cb10',
  'Royal High Back Chair (Oak Wood, Charcoal Grey)',
  'DIN-OAK-0079',
  1,
  9500,
  0,
  0,
  9500
);
INSERT INTO payments (id, invoice_id, method, amount, reference, created_at) VALUES ('c3b281a8-d4a1-4285-b4ca-8a79ce33ef41', 'bdd81d06-6955-4a60-9b3c-fbc8e4959f9b', 'card', 31950, 'TXN-TF-1478', '2026-07-07T07:17:00.000Z');

-- Invoice TF-1479
INSERT INTO invoices (id, store_id, invoice_number, customer_name, customer_phone, customer_address, subtotal, discount_amount, delivery_charge, installation_charge, round_off, grand_total, payment_method, payment_status, created_by, created_at)
VALUES (
  '1193c3ba-8f1b-4c44-9816-88b4896d4ba8',
  '29f4e073-bc1d-4071-ae3a-c8718a90f998',
  'TF-1479',
  'Sarita Mishra',
  '9868630921',
  'H.No. 33, Gali No. 2, Colony Road, Chennai, Tamil Nadu',
  84175,
  0,
  1200,
  0,
  0,
  85375,
  'upi',
  'completed',
  '11111111-1111-4111-a111-111111111111',
  '2026-07-07T08:46:00.000Z'
);
INSERT INTO invoice_items (id, invoice_id, product_id, product_name, sku, quantity, unit_price, discount_percent, discount_amount, line_total)
VALUES (
  'cba9183e-6bb8-4f2f-b9ce-a625563b0b6d',
  '1193c3ba-8f1b-4c44-9816-88b4896d4ba8',
  '6e43538a-a745-4e9a-a6ef-7dcd57f182fd',
  'Luxurious Queen Size Wooden Bed (Mahogany, Ocean Blue)',
  'BED-MAH-0022',
  1,
  46500,
  5,
  2325,
  44175
);
INSERT INTO invoice_items (id, invoice_id, product_id, product_name, sku, quantity, unit_price, discount_percent, discount_amount, line_total)
VALUES (
  '0f4fb853-3b23-4274-a6a6-307184cfbed6',
  '1193c3ba-8f1b-4c44-9816-88b4896d4ba8',
  'f22b5c8c-e06e-4b9b-88ed-f46837e41e9a',
  'Eco-sustain Wooden Nesting Tables (Mahogany, Ebony Black)',
  'COF-MAH-0137',
  2,
  20000,
  0,
  0,
  40000
);
INSERT INTO payments (id, invoice_id, method, amount, reference, created_at) VALUES ('4f351311-1c1f-4f77-91c5-eb2c7214f90c', '1193c3ba-8f1b-4c44-9816-88b4896d4ba8', 'upi', 85375, 'TXN-TF-1479', '2026-07-07T08:46:00.000Z');

-- Invoice TF-1480
INSERT INTO invoices (id, store_id, invoice_number, customer_name, customer_phone, customer_address, subtotal, discount_amount, delivery_charge, installation_charge, round_off, grand_total, payment_method, payment_status, created_by, created_at)
VALUES (
  'c125cd9f-8a77-415d-bf1c-de7642ef6971',
  '29f4e073-bc1d-4071-ae3a-c8718a90f998',
  'TF-1480',
  'Guest',
  '',
  '',
  12350,
  370.5,
  0,
  0,
  0.5,
  11980,
  'cash',
  'completed',
  '33333333-3333-4333-a333-333333333333',
  '2026-07-07T15:07:00.000Z'
);
INSERT INTO invoice_items (id, invoice_id, product_id, product_name, sku, quantity, unit_price, discount_percent, discount_amount, line_total)
VALUES (
  'f0e8c7c2-bf78-4178-aaad-83a7cc897a84',
  'c125cd9f-8a77-415d-bf1c-de7642ef6971',
  'afad88ca-7631-419b-bb19-b3cdc6079db6',
  'Classic Rattan Accent Chair (Mahogany, Ocean Blue)',
  'DIN-MAH-0080',
  1,
  13000,
  5,
  650,
  12350
);
INSERT INTO payments (id, invoice_id, method, amount, reference, created_at) VALUES ('7a23b6dc-c3c6-4b99-bcb6-0cd6522f5998', 'c125cd9f-8a77-415d-bf1c-de7642ef6971', 'cash', 11980, 'TXN-TF-1480', '2026-07-07T15:07:00.000Z');

-- Invoice TF-1481
INSERT INTO invoices (id, store_id, invoice_number, customer_name, customer_phone, customer_address, subtotal, discount_amount, delivery_charge, installation_charge, round_off, grand_total, payment_method, payment_status, created_by, created_at)
VALUES (
  'cf4ef997-3207-4d2a-a62a-a2da9b47953d',
  '29f4e073-bc1d-4071-ae3a-c8718a90f998',
  'TF-1481',
  'Sandeep Hegde',
  '9810965696',
  'H.No. 31, Gali No. 5, Colony Road, Secunderabad, Telangana',
  118375,
  0,
  0,
  0,
  0,
  118375,
  'split',
  'completed',
  '22222222-2222-4222-a222-222222222222',
  '2026-07-07T07:23:00.000Z'
);
INSERT INTO invoice_items (id, invoice_id, product_id, product_name, sku, quantity, unit_price, discount_percent, discount_amount, line_total)
VALUES (
  'dc5874b7-322c-4d67-a41f-f62353ba01f6',
  'cf4ef997-3207-4d2a-a62a-a2da9b47953d',
  '08268210-083f-460e-a5ba-412e3d59cc4c',
  'Modern Compact Dresser Cabinet (Sheesham Wood, Crimson Red)',
  'DRE-SHE-0220',
  1,
  22000,
  5,
  1100,
  20900
);
INSERT INTO invoice_items (id, invoice_id, product_id, product_name, sku, quantity, unit_price, discount_percent, discount_amount, line_total)
VALUES (
  'b8142eb8-6625-41b1-9ce2-291d01d298b7',
  'cf4ef997-3207-4d2a-a62a-a2da9b47953d',
  '9da5d4c4-6bcc-42df-a639-598e5d4f24c8',
  'Royal Wall Mounted TV Cabinet (Mahogany, Ivory White)',
  'TV -MAH-0119',
  2,
  27500,
  0,
  0,
  55000
);
INSERT INTO invoice_items (id, invoice_id, product_id, product_name, sku, quantity, unit_price, discount_percent, discount_amount, line_total)
VALUES (
  '3cb2b697-2cfb-44d7-9c9a-62e5cfab12df',
  'cf4ef997-3207-4d2a-a62a-a2da9b47953d',
  '4d3dbd05-9bce-40cd-8688-cae53cd77efd',
  'Eco-sustain High Back Chair (Teak Wood, Ebony Black)',
  'DIN-TEA-0071',
  1,
  7500,
  0,
  0,
  7500
);
INSERT INTO invoice_items (id, invoice_id, product_id, product_name, sku, quantity, unit_price, discount_percent, discount_amount, line_total)
VALUES (
  '2d5ab652-574d-4a62-91d1-c35f30bb9aee',
  'cf4ef997-3207-4d2a-a62a-a2da9b47953d',
  '80cf3cab-c718-4427-8775-8237e67c7b47',
  'Modern 5-Tier Open Bookshelf Console (Sheesham Wood, Crimson Red)',
  'BOO-SHE-0294',
  2,
  12500,
  0,
  0,
  25000
);
INSERT INTO invoice_items (id, invoice_id, product_id, product_name, sku, quantity, unit_price, discount_percent, discount_amount, line_total)
VALUES (
  '1bf80b36-f2f0-479e-85a8-fdd26ee109fa',
  'cf4ef997-3207-4d2a-a62a-a2da9b47953d',
  'c6c9baff-b6c0-4b26-840b-5ebd9022835d',
  'Royal 6-Drawer Wide Dresser chest (Mahogany, Charcoal Grey)',
  'DRE-MAH-0212',
  1,
  10500,
  5,
  525,
  9975
);
INSERT INTO payments (id, invoice_id, method, amount, reference, created_at) VALUES ('3c4b404a-9979-4077-996e-112f6503b754', 'cf4ef997-3207-4d2a-a62a-a2da9b47953d', 'card', 47350, 'TXN-SPLIT-CARD', '2026-07-07T07:23:00.000Z');
INSERT INTO payments (id, invoice_id, method, amount, reference, created_at) VALUES ('2a58d86c-b357-4799-a2fe-6de36c46c925', 'cf4ef997-3207-4d2a-a62a-a2da9b47953d', 'upi', 71025, 'TXN-SPLIT-UPI', '2026-07-07T07:23:00.000Z');

-- Invoice TF-1482
INSERT INTO invoices (id, store_id, invoice_number, customer_name, customer_phone, customer_address, subtotal, discount_amount, delivery_charge, installation_charge, round_off, grand_total, payment_method, payment_status, created_by, created_at)
VALUES (
  '8a88e486-ef4a-4579-b3df-9188e60aad69',
  '29f4e073-bc1d-4071-ae3a-c8718a90f998',
  'TF-1482',
  'Ravi Shankar',
  '9840315284',
  'H.No. 30, Gali No. 4, Colony Road, Hyderabad, Telangana',
  264300,
  0,
  0,
  500,
  0,
  264800,
  'bank_transfer',
  'completed',
  '11111111-1111-4111-a111-111111111111',
  '2026-07-07T13:31:00.000Z'
);
INSERT INTO invoice_items (id, invoice_id, product_id, product_name, sku, quantity, unit_price, discount_percent, discount_amount, line_total)
VALUES (
  'dadcc603-4e22-451f-9f56-999c49a190d2',
  '8a88e486-ef4a-4579-b3df-9188e60aad69',
  '9daca54c-237b-4c01-ba37-ee062d75517c',
  'Modern 5-Tier Open Bookshelf Console (Sheesham Wood, Warm Beige)',
  'BOO-SHE-0297',
  1,
  14000,
  5,
  700,
  13300
);
INSERT INTO invoice_items (id, invoice_id, product_id, product_name, sku, quantity, unit_price, discount_percent, discount_amount, line_total)
VALUES (
  '2496b796-58f8-4cb4-9d07-12df1d29659c',
  '8a88e486-ef4a-4579-b3df-9188e60aad69',
  '55b103bb-657e-4a60-a57f-276b49971487',
  'Minimalist Closed Glass-door Library Cabinet (Teak Wood, Teak Finish)',
  'BOO-TEA-0295',
  2,
  19000,
  0,
  0,
  38000
);
INSERT INTO invoice_items (id, invoice_id, product_id, product_name, sku, quantity, unit_price, discount_percent, discount_amount, line_total)
VALUES (
  'b5214e78-7a7e-44b7-a7c7-fc13b26d9450',
  '8a88e486-ef4a-4579-b3df-9188e60aad69',
  'b8b2bedb-190a-46cc-ad7a-a5c7f215f29d',
  'Luxurious Recliner Sofa (Rose Wood, Crimson Red)',
  'SOF-ROS-0013',
  1,
  81000,
  0,
  0,
  81000
);
INSERT INTO invoice_items (id, invoice_id, product_id, product_name, sku, quantity, unit_price, discount_percent, discount_amount, line_total)
VALUES (
  '5604ae1b-ad30-4b2c-9d0d-1aed215128cf',
  '8a88e486-ef4a-4579-b3df-9188e60aad69',
  '0fd1f89f-28d1-4530-a20f-30e848b85844',
  'Modern 3-Seater Sofa (Sheesham Wood, Teak Finish)',
  'SOF-SHE-0016',
  2,
  66000,
  0,
  0,
  132000
);
INSERT INTO payments (id, invoice_id, method, amount, reference, created_at) VALUES ('d7b2cc84-30d1-40e5-848a-9d704e0b54bb', '8a88e486-ef4a-4579-b3df-9188e60aad69', 'bank_transfer', 264800, 'TXN-TF-1482', '2026-07-07T13:31:00.000Z');

-- Invoice TF-1483
INSERT INTO invoices (id, store_id, invoice_number, customer_name, customer_phone, customer_address, subtotal, discount_amount, delivery_charge, installation_charge, round_off, grand_total, payment_method, payment_status, created_by, created_at)
VALUES (
  '1626b54c-df1d-43c5-8ed9-66989c33bd42',
  '29f4e073-bc1d-4071-ae3a-c8718a90f998',
  'TF-1483',
  'Ramesh Chandra',
  '9858264637',
  'H.No. 29, Gali No. 3, Colony Road, Visakhapatnam, Andhra Pradesh',
  36875,
  0,
  0,
  0,
  0,
  36875,
  'card',
  'completed',
  '33333333-3333-4333-a333-333333333333',
  '2026-07-07T12:31:00.000Z'
);
INSERT INTO invoice_items (id, invoice_id, product_id, product_name, sku, quantity, unit_price, discount_percent, discount_amount, line_total)
VALUES (
  '1369e8db-bef9-4a77-aba8-52ad5f381bcc',
  '1626b54c-df1d-43c5-8ed9-66989c33bd42',
  '80cf3cab-c718-4427-8775-8237e67c7b47',
  'Modern 5-Tier Open Bookshelf Console (Sheesham Wood, Crimson Red)',
  'BOO-SHE-0294',
  1,
  12500,
  5,
  625,
  11875
);
INSERT INTO invoice_items (id, invoice_id, product_id, product_name, sku, quantity, unit_price, discount_percent, discount_amount, line_total)
VALUES (
  'cbafe908-e528-4c6f-84ab-03a89d6b5ade',
  '1626b54c-df1d-43c5-8ed9-66989c33bd42',
  'c7f13d7f-df13-43de-aeba-718f47ec79fa',
  'Classic Solid Wood Computer Desk (Engineered Wood, Walnut Brown)',
  'STU-ENG-0172',
  2,
  6500,
  0,
  0,
  13000
);
INSERT INTO invoice_items (id, invoice_id, product_id, product_name, sku, quantity, unit_price, discount_percent, discount_amount, line_total)
VALUES (
  '6eb11591-2fd3-4507-8485-bb633e85b6c3',
  '1626b54c-df1d-43c5-8ed9-66989c33bd42',
  '15feddc0-50c6-404f-99d9-74ae44294f02',
  'Minimalist Shoe Storage Bench Rack (Sheesham Wood, Crimson Red)',
  'STO-SHE-0271',
  1,
  12000,
  0,
  0,
  12000
);
INSERT INTO payments (id, invoice_id, method, amount, reference, created_at) VALUES ('e81d29ad-893f-4dfe-8853-cc4441c26fb0', '1626b54c-df1d-43c5-8ed9-66989c33bd42', 'card', 36875, 'TXN-TF-1483', '2026-07-07T12:31:00.000Z');

-- Invoice TF-1484
INSERT INTO invoices (id, store_id, invoice_number, customer_name, customer_phone, customer_address, subtotal, discount_amount, delivery_charge, installation_charge, round_off, grand_total, payment_method, payment_status, created_by, created_at)
VALUES (
  'da3017f7-f902-4d86-8a69-7af68523f66a',
  '29f4e073-bc1d-4071-ae3a-c8718a90f998',
  'TF-1484',
  'Guest',
  '',
  '',
  101275,
  0,
  0,
  0,
  0,
  101275,
  'upi',
  'completed',
  '22222222-2222-4222-a222-222222222222',
  '2026-07-08T11:00:00.000Z'
);
INSERT INTO invoice_items (id, invoice_id, product_id, product_name, sku, quantity, unit_price, discount_percent, discount_amount, line_total)
VALUES (
  '83190704-af75-4b51-bfe3-28e42221bd3c',
  'da3017f7-f902-4d86-8a69-7af68523f66a',
  '9cac0f18-a728-4c46-a7b4-d68d4dcfc96d',
  'Minimalist Storage Trunk Coffee Table (Sheesham Wood, Warm Beige)',
  'COF-SHE-0135',
  1,
  4500,
  5,
  225,
  4275
);
INSERT INTO invoice_items (id, invoice_id, product_id, product_name, sku, quantity, unit_price, discount_percent, discount_amount, line_total)
VALUES (
  '73933238-6586-4e78-a003-867b09f6e13f',
  'da3017f7-f902-4d86-8a69-7af68523f66a',
  'b3737457-0c49-4d3d-89d9-f788446eda0d',
  'Comfort 3-Seater Sofa (Rose Wood, Walnut Brown)',
  'SOF-ROS-0011',
  2,
  48500,
  0,
  0,
  97000
);
INSERT INTO payments (id, invoice_id, method, amount, reference, created_at) VALUES ('6f926109-e088-4c2f-b219-0876107390c2', 'da3017f7-f902-4d86-8a69-7af68523f66a', 'upi', 101275, 'TXN-TF-1484', '2026-07-08T11:00:00.000Z');

-- Invoice TF-1485
INSERT INTO invoices (id, store_id, invoice_number, customer_name, customer_phone, customer_address, subtotal, discount_amount, delivery_charge, installation_charge, round_off, grand_total, payment_method, payment_status, created_by, created_at)
VALUES (
  '92db9821-ee24-4c76-a7e8-4eedb6ba9d59',
  '29f4e073-bc1d-4071-ae3a-c8718a90f998',
  'TF-1485',
  'Priya Pillai',
  '9828052305',
  'H.No. 27, Gali No. 1, Colony Road, Chennai, Tamil Nadu',
  111625,
  0,
  0,
  0,
  0,
  111625,
  'cash',
  'completed',
  '11111111-1111-4111-a111-111111111111',
  '2026-07-08T04:46:00.000Z'
);
INSERT INTO invoice_items (id, invoice_id, product_id, product_name, sku, quantity, unit_price, discount_percent, discount_amount, line_total)
VALUES (
  '9f21c395-5329-4e90-87c2-7db19c1b4848',
  '92db9821-ee24-4c76-a7e8-4eedb6ba9d59',
  '5a47b543-0e83-4610-9794-e48996ce966c',
  'Minimalist Sofa Cum Bed (Mahogany, Warm Beige)',
  'SOF-MAH-0020',
  1,
  117500,
  5,
  5875,
  111625
);
INSERT INTO payments (id, invoice_id, method, amount, reference, created_at) VALUES ('d3d8d360-fd55-48fa-b2ce-0f9466271256', '92db9821-ee24-4c76-a7e8-4eedb6ba9d59', 'cash', 111625, 'TXN-TF-1485', '2026-07-08T04:46:00.000Z');

-- Invoice TF-1486
INSERT INTO invoices (id, store_id, invoice_number, customer_name, customer_phone, customer_address, subtotal, discount_amount, delivery_charge, installation_charge, round_off, grand_total, payment_method, payment_status, created_by, created_at)
VALUES (
  '504fbb28-09b5-426a-a186-2143da498c01',
  '29f4e073-bc1d-4071-ae3a-c8718a90f998',
  'TF-1486',
  'Pranav Kulkarni',
  '9850118715',
  'H.No. 26, Gali No. 5, Colony Road, Bangalore, Karnataka',
  344375,
  0,
  1200,
  0,
  0,
  345575,
  'split',
  'completed',
  '33333333-3333-4333-a333-333333333333',
  '2026-07-08T09:11:00.000Z'
);
INSERT INTO invoice_items (id, invoice_id, product_id, product_name, sku, quantity, unit_price, discount_percent, discount_amount, line_total)
VALUES (
  '66b9e919-c82a-46da-a45e-4b9654ae91d5',
  '504fbb28-09b5-426a-a186-2143da498c01',
  '0a7e4b67-6321-4356-8ca2-1d6e897aee14',
  'Heritage 5-Tier Open Bookshelf Console (Sheesham Wood, Ebony Black)',
  'BOO-SHE-0300',
  1,
  10500,
  5,
  525,
  9975
);
INSERT INTO invoice_items (id, invoice_id, product_id, product_name, sku, quantity, unit_price, discount_percent, discount_amount, line_total)
VALUES (
  '9cee61a2-ac11-4938-8b7e-a75a247c83d4',
  '504fbb28-09b5-426a-a186-2143da498c01',
  'e4513259-363d-4f87-a80b-f9895dc0963f',
  'Comfort 2-Door Sliding Wardrobe (Oak Wood, Ivory White)',
  'WAR-OAK-0158',
  2,
  115500,
  0,
  0,
  231000
);
INSERT INTO invoice_items (id, invoice_id, product_id, product_name, sku, quantity, unit_price, discount_percent, discount_amount, line_total)
VALUES (
  '52901b25-d7af-4c05-9ecd-38124b22d4d1',
  '504fbb28-09b5-426a-a186-2143da498c01',
  '65fcdb5b-7aad-4606-b16a-b28e2286c58f',
  'Classic Recliner Sofa (Engineered Wood, Ebony Black)',
  'SOF-ENG-0008',
  1,
  37000,
  0,
  0,
  37000
);
INSERT INTO invoice_items (id, invoice_id, product_id, product_name, sku, quantity, unit_price, discount_percent, discount_amount, line_total)
VALUES (
  'f952928d-1ecd-4265-8ab9-2749dbf9c23d',
  '504fbb28-09b5-426a-a186-2143da498c01',
  '4a044722-9ba3-4f4f-a335-8aeac80f46d2',
  'Minimalist Executive Study Desk with Drawers (Teak Wood, Crimson Red)',
  'STU-TEA-0178',
  2,
  27500,
  0,
  0,
  55000
);
INSERT INTO invoice_items (id, invoice_id, product_id, product_name, sku, quantity, unit_price, discount_percent, discount_amount, line_total)
VALUES (
  '760d1717-c0f6-49dd-99c0-966f6a83d07c',
  '504fbb28-09b5-426a-a186-2143da498c01',
  '2ebef195-2645-4998-b72e-a507d5872822',
  'Luxurious Mesh Medium-Back Office Chair (Oak Wood, Ebony Black)',
  'OFF-OAK-0087',
  1,
  12000,
  5,
  600,
  11400
);
INSERT INTO payments (id, invoice_id, method, amount, reference, created_at) VALUES ('201d52f0-77e7-4d65-8967-a966fdabdb1a', '504fbb28-09b5-426a-a186-2143da498c01', 'card', 138230, 'TXN-SPLIT-CARD', '2026-07-08T09:11:00.000Z');
INSERT INTO payments (id, invoice_id, method, amount, reference, created_at) VALUES ('e939b8ab-2f62-4f64-8545-88d0e5f2cdfb', '504fbb28-09b5-426a-a186-2143da498c01', 'upi', 207345, 'TXN-SPLIT-UPI', '2026-07-08T09:11:00.000Z');

-- Invoice TF-1487
INSERT INTO invoices (id, store_id, invoice_number, customer_name, customer_phone, customer_address, subtotal, discount_amount, delivery_charge, installation_charge, round_off, grand_total, payment_method, payment_status, created_by, created_at)
VALUES (
  'ae23d9d3-1de0-4aad-9881-c8e7b3092795',
  '29f4e073-bc1d-4071-ae3a-c8718a90f998',
  'TF-1487',
  'Neha Deshmukh',
  '9815059315',
  'H.No. 25, Gali No. 4, Colony Road, Secunderabad, Telangana',
  261850,
  0,
  0,
  0,
  0,
  261850,
  'bank_transfer',
  'completed',
  '22222222-2222-4222-a222-222222222222',
  '2026-07-08T10:03:00.000Z'
);
INSERT INTO invoice_items (id, invoice_id, product_id, product_name, sku, quantity, unit_price, discount_percent, discount_amount, line_total)
VALUES (
  'cabb08a8-72e1-474e-a50d-de5a088e0860',
  'ae23d9d3-1de0-4aad-9881-c8e7b3092795',
  'ef85eb68-37c4-473c-a529-f2c5a38bfe9c',
  'Comfort Marble Top Dining Table (Teak Wood, Walnut Brown)',
  'DIN-TEA-0043',
  1,
  43000,
  5,
  2150,
  40850
);
INSERT INTO invoice_items (id, invoice_id, product_id, product_name, sku, quantity, unit_price, discount_percent, discount_amount, line_total)
VALUES (
  '92973570-0a51-4786-aa60-d2b76b607067',
  'ae23d9d3-1de0-4aad-9881-c8e7b3092795',
  '3a5f9708-fb43-44c9-b68f-8bc8d123070d',
  'Minimalist Open Walk-in Closet Organizer (Rose Wood, Ebony Black)',
  'WAR-ROS-0148',
  2,
  49000,
  0,
  0,
  98000
);
INSERT INTO invoice_items (id, invoice_id, product_id, product_name, sku, quantity, unit_price, discount_percent, discount_amount, line_total)
VALUES (
  '7d2c59e3-bc87-4f16-b36e-7c748652fdf1',
  'ae23d9d3-1de0-4aad-9881-c8e7b3092795',
  '202ef786-0c84-48d3-82cd-f74a4b54cc72',
  'Royal Ladder Bookshelf Display Unit (Engineered Wood, Teak Finish)',
  'BOO-ENG-0290',
  1,
  10000,
  0,
  0,
  10000
);
INSERT INTO invoice_items (id, invoice_id, product_id, product_name, sku, quantity, unit_price, discount_percent, discount_amount, line_total)
VALUES (
  '76a21fba-c460-42bf-ad23-3ab99bb13026',
  'ae23d9d3-1de0-4aad-9881-c8e7b3092795',
  '48c1d0bb-e99d-476f-a202-e963a97af61d',
  'Imperial Orthopedic Memory Foam Mattress (Mahogany, Teak Finish)',
  'MAT-MAH-0187',
  2,
  56500,
  0,
  0,
  113000
);
INSERT INTO payments (id, invoice_id, method, amount, reference, created_at) VALUES ('28711c19-8864-430d-9f9e-aa39d528299d', 'ae23d9d3-1de0-4aad-9881-c8e7b3092795', 'bank_transfer', 261850, 'TXN-TF-1487', '2026-07-08T10:03:00.000Z');

-- Invoice TF-1488
INSERT INTO invoices (id, store_id, invoice_number, customer_name, customer_phone, customer_address, subtotal, discount_amount, delivery_charge, installation_charge, round_off, grand_total, payment_method, payment_status, created_by, created_at)
VALUES (
  '9ce391ad-22c1-4803-b9bf-706abf80138e',
  '29f4e073-bc1d-4071-ae3a-c8718a90f998',
  'TF-1488',
  'Guest',
  '',
  '',
  211500,
  0,
  0,
  0,
  0,
  211500,
  'card',
  'completed',
  '11111111-1111-4111-a111-111111111111',
  '2026-07-08T07:38:00.000Z'
);
INSERT INTO invoice_items (id, invoice_id, product_id, product_name, sku, quantity, unit_price, discount_percent, discount_amount, line_total)
VALUES (
  '2aab2958-811b-4929-a7a9-e91899c3ca3e',
  '9ce391ad-22c1-4803-b9bf-706abf80138e',
  'f22b5c8c-e06e-4b9b-88ed-f46837e41e9a',
  'Eco-sustain Wooden Nesting Tables (Mahogany, Ebony Black)',
  'COF-MAH-0137',
  1,
  20000,
  5,
  1000,
  19000
);
INSERT INTO invoice_items (id, invoice_id, product_id, product_name, sku, quantity, unit_price, discount_percent, discount_amount, line_total)
VALUES (
  'b80bd4af-a612-4ccc-9557-c8c91de4e270',
  '9ce391ad-22c1-4803-b9bf-706abf80138e',
  'ca81f1db-6b79-4b6a-9bcd-d9ce601ddb8b',
  'Imperial Chesterfield Sofa (Engineered Wood, Ocean Blue)',
  'SOF-ENG-0004',
  2,
  89500,
  0,
  0,
  179000
);
INSERT INTO invoice_items (id, invoice_id, product_id, product_name, sku, quantity, unit_price, discount_percent, discount_amount, line_total)
VALUES (
  '78a81d75-8279-460d-924e-790fa1154729',
  '9ce391ad-22c1-4803-b9bf-706abf80138e',
  'efb65228-fb21-44f6-b8b6-6a70f38350c8',
  'Modern Wall Mounted TV Cabinet (Sheesham Wood, Ocean Blue)',
  'TV -SHE-0110',
  1,
  13500,
  0,
  0,
  13500
);
INSERT INTO payments (id, invoice_id, method, amount, reference, created_at) VALUES ('62d737be-4a47-43a5-b2a6-2fe19faeb063', '9ce391ad-22c1-4803-b9bf-706abf80138e', 'card', 211500, 'TXN-TF-1488', '2026-07-08T07:38:00.000Z');

-- Invoice TF-1489
INSERT INTO invoices (id, store_id, invoice_number, customer_name, customer_phone, customer_address, subtotal, discount_amount, delivery_charge, installation_charge, round_off, grand_total, payment_method, payment_status, created_by, created_at)
VALUES (
  '10aa50c2-896c-4338-a9ce-f581578d9038',
  '29f4e073-bc1d-4071-ae3a-c8718a90f998',
  'TF-1489',
  'Kavitha Hegde',
  '9893566191',
  'H.No. 23, Gali No. 2, Colony Road, Visakhapatnam, Andhra Pradesh',
  52450,
  0,
  0,
  0,
  0,
  52450,
  'upi',
  'completed',
  '33333333-3333-4333-a333-333333333333',
  '2026-07-09T14:51:00.000Z'
);
INSERT INTO invoice_items (id, invoice_id, product_id, product_name, sku, quantity, unit_price, discount_percent, discount_amount, line_total)
VALUES (
  'fc6ab1e6-48ba-4853-b8ae-198c455ac726',
  '10aa50c2-896c-4338-a9ce-f581578d9038',
  '5a1c7880-0492-4124-bbed-efab59c864e7',
  'Comfort Wall Folding Laptop Desk (Engineered Wood, Ocean Blue)',
  'STU-ENG-0175',
  1,
  11000,
  5,
  550,
  10450
);
INSERT INTO invoice_items (id, invoice_id, product_id, product_name, sku, quantity, unit_price, discount_percent, discount_amount, line_total)
VALUES (
  '6e58b617-bda0-4350-8a6f-01301569e546',
  '10aa50c2-896c-4338-a9ce-f581578d9038',
  'daa55337-8a17-46da-a3f2-5955d8fa5f76',
  'Classic Storage Trunk Coffee Table (Teak Wood, Ivory White)',
  'COF-TEA-0139',
  2,
  21000,
  0,
  0,
  42000
);
INSERT INTO payments (id, invoice_id, method, amount, reference, created_at) VALUES ('94a8c0fc-2d6c-4d81-97b3-18e82cf04a1f', '10aa50c2-896c-4338-a9ce-f581578d9038', 'upi', 52450, 'TXN-TF-1489', '2026-07-09T14:51:00.000Z');

-- Invoice TF-1490
INSERT INTO invoices (id, store_id, invoice_number, customer_name, customer_phone, customer_address, subtotal, discount_amount, delivery_charge, installation_charge, round_off, grand_total, payment_method, payment_status, created_by, created_at)
VALUES (
  '397f8e4c-2017-4e26-a241-311413c20faa',
  '29f4e073-bc1d-4071-ae3a-c8718a90f998',
  'TF-1490',
  'Karthik Swami',
  '9890572317',
  'H.No. 22, Gali No. 1, Colony Road, Vijayawada, Andhra Pradesh',
  11400,
  342,
  0,
  0,
  0,
  11058,
  'cash',
  'completed',
  '22222222-2222-4222-a222-222222222222',
  '2026-07-09T06:23:00.000Z'
);
INSERT INTO invoice_items (id, invoice_id, product_id, product_name, sku, quantity, unit_price, discount_percent, discount_amount, line_total)
VALUES (
  'cf6e104d-a02e-403c-a3fd-4473d92bbfdb',
  '397f8e4c-2017-4e26-a241-311413c20faa',
  '15feddc0-50c6-404f-99d9-74ae44294f02',
  'Minimalist Shoe Storage Bench Rack (Sheesham Wood, Crimson Red)',
  'STO-SHE-0271',
  1,
  12000,
  5,
  600,
  11400
);
INSERT INTO payments (id, invoice_id, method, amount, reference, created_at) VALUES ('5583d115-77cf-4ae0-8876-9dbfa9b1fa40', '397f8e4c-2017-4e26-a241-311413c20faa', 'cash', 11058, 'TXN-TF-1490', '2026-07-09T06:23:00.000Z');

-- Invoice TF-1491
INSERT INTO invoices (id, store_id, invoice_number, customer_name, customer_phone, customer_address, subtotal, discount_amount, delivery_charge, installation_charge, round_off, grand_total, payment_method, payment_status, created_by, created_at)
VALUES (
  '8e68bde0-3645-42ca-8478-6526aaed1ef7',
  '29f4e073-bc1d-4071-ae3a-c8718a90f998',
  'TF-1491',
  'Jyoti Prasad',
  '9823482531',
  'H.No. 21, Gali No. 5, Colony Road, Chennai, Tamil Nadu',
  458875,
  0,
  0,
  500,
  0,
  459375,
  'split',
  'completed',
  '11111111-1111-4111-a111-111111111111',
  '2026-07-09T13:32:00.000Z'
);
INSERT INTO invoice_items (id, invoice_id, product_id, product_name, sku, quantity, unit_price, discount_percent, discount_amount, line_total)
VALUES (
  '198f6b92-3aeb-4f2e-b3d3-7536d04ee926',
  '8e68bde0-3645-42ca-8478-6526aaed1ef7',
  '26e97e22-a9a9-4748-b43f-4f06ff43b1cc',
  'Classic Cushioned Dining Chair (Mahogany, Warm Beige)',
  'DIN-MAH-0069',
  1,
  14000,
  5,
  700,
  13300
);
INSERT INTO invoice_items (id, invoice_id, product_id, product_name, sku, quantity, unit_price, discount_percent, discount_amount, line_total)
VALUES (
  'acc2fd00-b578-4093-97a8-75f8bfb5e2de',
  '8e68bde0-3645-42ca-8478-6526aaed1ef7',
  '47105cfc-d71b-430f-87b2-d643130dcd41',
  'Luxurious Upholstered Bed Platform (Oak Wood, Warm Beige)',
  'BED-OAK-0035',
  2,
  80000,
  0,
  0,
  160000
);
INSERT INTO invoice_items (id, invoice_id, product_id, product_name, sku, quantity, unit_price, discount_percent, discount_amount, line_total)
VALUES (
  '898c5912-64ca-4693-945d-94a0fa734c65',
  '8e68bde0-3645-42ca-8478-6526aaed1ef7',
  'ca81f1db-6b79-4b6a-9bcd-d9ce601ddb8b',
  'Imperial Chesterfield Sofa (Engineered Wood, Ocean Blue)',
  'SOF-ENG-0004',
  1,
  89500,
  0,
  0,
  89500
);
INSERT INTO invoice_items (id, invoice_id, product_id, product_name, sku, quantity, unit_price, discount_percent, discount_amount, line_total)
VALUES (
  'b94a1688-1dca-422e-a635-7bd52aef9b09',
  '8e68bde0-3645-42ca-8478-6526aaed1ef7',
  'f7143768-39ca-4c15-9255-7f63f3b889f9',
  'Classic Upholstered Bed Platform (Mahogany, Warm Beige)',
  'BED-MAH-0025',
  2,
  84500,
  0,
  0,
  169000
);
INSERT INTO invoice_items (id, invoice_id, product_id, product_name, sku, quantity, unit_price, discount_percent, discount_amount, line_total)
VALUES (
  '16c51a83-6ae7-4055-8fa9-01afab74017e',
  '8e68bde0-3645-42ca-8478-6526aaed1ef7',
  '8f73e299-b8fd-4c1a-b2be-ab67ea0c8fce',
  'Imperial Wooden Sun Lounger Bed (Oak Wood, Teak Finish)',
  'OUT-OAK-0249',
  1,
  28500,
  5,
  1425,
  27075
);
INSERT INTO payments (id, invoice_id, method, amount, reference, created_at) VALUES ('e0ed1837-938b-4dc9-bbbc-9b4ea923bdd1', '8e68bde0-3645-42ca-8478-6526aaed1ef7', 'card', 183750, 'TXN-SPLIT-CARD', '2026-07-09T13:32:00.000Z');
INSERT INTO payments (id, invoice_id, method, amount, reference, created_at) VALUES ('b79eb084-a928-4b55-85ca-d577ff66047d', '8e68bde0-3645-42ca-8478-6526aaed1ef7', 'upi', 275625, 'TXN-SPLIT-UPI', '2026-07-09T13:32:00.000Z');

-- Invoice TF-1492
INSERT INTO invoices (id, store_id, invoice_number, customer_name, customer_phone, customer_address, subtotal, discount_amount, delivery_charge, installation_charge, round_off, grand_total, payment_method, payment_status, created_by, created_at)
VALUES (
  '29d67810-f333-498c-b323-9b7b4ced1676',
  '29f4e073-bc1d-4071-ae3a-c8718a90f998',
  'TF-1492',
  'Guest',
  '',
  '',
  141950,
  0,
  0,
  0,
  0,
  141950,
  'bank_transfer',
  'completed',
  '33333333-3333-4333-a333-333333333333',
  '2026-07-09T09:20:00.000Z'
);
INSERT INTO invoice_items (id, invoice_id, product_id, product_name, sku, quantity, unit_price, discount_percent, discount_amount, line_total)
VALUES (
  'ed880465-a7b1-41f1-9808-9cdd7f751c24',
  '29d67810-f333-498c-b323-9b7b4ced1676',
  '5a1c7880-0492-4124-bbed-efab59c864e7',
  'Comfort Wall Folding Laptop Desk (Engineered Wood, Ocean Blue)',
  'STU-ENG-0175',
  1,
  11000,
  5,
  550,
  10450
);
INSERT INTO invoice_items (id, invoice_id, product_id, product_name, sku, quantity, unit_price, discount_percent, discount_amount, line_total)
VALUES (
  'f63b1a5b-3e26-41e6-9bcd-6e9451e67e24',
  '29d67810-f333-498c-b323-9b7b4ced1676',
  'cb469098-20af-41f4-ac4d-3be8ea9f8eb0',
  'Luxurious Glass Top Coffee Table (Teak Wood, Teak Finish)',
  'COF-TEA-0122',
  2,
  12000,
  0,
  0,
  24000
);
INSERT INTO invoice_items (id, invoice_id, product_id, product_name, sku, quantity, unit_price, discount_percent, discount_amount, line_total)
VALUES (
  'b3116bd1-94e3-49bf-906b-bc8c5ab50dc4',
  '29d67810-f333-498c-b323-9b7b4ced1676',
  '4b1e45c0-e517-4f15-ae56-751d67906568',
  'Heritage 4-Seater Glass Top Dining Table (Sheesham Wood, Crimson Red)',
  'DIN-SHE-0054',
  1,
  71500,
  0,
  0,
  71500
);
INSERT INTO invoice_items (id, invoice_id, product_id, product_name, sku, quantity, unit_price, discount_percent, discount_amount, line_total)
VALUES (
  '1f1c9b4b-c390-4221-b7a7-94b873b25615',
  '29d67810-f333-498c-b323-9b7b4ced1676',
  '2c84a2a1-1b4f-4366-8e11-43df5f4b9044',
  'Eco-sustain Executive Study Desk with Drawers (Engineered Wood, Charcoal Grey)',
  'STU-ENG-0166',
  2,
  18000,
  0,
  0,
  36000
);
INSERT INTO payments (id, invoice_id, method, amount, reference, created_at) VALUES ('d22f61e6-0079-4f64-9399-9c1c034e51ea', '29d67810-f333-498c-b323-9b7b4ced1676', 'bank_transfer', 141950, 'TXN-TF-1492', '2026-07-09T09:20:00.000Z');

-- Invoice TF-1493
INSERT INTO invoices (id, store_id, invoice_number, customer_name, customer_phone, customer_address, subtotal, discount_amount, delivery_charge, installation_charge, round_off, grand_total, payment_method, payment_status, created_by, created_at)
VALUES (
  '90509af8-5bc5-4865-8ae4-24cdded3c5cd',
  '29f4e073-bc1d-4071-ae3a-c8718a90f998',
  'TF-1493',
  'Harish Rao',
  '9868884495',
  'H.No. 19, Gali No. 3, Colony Road, Secunderabad, Telangana',
  51575,
  0,
  1200,
  0,
  0,
  52775,
  'card',
  'completed',
  '22222222-2222-4222-a222-222222222222',
  '2026-07-09T08:36:00.000Z'
);
INSERT INTO invoice_items (id, invoice_id, product_id, product_name, sku, quantity, unit_price, discount_percent, discount_amount, line_total)
VALUES (
  'a564067b-52f4-40ab-85e7-bc7ff2a64db8',
  '90509af8-5bc5-4865-8ae4-24cdded3c5cd',
  '4285c79a-d18c-4d32-b4d5-6a9248d5b034',
  'Premium Mesh Medium-Back Office Chair (Sheesham Wood, Warm Beige)',
  'OFF-SHE-0091',
  1,
  8500,
  5,
  425,
  8075
);
INSERT INTO invoice_items (id, invoice_id, product_id, product_name, sku, quantity, unit_price, discount_percent, discount_amount, line_total)
VALUES (
  '0cb1968e-8782-434b-ac59-31526f2ed52b',
  '90509af8-5bc5-4865-8ae4-24cdded3c5cd',
  '24e59f2a-fc44-477a-b47c-a4c9026d1810',
  'Classic Poster Bed (Oak Wood, Walnut Brown)',
  'BED-OAK-0034',
  2,
  17000,
  0,
  0,
  34000
);
INSERT INTO invoice_items (id, invoice_id, product_id, product_name, sku, quantity, unit_price, discount_percent, discount_amount, line_total)
VALUES (
  'b611d1ae-8035-41ff-9b11-6fb6dc06d69e',
  '90509af8-5bc5-4865-8ae4-24cdded3c5cd',
  'f9b40d20-052f-4c8a-8fa7-c32b87ce1d35',
  'Modern Modular TV Stand with Shelves (Oak Wood, Crimson Red)',
  'TV -OAK-0115',
  1,
  9500,
  0,
  0,
  9500
);
INSERT INTO payments (id, invoice_id, method, amount, reference, created_at) VALUES ('ddd8bac8-21f4-424d-b39f-c85ee52b6f73', '90509af8-5bc5-4865-8ae4-24cdded3c5cd', 'card', 52775, 'TXN-TF-1493', '2026-07-09T08:36:00.000Z');

-- Invoice TF-1494
INSERT INTO invoices (id, store_id, invoice_number, customer_name, customer_phone, customer_address, subtotal, discount_amount, delivery_charge, installation_charge, round_off, grand_total, payment_method, payment_status, created_by, created_at)
VALUES (
  '2bfe7896-bcce-481a-8859-8e8625c11a5b',
  '29f4e073-bc1d-4071-ae3a-c8718a90f998',
  'TF-1494',
  'Divya Nair',
  '9818611162',
  'H.No. 18, Gali No. 2, Colony Road, Hyderabad, Telangana',
  33025,
  0,
  0,
  0,
  0,
  33025,
  'upi',
  'completed',
  '11111111-1111-4111-a111-111111111111',
  '2026-07-09T11:27:00.000Z'
);
INSERT INTO invoice_items (id, invoice_id, product_id, product_name, sku, quantity, unit_price, discount_percent, discount_amount, line_total)
VALUES (
  'f6334915-ee71-40f0-bf24-e48afcfb7602',
  '2bfe7896-bcce-481a-8859-8e8625c11a5b',
  'e2a346ed-dbcd-4755-91ba-c6bed535d05e',
  'Imperial Shoe Storage Bench Rack (Rose Wood, Warm Beige)',
  'STO-ROS-0277',
  1,
  9500,
  5,
  475,
  9025
);
INSERT INTO invoice_items (id, invoice_id, product_id, product_name, sku, quantity, unit_price, discount_percent, discount_amount, line_total)
VALUES (
  'eeafa7d2-3add-43f0-a717-3adb91f541cb',
  '2bfe7896-bcce-481a-8859-8e8625c11a5b',
  '15feddc0-50c6-404f-99d9-74ae44294f02',
  'Minimalist Shoe Storage Bench Rack (Sheesham Wood, Crimson Red)',
  'STO-SHE-0271',
  2,
  12000,
  0,
  0,
  24000
);
INSERT INTO payments (id, invoice_id, method, amount, reference, created_at) VALUES ('02cbadc3-fb46-4f88-a839-fdeee6214982', '2bfe7896-bcce-481a-8859-8e8625c11a5b', 'upi', 33025, 'TXN-TF-1494', '2026-07-09T11:27:00.000Z');

-- Invoice TF-1495
INSERT INTO invoices (id, store_id, invoice_number, customer_name, customer_phone, customer_address, subtotal, discount_amount, delivery_charge, installation_charge, round_off, grand_total, payment_method, payment_status, created_by, created_at)
VALUES (
  'c415fa84-7782-4f99-b2c2-71dfe3a862e9',
  '29f4e073-bc1d-4071-ae3a-c8718a90f998',
  'TF-1495',
  'Deepak Reddy',
  '9824860093',
  'H.No. 17, Gali No. 1, Colony Road, Visakhapatnam, Andhra Pradesh',
  36575,
  0,
  0,
  0,
  0,
  36575,
  'cash',
  'completed',
  '33333333-3333-4333-a333-333333333333',
  '2026-07-10T12:48:00.000Z'
);
INSERT INTO invoice_items (id, invoice_id, product_id, product_name, sku, quantity, unit_price, discount_percent, discount_amount, line_total)
VALUES (
  '37cb1551-6185-4b09-a1a8-adae39e38953',
  'c415fa84-7782-4f99-b2c2-71dfe3a862e9',
  '269baf12-2c80-46b8-9fc2-6550d3452bf9',
  'Premium Floor Standing TV Console (Teak Wood, Ocean Blue)',
  'TV -TEA-0114',
  1,
  38500,
  5,
  1925,
  36575
);
INSERT INTO payments (id, invoice_id, method, amount, reference, created_at) VALUES ('15f33776-f2f4-454e-b2be-719217eea8ef', 'c415fa84-7782-4f99-b2c2-71dfe3a862e9', 'cash', 36575, 'TXN-TF-1495', '2026-07-10T12:48:00.000Z');

-- Invoice TF-1496
INSERT INTO invoices (id, store_id, invoice_number, customer_name, customer_phone, customer_address, subtotal, discount_amount, delivery_charge, installation_charge, round_off, grand_total, payment_method, payment_status, created_by, created_at)
VALUES (
  'bf681571-8afa-4c78-afa8-c54700bbca7d',
  '29f4e073-bc1d-4071-ae3a-c8718a90f998',
  'TF-1496',
  'Guest',
  '',
  '',
  189975,
  0,
  0,
  0,
  0,
  189975,
  'split',
  'completed',
  '22222222-2222-4222-a222-222222222222',
  '2026-07-10T13:55:00.000Z'
);
INSERT INTO invoice_items (id, invoice_id, product_id, product_name, sku, quantity, unit_price, discount_percent, discount_amount, line_total)
VALUES (
  '04555f39-22f4-44da-98d7-f2d7563d910e',
  'bf681571-8afa-4c78-afa8-c54700bbca7d',
  '0493c5d8-0fe3-44cf-97dc-8b1faa8dc55a',
  'Eco-sustain Marble Top Dining Table (Engineered Wood, Ebony Black)',
  'DIN-ENG-0059',
  1,
  40500,
  5,
  2025,
  38475
);
INSERT INTO invoice_items (id, invoice_id, product_id, product_name, sku, quantity, unit_price, discount_percent, discount_amount, line_total)
VALUES (
  'd02bd1ad-99b7-47f4-9f22-f98c9763fe06',
  'bf681571-8afa-4c78-afa8-c54700bbca7d',
  'dd88417a-f687-4859-a0c7-7bfa3233750c',
  'Minimalist Massage Recliner Chair (Teak Wood, Crimson Red)',
  'REC-TEA-0226',
  2,
  28000,
  0,
  0,
  56000
);
INSERT INTO invoice_items (id, invoice_id, product_id, product_name, sku, quantity, unit_price, discount_percent, discount_amount, line_total)
VALUES (
  '8e447aa4-96f0-4179-b18e-677b18cbfa9a',
  'bf681571-8afa-4c78-afa8-c54700bbca7d',
  '4b1e45c0-e517-4f15-ae56-751d67906568',
  'Heritage 4-Seater Glass Top Dining Table (Sheesham Wood, Crimson Red)',
  'DIN-SHE-0054',
  1,
  71500,
  0,
  0,
  71500
);
INSERT INTO invoice_items (id, invoice_id, product_id, product_name, sku, quantity, unit_price, discount_percent, discount_amount, line_total)
VALUES (
  'b4602e62-068d-4d27-b4dd-e0e9869be2cf',
  'bf681571-8afa-4c78-afa8-c54700bbca7d',
  '2ebef195-2645-4998-b72e-a507d5872822',
  'Luxurious Mesh Medium-Back Office Chair (Oak Wood, Ebony Black)',
  'OFF-OAK-0087',
  2,
  12000,
  0,
  0,
  24000
);
INSERT INTO payments (id, invoice_id, method, amount, reference, created_at) VALUES ('dba9f2f8-21d0-4ef5-b2e1-d37d2e99ffbe', 'bf681571-8afa-4c78-afa8-c54700bbca7d', 'card', 75990, 'TXN-SPLIT-CARD', '2026-07-10T13:55:00.000Z');
INSERT INTO payments (id, invoice_id, method, amount, reference, created_at) VALUES ('552d781d-99c8-4f55-ba59-93ad7bdab0e3', 'bf681571-8afa-4c78-afa8-c54700bbca7d', 'upi', 113985, 'TXN-SPLIT-UPI', '2026-07-10T13:55:00.000Z');

-- Invoice TF-1497
INSERT INTO invoices (id, store_id, invoice_number, customer_name, customer_phone, customer_address, subtotal, discount_amount, delivery_charge, installation_charge, round_off, grand_total, payment_method, payment_status, created_by, created_at)
VALUES (
  '98f672c6-8d4c-4d15-a6f4-709e4cd88e9c',
  '29f4e073-bc1d-4071-ae3a-c8718a90f998',
  'TF-1497',
  'Ananya Iyer',
  '9823827129',
  'H.No. 15, Gali No. 4, Colony Road, Chennai, Tamil Nadu',
  134550,
  0,
  0,
  0,
  0,
  134550,
  'bank_transfer',
  'completed',
  '11111111-1111-4111-a111-111111111111',
  '2026-07-10T14:26:00.000Z'
);
INSERT INTO invoice_items (id, invoice_id, product_id, product_name, sku, quantity, unit_price, discount_percent, discount_amount, line_total)
VALUES (
  '7c87d5fe-7457-4b5d-a6d3-4c67874a8ea5',
  '98f672c6-8d4c-4d15-a6f4-709e4cd88e9c',
  '55b103bb-657e-4a60-a57f-276b49971487',
  'Minimalist Closed Glass-door Library Cabinet (Teak Wood, Teak Finish)',
  'BOO-TEA-0295',
  1,
  19000,
  5,
  950,
  18050
);
INSERT INTO invoice_items (id, invoice_id, product_id, product_name, sku, quantity, unit_price, discount_percent, discount_amount, line_total)
VALUES (
  'e5640485-567a-4a84-b848-3c1e2a62d0f8',
  '98f672c6-8d4c-4d15-a6f4-709e4cd88e9c',
  'f2067464-b2d6-4ce3-aeb7-e6960c4c9388',
  'Eco-sustain Dressing Table with LED Mirror (Rose Wood, Walnut Brown)',
  'DRE-ROS-0219',
  2,
  11500,
  0,
  0,
  23000
);
INSERT INTO invoice_items (id, invoice_id, product_id, product_name, sku, quantity, unit_price, discount_percent, discount_amount, line_total)
VALUES (
  '7027fb54-e2f0-4577-a4b1-bf051adda505',
  '98f672c6-8d4c-4d15-a6f4-709e4cd88e9c',
  'b3737457-0c49-4d3d-89d9-f788446eda0d',
  'Comfort 3-Seater Sofa (Rose Wood, Walnut Brown)',
  'SOF-ROS-0011',
  1,
  48500,
  0,
  0,
  48500
);
INSERT INTO invoice_items (id, invoice_id, product_id, product_name, sku, quantity, unit_price, discount_percent, discount_amount, line_total)
VALUES (
  '31618066-84ea-44d6-a13c-71700556b1c1',
  '98f672c6-8d4c-4d15-a6f4-709e4cd88e9c',
  '1e71e498-01c3-445e-a088-319fd6602ec8',
  'Minimalist Dressing Table with LED Mirror (Sheesham Wood, Ebony Black)',
  'DRE-SHE-0201',
  2,
  22500,
  0,
  0,
  45000
);
INSERT INTO payments (id, invoice_id, method, amount, reference, created_at) VALUES ('d6fba6b7-4f6f-4ed0-aa0d-ce836c986369', '98f672c6-8d4c-4d15-a6f4-709e4cd88e9c', 'bank_transfer', 134550, 'TXN-TF-1497', '2026-07-10T14:26:00.000Z');

-- Invoice TF-1498
INSERT INTO invoices (id, store_id, invoice_number, customer_name, customer_phone, customer_address, subtotal, discount_amount, delivery_charge, installation_charge, round_off, grand_total, payment_method, payment_status, created_by, created_at)
VALUES (
  '7caaf9c4-822c-4c38-877b-ebafbd1c35d6',
  '29f4e073-bc1d-4071-ae3a-c8718a90f998',
  'TF-1498',
  'Amit Kumar',
  '9873793254',
  'H.No. 14, Gali No. 3, Colony Road, Bangalore, Karnataka',
  112925,
  0,
  0,
  0,
  0,
  112925,
  'card',
  'completed',
  '33333333-3333-4333-a333-333333333333',
  '2026-07-10T06:08:00.000Z'
);
INSERT INTO invoice_items (id, invoice_id, product_id, product_name, sku, quantity, unit_price, discount_percent, discount_amount, line_total)
VALUES (
  '54709201-5f10-428c-9149-299876648761',
  '7caaf9c4-822c-4c38-877b-ebafbd1c35d6',
  '9f572dd5-cbbe-4acf-b7c6-cd9904cfeaf4',
  'Luxurious 2-Door Sliding Wardrobe (Engineered Wood, Ebony Black)',
  'WAR-ENG-0142',
  1,
  21500,
  5,
  1075,
  20425
);
INSERT INTO invoice_items (id, invoice_id, product_id, product_name, sku, quantity, unit_price, discount_percent, discount_amount, line_total)
VALUES (
  'a3a605db-8091-489d-822a-4cf7eb305e56',
  '7caaf9c4-822c-4c38-877b-ebafbd1c35d6',
  '4f77337e-94b5-491e-896d-0bbf04244fc3',
  'Luxurious Wall Mounted TV Cabinet (Sheesham Wood, Walnut Brown)',
  'TV -SHE-0116',
  2,
  36500,
  0,
  0,
  73000
);
INSERT INTO invoice_items (id, invoice_id, product_id, product_name, sku, quantity, unit_price, discount_percent, discount_amount, line_total)
VALUES (
  '972e3d79-0063-47a2-aafc-9ffea7d86397',
  '7caaf9c4-822c-4c38-877b-ebafbd1c35d6',
  'cd1dfc63-1e9c-4d01-9a09-8eed915a6354',
  'Minimalist 3-Door Wardrobe with Mirror (Sheesham Wood, Ebony Black)',
  'WAR-SHE-0145',
  1,
  19500,
  0,
  0,
  19500
);
INSERT INTO payments (id, invoice_id, method, amount, reference, created_at) VALUES ('28162351-03d1-4e92-9470-f4f3980ed09a', '7caaf9c4-822c-4c38-877b-ebafbd1c35d6', 'card', 112925, 'TXN-TF-1498', '2026-07-10T06:08:00.000Z');

-- Invoice TF-1499
INSERT INTO invoices (id, store_id, invoice_number, customer_name, customer_phone, customer_address, subtotal, discount_amount, delivery_charge, installation_charge, round_off, grand_total, payment_method, payment_status, created_by, created_at)
VALUES (
  'fc538775-858b-49e3-a3ee-cf393461c422',
  '29f4e073-bc1d-4071-ae3a-c8718a90f998',
  'TF-1499',
  'Aditya Patel',
  '9848946144',
  'H.No. 13, Gali No. 2, Colony Road, Secunderabad, Telangana',
  74825,
  0,
  0,
  0,
  0,
  74825,
  'upi',
  'completed',
  '22222222-2222-4222-a222-222222222222',
  '2026-07-10T11:27:00.000Z'
);
INSERT INTO invoice_items (id, invoice_id, product_id, product_name, sku, quantity, unit_price, discount_percent, discount_amount, line_total)
VALUES (
  '325e2bf0-fa59-4a87-921a-72c488b33c57',
  'fc538775-858b-49e3-a3ee-cf393461c422',
  'dff9c288-5cef-4f4e-91e4-2058ea894768',
  'Eco-sustain Wall Mounted TV Cabinet (Engineered Wood, Charcoal Grey)',
  'TV -ENG-0101',
  1,
  33500,
  5,
  1675,
  31825
);
INSERT INTO invoice_items (id, invoice_id, product_id, product_name, sku, quantity, unit_price, discount_percent, discount_amount, line_total)
VALUES (
  'b337af23-90b9-48fb-8a1c-06dee121f43f',
  'fc538775-858b-49e3-a3ee-cf393461c422',
  '8c52fb9b-dbb9-4364-9287-992138d747d6',
  'Imperial Dual Comfort Latex Mattress (Sheesham Wood, Crimson Red)',
  'MAT-SHE-0183',
  2,
  21500,
  0,
  0,
  43000
);
INSERT INTO payments (id, invoice_id, method, amount, reference, created_at) VALUES ('ee13241c-797d-4983-9aee-c3d6fcd43489', 'fc538775-858b-49e3-a3ee-cf393461c422', 'upi', 74825, 'TXN-TF-1499', '2026-07-10T11:27:00.000Z');
